pdf_path,pdf_file_name,file_size_mb,maybe_approval,year_guess,company_guess,doc_no_guess
E:\软件\2023-2026年顺德批复文件\2019_2019_3110582_1.pdf,2019_2019_3110582_1.pdf,0.13,False,2019,,
E:\软件\2023-2026年顺德批复文件\2019_2019_3110582_2.pdf,2019_2019_3110582_2.pdf,0.12,False,2019,,
E:\软件\2023-2026年顺德批复文件\2019_2019_3110582_3.pdf,2019_2019_3110582_3.pdf,0.12,False,2019,,
E:\软件\2023-2026年顺德批复文件\2019_2019_3110582_4.pdf,2019_2019_3110582_4.pdf,0.12,False,2019,,
E:\软件\2023-2026年顺德批复文件\2019_2019_3110582_5.pdf,2019_2019_3110582_5.pdf,0.11,False,2019,,
E:\软件\2023-2026年顺德批复文件\2019_2019_3110582_6.pdf,2019_2019_3110582_6.pdf,0.12,False,2019,,
E:\软件\2023-2026年顺德批复文件\2019_2019_3110628_1.pdf,2019_2019_3110628_1.pdf,0.19,False,2019,,
E:\软件\2023-2026年顺德批复文件\2019_2019_3110628_2.pdf,2019_2019_3110628_2.pdf,0.19,False,2019,,
E:\软件\2023-2026年顺德批复文件\2019_2019_3110628_3.pdf,2019_2019_3110628_3.pdf,0.19,False,2019,,
E:\软件\2023-2026年顺德批复文件\2019_2019_3110628_4.pdf,2019_2019_3110628_4.pdf,0.18,False,2019,,
E:\软件\2023-2026年顺德批复文件\2019_2019_3110628_5.pdf,2019_2019_3110628_5.pdf,0.19,False,2019,,
E:\软件\2023-2026年顺德批复文件\2019_2019_3110628_6.pdf,2019_2019_3110628_6.pdf,0.18,False,2019,,
E:\软件\2023-2026年顺德批复文件\2019_2019_3110636_1.pdf,2019_2019_3110636_1.pdf,1.34,False,2019,,
E:\软件\2023-2026年顺德批复文件\2019_2019_3110644_1.pdf,2019_2019_3110644_1.pdf,1.07,False,2019,,
E:\软件\2023-2026年顺德批复文件\2019_2019_3110644_2.pdf,2019_2019_3110644_2.pdf,1.09,False,2019,,
E:\软件\2023-2026年顺德批复文件\2019_2019_3110644_3.pdf,2019_2019_3110644_3.pdf,1.2,False,2019,,
E:\软件\2023-2026年顺德批复文件\2019_2019_3110644_4.pdf,2019_2019_3110644_4.pdf,1.1,False,2019,,
E:\软件\2023-2026年顺德批复文件\2019_2019_3110644_5.pdf,2019_2019_3110644_5.pdf,1.14,False,2019,,
E:\软件\2023-2026年顺德批复文件\2019_2019_3110652_1.pdf,2019_2019_3110652_1.pdf,1.29,False,2019,,
E:\软件\2023-2026年顺德批复文件\2019_2019_3110652_2.pdf,2019_2019_3110652_2.pdf,1.22,False,2019,,
E:\软件\2023-2026年顺德批复文件\2019_2019_3110652_3.pdf,2019_2019_3110652_3.pdf,1.17,False,2019,,
E:\软件\2023-2026年顺德批复文件\2019_2019_3110652_4.pdf,2019_2019_3110652_4.pdf,1.07,False,2019,,
E:\软件\2023-2026年顺德批复文件\2019_2019_3110652_5.pdf,2019_2019_3110652_5.pdf,1.27,False,2019,,
E:\软件\2023-2026年顺德批复文件\2019_2019_3110663_1.pdf,2019_2019_3110663_1.pdf,1.1,False,2019,,
E:\软件\2023-2026年顺德批复文件\2019_2019_3110663_10.pdf,2019_2019_3110663_10.pdf,1.15,False,2019,,
E:\软件\2023-2026年顺德批复文件\2019_2019_3110663_2.pdf,2019_2019_3110663_2.pdf,0.66,False,2019,,
E:\软件\2023-2026年顺德批复文件\2019_2019_3110663_3.pdf,2019_2019_3110663_3.pdf,1.12,False,2019,,
E:\软件\2023-2026年顺德批复文件\2019_2019_3110663_4.pdf,2019_2019_3110663_4.pdf,1.01,False,2019,,
E:\软件\2023-2026年顺德批复文件\2019_2019_3110663_5.pdf,2019_2019_3110663_5.pdf,1.16,False,2019,,
E:\软件\2023-2026年顺德批复文件\2019_2019_3110663_6.pdf,2019_2019_3110663_6.pdf,1.46,False,2019,,
E:\软件\2023-2026年顺德批复文件\2019_2019_3110663_7.pdf,2019_2019_3110663_7.pdf,1.19,False,2019,,
E:\软件\2023-2026年顺德批复文件\2019_2019_3110663_8.pdf,2019_2019_3110663_8.pdf,1.16,False,2019,,
E:\软件\2023-2026年顺德批复文件\2019_2019_3110663_9.pdf,2019_2019_3110663_9.pdf,1.05,False,2019,,
E:\软件\2023-2026年顺德批复文件\2019_2019_3110671_1.pdf,2019_2019_3110671_1.pdf,1.23,False,2019,,
E:\软件\2023-2026年顺德批复文件\2019_2019_3110679_1.pdf,2019_2019_3110679_1.pdf,1.09,False,2019,,
E:\软件\2023-2026年顺德批复文件\2019_2019_3110679_2.pdf,2019_2019_3110679_2.pdf,1.3,False,2019,,
E:\软件\2023-2026年顺德批复文件\2019_2019_3110679_3.pdf,2019_2019_3110679_3.pdf,1.2,False,2019,,
E:\软件\2023-2026年顺德批复文件\2019_2019_3110690_1.pdf,2019_2019_3110690_1.pdf,1.36,False,2019,,
E:\软件\2023-2026年顺德批复文件\2019_2019_3110690_2.pdf,2019_2019_3110690_2.pdf,1.17,False,2019,,
E:\软件\2023-2026年顺德批复文件\2019_2019_3110698_1.pdf,2019_2019_3110698_1.pdf,1.16,False,2019,,
E:\软件\2023-2026年顺德批复文件\2019_2019_3110698_2.pdf,2019_2019_3110698_2.pdf,1.12,False,2019,,
E:\软件\2023-2026年顺德批复文件\2019_2019_3110698_3.pdf,2019_2019_3110698_3.pdf,1.24,False,2019,,
E:\软件\2023-2026年顺德批复文件\2019_2019_3110706_1.pdf,2019_2019_3110706_1.pdf,1.12,False,2019,,
E:\软件\2023-2026年顺德批复文件\2019_2019_3110706_2.pdf,2019_2019_3110706_2.pdf,1.39,False,2019,,
E:\软件\2023-2026年顺德批复文件\2019_2019_3110706_3.pdf,2019_2019_3110706_3.pdf,1.11,False,2019,,
E:\软件\2023-2026年顺德批复文件\2019_2019_3110714_1.pdf,2019_2019_3110714_1.pdf,1.03,False,2019,,
E:\软件\2023-2026年顺德批复文件\2019_2019_3110714_2.pdf,2019_2019_3110714_2.pdf,0.97,False,2019,,
E:\软件\2023-2026年顺德批复文件\2019_2019_3110714_3.pdf,2019_2019_3110714_3.pdf,1.43,False,2019,,
E:\软件\2023-2026年顺德批复文件\2019_2019_3110714_4.pdf,2019_2019_3110714_4.pdf,1.16,False,2019,,
E:\软件\2023-2026年顺德批复文件\2019_2019_3110714_5.pdf,2019_2019_3110714_5.pdf,1.14,False,2019,,
E:\软件\2023-2026年顺德批复文件\2019_2019_3110714_6.pdf,2019_2019_3110714_6.pdf,1.06,False,2019,,
E:\软件\2023-2026年顺德批复文件\2019_2019_3110714_7.pdf,2019_2019_3110714_7.pdf,0.91,False,2019,,
E:\软件\2023-2026年顺德批复文件\2019_2019_3110714_8.pdf,2019_2019_3110714_8.pdf,1.17,False,2019,,
E:\软件\2023-2026年顺德批复文件\2019_2019_3110714_9.pdf,2019_2019_3110714_9.pdf,1.31,False,2019,,
E:\软件\2023-2026年顺德批复文件\2019_2019_3110721_1.pdf,2019_2019_3110721_1.pdf,1.31,False,2019,,
E:\软件\2023-2026年顺德批复文件\2019_2019_3110721_2.pdf,2019_2019_3110721_2.pdf,1.07,False,2019,,
E:\软件\2023-2026年顺德批复文件\2019_2019_3110721_3.pdf,2019_2019_3110721_3.pdf,1.02,False,2019,,
E:\软件\2023-2026年顺德批复文件\2019_2019_3110721_4.pdf,2019_2019_3110721_4.pdf,1.05,False,2019,,
E:\软件\2023-2026年顺德批复文件\2019_2019_3110721_5.pdf,2019_2019_3110721_5.pdf,1.13,False,2019,,
E:\软件\2023-2026年顺德批复文件\2019_2019_3110721_6.pdf,2019_2019_3110721_6.pdf,0.94,False,2019,,
E:\软件\2023-2026年顺德批复文件\2019_2019_3110721_7.pdf,2019_2019_3110721_7.pdf,1.18,False,2019,,
E:\软件\2023-2026年顺德批复文件\2019_2019_3110721_8.pdf,2019_2019_3110721_8.pdf,1.39,False,2019,,
E:\软件\2023-2026年顺德批复文件\2019_2019_3110725_1.pdf,2019_2019_3110725_1.pdf,1.14,False,2019,,
E:\软件\2023-2026年顺德批复文件\2019_2019_3110725_10.pdf,2019_2019_3110725_10.pdf,0.95,False,2019,,
E:\软件\2023-2026年顺德批复文件\2019_2019_3110725_11.pdf,2019_2019_3110725_11.pdf,1.13,False,2019,,
E:\软件\2023-2026年顺德批复文件\2019_2019_3110725_2.pdf,2019_2019_3110725_2.pdf,0.89,False,2019,,
E:\软件\2023-2026年顺德批复文件\2019_2019_3110725_3.pdf,2019_2019_3110725_3.pdf,1.0,False,2019,,
E:\软件\2023-2026年顺德批复文件\2019_2019_3110725_4.pdf,2019_2019_3110725_4.pdf,1.05,False,2019,,
E:\软件\2023-2026年顺德批复文件\2019_2019_3110725_5.pdf,2019_2019_3110725_5.pdf,1.15,False,2019,,
E:\软件\2023-2026年顺德批复文件\2019_2019_3110725_6.pdf,2019_2019_3110725_6.pdf,1.07,False,2019,,
E:\软件\2023-2026年顺德批复文件\2019_2019_3110725_7.pdf,2019_2019_3110725_7.pdf,1.04,False,2019,,
E:\软件\2023-2026年顺德批复文件\2019_2019_3110725_8.pdf,2019_2019_3110725_8.pdf,0.98,False,2019,,
E:\软件\2023-2026年顺德批复文件\2019_2019_3110725_9.pdf,2019_2019_3110725_9.pdf,1.03,False,2019,,
E:\软件\2023-2026年顺德批复文件\2019_2019_3110768_1.pdf,2019_2019_3110768_1.pdf,1.21,False,2019,,
E:\软件\2023-2026年顺德批复文件\2019_2019_3110777_1.pdf,2019_2019_3110777_1.pdf,1.19,False,2019,,
E:\软件\2023-2026年顺德批复文件\2019_2019_3110777_2.pdf,2019_2019_3110777_2.pdf,1.03,False,2019,,
E:\软件\2023-2026年顺德批复文件\2019_2019_3110777_3.pdf,2019_2019_3110777_3.pdf,1.14,False,2019,,
E:\软件\2023-2026年顺德批复文件\2019_2019_3110786_1.pdf,2019_2019_3110786_1.pdf,0.99,False,2019,,
E:\软件\2023-2026年顺德批复文件\2019_2019_3110786_2.pdf,2019_2019_3110786_2.pdf,1.01,False,2019,,
E:\软件\2023-2026年顺德批复文件\2019_2019_3110786_3.pdf,2019_2019_3110786_3.pdf,1.03,False,2019,,
E:\软件\2023-2026年顺德批复文件\2019_2019_3110786_4.pdf,2019_2019_3110786_4.pdf,0.98,False,2019,,
E:\软件\2023-2026年顺德批复文件\2019_2019_3110786_5.pdf,2019_2019_3110786_5.pdf,0.98,False,2019,,
E:\软件\2023-2026年顺德批复文件\2019_2019_3110793_1.pdf,2019_2019_3110793_1.pdf,0.97,False,2019,,
E:\软件\2023-2026年顺德批复文件\2019_2019_3110793_2.pdf,2019_2019_3110793_2.pdf,1.01,False,2019,,
E:\软件\2023-2026年顺德批复文件\2019_2019_3110793_3.pdf,2019_2019_3110793_3.pdf,1.02,False,2019,,
E:\软件\2023-2026年顺德批复文件\2019_2019_3110793_4.pdf,2019_2019_3110793_4.pdf,1.22,False,2019,,
E:\软件\2023-2026年顺德批复文件\2019_2019_3110801_1.pdf,2019_2019_3110801_1.pdf,0.97,False,2019,,
E:\软件\2023-2026年顺德批复文件\2019_2019_3110801_2.pdf,2019_2019_3110801_2.pdf,1.02,False,2019,,
E:\软件\2023-2026年顺德批复文件\2019_2019_3110801_3.pdf,2019_2019_3110801_3.pdf,1.05,False,2019,,
E:\软件\2023-2026年顺德批复文件\2019_2019_3110801_4.pdf,2019_2019_3110801_4.pdf,0.94,False,2019,,
E:\软件\2023-2026年顺德批复文件\2019_2019_3110801_5.pdf,2019_2019_3110801_5.pdf,1.11,False,2019,,
E:\软件\2023-2026年顺德批复文件\2019_2019_3110801_6.pdf,2019_2019_3110801_6.pdf,1.1,False,2019,,
E:\软件\2023-2026年顺德批复文件\2019_2019_3110809_1.pdf,2019_2019_3110809_1.pdf,1.07,False,2019,,
E:\软件\2023-2026年顺德批复文件\2019_2019_3110809_2.pdf,2019_2019_3110809_2.pdf,1.03,False,2019,,
E:\软件\2023-2026年顺德批复文件\2019_2019_3110821_1.pdf,2019_2019_3110821_1.pdf,1.06,False,2019,,
E:\软件\2023-2026年顺德批复文件\2019_2019_3110821_2.pdf,2019_2019_3110821_2.pdf,1.03,False,2019,,
E:\软件\2023-2026年顺德批复文件\2019_2019_3110821_3.pdf,2019_2019_3110821_3.pdf,0.98,False,2019,,
E:\软件\2023-2026年顺德批复文件\2019_2019_3110821_4.pdf,2019_2019_3110821_4.pdf,1.03,False,2019,,
E:\软件\2023-2026年顺德批复文件\2019_2019_3110821_5.pdf,2019_2019_3110821_5.pdf,1.03,False,2019,,
E:\软件\2023-2026年顺德批复文件\2019_2019_3110821_6.pdf,2019_2019_3110821_6.pdf,0.94,False,2019,,
E:\软件\2023-2026年顺德批复文件\2019_2019_3110830_1.pdf,2019_2019_3110830_1.pdf,1.05,False,2019,,
E:\软件\2023-2026年顺德批复文件\2019_2019_3110830_2.pdf,2019_2019_3110830_2.pdf,1.17,False,2019,,
E:\软件\2023-2026年顺德批复文件\2019_2019_3110830_3.pdf,2019_2019_3110830_3.pdf,0.96,False,2019,,
E:\软件\2023-2026年顺德批复文件\2019_2019_3110839_1.pdf,2019_2019_3110839_1.pdf,1.01,False,2019,,
E:\软件\2023-2026年顺德批复文件\2019_2019_3110846_1.pdf,2019_2019_3110846_1.pdf,1.02,False,2019,,
E:\软件\2023-2026年顺德批复文件\2019_2019_3110857_1.pdf,2019_2019_3110857_1.pdf,1.09,False,2019,,
E:\软件\2023-2026年顺德批复文件\2019_2019_3110857_2.pdf,2019_2019_3110857_2.pdf,1.12,False,2019,,
E:\软件\2023-2026年顺德批复文件\2019_2019_3110857_3.pdf,2019_2019_3110857_3.pdf,1.02,False,2019,,
E:\软件\2023-2026年顺德批复文件\2019_2019_3110857_4.pdf,2019_2019_3110857_4.pdf,1.31,False,2019,,
E:\软件\2023-2026年顺德批复文件\2019_2019_3110857_5.pdf,2019_2019_3110857_5.pdf,1.12,False,2019,,
E:\软件\2023-2026年顺德批复文件\2019_2019_3110865_1.pdf,2019_2019_3110865_1.pdf,1.07,False,2019,,
E:\软件\2023-2026年顺德批复文件\2019_2019_3110883_1.pdf,2019_2019_3110883_1.pdf,0.72,False,2019,,
E:\软件\2023-2026年顺德批复文件\2019_2019_3110883_2.pdf,2019_2019_3110883_2.pdf,0.67,False,2019,,
E:\软件\2023-2026年顺德批复文件\2019_2019_3110883_3.pdf,2019_2019_3110883_3.pdf,1.12,False,2019,,
E:\软件\2023-2026年顺德批复文件\2019_2019_3110883_4.pdf,2019_2019_3110883_4.pdf,1.19,False,2019,,
E:\软件\2023-2026年顺德批复文件\2019_2019_3110883_5.pdf,2019_2019_3110883_5.pdf,1.2,False,2019,,
E:\软件\2023-2026年顺德批复文件\2019_2019_3110891_1.pdf,2019_2019_3110891_1.pdf,0.63,False,2019,,
E:\软件\2023-2026年顺德批复文件\2019_2019_3110898_1.pdf,2019_2019_3110898_1.pdf,0.62,False,2019,,
E:\软件\2023-2026年顺德批复文件\2019_2019_3110909_1.pdf,2019_2019_3110909_1.pdf,0.57,False,2019,,
E:\软件\2023-2026年顺德批复文件\2019_2019_3110909_10.pdf,2019_2019_3110909_10.pdf,0.61,False,2019,,
E:\软件\2023-2026年顺德批复文件\2019_2019_3110909_11.pdf,2019_2019_3110909_11.pdf,0.59,False,2019,,
E:\软件\2023-2026年顺德批复文件\2019_2019_3110909_12.pdf,2019_2019_3110909_12.pdf,0.64,False,2019,,
E:\软件\2023-2026年顺德批复文件\2019_2019_3110909_13.pdf,2019_2019_3110909_13.pdf,0.5,False,2019,,
E:\软件\2023-2026年顺德批复文件\2019_2019_3110909_14.pdf,2019_2019_3110909_14.pdf,0.56,False,2019,,
E:\软件\2023-2026年顺德批复文件\2019_2019_3110909_15.pdf,2019_2019_3110909_15.pdf,0.65,False,2019,,
E:\软件\2023-2026年顺德批复文件\2019_2019_3110909_16.pdf,2019_2019_3110909_16.pdf,0.54,False,2019,,
E:\软件\2023-2026年顺德批复文件\2019_2019_3110909_17.pdf,2019_2019_3110909_17.pdf,0.66,False,2019,,
E:\软件\2023-2026年顺德批复文件\2019_2019_3110909_18.pdf,2019_2019_3110909_18.pdf,0.63,False,2019,,
E:\软件\2023-2026年顺德批复文件\2019_2019_3110909_19.pdf,2019_2019_3110909_19.pdf,0.61,False,2019,,
E:\软件\2023-2026年顺德批复文件\2019_2019_3110909_2.pdf,2019_2019_3110909_2.pdf,0.55,False,2019,,
E:\软件\2023-2026年顺德批复文件\2019_2019_3110909_20.pdf,2019_2019_3110909_20.pdf,0.65,False,2019,,
E:\软件\2023-2026年顺德批复文件\2019_2019_3110909_21.pdf,2019_2019_3110909_21.pdf,0.72,False,2019,,
E:\软件\2023-2026年顺德批复文件\2019_2019_3110909_22.pdf,2019_2019_3110909_22.pdf,0.65,False,2019,,
E:\软件\2023-2026年顺德批复文件\2019_2019_3110909_23.pdf,2019_2019_3110909_23.pdf,0.67,False,2019,,
E:\软件\2023-2026年顺德批复文件\2019_2019_3110909_24.pdf,2019_2019_3110909_24.pdf,0.64,False,2019,,
E:\软件\2023-2026年顺德批复文件\2019_2019_3110909_25.pdf,2019_2019_3110909_25.pdf,0.65,False,2019,,
E:\软件\2023-2026年顺德批复文件\2019_2019_3110909_26.pdf,2019_2019_3110909_26.pdf,0.72,False,2019,,
E:\软件\2023-2026年顺德批复文件\2019_2019_3110909_27.pdf,2019_2019_3110909_27.pdf,0.66,False,2019,,
E:\软件\2023-2026年顺德批复文件\2019_2019_3110909_28.pdf,2019_2019_3110909_28.pdf,0.62,False,2019,,
E:\软件\2023-2026年顺德批复文件\2019_2019_3110909_29.pdf,2019_2019_3110909_29.pdf,0.66,False,2019,,
E:\软件\2023-2026年顺德批复文件\2019_2019_3110909_3.pdf,2019_2019_3110909_3.pdf,0.37,False,2019,,
E:\软件\2023-2026年顺德批复文件\2019_2019_3110909_4.pdf,2019_2019_3110909_4.pdf,0.58,False,2019,,
E:\软件\2023-2026年顺德批复文件\2019_2019_3110909_5.pdf,2019_2019_3110909_5.pdf,0.5,False,2019,,
E:\软件\2023-2026年顺德批复文件\2019_2019_3110909_6.pdf,2019_2019_3110909_6.pdf,0.63,False,2019,,
E:\软件\2023-2026年顺德批复文件\2019_2019_3110909_7.pdf,2019_2019_3110909_7.pdf,0.66,False,2019,,
E:\软件\2023-2026年顺德批复文件\2019_2019_3110909_8.pdf,2019_2019_3110909_8.pdf,0.63,False,2019,,
E:\软件\2023-2026年顺德批复文件\2019_2019_3110909_9.pdf,2019_2019_3110909_9.pdf,0.64,False,2019,,
E:\软件\2023-2026年顺德批复文件\2019_2019_3110917_1.pdf,2019_2019_3110917_1.pdf,0.61,False,2019,,
E:\软件\2023-2026年顺德批复文件\2019_2019_3110917_2.pdf,2019_2019_3110917_2.pdf,0.59,False,2019,,
E:\软件\2023-2026年顺德批复文件\2019_2019_3110917_3.pdf,2019_2019_3110917_3.pdf,0.6,False,2019,,
E:\软件\2023-2026年顺德批复文件\2019_2019_3110917_4.pdf,2019_2019_3110917_4.pdf,0.53,False,2019,,
E:\软件\2023-2026年顺德批复文件\2019_2019_3110917_5.pdf,2019_2019_3110917_5.pdf,0.71,False,2019,,
E:\软件\2023-2026年顺德批复文件\2019_2019_3110917_6.pdf,2019_2019_3110917_6.pdf,0.56,False,2019,,
E:\软件\2023-2026年顺德批复文件\2019_2019_3110929_1.pdf,2019_2019_3110929_1.pdf,0.62,False,2019,,
E:\软件\2023-2026年顺德批复文件\2019_2019_3110951_1.pdf,2019_2019_3110951_1.pdf,1.06,False,2019,,
E:\软件\2023-2026年顺德批复文件\2019_2019_3110951_2.pdf,2019_2019_3110951_2.pdf,0.56,False,2019,,
E:\软件\2023-2026年顺德批复文件\2019_2019_3110951_3.pdf,2019_2019_3110951_3.pdf,1.08,False,2019,,
E:\软件\2023-2026年顺德批复文件\2019_2019_3110951_4.pdf,2019_2019_3110951_4.pdf,0.77,False,2019,,
E:\软件\2023-2026年顺德批复文件\2019_2019_3110957_1.pdf,2019_2019_3110957_1.pdf,1.06,False,2019,,
E:\软件\2023-2026年顺德批复文件\2019_2019_3110957_2.pdf,2019_2019_3110957_2.pdf,1.07,False,2019,,
E:\软件\2023-2026年顺德批复文件\2019_2019_3110957_3.pdf,2019_2019_3110957_3.pdf,1.03,False,2019,,
E:\软件\2023-2026年顺德批复文件\2019_2019_3110957_4.pdf,2019_2019_3110957_4.pdf,1.04,False,2019,,
E:\软件\2023-2026年顺德批复文件\2019_2019_3110957_5.pdf,2019_2019_3110957_5.pdf,1.03,False,2019,,
E:\软件\2023-2026年顺德批复文件\2019_2019_3110957_6.pdf,2019_2019_3110957_6.pdf,1.07,False,2019,,
E:\软件\2023-2026年顺德批复文件\2019_2019_3110961_1.pdf,2019_2019_3110961_1.pdf,1.06,False,2019,,
E:\软件\2023-2026年顺德批复文件\2019_2019_3110961_2.pdf,2019_2019_3110961_2.pdf,1.24,False,2019,,
E:\软件\2023-2026年顺德批复文件\2019_2019_3110961_3.pdf,2019_2019_3110961_3.pdf,1.26,False,2019,,
E:\软件\2023-2026年顺德批复文件\2019_2019_3110965_1.pdf,2019_2019_3110965_1.pdf,1.08,False,2019,,
E:\软件\2023-2026年顺德批复文件\2019_2019_3110965_2.pdf,2019_2019_3110965_2.pdf,1.2,False,2019,,
E:\软件\2023-2026年顺德批复文件\2019_2019_3110965_3.pdf,2019_2019_3110965_3.pdf,0.86,False,2019,,
E:\软件\2023-2026年顺德批复文件\2019_2019_3110965_4.pdf,2019_2019_3110965_4.pdf,1.22,False,2019,,
E:\软件\2023-2026年顺德批复文件\2019_2019_3110965_5.pdf,2019_2019_3110965_5.pdf,1.01,False,2019,,
E:\软件\2023-2026年顺德批复文件\2019_2019_3110965_6.pdf,2019_2019_3110965_6.pdf,1.22,False,2019,,
E:\软件\2023-2026年顺德批复文件\2019_2019_3110965_7.pdf,2019_2019_3110965_7.pdf,1.16,False,2019,,
E:\软件\2023-2026年顺德批复文件\2019_2019_3110971_1.pdf,2019_2019_3110971_1.pdf,1.47,False,2019,,
E:\软件\2023-2026年顺德批复文件\2019_2019_3110971_2.pdf,2019_2019_3110971_2.pdf,1.27,False,2019,,
E:\软件\2023-2026年顺德批复文件\2019_2019_3110983_1.pdf,2019_2019_3110983_1.pdf,1.36,False,2019,,
E:\软件\2023-2026年顺德批复文件\2019_2019_3110983_2.pdf,2019_2019_3110983_2.pdf,0.96,False,2019,,
E:\软件\2023-2026年顺德批复文件\2019_2019_3110991_1.pdf,2019_2019_3110991_1.pdf,1.35,False,2019,,
E:\软件\2023-2026年顺德批复文件\2019_2019_3110991_2.pdf,2019_2019_3110991_2.pdf,1.34,False,2019,,
E:\软件\2023-2026年顺德批复文件\2019_2019_3110991_3.pdf,2019_2019_3110991_3.pdf,1.24,False,2019,,
E:\软件\2023-2026年顺德批复文件\2019_2019_3110991_4.pdf,2019_2019_3110991_4.pdf,1.39,False,2019,,
E:\软件\2023-2026年顺德批复文件\2019_2019_3110997_1.pdf,2019_2019_3110997_1.pdf,1.39,False,2019,,
E:\软件\2023-2026年顺德批复文件\2019_2019_3111040_1.pdf,2019_2019_3111040_1.pdf,1.29,False,2019,,
E:\软件\2023-2026年顺德批复文件\2019_2019_3111040_2.pdf,2019_2019_3111040_2.pdf,1.44,False,2019,,
E:\软件\2023-2026年顺德批复文件\2019_2019_3111040_3.pdf,2019_2019_3111040_3.pdf,1.06,False,2019,,
E:\软件\2023-2026年顺德批复文件\2019_2019_3111049_1.pdf,2019_2019_3111049_1.pdf,1.01,False,2019,,
E:\软件\2023-2026年顺德批复文件\2019_2019_3111049_2.pdf,2019_2019_3111049_2.pdf,1.4,False,2019,,
E:\软件\2023-2026年顺德批复文件\2019_2019_3111049_3.pdf,2019_2019_3111049_3.pdf,1.63,False,2019,,
E:\软件\2023-2026年顺德批复文件\2019_2019_3111049_4.pdf,2019_2019_3111049_4.pdf,1.32,False,2019,,
E:\软件\2023-2026年顺德批复文件\2019_2019_3111049_5.pdf,2019_2019_3111049_5.pdf,1.42,False,2019,,
E:\软件\2023-2026年顺德批复文件\2019_2019_3111049_6.pdf,2019_2019_3111049_6.pdf,1.29,False,2019,,
E:\软件\2023-2026年顺德批复文件\2019_2019_3111049_7.pdf,2019_2019_3111049_7.pdf,1.34,False,2019,,
E:\软件\2023-2026年顺德批复文件\2019_2019_3111060_1.pdf,2019_2019_3111060_1.pdf,1.65,False,2019,,
E:\软件\2023-2026年顺德批复文件\2019_2019_3111060_10.pdf,2019_2019_3111060_10.pdf,1.35,False,2019,,
E:\软件\2023-2026年顺德批复文件\2019_2019_3111060_11.pdf,2019_2019_3111060_11.pdf,1.46,False,2019,,
E:\软件\2023-2026年顺德批复文件\2019_2019_3111060_12.pdf,2019_2019_3111060_12.pdf,0.92,False,2019,,
E:\软件\2023-2026年顺德批复文件\2019_2019_3111060_13.pdf,2019_2019_3111060_13.pdf,1.62,False,2019,,
E:\软件\2023-2026年顺德批复文件\2019_2019_3111060_2.pdf,2019_2019_3111060_2.pdf,1.62,False,2019,,
E:\软件\2023-2026年顺德批复文件\2019_2019_3111060_3.pdf,2019_2019_3111060_3.pdf,1.26,False,2019,,
E:\软件\2023-2026年顺德批复文件\2019_2019_3111060_4.pdf,2019_2019_3111060_4.pdf,1.05,False,2019,,
E:\软件\2023-2026年顺德批复文件\2019_2019_3111060_5.pdf,2019_2019_3111060_5.pdf,0.14,False,2019,,
E:\软件\2023-2026年顺德批复文件\2019_2019_3111060_6.pdf,2019_2019_3111060_6.pdf,0.14,False,2019,,
E:\软件\2023-2026年顺德批复文件\2019_2019_3111060_7.pdf,2019_2019_3111060_7.pdf,0.14,False,2019,,
E:\软件\2023-2026年顺德批复文件\2019_2019_3111060_8.pdf,2019_2019_3111060_8.pdf,0.14,False,2019,,
E:\软件\2023-2026年顺德批复文件\2019_2019_3111060_9.pdf,2019_2019_3111060_9.pdf,0.88,False,2019,,
E:\软件\2023-2026年顺德批复文件\2019_2019_3111072_1.pdf,2019_2019_3111072_1.pdf,2.15,False,2019,,
E:\软件\2023-2026年顺德批复文件\2019_2019_3111072_2.pdf,2019_2019_3111072_2.pdf,1.02,False,2019,,
E:\软件\2023-2026年顺德批复文件\2019_2019_3111080_1.pdf,2019_2019_3111080_1.pdf,1.22,False,2019,,
E:\软件\2023-2026年顺德批复文件\2019_2019_3111080_2.pdf,2019_2019_3111080_2.pdf,1.53,False,2019,,
E:\软件\2023-2026年顺德批复文件\2019_2019_3111090_1.pdf,2019_2019_3111090_1.pdf,1.2,False,2019,,
E:\软件\2023-2026年顺德批复文件\2019_2019_3111098_1.pdf,2019_2019_3111098_1.pdf,1.72,False,2019,,
E:\软件\2023-2026年顺德批复文件\2019_2019_3111098_2.pdf,2019_2019_3111098_2.pdf,1.63,False,2019,,
E:\软件\2023-2026年顺德批复文件\2019_2019_3111098_3.pdf,2019_2019_3111098_3.pdf,1.61,False,2019,,
E:\软件\2023-2026年顺德批复文件\2019_2019_3111106_1.pdf,2019_2019_3111106_1.pdf,1.43,False,2019,,
E:\软件\2023-2026年顺德批复文件\2019_2019_3111106_2.pdf,2019_2019_3111106_2.pdf,2.39,False,2019,,
E:\软件\2023-2026年顺德批复文件\2019_2019_3111106_3.pdf,2019_2019_3111106_3.pdf,1.31,False,2019,,
E:\软件\2023-2026年顺德批复文件\2019_2019_3111106_4.pdf,2019_2019_3111106_4.pdf,1.21,False,2019,,
E:\软件\2023-2026年顺德批复文件\2019_2019_3111114_1.pdf,2019_2019_3111114_1.pdf,1.1,False,2019,,
E:\软件\2023-2026年顺德批复文件\2019_2019_3111114_2.pdf,2019_2019_3111114_2.pdf,1.58,False,2019,,
E:\软件\2023-2026年顺德批复文件\2019_2019_3111114_3.pdf,2019_2019_3111114_3.pdf,2.08,False,2019,,
E:\软件\2023-2026年顺德批复文件\2019_2019_3111122_1.pdf,2019_2019_3111122_1.pdf,1.12,False,2019,,
E:\软件\2023-2026年顺德批复文件\2019_2019_3111130_1.pdf,2019_2019_3111130_1.pdf,2.51,False,2019,,
E:\软件\2023-2026年顺德批复文件\2019_2019_3111140_1.pdf,2019_2019_3111140_1.pdf,1.67,False,2019,,
E:\软件\2023-2026年顺德批复文件\2019_2019_3111140_2.pdf,2019_2019_3111140_2.pdf,1.87,False,2019,,
E:\软件\2023-2026年顺德批复文件\2019_2019_3111140_3.pdf,2019_2019_3111140_3.pdf,0.8,False,2019,,
E:\软件\2023-2026年顺德批复文件\2019_2019_3111140_4.pdf,2019_2019_3111140_4.pdf,2.44,False,2019,,
E:\软件\2023-2026年顺德批复文件\2019_2019_3111140_5.pdf,2019_2019_3111140_5.pdf,1.15,False,2019,,
E:\软件\2023-2026年顺德批复文件\2019_2019_3111148_1.pdf,2019_2019_3111148_1.pdf,0.93,False,2019,,
E:\软件\2023-2026年顺德批复文件\2019_2019_3111148_2.pdf,2019_2019_3111148_2.pdf,0.99,False,2019,,
E:\软件\2023-2026年顺德批复文件\2019_2019_3111148_3.pdf,2019_2019_3111148_3.pdf,0.39,False,2019,,
E:\软件\2023-2026年顺德批复文件\2019_2019_3111158_1.pdf,2019_2019_3111158_1.pdf,1.95,False,2019,,
E:\软件\2023-2026年顺德批复文件\2019_2019_3111158_2.pdf,2019_2019_3111158_2.pdf,1.6,False,2019,,
E:\软件\2023-2026年顺德批复文件\2019_2019_3111158_3.pdf,2019_2019_3111158_3.pdf,1.76,False,2019,,
E:\软件\2023-2026年顺德批复文件\2019_2019_3111158_4.pdf,2019_2019_3111158_4.pdf,1.79,False,2019,,
E:\软件\2023-2026年顺德批复文件\2019_2019_3111158_5.pdf,2019_2019_3111158_5.pdf,0.99,False,2019,,
E:\软件\2023-2026年顺德批复文件\2019_2019_3111166_1.pdf,2019_2019_3111166_1.pdf,0.67,False,2019,,
E:\软件\2023-2026年顺德批复文件\2019_2019_3111166_2.pdf,2019_2019_3111166_2.pdf,0.39,False,2019,,
E:\软件\2023-2026年顺德批复文件\2019_2019_3111166_3.pdf,2019_2019_3111166_3.pdf,0.41,False,2019,,
E:\软件\2023-2026年顺德批复文件\2019_2019_3111166_4.pdf,2019_2019_3111166_4.pdf,0.41,False,2019,,
E:\软件\2023-2026年顺德批复文件\2019_2019_3111174_1.pdf,2019_2019_3111174_1.pdf,0.57,False,2019,,
E:\软件\2023-2026年顺德批复文件\2019_2019_3111174_2.pdf,2019_2019_3111174_2.pdf,0.65,False,2019,,
E:\软件\2023-2026年顺德批复文件\2019_2019_3111174_3.pdf,2019_2019_3111174_3.pdf,0.83,False,2019,,
E:\软件\2023-2026年顺德批复文件\2019_2019_3111174_4.pdf,2019_2019_3111174_4.pdf,0.61,False,2019,,
E:\软件\2023-2026年顺德批复文件\2019_2019_3111186_1.pdf,2019_2019_3111186_1.pdf,0.91,False,2019,,
E:\软件\2023-2026年顺德批复文件\2019_2019_3111186_10.pdf,2019_2019_3111186_10.pdf,1.17,False,2019,,
E:\软件\2023-2026年顺德批复文件\2019_2019_3111186_11.pdf,2019_2019_3111186_11.pdf,1.12,False,2019,,
E:\软件\2023-2026年顺德批复文件\2019_2019_3111186_12.pdf,2019_2019_3111186_12.pdf,0.92,False,2019,,
E:\软件\2023-2026年顺德批复文件\2019_2019_3111186_13.pdf,2019_2019_3111186_13.pdf,0.88,False,2019,,
E:\软件\2023-2026年顺德批复文件\2019_2019_3111186_2.pdf,2019_2019_3111186_2.pdf,0.97,False,2019,,
E:\软件\2023-2026年顺德批复文件\2019_2019_3111186_3.pdf,2019_2019_3111186_3.pdf,1.03,False,2019,,
E:\软件\2023-2026年顺德批复文件\2019_2019_3111186_4.pdf,2019_2019_3111186_4.pdf,0.95,False,2019,,
E:\软件\2023-2026年顺德批复文件\2019_2019_3111186_5.pdf,2019_2019_3111186_5.pdf,0.93,False,2019,,
E:\软件\2023-2026年顺德批复文件\2019_2019_3111186_6.pdf,2019_2019_3111186_6.pdf,0.93,False,2019,,
E:\软件\2023-2026年顺德批复文件\2019_2019_3111186_7.pdf,2019_2019_3111186_7.pdf,1.23,False,2019,,
E:\软件\2023-2026年顺德批复文件\2019_2019_3111186_8.pdf,2019_2019_3111186_8.pdf,1.25,False,2019,,
E:\软件\2023-2026年顺德批复文件\2019_2019_3111186_9.pdf,2019_2019_3111186_9.pdf,1.03,False,2019,,
E:\软件\2023-2026年顺德批复文件\2019_2019_3111194_1.pdf,2019_2019_3111194_1.pdf,0.92,False,2019,,
E:\软件\2023-2026年顺德批复文件\2019_2019_3111194_2.pdf,2019_2019_3111194_2.pdf,0.69,False,2019,,
E:\软件\2023-2026年顺德批复文件\2019_2019_3111194_3.pdf,2019_2019_3111194_3.pdf,0.69,False,2019,,
E:\软件\2023-2026年顺德批复文件\2019_2019_3111194_4.pdf,2019_2019_3111194_4.pdf,0.68,False,2019,,
E:\软件\2023-2026年顺德批复文件\2019_2019_3111194_5.pdf,2019_2019_3111194_5.pdf,0.92,False,2019,,
E:\软件\2023-2026年顺德批复文件\2019_2019_3111194_6.pdf,2019_2019_3111194_6.pdf,1.19,False,2019,,
E:\软件\2023-2026年顺德批复文件\2019_2019_3111194_7.pdf,2019_2019_3111194_7.pdf,0.94,False,2019,,
E:\软件\2023-2026年顺德批复文件\2019_2019_3111203_1.pdf,2019_2019_3111203_1.pdf,1.38,False,2019,,
E:\软件\2023-2026年顺德批复文件\2019_2019_3111203_2.pdf,2019_2019_3111203_2.pdf,1.38,False,2019,,
E:\软件\2023-2026年顺德批复文件\2019_2019_3111203_3.pdf,2019_2019_3111203_3.pdf,2.05,False,2019,,
E:\软件\2023-2026年顺德批复文件\2019_2019_3111203_4.pdf,2019_2019_3111203_4.pdf,1.88,False,2019,,
E:\软件\2023-2026年顺德批复文件\2019_2019_3111203_5.pdf,2019_2019_3111203_5.pdf,2.8,False,2019,,
E:\软件\2023-2026年顺德批复文件\2019_2019_3111203_6.pdf,2019_2019_3111203_6.pdf,1.7,False,2019,,
E:\软件\2023-2026年顺德批复文件\2019_2019_3111203_7.pdf,2019_2019_3111203_7.pdf,1.71,False,2019,,
E:\软件\2023-2026年顺德批复文件\2019_2019_3111203_8.pdf,2019_2019_3111203_8.pdf,1.94,False,2019,,
E:\软件\2023-2026年顺德批复文件\2019_2019_3111212_1.pdf,2019_2019_3111212_1.pdf,1.12,False,2019,,
E:\软件\2023-2026年顺德批复文件\2019_2019_3111212_10.pdf,2019_2019_3111212_10.pdf,0.91,False,2019,,
E:\软件\2023-2026年顺德批复文件\2019_2019_3111212_11.pdf,2019_2019_3111212_11.pdf,1.23,False,2019,,
E:\软件\2023-2026年顺德批复文件\2019_2019_3111212_12.pdf,2019_2019_3111212_12.pdf,1.2,False,2019,,
E:\软件\2023-2026年顺德批复文件\2019_2019_3111212_13.pdf,2019_2019_3111212_13.pdf,1.31,False,2019,,
E:\软件\2023-2026年顺德批复文件\2019_2019_3111212_14.pdf,2019_2019_3111212_14.pdf,1.25,False,2019,,
E:\软件\2023-2026年顺德批复文件\2019_2019_3111212_15.pdf,2019_2019_3111212_15.pdf,1.72,False,2019,,
E:\软件\2023-2026年顺德批复文件\2019_2019_3111212_16.pdf,2019_2019_3111212_16.pdf,1.72,False,2019,,
E:\软件\2023-2026年顺德批复文件\2019_2019_3111212_17.pdf,2019_2019_3111212_17.pdf,2.07,False,2019,,
E:\软件\2023-2026年顺德批复文件\2019_2019_3111212_18.pdf,2019_2019_3111212_18.pdf,2.07,False,2019,,
E:\软件\2023-2026年顺德批复文件\2019_2019_3111212_19.pdf,2019_2019_3111212_19.pdf,2.07,False,2019,,
E:\软件\2023-2026年顺德批复文件\2019_2019_3111212_2.pdf,2019_2019_3111212_2.pdf,0.8,False,2019,,
E:\软件\2023-2026年顺德批复文件\2019_2019_3111212_20.pdf,2019_2019_3111212_20.pdf,2.07,False,2019,,
E:\软件\2023-2026年顺德批复文件\2019_2019_3111212_21.pdf,2019_2019_3111212_21.pdf,1.72,False,2019,,
E:\软件\2023-2026年顺德批复文件\2019_2019_3111212_3.pdf,2019_2019_3111212_3.pdf,0.99,False,2019,,
E:\软件\2023-2026年顺德批复文件\2019_2019_3111212_4.pdf,2019_2019_3111212_4.pdf,0.72,False,2019,,
E:\软件\2023-2026年顺德批复文件\2019_2019_3111212_5.pdf,2019_2019_3111212_5.pdf,0.72,False,2019,,
E:\软件\2023-2026年顺德批复文件\2019_2019_3111212_6.pdf,2019_2019_3111212_6.pdf,0.87,False,2019,,
E:\软件\2023-2026年顺德批复文件\2019_2019_3111212_7.pdf,2019_2019_3111212_7.pdf,0.88,False,2019,,
E:\软件\2023-2026年顺德批复文件\2019_2019_3111212_8.pdf,2019_2019_3111212_8.pdf,0.95,False,2019,,
E:\软件\2023-2026年顺德批复文件\2019_2019_3111212_9.pdf,2019_2019_3111212_9.pdf,0.92,False,2019,,
E:\软件\2023-2026年顺德批复文件\2019_2019_3111221_1.pdf,2019_2019_3111221_1.pdf,2.01,False,2019,,
E:\软件\2023-2026年顺德批复文件\2019_2019_3111221_10.pdf,2019_2019_3111221_10.pdf,1.59,False,2019,,
E:\软件\2023-2026年顺德批复文件\2019_2019_3111221_11.pdf,2019_2019_3111221_11.pdf,1.58,False,2019,,
E:\软件\2023-2026年顺德批复文件\2019_2019_3111221_12.pdf,2019_2019_3111221_12.pdf,1.98,False,2019,,
E:\软件\2023-2026年顺德批复文件\2019_2019_3111221_13.pdf,2019_2019_3111221_13.pdf,2.11,False,2019,,
E:\软件\2023-2026年顺德批复文件\2019_2019_3111221_14.pdf,2019_2019_3111221_14.pdf,1.57,False,2019,,
E:\软件\2023-2026年顺德批复文件\2019_2019_3111221_15.pdf,2019_2019_3111221_15.pdf,1.2,False,2019,,
E:\软件\2023-2026年顺德批复文件\2019_2019_3111221_2.pdf,2019_2019_3111221_2.pdf,1.84,False,2019,,
E:\软件\2023-2026年顺德批复文件\2019_2019_3111221_3.pdf,2019_2019_3111221_3.pdf,1.15,False,2019,,
E:\软件\2023-2026年顺德批复文件\2019_2019_3111221_4.pdf,2019_2019_3111221_4.pdf,1.08,False,2019,,
E:\软件\2023-2026年顺德批复文件\2019_2019_3111221_5.pdf,2019_2019_3111221_5.pdf,1.62,False,2019,,
E:\软件\2023-2026年顺德批复文件\2019_2019_3111221_6.pdf,2019_2019_3111221_6.pdf,1.81,False,2019,,
E:\软件\2023-2026年顺德批复文件\2019_2019_3111221_7.pdf,2019_2019_3111221_7.pdf,1.67,False,2019,,
E:\软件\2023-2026年顺德批复文件\2019_2019_3111221_8.pdf,2019_2019_3111221_8.pdf,1.56,False,2019,,
E:\软件\2023-2026年顺德批复文件\2019_2019_3111221_9.pdf,2019_2019_3111221_9.pdf,1.59,False,2019,,
E:\软件\2023-2026年顺德批复文件\2019_2019_3111229_1.pdf,2019_2019_3111229_1.pdf,0.13,False,2019,,
E:\软件\2023-2026年顺德批复文件\2019_2019_3111238_1.pdf,2019_2019_3111238_1.pdf,0.14,False,2019,,
E:\软件\2023-2026年顺德批复文件\2019_2019_3111238_2.pdf,2019_2019_3111238_2.pdf,0.13,False,2019,,
E:\软件\2023-2026年顺德批复文件\2019_2019_3111238_3.pdf,2019_2019_3111238_3.pdf,0.14,False,2019,,
E:\软件\2023-2026年顺德批复文件\2019_2019_3111238_4.pdf,2019_2019_3111238_4.pdf,0.14,False,2019,,
E:\软件\2023-2026年顺德批复文件\2019_2019_3111238_5.pdf,2019_2019_3111238_5.pdf,0.17,False,2019,,
E:\软件\2023-2026年顺德批复文件\2019_2019_3111238_6.pdf,2019_2019_3111238_6.pdf,0.17,False,2019,,
E:\软件\2023-2026年顺德批复文件\2019_2019_3111246_1.pdf,2019_2019_3111246_1.pdf,0.18,False,2019,,
E:\软件\2023-2026年顺德批复文件\2019_2019_3111246_10.pdf,2019_2019_3111246_10.pdf,0.14,False,2019,,
E:\软件\2023-2026年顺德批复文件\2019_2019_3111246_11.pdf,2019_2019_3111246_11.pdf,0.14,False,2019,,
E:\软件\2023-2026年顺德批复文件\2019_2019_3111246_12.pdf,2019_2019_3111246_12.pdf,0.14,False,2019,,
E:\软件\2023-2026年顺德批复文件\2019_2019_3111246_13.pdf,2019_2019_3111246_13.pdf,0.16,False,2019,,
E:\软件\2023-2026年顺德批复文件\2019_2019_3111246_14.pdf,2019_2019_3111246_14.pdf,0.15,False,2019,,
E:\软件\2023-2026年顺德批复文件\2019_2019_3111246_15.pdf,2019_2019_3111246_15.pdf,0.14,False,2019,,
E:\软件\2023-2026年顺德批复文件\2019_2019_3111246_2.pdf,2019_2019_3111246_2.pdf,0.16,False,2019,,
E:\软件\2023-2026年顺德批复文件\2019_2019_3111246_3.pdf,2019_2019_3111246_3.pdf,0.14,False,2019,,
E:\软件\2023-2026年顺德批复文件\2019_2019_3111246_4.pdf,2019_2019_3111246_4.pdf,0.16,False,2019,,
E:\软件\2023-2026年顺德批复文件\2019_2019_3111246_5.pdf,2019_2019_3111246_5.pdf,0.15,False,2019,,
E:\软件\2023-2026年顺德批复文件\2019_2019_3111246_6.pdf,2019_2019_3111246_6.pdf,0.15,False,2019,,
E:\软件\2023-2026年顺德批复文件\2019_2019_3111246_7.pdf,2019_2019_3111246_7.pdf,0.15,False,2019,,
E:\软件\2023-2026年顺德批复文件\2019_2019_3111246_8.pdf,2019_2019_3111246_8.pdf,0.18,False,2019,,
E:\软件\2023-2026年顺德批复文件\2019_2019_3111246_9.pdf,2019_2019_3111246_9.pdf,0.16,False,2019,,
E:\软件\2023-2026年顺德批复文件\2019_2019_3111254_1.pdf,2019_2019_3111254_1.pdf,2.1,False,2019,,
E:\软件\2023-2026年顺德批复文件\2019_2019_3111254_2.pdf,2019_2019_3111254_2.pdf,1.26,False,2019,,
E:\软件\2023-2026年顺德批复文件\2019_2019_3111254_3.pdf,2019_2019_3111254_3.pdf,1.21,False,2019,,
E:\软件\2023-2026年顺德批复文件\2019_2019_3111254_4.pdf,2019_2019_3111254_4.pdf,1.17,False,2019,,
E:\软件\2023-2026年顺德批复文件\2019_2019_3111254_5.pdf,2019_2019_3111254_5.pdf,1.68,False,2019,,
E:\软件\2023-2026年顺德批复文件\2019_2019_3111254_6.pdf,2019_2019_3111254_6.pdf,1.99,False,2019,,
E:\软件\2023-2026年顺德批复文件\2019_2019_3111254_7.pdf,2019_2019_3111254_7.pdf,1.19,False,2019,,
E:\软件\2023-2026年顺德批复文件\2019_2019_3111254_8.pdf,2019_2019_3111254_8.pdf,1.49,False,2019,,
E:\软件\2023-2026年顺德批复文件\2019_2019_3111254_9.pdf,2019_2019_3111254_9.pdf,1.92,False,2019,,
E:\软件\2023-2026年顺德批复文件\2019_2019_3111266_1.pdf,2019_2019_3111266_1.pdf,1.14,False,2019,,
E:\软件\2023-2026年顺德批复文件\2019_2019_3111266_10.pdf,2019_2019_3111266_10.pdf,2.12,False,2019,,
E:\软件\2023-2026年顺德批复文件\2019_2019_3111266_2.pdf,2019_2019_3111266_2.pdf,1.55,False,2019,,
E:\软件\2023-2026年顺德批复文件\2019_2019_3111266_3.pdf,2019_2019_3111266_3.pdf,1.08,False,2019,,
E:\软件\2023-2026年顺德批复文件\2019_2019_3111266_4.pdf,2019_2019_3111266_4.pdf,1.58,False,2019,,
E:\软件\2023-2026年顺德批复文件\2019_2019_3111266_5.pdf,2019_2019_3111266_5.pdf,1.62,False,2019,,
E:\软件\2023-2026年顺德批复文件\2019_2019_3111266_6.pdf,2019_2019_3111266_6.pdf,1.55,False,2019,,
E:\软件\2023-2026年顺德批复文件\2019_2019_3111266_7.pdf,2019_2019_3111266_7.pdf,1.64,False,2019,,
E:\软件\2023-2026年顺德批复文件\2019_2019_3111266_8.pdf,2019_2019_3111266_8.pdf,2.1,False,2019,,
E:\软件\2023-2026年顺德批复文件\2019_2019_3111266_9.pdf,2019_2019_3111266_9.pdf,1.71,False,2019,,
E:\软件\2023-2026年顺德批复文件\2019_2019_3111274_1.pdf,2019_2019_3111274_1.pdf,1.38,False,2019,,
E:\软件\2023-2026年顺德批复文件\2019_2019_3111282_1.pdf,2019_2019_3111282_1.pdf,1.34,False,2019,,
E:\软件\2023-2026年顺德批复文件\2019_2019_3111282_2.pdf,2019_2019_3111282_2.pdf,1.91,False,2019,,
E:\软件\2023-2026年顺德批复文件\2019_2019_3111282_3.pdf,2019_2019_3111282_3.pdf,1.97,False,2019,,
E:\软件\2023-2026年顺德批复文件\2019_2019_3111282_4.pdf,2019_2019_3111282_4.pdf,1.78,False,2019,,
E:\软件\2023-2026年顺德批复文件\2019_2019_3111282_5.pdf,2019_2019_3111282_5.pdf,1.73,False,2019,,
E:\软件\2023-2026年顺德批复文件\2019_2019_3111282_6.pdf,2019_2019_3111282_6.pdf,1.91,False,2019,,
E:\软件\2023-2026年顺德批复文件\2019_2019_3111282_7.pdf,2019_2019_3111282_7.pdf,2.14,False,2019,,
E:\软件\2023-2026年顺德批复文件\2019_2019_3111282_8.pdf,2019_2019_3111282_8.pdf,2.55,False,2019,,
E:\软件\2023-2026年顺德批复文件\2019_2019_3111314_1.pdf,2019_2019_3111314_1.pdf,0.74,False,2019,,
E:\软件\2023-2026年顺德批复文件\2019_2019_3111314_10.pdf,2019_2019_3111314_10.pdf,0.68,False,2019,,
E:\软件\2023-2026年顺德批复文件\2019_2019_3111314_11.pdf,2019_2019_3111314_11.pdf,0.73,False,2019,,
E:\软件\2023-2026年顺德批复文件\2019_2019_3111314_12.pdf,2019_2019_3111314_12.pdf,0.54,False,2019,,
E:\软件\2023-2026年顺德批复文件\2019_2019_3111314_13.pdf,2019_2019_3111314_13.pdf,0.56,False,2019,,
E:\软件\2023-2026年顺德批复文件\2019_2019_3111314_14.pdf,2019_2019_3111314_14.pdf,0.68,False,2019,,
E:\软件\2023-2026年顺德批复文件\2019_2019_3111314_15.pdf,2019_2019_3111314_15.pdf,0.57,False,2019,,
E:\软件\2023-2026年顺德批复文件\2019_2019_3111314_16.pdf,2019_2019_3111314_16.pdf,0.56,False,2019,,
E:\软件\2023-2026年顺德批复文件\2019_2019_3111314_17.pdf,2019_2019_3111314_17.pdf,0.89,False,2019,,
E:\软件\2023-2026年顺德批复文件\2019_2019_3111314_18.pdf,2019_2019_3111314_18.pdf,0.86,False,2019,,
E:\软件\2023-2026年顺德批复文件\2019_2019_3111314_19.pdf,2019_2019_3111314_19.pdf,0.86,False,2019,,
E:\软件\2023-2026年顺德批复文件\2019_2019_3111314_2.pdf,2019_2019_3111314_2.pdf,1.0,False,2019,,
E:\软件\2023-2026年顺德批复文件\2019_2019_3111314_20.pdf,2019_2019_3111314_20.pdf,0.37,False,2019,,
E:\软件\2023-2026年顺德批复文件\2019_2019_3111314_3.pdf,2019_2019_3111314_3.pdf,0.69,False,2019,,
E:\软件\2023-2026年顺德批复文件\2019_2019_3111314_4.pdf,2019_2019_3111314_4.pdf,0.87,False,2019,,
E:\软件\2023-2026年顺德批复文件\2019_2019_3111314_5.pdf,2019_2019_3111314_5.pdf,0.57,False,2019,,
E:\软件\2023-2026年顺德批复文件\2019_2019_3111314_6.pdf,2019_2019_3111314_6.pdf,0.71,False,2019,,
E:\软件\2023-2026年顺德批复文件\2019_2019_3111314_7.pdf,2019_2019_3111314_7.pdf,0.67,False,2019,,
E:\软件\2023-2026年顺德批复文件\2019_2019_3111314_8.pdf,2019_2019_3111314_8.pdf,0.58,False,2019,,
E:\软件\2023-2026年顺德批复文件\2019_2019_3111314_9.pdf,2019_2019_3111314_9.pdf,0.56,False,2019,,
E:\软件\2023-2026年顺德批复文件\2019_2019_3111334_1.pdf,2019_2019_3111334_1.pdf,0.63,False,2019,,
E:\软件\2023-2026年顺德批复文件\2019_2019_3111334_10.pdf,2019_2019_3111334_10.pdf,0.72,False,2019,,
E:\软件\2023-2026年顺德批复文件\2019_2019_3111334_11.pdf,2019_2019_3111334_11.pdf,0.57,False,2019,,
E:\软件\2023-2026年顺德批复文件\2019_2019_3111334_12.pdf,2019_2019_3111334_12.pdf,0.72,False,2019,,
E:\软件\2023-2026年顺德批复文件\2019_2019_3111334_13.pdf,2019_2019_3111334_13.pdf,0.59,False,2019,,
E:\软件\2023-2026年顺德批复文件\2019_2019_3111334_14.pdf,2019_2019_3111334_14.pdf,0.58,False,2019,,
E:\软件\2023-2026年顺德批复文件\2019_2019_3111334_15.pdf,2019_2019_3111334_15.pdf,0.56,False,2019,,
E:\软件\2023-2026年顺德批复文件\2019_2019_3111334_16.pdf,2019_2019_3111334_16.pdf,0.56,False,2019,,
E:\软件\2023-2026年顺德批复文件\2019_2019_3111334_17.pdf,2019_2019_3111334_17.pdf,0.73,False,2019,,
E:\软件\2023-2026年顺德批复文件\2019_2019_3111334_18.pdf,2019_2019_3111334_18.pdf,0.44,False,2019,,
E:\软件\2023-2026年顺德批复文件\2019_2019_3111334_19.pdf,2019_2019_3111334_19.pdf,0.9,False,2019,,
E:\软件\2023-2026年顺德批复文件\2019_2019_3111334_2.pdf,2019_2019_3111334_2.pdf,0.54,False,2019,,
E:\软件\2023-2026年顺德批复文件\2019_2019_3111334_20.pdf,2019_2019_3111334_20.pdf,0.69,False,2019,,
E:\软件\2023-2026年顺德批复文件\2019_2019_3111334_21.pdf,2019_2019_3111334_21.pdf,0.69,False,2019,,
E:\软件\2023-2026年顺德批复文件\2019_2019_3111334_22.pdf,2019_2019_3111334_22.pdf,0.72,False,2019,,
E:\软件\2023-2026年顺德批复文件\2019_2019_3111334_23.pdf,2019_2019_3111334_23.pdf,0.57,False,2019,,
E:\软件\2023-2026年顺德批复文件\2019_2019_3111334_24.pdf,2019_2019_3111334_24.pdf,0.56,False,2019,,
E:\软件\2023-2026年顺德批复文件\2019_2019_3111334_25.pdf,2019_2019_3111334_25.pdf,0.69,False,2019,,
E:\软件\2023-2026年顺德批复文件\2019_2019_3111334_26.pdf,2019_2019_3111334_26.pdf,0.73,False,2019,,
E:\软件\2023-2026年顺德批复文件\2019_2019_3111334_27.pdf,2019_2019_3111334_27.pdf,0.7,False,2019,,
E:\软件\2023-2026年顺德批复文件\2019_2019_3111334_28.pdf,2019_2019_3111334_28.pdf,0.88,False,2019,,
E:\软件\2023-2026年顺德批复文件\2019_2019_3111334_29.pdf,2019_2019_3111334_29.pdf,0.56,False,2019,,
E:\软件\2023-2026年顺德批复文件\2019_2019_3111334_3.pdf,2019_2019_3111334_3.pdf,0.6,False,2019,,
E:\软件\2023-2026年顺德批复文件\2019_2019_3111334_30.pdf,2019_2019_3111334_30.pdf,0.54,False,2019,,
E:\软件\2023-2026年顺德批复文件\2019_2019_3111334_31.pdf,2019_2019_3111334_31.pdf,1.01,False,2019,,
E:\软件\2023-2026年顺德批复文件\2019_2019_3111334_32.pdf,2019_2019_3111334_32.pdf,0.58,False,2019,,
E:\软件\2023-2026年顺德批复文件\2019_2019_3111334_33.pdf,2019_2019_3111334_33.pdf,0.83,False,2019,,
E:\软件\2023-2026年顺德批复文件\2019_2019_3111334_34.pdf,2019_2019_3111334_34.pdf,0.67,False,2019,,
E:\软件\2023-2026年顺德批复文件\2019_2019_3111334_35.pdf,2019_2019_3111334_35.pdf,0.74,False,2019,,
E:\软件\2023-2026年顺德批复文件\2019_2019_3111334_36.pdf,2019_2019_3111334_36.pdf,0.86,False,2019,,
E:\软件\2023-2026年顺德批复文件\2019_2019_3111334_37.pdf,2019_2019_3111334_37.pdf,0.73,False,2019,,
E:\软件\2023-2026年顺德批复文件\2019_2019_3111334_38.pdf,2019_2019_3111334_38.pdf,1.0,False,2019,,
E:\软件\2023-2026年顺德批复文件\2019_2019_3111334_39.pdf,2019_2019_3111334_39.pdf,0.75,False,2019,,
E:\软件\2023-2026年顺德批复文件\2019_2019_3111334_4.pdf,2019_2019_3111334_4.pdf,0.65,False,2019,,
E:\软件\2023-2026年顺德批复文件\2019_2019_3111334_40.pdf,2019_2019_3111334_40.pdf,0.75,False,2019,,
E:\软件\2023-2026年顺德批复文件\2019_2019_3111334_41.pdf,2019_2019_3111334_41.pdf,0.83,False,2019,,
E:\软件\2023-2026年顺德批复文件\2019_2019_3111334_42.pdf,2019_2019_3111334_42.pdf,0.67,False,2019,,
E:\软件\2023-2026年顺德批复文件\2019_2019_3111334_43.pdf,2019_2019_3111334_43.pdf,0.84,False,2019,,
E:\软件\2023-2026年顺德批复文件\2019_2019_3111334_44.pdf,2019_2019_3111334_44.pdf,0.75,False,2019,,
E:\软件\2023-2026年顺德批复文件\2019_2019_3111334_45.pdf,2019_2019_3111334_45.pdf,0.82,False,2019,,
E:\软件\2023-2026年顺德批复文件\2019_2019_3111334_5.pdf,2019_2019_3111334_5.pdf,0.57,False,2019,,
E:\软件\2023-2026年顺德批复文件\2019_2019_3111334_6.pdf,2019_2019_3111334_6.pdf,0.66,False,2019,,
E:\软件\2023-2026年顺德批复文件\2019_2019_3111334_7.pdf,2019_2019_3111334_7.pdf,0.55,False,2019,,
E:\软件\2023-2026年顺德批复文件\2019_2019_3111334_8.pdf,2019_2019_3111334_8.pdf,0.84,False,2019,,
E:\软件\2023-2026年顺德批复文件\2019_2019_3111334_9.pdf,2019_2019_3111334_9.pdf,0.45,False,2019,,
E:\软件\2023-2026年顺德批复文件\2019_2019_3111344_1.pdf,2019_2019_3111344_1.pdf,0.59,False,2019,,
E:\软件\2023-2026年顺德批复文件\2019_2019_3111344_10.pdf,2019_2019_3111344_10.pdf,0.56,False,2019,,
E:\软件\2023-2026年顺德批复文件\2019_2019_3111344_11.pdf,2019_2019_3111344_11.pdf,0.52,False,2019,,
E:\软件\2023-2026年顺德批复文件\2019_2019_3111344_12.pdf,2019_2019_3111344_12.pdf,0.63,False,2019,,
E:\软件\2023-2026年顺德批复文件\2019_2019_3111344_13.pdf,2019_2019_3111344_13.pdf,0.52,False,2019,,
E:\软件\2023-2026年顺德批复文件\2019_2019_3111344_14.pdf,2019_2019_3111344_14.pdf,0.53,False,2019,,
E:\软件\2023-2026年顺德批复文件\2019_2019_3111344_15.pdf,2019_2019_3111344_15.pdf,0.56,False,2019,,
E:\软件\2023-2026年顺德批复文件\2019_2019_3111344_16.pdf,2019_2019_3111344_16.pdf,0.56,False,2019,,
E:\软件\2023-2026年顺德批复文件\2019_2019_3111344_17.pdf,2019_2019_3111344_17.pdf,0.57,False,2019,,
E:\软件\2023-2026年顺德批复文件\2019_2019_3111344_18.pdf,2019_2019_3111344_18.pdf,0.55,False,2019,,
E:\软件\2023-2026年顺德批复文件\2019_2019_3111344_19.pdf,2019_2019_3111344_19.pdf,0.62,False,2019,,
E:\软件\2023-2026年顺德批复文件\2019_2019_3111344_2.pdf,2019_2019_3111344_2.pdf,0.53,False,2019,,
E:\软件\2023-2026年顺德批复文件\2019_2019_3111344_20.pdf,2019_2019_3111344_20.pdf,0.64,False,2019,,
E:\软件\2023-2026年顺德批复文件\2019_2019_3111344_21.pdf,2019_2019_3111344_21.pdf,0.54,False,2019,,
E:\软件\2023-2026年顺德批复文件\2019_2019_3111344_22.pdf,2019_2019_3111344_22.pdf,0.84,False,2019,,
E:\软件\2023-2026年顺德批复文件\2019_2019_3111344_23.pdf,2019_2019_3111344_23.pdf,0.71,False,2019,,
E:\软件\2023-2026年顺德批复文件\2019_2019_3111344_24.pdf,2019_2019_3111344_24.pdf,0.43,False,2019,,
E:\软件\2023-2026年顺德批复文件\2019_2019_3111344_25.pdf,2019_2019_3111344_25.pdf,0.75,False,2019,,
E:\软件\2023-2026年顺德批复文件\2019_2019_3111344_26.pdf,2019_2019_3111344_26.pdf,0.57,False,2019,,
E:\软件\2023-2026年顺德批复文件\2019_2019_3111344_27.pdf,2019_2019_3111344_27.pdf,0.66,False,2019,,
E:\软件\2023-2026年顺德批复文件\2019_2019_3111344_28.pdf,2019_2019_3111344_28.pdf,0.87,False,2019,,
E:\软件\2023-2026年顺德批复文件\2019_2019_3111344_29.pdf,2019_2019_3111344_29.pdf,0.75,False,2019,,
E:\软件\2023-2026年顺德批复文件\2019_2019_3111344_3.pdf,2019_2019_3111344_3.pdf,1.05,False,2019,,
E:\软件\2023-2026年顺德批复文件\2019_2019_3111344_30.pdf,2019_2019_3111344_30.pdf,0.55,False,2019,,
E:\软件\2023-2026年顺德批复文件\2019_2019_3111344_31.pdf,2019_2019_3111344_31.pdf,0.54,False,2019,,
E:\软件\2023-2026年顺德批复文件\2019_2019_3111344_32.pdf,2019_2019_3111344_32.pdf,0.55,False,2019,,
E:\软件\2023-2026年顺德批复文件\2019_2019_3111344_33.pdf,2019_2019_3111344_33.pdf,0.54,False,2019,,
E:\软件\2023-2026年顺德批复文件\2019_2019_3111344_34.pdf,2019_2019_3111344_34.pdf,0.67,False,2019,,
E:\软件\2023-2026年顺德批复文件\2019_2019_3111344_35.pdf,2019_2019_3111344_35.pdf,0.6,False,2019,,
E:\软件\2023-2026年顺德批复文件\2019_2019_3111344_36.pdf,2019_2019_3111344_36.pdf,0.51,False,2019,,
E:\软件\2023-2026年顺德批复文件\2019_2019_3111344_37.pdf,2019_2019_3111344_37.pdf,0.69,False,2019,,
E:\软件\2023-2026年顺德批复文件\2019_2019_3111344_38.pdf,2019_2019_3111344_38.pdf,0.55,False,2019,,
E:\软件\2023-2026年顺德批复文件\2019_2019_3111344_39.pdf,2019_2019_3111344_39.pdf,0.7,False,2019,,
E:\软件\2023-2026年顺德批复文件\2019_2019_3111344_4.pdf,2019_2019_3111344_4.pdf,0.41,False,2019,,
E:\软件\2023-2026年顺德批复文件\2019_2019_3111344_40.pdf,2019_2019_3111344_40.pdf,0.5,False,2019,,
E:\软件\2023-2026年顺德批复文件\2019_2019_3111344_41.pdf,2019_2019_3111344_41.pdf,0.54,False,2019,,
E:\软件\2023-2026年顺德批复文件\2019_2019_3111344_42.pdf,2019_2019_3111344_42.pdf,0.56,False,2019,,
E:\软件\2023-2026年顺德批复文件\2019_2019_3111344_43.pdf,2019_2019_3111344_43.pdf,0.66,False,2019,,
E:\软件\2023-2026年顺德批复文件\2019_2019_3111344_44.pdf,2019_2019_3111344_44.pdf,0.63,False,2019,,
E:\软件\2023-2026年顺德批复文件\2019_2019_3111344_45.pdf,2019_2019_3111344_45.pdf,0.78,False,2019,,
E:\软件\2023-2026年顺德批复文件\2019_2019_3111344_46.pdf,2019_2019_3111344_46.pdf,0.72,False,2019,,
E:\软件\2023-2026年顺德批复文件\2019_2019_3111344_47.pdf,2019_2019_3111344_47.pdf,0.97,False,2019,,
E:\软件\2023-2026年顺德批复文件\2019_2019_3111344_48.pdf,2019_2019_3111344_48.pdf,0.79,False,2019,,
E:\软件\2023-2026年顺德批复文件\2019_2019_3111344_49.pdf,2019_2019_3111344_49.pdf,0.67,False,2019,,
E:\软件\2023-2026年顺德批复文件\2019_2019_3111344_5.pdf,2019_2019_3111344_5.pdf,0.53,False,2019,,
E:\软件\2023-2026年顺德批复文件\2019_2019_3111344_50.pdf,2019_2019_3111344_50.pdf,0.6,False,2019,,
E:\软件\2023-2026年顺德批复文件\2019_2019_3111344_6.pdf,2019_2019_3111344_6.pdf,0.53,False,2019,,
E:\软件\2023-2026年顺德批复文件\2019_2019_3111344_7.pdf,2019_2019_3111344_7.pdf,0.52,False,2019,,
E:\软件\2023-2026年顺德批复文件\2019_2019_3111344_8.pdf,2019_2019_3111344_8.pdf,0.68,False,2019,,
E:\软件\2023-2026年顺德批复文件\2019_2019_3111344_9.pdf,2019_2019_3111344_9.pdf,0.56,False,2019,,
E:\软件\2023-2026年顺德批复文件\2019_2019_3111381_1.pdf,2019_2019_3111381_1.pdf,0.82,False,2019,,
E:\软件\2023-2026年顺德批复文件\2019_2019_3111381_2.pdf,2019_2019_3111381_2.pdf,0.85,False,2019,,
E:\软件\2023-2026年顺德批复文件\2019_2019_3111381_3.pdf,2019_2019_3111381_3.pdf,0.71,False,2019,,
E:\软件\2023-2026年顺德批复文件\2019_2019_3111381_4.pdf,2019_2019_3111381_4.pdf,0.55,False,2019,,
E:\软件\2023-2026年顺德批复文件\2019_2019_3111381_5.pdf,2019_2019_3111381_5.pdf,0.74,False,2019,,
E:\软件\2023-2026年顺德批复文件\2019_2019_3111393_1.pdf,2019_2019_3111393_1.pdf,1.08,False,2019,,
E:\软件\2023-2026年顺德批复文件\2019_2019_3111393_2.pdf,2019_2019_3111393_2.pdf,8.0,False,2019,,
E:\软件\2023-2026年顺德批复文件\2019_2019_3111401_1.pdf,2019_2019_3111401_1.pdf,1.24,False,2019,,
E:\软件\2023-2026年顺德批复文件\2019_2019_3111401_2.pdf,2019_2019_3111401_2.pdf,1.25,False,2019,,
E:\软件\2023-2026年顺德批复文件\2019_2019_3111401_3.pdf,2019_2019_3111401_3.pdf,1.05,False,2019,,
E:\软件\2023-2026年顺德批复文件\2019_2019_3111401_4.pdf,2019_2019_3111401_4.pdf,1.23,False,2019,,
E:\软件\2023-2026年顺德批复文件\2019_2019_3111401_5.pdf,2019_2019_3111401_5.pdf,1.31,False,2019,,
E:\软件\2023-2026年顺德批复文件\2019_2019_3111401_6.pdf,2019_2019_3111401_6.pdf,1.16,False,2019,,
E:\软件\2023-2026年顺德批复文件\2019_2019_3111401_7.pdf,2019_2019_3111401_7.pdf,1.24,False,2019,,
E:\软件\2023-2026年顺德批复文件\2019_2019_3111401_8.pdf,2019_2019_3111401_8.pdf,1.02,False,2019,,
E:\软件\2023-2026年顺德批复文件\2019_2019_3111412_1.pdf,2019_2019_3111412_1.pdf,0.72,False,2019,,
E:\软件\2023-2026年顺德批复文件\2019_2019_3111412_10.pdf,2019_2019_3111412_10.pdf,0.67,False,2019,,
E:\软件\2023-2026年顺德批复文件\2019_2019_3111412_11.pdf,2019_2019_3111412_11.pdf,0.86,False,2019,,
E:\软件\2023-2026年顺德批复文件\2019_2019_3111412_12.pdf,2019_2019_3111412_12.pdf,0.55,False,2019,,
E:\软件\2023-2026年顺德批复文件\2019_2019_3111412_13.pdf,2019_2019_3111412_13.pdf,0.58,False,2019,,
E:\软件\2023-2026年顺德批复文件\2019_2019_3111412_14.pdf,2019_2019_3111412_14.pdf,0.82,False,2019,,
E:\软件\2023-2026年顺德批复文件\2019_2019_3111412_15.pdf,2019_2019_3111412_15.pdf,0.7,False,2019,,
E:\软件\2023-2026年顺德批复文件\2019_2019_3111412_16.pdf,2019_2019_3111412_16.pdf,0.67,False,2019,,
E:\软件\2023-2026年顺德批复文件\2019_2019_3111412_2.pdf,2019_2019_3111412_2.pdf,0.62,False,2019,,
E:\软件\2023-2026年顺德批复文件\2019_2019_3111412_3.pdf,2019_2019_3111412_3.pdf,0.71,False,2019,,
E:\软件\2023-2026年顺德批复文件\2019_2019_3111412_4.pdf,2019_2019_3111412_4.pdf,0.65,False,2019,,
E:\软件\2023-2026年顺德批复文件\2019_2019_3111412_5.pdf,2019_2019_3111412_5.pdf,0.57,False,2019,,
E:\软件\2023-2026年顺德批复文件\2019_2019_3111412_6.pdf,2019_2019_3111412_6.pdf,0.57,False,2019,,
E:\软件\2023-2026年顺德批复文件\2019_2019_3111412_7.pdf,2019_2019_3111412_7.pdf,1.0,False,2019,,
E:\软件\2023-2026年顺德批复文件\2019_2019_3111412_8.pdf,2019_2019_3111412_8.pdf,0.58,False,2019,,
E:\软件\2023-2026年顺德批复文件\2019_2019_3111412_9.pdf,2019_2019_3111412_9.pdf,0.6,False,2019,,
E:\软件\2023-2026年顺德批复文件\2019_2019_3111427_1.pdf,2019_2019_3111427_1.pdf,0.67,False,2019,,
E:\软件\2023-2026年顺德批复文件\2019_2019_3111427_10.pdf,2019_2019_3111427_10.pdf,0.98,False,2019,,
E:\软件\2023-2026年顺德批复文件\2019_2019_3111427_11.pdf,2019_2019_3111427_11.pdf,9.35,False,2019,,
E:\软件\2023-2026年顺德批复文件\2019_2019_3111427_12.pdf,2019_2019_3111427_12.pdf,8.1,False,2019,,
E:\软件\2023-2026年顺德批复文件\2019_2019_3111427_2.pdf,2019_2019_3111427_2.pdf,0.54,False,2019,,
E:\软件\2023-2026年顺德批复文件\2019_2019_3111427_3.pdf,2019_2019_3111427_3.pdf,0.6,False,2019,,
E:\软件\2023-2026年顺德批复文件\2019_2019_3111427_4.pdf,2019_2019_3111427_4.pdf,0.55,False,2019,,
E:\软件\2023-2026年顺德批复文件\2019_2019_3111427_5.pdf,2019_2019_3111427_5.pdf,0.67,False,2019,,
E:\软件\2023-2026年顺德批复文件\2019_2019_3111427_6.pdf,2019_2019_3111427_6.pdf,0.75,False,2019,,
E:\软件\2023-2026年顺德批复文件\2019_2019_3111427_7.pdf,2019_2019_3111427_7.pdf,0.54,False,2019,,
E:\软件\2023-2026年顺德批复文件\2019_2019_3111427_8.pdf,2019_2019_3111427_8.pdf,0.6,False,2019,,
E:\软件\2023-2026年顺德批复文件\2019_2019_3111427_9.pdf,2019_2019_3111427_9.pdf,0.65,False,2019,,
E:\软件\2023-2026年顺德批复文件\2019_2019_3111443_1.pdf,2019_2019_3111443_1.pdf,8.43,False,2019,,
E:\软件\2023-2026年顺德批复文件\2019_2019_3111443_2.pdf,2019_2019_3111443_2.pdf,8.83,False,2019,,
E:\软件\2023-2026年顺德批复文件\2019_2019_3111443_3.pdf,2019_2019_3111443_3.pdf,9.01,False,2019,,
E:\软件\2023-2026年顺德批复文件\2019_2019_3111443_4.pdf,2019_2019_3111443_4.pdf,7.53,False,2019,,
E:\软件\2023-2026年顺德批复文件\2019_2019_3111443_5.pdf,2019_2019_3111443_5.pdf,7.73,False,2019,,
E:\软件\2023-2026年顺德批复文件\2019_2019_3111449_1.pdf,2019_2019_3111449_1.pdf,0.61,False,2019,,
E:\软件\2023-2026年顺德批复文件\2019_2019_3111449_10.pdf,2019_2019_3111449_10.pdf,0.57,False,2019,,
E:\软件\2023-2026年顺德批复文件\2019_2019_3111449_11.pdf,2019_2019_3111449_11.pdf,0.65,False,2019,,
E:\软件\2023-2026年顺德批复文件\2019_2019_3111449_2.pdf,2019_2019_3111449_2.pdf,0.64,False,2019,,
E:\软件\2023-2026年顺德批复文件\2019_2019_3111449_3.pdf,2019_2019_3111449_3.pdf,0.63,False,2019,,
E:\软件\2023-2026年顺德批复文件\2019_2019_3111449_4.pdf,2019_2019_3111449_4.pdf,0.7,False,2019,,
E:\软件\2023-2026年顺德批复文件\2019_2019_3111449_5.pdf,2019_2019_3111449_5.pdf,0.57,False,2019,,
E:\软件\2023-2026年顺德批复文件\2019_2019_3111449_6.pdf,2019_2019_3111449_6.pdf,0.24,False,2019,,
E:\软件\2023-2026年顺德批复文件\2019_2019_3111449_7.pdf,2019_2019_3111449_7.pdf,0.66,False,2019,,
E:\软件\2023-2026年顺德批复文件\2019_2019_3111449_8.pdf,2019_2019_3111449_8.pdf,0.66,False,2019,,
E:\软件\2023-2026年顺德批复文件\2019_2019_3111449_9.pdf,2019_2019_3111449_9.pdf,0.58,False,2019,,
E:\软件\2023-2026年顺德批复文件\2019_2019_3111457_1.pdf,2019_2019_3111457_1.pdf,0.4,False,2019,,
E:\软件\2023-2026年顺德批复文件\2019_2019_3111457_2.pdf,2019_2019_3111457_2.pdf,0.56,False,2019,,
E:\软件\2023-2026年顺德批复文件\2019_2019_3111457_3.pdf,2019_2019_3111457_3.pdf,0.64,False,2019,,
E:\软件\2023-2026年顺德批复文件\2019_2019_3111457_4.pdf,2019_2019_3111457_4.pdf,0.67,False,2019,,
E:\软件\2023-2026年顺德批复文件\2019_2019_3111457_5.pdf,2019_2019_3111457_5.pdf,0.62,False,2019,,
E:\软件\2023-2026年顺德批复文件\2019_2019_3111457_6.pdf,2019_2019_3111457_6.pdf,0.59,False,2019,,
E:\软件\2023-2026年顺德批复文件\2019_2019_3111457_7.pdf,2019_2019_3111457_7.pdf,0.72,False,2019,,
E:\软件\2023-2026年顺德批复文件\2019_2019_3111457_8.pdf,2019_2019_3111457_8.pdf,0.69,False,2019,,
E:\软件\2023-2026年顺德批复文件\2019_2019_3111457_9.pdf,2019_2019_3111457_9.pdf,0.2,False,2019,,
E:\软件\2023-2026年顺德批复文件\2019_2019_3111463_1.pdf,2019_2019_3111463_1.pdf,3.14,False,2019,,
E:\软件\2023-2026年顺德批复文件\2019_2019_3111463_2.pdf,2019_2019_3111463_2.pdf,3.55,False,2019,,
E:\软件\2023-2026年顺德批复文件\2019_2019_3111463_3.pdf,2019_2019_3111463_3.pdf,4.09,False,2019,,
E:\软件\2023-2026年顺德批复文件\2019_2019_3111463_4.pdf,2019_2019_3111463_4.pdf,3.14,False,2019,,
E:\软件\2023-2026年顺德批复文件\2019_2019_3111463_5.pdf,2019_2019_3111463_5.pdf,2.62,False,2019,,
E:\软件\2023-2026年顺德批复文件\2019_2019_3111481_1.pdf,2019_2019_3111481_1.pdf,4.26,False,2019,,
E:\软件\2023-2026年顺德批复文件\2019_2019_3111481_2.pdf,2019_2019_3111481_2.pdf,5.19,False,2019,,
E:\软件\2023-2026年顺德批复文件\2019_2019_3111481_3.pdf,2019_2019_3111481_3.pdf,3.25,False,2019,,
E:\软件\2023-2026年顺德批复文件\2019_2019_3111481_4.pdf,2019_2019_3111481_4.pdf,3.18,False,2019,,
E:\软件\2023-2026年顺德批复文件\2019_2019_3111481_5.pdf,2019_2019_3111481_5.pdf,4.31,False,2019,,
E:\软件\2023-2026年顺德批复文件\2019_2019_3111481_6.pdf,2019_2019_3111481_6.pdf,3.93,False,2019,,
E:\软件\2023-2026年顺德批复文件\2019_2019_3111481_7.pdf,2019_2019_3111481_7.pdf,3.99,False,2019,,
E:\软件\2023-2026年顺德批复文件\2019_2019_3111497_1.pdf,2019_2019_3111497_1.pdf,3.08,False,2019,,
E:\软件\2023-2026年顺德批复文件\2019_2019_3111497_2.pdf,2019_2019_3111497_2.pdf,3.05,False,2019,,
E:\软件\2023-2026年顺德批复文件\2019_2019_3111497_3.pdf,2019_2019_3111497_3.pdf,4.18,False,2019,,
E:\软件\2023-2026年顺德批复文件\2019_2019_3111497_4.pdf,2019_2019_3111497_4.pdf,4.38,False,2019,,
E:\软件\2023-2026年顺德批复文件\2019_2019_3111512_1.pdf,2019_2019_3111512_1.pdf,0.46,False,2019,,
E:\软件\2023-2026年顺德批复文件\2019_2019_3111512_2.pdf,2019_2019_3111512_2.pdf,0.48,False,2019,,
E:\软件\2023-2026年顺德批复文件\2019_2019_3111512_3.pdf,2019_2019_3111512_3.pdf,0.52,False,2019,,
E:\软件\2023-2026年顺德批复文件\2019_2019_3111512_4.pdf,2019_2019_3111512_4.pdf,0.62,False,2019,,
E:\软件\2023-2026年顺德批复文件\2019_2019_3111512_5.pdf,2019_2019_3111512_5.pdf,0.46,False,2019,,
E:\软件\2023-2026年顺德批复文件\2019_2019_3111512_6.pdf,2019_2019_3111512_6.pdf,0.57,False,2019,,
E:\软件\2023-2026年顺德批复文件\2019_2019_3111521_1.pdf,2019_2019_3111521_1.pdf,0.61,False,2019,,
E:\软件\2023-2026年顺德批复文件\2019_2019_3111521_10.pdf,2019_2019_3111521_10.pdf,0.56,False,2019,,
E:\软件\2023-2026年顺德批复文件\2019_2019_3111521_11.pdf,2019_2019_3111521_11.pdf,0.57,False,2019,,
E:\软件\2023-2026年顺德批复文件\2019_2019_3111521_12.pdf,2019_2019_3111521_12.pdf,0.88,False,2019,,
E:\软件\2023-2026年顺德批复文件\2019_2019_3111521_13.pdf,2019_2019_3111521_13.pdf,0.79,False,2019,,
E:\软件\2023-2026年顺德批复文件\2019_2019_3111521_2.pdf,2019_2019_3111521_2.pdf,0.61,False,2019,,
E:\软件\2023-2026年顺德批复文件\2019_2019_3111521_3.pdf,2019_2019_3111521_3.pdf,0.45,False,2019,,
E:\软件\2023-2026年顺德批复文件\2019_2019_3111521_4.pdf,2019_2019_3111521_4.pdf,0.59,False,2019,,
E:\软件\2023-2026年顺德批复文件\2019_2019_3111521_5.pdf,2019_2019_3111521_5.pdf,0.48,False,2019,,
E:\软件\2023-2026年顺德批复文件\2019_2019_3111521_6.pdf,2019_2019_3111521_6.pdf,0.48,False,2019,,
E:\软件\2023-2026年顺德批复文件\2019_2019_3111521_7.pdf,2019_2019_3111521_7.pdf,0.57,False,2019,,
E:\软件\2023-2026年顺德批复文件\2019_2019_3111521_8.pdf,2019_2019_3111521_8.pdf,0.54,False,2019,,
E:\软件\2023-2026年顺德批复文件\2019_2019_3111521_9.pdf,2019_2019_3111521_9.pdf,0.48,False,2019,,
E:\软件\2023-2026年顺德批复文件\2019_2019_3111541_1.pdf,2019_2019_3111541_1.pdf,0.47,False,2019,,
E:\软件\2023-2026年顺德批复文件\2019_2019_3111541_10.pdf,2019_2019_3111541_10.pdf,0.5,False,2019,,
E:\软件\2023-2026年顺德批复文件\2019_2019_3111541_11.pdf,2019_2019_3111541_11.pdf,0.57,False,2019,,
E:\软件\2023-2026年顺德批复文件\2019_2019_3111541_12.pdf,2019_2019_3111541_12.pdf,0.61,False,2019,,
E:\软件\2023-2026年顺德批复文件\2019_2019_3111541_13.pdf,2019_2019_3111541_13.pdf,0.59,False,2019,,
E:\软件\2023-2026年顺德批复文件\2019_2019_3111541_14.pdf,2019_2019_3111541_14.pdf,0.74,False,2019,,
E:\软件\2023-2026年顺德批复文件\2019_2019_3111541_15.pdf,2019_2019_3111541_15.pdf,0.64,False,2019,,
E:\软件\2023-2026年顺德批复文件\2019_2019_3111541_2.pdf,2019_2019_3111541_2.pdf,0.39,False,2019,,
E:\软件\2023-2026年顺德批复文件\2019_2019_3111541_3.pdf,2019_2019_3111541_3.pdf,0.65,False,2019,,
E:\软件\2023-2026年顺德批复文件\2019_2019_3111541_4.pdf,2019_2019_3111541_4.pdf,0.5,False,2019,,
E:\软件\2023-2026年顺德批复文件\2019_2019_3111541_5.pdf,2019_2019_3111541_5.pdf,0.5,False,2019,,
E:\软件\2023-2026年顺德批复文件\2019_2019_3111541_6.pdf,2019_2019_3111541_6.pdf,0.48,False,2019,,
E:\软件\2023-2026年顺德批复文件\2019_2019_3111541_7.pdf,2019_2019_3111541_7.pdf,0.47,False,2019,,
E:\软件\2023-2026年顺德批复文件\2019_2019_3111541_8.pdf,2019_2019_3111541_8.pdf,0.53,False,2019,,
E:\软件\2023-2026年顺德批复文件\2019_2019_3111541_9.pdf,2019_2019_3111541_9.pdf,0.51,False,2019,,
E:\软件\2023-2026年顺德批复文件\2019_2019_3111557_1.pdf,2019_2019_3111557_1.pdf,0.52,False,2019,,
E:\软件\2023-2026年顺德批复文件\2019_2019_3111557_2.pdf,2019_2019_3111557_2.pdf,0.73,False,2019,,
E:\软件\2023-2026年顺德批复文件\2019_2019_3111557_3.pdf,2019_2019_3111557_3.pdf,0.5,False,2019,,
E:\软件\2023-2026年顺德批复文件\2019_2019_3111557_4.pdf,2019_2019_3111557_4.pdf,0.45,False,2019,,
E:\软件\2023-2026年顺德批复文件\2019_2019_3111557_5.pdf,2019_2019_3111557_5.pdf,0.66,False,2019,,
E:\软件\2023-2026年顺德批复文件\2019_2019_3111557_6.pdf,2019_2019_3111557_6.pdf,0.47,False,2019,,
E:\软件\2023-2026年顺德批复文件\2019_2019_3111557_7.pdf,2019_2019_3111557_7.pdf,0.47,False,2019,,
E:\软件\2023-2026年顺德批复文件\2019_2019_3111557_8.pdf,2019_2019_3111557_8.pdf,0.51,False,2019,,
E:\软件\2023-2026年顺德批复文件\2019_2019_3111557_9.pdf,2019_2019_3111557_9.pdf,0.5,False,2019,,
E:\软件\2023-2026年顺德批复文件\2019_2019_3111578_1.pdf,2019_2019_3111578_1.pdf,0.49,False,2019,,
E:\软件\2023-2026年顺德批复文件\2019_2019_3111578_10.pdf,2019_2019_3111578_10.pdf,0.58,False,2019,,
E:\软件\2023-2026年顺德批复文件\2019_2019_3111578_11.pdf,2019_2019_3111578_11.pdf,0.51,False,2019,,
E:\软件\2023-2026年顺德批复文件\2019_2019_3111578_12.pdf,2019_2019_3111578_12.pdf,0.61,False,2019,,
E:\软件\2023-2026年顺德批复文件\2019_2019_3111578_13.pdf,2019_2019_3111578_13.pdf,0.6,False,2019,,
E:\软件\2023-2026年顺德批复文件\2019_2019_3111578_14.pdf,2019_2019_3111578_14.pdf,0.52,False,2019,,
E:\软件\2023-2026年顺德批复文件\2019_2019_3111578_15.pdf,2019_2019_3111578_15.pdf,0.51,False,2019,,
E:\软件\2023-2026年顺德批复文件\2019_2019_3111578_16.pdf,2019_2019_3111578_16.pdf,0.57,False,2019,,
E:\软件\2023-2026年顺德批复文件\2019_2019_3111578_17.pdf,2019_2019_3111578_17.pdf,0.51,False,2019,,
E:\软件\2023-2026年顺德批复文件\2019_2019_3111578_18.pdf,2019_2019_3111578_18.pdf,0.5,False,2019,,
E:\软件\2023-2026年顺德批复文件\2019_2019_3111578_19.pdf,2019_2019_3111578_19.pdf,0.61,False,2019,,
E:\软件\2023-2026年顺德批复文件\2019_2019_3111578_2.pdf,2019_2019_3111578_2.pdf,0.51,False,2019,,
E:\软件\2023-2026年顺德批复文件\2019_2019_3111578_20.pdf,2019_2019_3111578_20.pdf,8.21,False,2019,,
E:\软件\2023-2026年顺德批复文件\2019_2019_3111578_21.pdf,2019_2019_3111578_21.pdf,0.42,False,2019,,
E:\软件\2023-2026年顺德批复文件\2019_2019_3111578_22.pdf,2019_2019_3111578_22.pdf,0.53,False,2019,,
E:\软件\2023-2026年顺德批复文件\2019_2019_3111578_23.pdf,2019_2019_3111578_23.pdf,0.79,False,2019,,
E:\软件\2023-2026年顺德批复文件\2019_2019_3111578_24.pdf,2019_2019_3111578_24.pdf,0.51,False,2019,,
E:\软件\2023-2026年顺德批复文件\2019_2019_3111578_3.pdf,2019_2019_3111578_3.pdf,0.49,False,2019,,
E:\软件\2023-2026年顺德批复文件\2019_2019_3111578_4.pdf,2019_2019_3111578_4.pdf,0.53,False,2019,,
E:\软件\2023-2026年顺德批复文件\2019_2019_3111578_5.pdf,2019_2019_3111578_5.pdf,0.51,False,2019,,
E:\软件\2023-2026年顺德批复文件\2019_2019_3111578_6.pdf,2019_2019_3111578_6.pdf,0.52,False,2019,,
E:\软件\2023-2026年顺德批复文件\2019_2019_3111578_7.pdf,2019_2019_3111578_7.pdf,0.52,False,2019,,
E:\软件\2023-2026年顺德批复文件\2019_2019_3111578_8.pdf,2019_2019_3111578_8.pdf,0.46,False,2019,,
E:\软件\2023-2026年顺德批复文件\2019_2019_3111578_9.pdf,2019_2019_3111578_9.pdf,0.5,False,2019,,
E:\软件\2023-2026年顺德批复文件\2019_2019_3111586_1.pdf,2019_2019_3111586_1.pdf,0.61,False,2019,,
E:\软件\2023-2026年顺德批复文件\2019_2019_3111586_10.pdf,2019_2019_3111586_10.pdf,0.55,False,2019,,
E:\软件\2023-2026年顺德批复文件\2019_2019_3111586_11.pdf,2019_2019_3111586_11.pdf,0.59,False,2019,,
E:\软件\2023-2026年顺德批复文件\2019_2019_3111586_12.pdf,2019_2019_3111586_12.pdf,0.59,False,2019,,
E:\软件\2023-2026年顺德批复文件\2019_2019_3111586_13.pdf,2019_2019_3111586_13.pdf,0.64,False,2019,,
E:\软件\2023-2026年顺德批复文件\2019_2019_3111586_14.pdf,2019_2019_3111586_14.pdf,0.58,False,2019,,
E:\软件\2023-2026年顺德批复文件\2019_2019_3111586_15.pdf,2019_2019_3111586_15.pdf,0.86,False,2019,,
E:\软件\2023-2026年顺德批复文件\2019_2019_3111586_2.pdf,2019_2019_3111586_2.pdf,0.62,False,2019,,
E:\软件\2023-2026年顺德批复文件\2019_2019_3111586_3.pdf,2019_2019_3111586_3.pdf,0.61,False,2019,,
E:\软件\2023-2026年顺德批复文件\2019_2019_3111586_4.pdf,2019_2019_3111586_4.pdf,0.69,False,2019,,
E:\软件\2023-2026年顺德批复文件\2019_2019_3111586_5.pdf,2019_2019_3111586_5.pdf,0.61,False,2019,,
E:\软件\2023-2026年顺德批复文件\2019_2019_3111586_6.pdf,2019_2019_3111586_6.pdf,0.64,False,2019,,
E:\软件\2023-2026年顺德批复文件\2019_2019_3111586_7.pdf,2019_2019_3111586_7.pdf,0.61,False,2019,,
E:\软件\2023-2026年顺德批复文件\2019_2019_3111586_8.pdf,2019_2019_3111586_8.pdf,0.76,False,2019,,
E:\软件\2023-2026年顺德批复文件\2019_2019_3111586_9.pdf,2019_2019_3111586_9.pdf,0.55,False,2019,,
E:\软件\2023-2026年顺德批复文件\2019_2019_3111598_1.pdf,2019_2019_3111598_1.pdf,0.58,False,2019,,
E:\软件\2023-2026年顺德批复文件\2019_2019_3111598_10.pdf,2019_2019_3111598_10.pdf,0.73,False,2019,,
E:\软件\2023-2026年顺德批复文件\2019_2019_3111598_11.pdf,2019_2019_3111598_11.pdf,0.87,False,2019,,
E:\软件\2023-2026年顺德批复文件\2019_2019_3111598_12.pdf,2019_2019_3111598_12.pdf,0.6,False,2019,,
E:\软件\2023-2026年顺德批复文件\2019_2019_3111598_2.pdf,2019_2019_3111598_2.pdf,0.61,False,2019,,
E:\软件\2023-2026年顺德批复文件\2019_2019_3111598_3.pdf,2019_2019_3111598_3.pdf,0.51,False,2019,,
E:\软件\2023-2026年顺德批复文件\2019_2019_3111598_4.pdf,2019_2019_3111598_4.pdf,0.29,False,2019,,
E:\软件\2023-2026年顺德批复文件\2019_2019_3111598_5.pdf,2019_2019_3111598_5.pdf,0.66,False,2019,,
E:\软件\2023-2026年顺德批复文件\2019_2019_3111598_6.pdf,2019_2019_3111598_6.pdf,0.5,False,2019,,
E:\软件\2023-2026年顺德批复文件\2019_2019_3111598_7.pdf,2019_2019_3111598_7.pdf,0.56,False,2019,,
E:\软件\2023-2026年顺德批复文件\2019_2019_3111598_8.pdf,2019_2019_3111598_8.pdf,0.54,False,2019,,
E:\软件\2023-2026年顺德批复文件\2019_2019_3111598_9.pdf,2019_2019_3111598_9.pdf,0.77,False,2019,,
E:\软件\2023-2026年顺德批复文件\2019_2019_3111610_1.pdf,2019_2019_3111610_1.pdf,0.58,False,2019,,
E:\软件\2023-2026年顺德批复文件\2019_2019_3111610_10.pdf,2019_2019_3111610_10.pdf,0.54,False,2019,,
E:\软件\2023-2026年顺德批复文件\2019_2019_3111610_11.pdf,2019_2019_3111610_11.pdf,0.56,False,2019,,
E:\软件\2023-2026年顺德批复文件\2019_2019_3111610_12.pdf,2019_2019_3111610_12.pdf,0.55,False,2019,,
E:\软件\2023-2026年顺德批复文件\2019_2019_3111610_13.pdf,2019_2019_3111610_13.pdf,0.64,False,2019,,
E:\软件\2023-2026年顺德批复文件\2019_2019_3111610_14.pdf,2019_2019_3111610_14.pdf,0.68,False,2019,,
E:\软件\2023-2026年顺德批复文件\2019_2019_3111610_2.pdf,2019_2019_3111610_2.pdf,0.58,False,2019,,
E:\软件\2023-2026年顺德批复文件\2019_2019_3111610_3.pdf,2019_2019_3111610_3.pdf,0.72,False,2019,,
E:\软件\2023-2026年顺德批复文件\2019_2019_3111610_4.pdf,2019_2019_3111610_4.pdf,0.6,False,2019,,
E:\软件\2023-2026年顺德批复文件\2019_2019_3111610_5.pdf,2019_2019_3111610_5.pdf,0.65,False,2019,,
E:\软件\2023-2026年顺德批复文件\2019_2019_3111610_6.pdf,2019_2019_3111610_6.pdf,0.58,False,2019,,
E:\软件\2023-2026年顺德批复文件\2019_2019_3111610_7.pdf,2019_2019_3111610_7.pdf,0.59,False,2019,,
E:\软件\2023-2026年顺德批复文件\2019_2019_3111610_8.pdf,2019_2019_3111610_8.pdf,0.54,False,2019,,
E:\软件\2023-2026年顺德批复文件\2019_2019_3111610_9.pdf,2019_2019_3111610_9.pdf,0.51,False,2019,,
E:\软件\2023-2026年顺德批复文件\2019_2019_3111618_1.pdf,2019_2019_3111618_1.pdf,0.61,False,2019,,
E:\软件\2023-2026年顺德批复文件\2019_2019_3111618_10.pdf,2019_2019_3111618_10.pdf,0.54,False,2019,,
E:\软件\2023-2026年顺德批复文件\2019_2019_3111618_11.pdf,2019_2019_3111618_11.pdf,7.56,False,2019,,
E:\软件\2023-2026年顺德批复文件\2019_2019_3111618_2.pdf,2019_2019_3111618_2.pdf,0.58,False,2019,,
E:\软件\2023-2026年顺德批复文件\2019_2019_3111618_3.pdf,2019_2019_3111618_3.pdf,0.37,False,2019,,
E:\软件\2023-2026年顺德批复文件\2019_2019_3111618_4.pdf,2019_2019_3111618_4.pdf,0.37,False,2019,,
E:\软件\2023-2026年顺德批复文件\2019_2019_3111618_5.pdf,2019_2019_3111618_5.pdf,0.37,False,2019,,
E:\软件\2023-2026年顺德批复文件\2019_2019_3111618_6.pdf,2019_2019_3111618_6.pdf,0.72,False,2019,,
E:\软件\2023-2026年顺德批复文件\2019_2019_3111618_7.pdf,2019_2019_3111618_7.pdf,0.6,False,2019,,
E:\软件\2023-2026年顺德批复文件\2019_2019_3111618_8.pdf,2019_2019_3111618_8.pdf,0.51,False,2019,,
E:\软件\2023-2026年顺德批复文件\2019_2019_3111618_9.pdf,2019_2019_3111618_9.pdf,0.58,False,2019,,
E:\软件\2023-2026年顺德批复文件\2019_2019_3111634_1.pdf,2019_2019_3111634_1.pdf,0.67,False,2019,,
E:\软件\2023-2026年顺德批复文件\2019_2019_3111634_2.pdf,2019_2019_3111634_2.pdf,0.54,False,2019,,
E:\软件\2023-2026年顺德批复文件\2019_2019_3111634_3.pdf,2019_2019_3111634_3.pdf,0.75,False,2019,,
E:\软件\2023-2026年顺德批复文件\2019_2019_3111634_4.pdf,2019_2019_3111634_4.pdf,0.51,False,2019,,
E:\软件\2023-2026年顺德批复文件\2019_2019_3111634_5.pdf,2019_2019_3111634_5.pdf,0.56,False,2019,,
E:\软件\2023-2026年顺德批复文件\2019_2019_3111634_6.pdf,2019_2019_3111634_6.pdf,0.79,False,2019,,
E:\软件\2023-2026年顺德批复文件\2019_2019_3111634_7.pdf,2019_2019_3111634_7.pdf,0.62,False,2019,,
E:\软件\2023-2026年顺德批复文件\2019_2019_3111634_8.pdf,2019_2019_3111634_8.pdf,0.56,False,2019,,
E:\软件\2023-2026年顺德批复文件\2019_2019_3111634_9.pdf,2019_2019_3111634_9.pdf,1.26,False,2019,,
E:\软件\2023-2026年顺德批复文件\2019_2019_3111644_1.pdf,2019_2019_3111644_1.pdf,0.53,False,2019,,
E:\软件\2023-2026年顺德批复文件\2019_2019_3111644_2.pdf,2019_2019_3111644_2.pdf,0.6,False,2019,,
E:\软件\2023-2026年顺德批复文件\2019_2019_3111644_3.pdf,2019_2019_3111644_3.pdf,0.79,False,2019,,
E:\软件\2023-2026年顺德批复文件\2019_2019_3111644_4.pdf,2019_2019_3111644_4.pdf,0.59,False,2019,,
E:\软件\2023-2026年顺德批复文件\2019_2019_3111644_5.pdf,2019_2019_3111644_5.pdf,0.58,False,2019,,
E:\软件\2023-2026年顺德批复文件\2019_2019_3111644_6.pdf,2019_2019_3111644_6.pdf,0.55,False,2019,,
E:\软件\2023-2026年顺德批复文件\2019_2019_3111652_1.pdf,2019_2019_3111652_1.pdf,0.69,False,2019,,
E:\软件\2023-2026年顺德批复文件\2019_2019_3111652_10.pdf,2019_2019_3111652_10.pdf,0.44,False,2019,,
E:\软件\2023-2026年顺德批复文件\2019_2019_3111652_2.pdf,2019_2019_3111652_2.pdf,0.53,False,2019,,
E:\软件\2023-2026年顺德批复文件\2019_2019_3111652_3.pdf,2019_2019_3111652_3.pdf,0.51,False,2019,,
E:\软件\2023-2026年顺德批复文件\2019_2019_3111652_4.pdf,2019_2019_3111652_4.pdf,0.52,False,2019,,
E:\软件\2023-2026年顺德批复文件\2019_2019_3111652_5.pdf,2019_2019_3111652_5.pdf,0.52,False,2019,,
E:\软件\2023-2026年顺德批复文件\2019_2019_3111652_6.pdf,2019_2019_3111652_6.pdf,0.53,False,2019,,
E:\软件\2023-2026年顺德批复文件\2019_2019_3111652_7.pdf,2019_2019_3111652_7.pdf,0.58,False,2019,,
E:\软件\2023-2026年顺德批复文件\2019_2019_3111652_8.pdf,2019_2019_3111652_8.pdf,1.08,False,2019,,
E:\软件\2023-2026年顺德批复文件\2019_2019_3111652_9.pdf,2019_2019_3111652_9.pdf,0.59,False,2019,,
E:\软件\2023-2026年顺德批复文件\2019_2019_3111665_1.pdf,2019_2019_3111665_1.pdf,0.54,False,2019,,
E:\软件\2023-2026年顺德批复文件\2019_2019_3111665_10.pdf,2019_2019_3111665_10.pdf,0.51,False,2019,,
E:\软件\2023-2026年顺德批复文件\2019_2019_3111665_11.pdf,2019_2019_3111665_11.pdf,0.53,False,2019,,
E:\软件\2023-2026年顺德批复文件\2019_2019_3111665_2.pdf,2019_2019_3111665_2.pdf,0.37,False,2019,,
E:\软件\2023-2026年顺德批复文件\2019_2019_3111665_3.pdf,2019_2019_3111665_3.pdf,0.86,False,2019,,
E:\软件\2023-2026年顺德批复文件\2019_2019_3111665_4.pdf,2019_2019_3111665_4.pdf,0.48,False,2019,,
E:\软件\2023-2026年顺德批复文件\2019_2019_3111665_5.pdf,2019_2019_3111665_5.pdf,0.58,False,2019,,
E:\软件\2023-2026年顺德批复文件\2019_2019_3111665_6.pdf,2019_2019_3111665_6.pdf,0.72,False,2019,,
E:\软件\2023-2026年顺德批复文件\2019_2019_3111665_7.pdf,2019_2019_3111665_7.pdf,0.95,False,2019,,
E:\软件\2023-2026年顺德批复文件\2019_2019_3111665_8.pdf,2019_2019_3111665_8.pdf,0.39,False,2019,,
E:\软件\2023-2026年顺德批复文件\2019_2019_3111665_9.pdf,2019_2019_3111665_9.pdf,0.41,False,2019,,
E:\软件\2023-2026年顺德批复文件\2019_2019_3111690_1.pdf,2019_2019_3111690_1.pdf,6.81,False,2019,,
E:\软件\2023-2026年顺德批复文件\2019_2019_3111690_2.pdf,2019_2019_3111690_2.pdf,7.42,False,2019,,
E:\软件\2023-2026年顺德批复文件\2019_2019_3111690_3.pdf,2019_2019_3111690_3.pdf,6.99,False,2019,,
E:\软件\2023-2026年顺德批复文件\2019_2019_3111690_4.pdf,2019_2019_3111690_4.pdf,5.36,False,2019,,
E:\软件\2023-2026年顺德批复文件\2019_2019_3111690_5.pdf,2019_2019_3111690_5.pdf,8.91,False,2019,,
E:\软件\2023-2026年顺德批复文件\2019_2019_3111698_1.pdf,2019_2019_3111698_1.pdf,10.73,False,2019,,
E:\软件\2023-2026年顺德批复文件\2019_2019_3111698_2.pdf,2019_2019_3111698_2.pdf,6.45,False,2019,,
E:\软件\2023-2026年顺德批复文件\2019_2019_3111698_3.pdf,2019_2019_3111698_3.pdf,6.71,False,2019,,
E:\软件\2023-2026年顺德批复文件\2019_2019_3111698_4.pdf,2019_2019_3111698_4.pdf,6.2,False,2019,,
E:\软件\2023-2026年顺德批复文件\2019_2019_3111698_5.pdf,2019_2019_3111698_5.pdf,6.08,False,2019,,
E:\软件\2023-2026年顺德批复文件\2019_2019_3111698_6.pdf,2019_2019_3111698_6.pdf,5.29,False,2019,,
E:\软件\2023-2026年顺德批复文件\2019_2019_3111698_7.pdf,2019_2019_3111698_7.pdf,7.15,False,2019,,
E:\软件\2023-2026年顺德批复文件\2019_2019_3116890_1.pdf,2019_2019_3116890_1.pdf,0.05,False,2019,,
E:\软件\2023-2026年顺德批复文件\2019_2019_3116898_1.pdf,2019_2019_3116898_1.pdf,0.05,False,2019,,
E:\软件\2023-2026年顺德批复文件\2019_2019_3116898_2.pdf,2019_2019_3116898_2.pdf,0.05,False,2019,,
E:\软件\2023-2026年顺德批复文件\2019_2019_3116961_1.pdf,2019_2019_3116961_1.pdf,0.05,False,2019,,
E:\软件\2023-2026年顺德批复文件\2019_2019_3116999_1.pdf,2019_2019_3116999_1.pdf,0.52,False,2019,,
E:\软件\2023-2026年顺德批复文件\2019_2019_3116999_2.pdf,2019_2019_3116999_2.pdf,0.52,False,2019,,
E:\软件\2023-2026年顺德批复文件\2019_2019_3116999_3.pdf,2019_2019_3116999_3.pdf,0.05,False,2019,,
E:\软件\2023-2026年顺德批复文件\2019_2019_3116999_4.pdf,2019_2019_3116999_4.pdf,0.05,False,2019,,
E:\软件\2023-2026年顺德批复文件\2019_2019_3116999_5.pdf,2019_2019_3116999_5.pdf,0.05,False,2019,,
E:\软件\2023-2026年顺德批复文件\2019_2019_3117010_1.pdf,2019_2019_3117010_1.pdf,0.05,False,2019,,
E:\软件\2023-2026年顺德批复文件\2019_2019_3117010_2.pdf,2019_2019_3117010_2.pdf,0.05,False,2019,,
E:\软件\2023-2026年顺德批复文件\2019_2019_3117010_3.pdf,2019_2019_3117010_3.pdf,0.05,False,2019,,
E:\软件\2023-2026年顺德批复文件\2019_2019_3117010_4.pdf,2019_2019_3117010_4.pdf,0.61,False,2019,,
E:\软件\2023-2026年顺德批复文件\2019_2019_3117010_5.pdf,2019_2019_3117010_5.pdf,0.58,False,2019,,
E:\软件\2023-2026年顺德批复文件\2019_2019_3117010_6.pdf,2019_2019_3117010_6.pdf,0.61,False,2019,,
E:\软件\2023-2026年顺德批复文件\2019_2019_3117010_7.pdf,2019_2019_3117010_7.pdf,0.05,False,2019,,
E:\软件\2023-2026年顺德批复文件\2019_2019_3133098_1.pdf,2019_2019_3133098_1.pdf,0.15,False,2019,,
E:\软件\2023-2026年顺德批复文件\2019_2019_3133098_2.pdf,2019_2019_3133098_2.pdf,0.15,False,2019,,
E:\软件\2023-2026年顺德批复文件\2019_2019_3133103_1.pdf,2019_2019_3133103_1.pdf,0.15,False,2019,,
E:\软件\2023-2026年顺德批复文件\2019_2019_3133103_2.pdf,2019_2019_3133103_2.pdf,0.15,False,2019,,
E:\软件\2023-2026年顺德批复文件\2019_2019_3133103_3.pdf,2019_2019_3133103_3.pdf,0.16,False,2019,,
E:\软件\2023-2026年顺德批复文件\2019_2019_3133103_4.pdf,2019_2019_3133103_4.pdf,0.17,False,2019,,
E:\软件\2023-2026年顺德批复文件\2019_2019_3133103_5.pdf,2019_2019_3133103_5.pdf,0.16,False,2019,,
E:\软件\2023-2026年顺德批复文件\2019_2019_3133103_6.pdf,2019_2019_3133103_6.pdf,0.15,False,2019,,
E:\软件\2023-2026年顺德批复文件\2019_2019_3133109_1.pdf,2019_2019_3133109_1.pdf,0.16,False,2019,,
E:\软件\2023-2026年顺德批复文件\2019_2019_3133109_2.pdf,2019_2019_3133109_2.pdf,0.15,False,2019,,
E:\软件\2023-2026年顺德批复文件\2019_2019_3133109_3.pdf,2019_2019_3133109_3.pdf,0.15,False,2019,,
E:\软件\2023-2026年顺德批复文件\2019_2019_3133109_4.pdf,2019_2019_3133109_4.pdf,0.14,False,2019,,
E:\软件\2023-2026年顺德批复文件\2019_2019_3133109_5.pdf,2019_2019_3133109_5.pdf,0.16,False,2019,,
E:\软件\2023-2026年顺德批复文件\2019_2019_3133115_1.pdf,2019_2019_3133115_1.pdf,0.16,False,2019,,
E:\软件\2023-2026年顺德批复文件\2019_2019_3133115_2.pdf,2019_2019_3133115_2.pdf,0.16,False,2019,,
E:\软件\2023-2026年顺德批复文件\2019_2019_3133115_3.pdf,2019_2019_3133115_3.pdf,0.16,False,2019,,
E:\软件\2023-2026年顺德批复文件\2019_2019_3133115_4.pdf,2019_2019_3133115_4.pdf,0.04,False,2019,,
E:\软件\2023-2026年顺德批复文件\2019_2019_3133115_5.pdf,2019_2019_3133115_5.pdf,0.14,False,2019,,
E:\软件\2023-2026年顺德批复文件\2019_2019_3133115_6.pdf,2019_2019_3133115_6.pdf,0.14,False,2019,,
E:\软件\2023-2026年顺德批复文件\2019_2019_3133119_1.pdf,2019_2019_3133119_1.pdf,0.14,False,2019,,
E:\软件\2023-2026年顺德批复文件\2019_2019_3133119_2.pdf,2019_2019_3133119_2.pdf,0.14,False,2019,,
E:\软件\2023-2026年顺德批复文件\2019_2019_3133119_3.pdf,2019_2019_3133119_3.pdf,0.05,False,2019,,
E:\软件\2023-2026年顺德批复文件\2019_2019_3133119_4.pdf,2019_2019_3133119_4.pdf,0.14,False,2019,,
E:\软件\2023-2026年顺德批复文件\2019_2019_3133119_5.pdf,2019_2019_3133119_5.pdf,0.13,False,2019,,
E:\软件\2023-2026年顺德批复文件\2019_2019_3133119_6.pdf,2019_2019_3133119_6.pdf,0.13,False,2019,,
E:\软件\2023-2026年顺德批复文件\2019_2019_3133119_7.pdf,2019_2019_3133119_7.pdf,0.14,False,2019,,
E:\软件\2023-2026年顺德批复文件\2019_2019_3133119_8.pdf,2019_2019_3133119_8.pdf,0.14,False,2019,,
E:\软件\2023-2026年顺德批复文件\2019_2019_3133119_9.pdf,2019_2019_3133119_9.pdf,0.13,False,2019,,
E:\软件\2023-2026年顺德批复文件\2019_2019_3133169_1.pdf,2019_2019_3133169_1.pdf,0.13,False,2019,,
E:\软件\2023-2026年顺德批复文件\2019_2019_3133169_2.pdf,2019_2019_3133169_2.pdf,0.14,False,2019,,
E:\软件\2023-2026年顺德批复文件\2019_2019_3133169_3.pdf,2019_2019_3133169_3.pdf,0.14,False,2019,,
E:\软件\2023-2026年顺德批复文件\2019_2019_3133169_4.pdf,2019_2019_3133169_4.pdf,0.13,False,2019,,
E:\软件\2023-2026年顺德批复文件\2019_2019_3133169_5.pdf,2019_2019_3133169_5.pdf,0.14,False,2019,,
E:\软件\2023-2026年顺德批复文件\2019_2019_3133581_1.pdf,2019_2019_3133581_1.pdf,0.13,False,2019,,
E:\软件\2023-2026年顺德批复文件\2019_2019_3133581_10.pdf,2019_2019_3133581_10.pdf,0.14,False,2019,,
E:\软件\2023-2026年顺德批复文件\2019_2019_3133581_2.pdf,2019_2019_3133581_2.pdf,0.13,False,2019,,
E:\软件\2023-2026年顺德批复文件\2019_2019_3133581_3.pdf,2019_2019_3133581_3.pdf,0.13,False,2019,,
E:\软件\2023-2026年顺德批复文件\2019_2019_3133581_4.pdf,2019_2019_3133581_4.pdf,0.14,False,2019,,
E:\软件\2023-2026年顺德批复文件\2019_2019_3133581_5.pdf,2019_2019_3133581_5.pdf,0.14,False,2019,,
E:\软件\2023-2026年顺德批复文件\2019_2019_3133581_6.pdf,2019_2019_3133581_6.pdf,0.14,False,2019,,
E:\软件\2023-2026年顺德批复文件\2019_2019_3133581_7.pdf,2019_2019_3133581_7.pdf,0.14,False,2019,,
E:\软件\2023-2026年顺德批复文件\2019_2019_3133581_8.pdf,2019_2019_3133581_8.pdf,0.1,False,2019,,
E:\软件\2023-2026年顺德批复文件\2019_2019_3133581_9.pdf,2019_2019_3133581_9.pdf,0.13,False,2019,,
E:\软件\2023-2026年顺德批复文件\2019_2019_3133586_1.pdf,2019_2019_3133586_1.pdf,0.13,False,2019,,
E:\软件\2023-2026年顺德批复文件\2019_2019_3133586_2.pdf,2019_2019_3133586_2.pdf,0.14,False,2019,,
E:\软件\2023-2026年顺德批复文件\2019_2019_3133586_3.pdf,2019_2019_3133586_3.pdf,0.13,False,2019,,
E:\软件\2023-2026年顺德批复文件\2019_2019_3133586_4.pdf,2019_2019_3133586_4.pdf,0.14,False,2019,,
E:\软件\2023-2026年顺德批复文件\2019_2019_3133586_5.pdf,2019_2019_3133586_5.pdf,0.1,False,2019,,
E:\软件\2023-2026年顺德批复文件\2019_2019_3133586_6.pdf,2019_2019_3133586_6.pdf,0.14,False,2019,,
E:\软件\2023-2026年顺德批复文件\2019_2019_3133586_7.pdf,2019_2019_3133586_7.pdf,0.14,False,2019,,
E:\软件\2023-2026年顺德批复文件\2019_2019_4157783_1.pdf,2019_2019_4157783_1.pdf,0.13,False,2019,,
E:\软件\2023-2026年顺德批复文件\2019_2019_4157783_2.pdf,2019_2019_4157783_2.pdf,0.1,False,2019,,
E:\软件\2023-2026年顺德批复文件\2019_2019_4157783_3.pdf,2019_2019_4157783_3.pdf,0.1,False,2019,,
E:\软件\2023-2026年顺德批复文件\2019_2019_4157783_4.pdf,2019_2019_4157783_4.pdf,0.11,False,2019,,
E:\软件\2023-2026年顺德批复文件\2019_2019_4157783_5.pdf,2019_2019_4157783_5.pdf,0.1,False,2019,,
E:\软件\2023-2026年顺德批复文件\2019_2019_4157783_6.pdf,2019_2019_4157783_6.pdf,0.14,False,2019,,
E:\软件\2023-2026年顺德批复文件\2019_2019_4157783_7.pdf,2019_2019_4157783_7.pdf,0.14,False,2019,,
E:\软件\2023-2026年顺德批复文件\2021_042-长阳电器（042号，总量控制指标，粤环技评，顺德环科院）.pdf,2021_042-长阳电器（042号，总量控制指标，粤环技评，顺德环科院）.pdf,0.11,False,2021,,
E:\软件\2023-2026年顺德批复文件\2021_043-恒正升（043号，技术评估，深圳同舟）.pdf,2021_043-恒正升（043号，技术评估，深圳同舟）.pdf,0.11,False,2021,,
E:\软件\2023-2026年顺德批复文件\2021_044-乐菱五金（044号，粤环技评，广东承绿）.pdf,2021_044-乐菱五金（044号，粤环技评，广东承绿）.pdf,0.11,False,2021,,
E:\软件\2023-2026年顺德批复文件\2021_046-会宾手板（046号，技术评估，深圳江港）.pdf,2021_046-会宾手板（046号，技术评估，深圳江港）.pdf,0.11,False,2021,,
E:\软件\2023-2026年顺德批复文件\2021_047-帆宏模具（047号，总量控制指标，粤环技评，深圳能达）.pdf,2021_047-帆宏模具（047号，总量控制指标，粤环技评，深圳能达）.pdf,0.11,False,2021,,
E:\软件\2023-2026年顺德批复文件\2021_048-威利厨用（048号，总量指标，技术评估，深圳睿华）.pdf,2021_048-威利厨用（048号，总量指标，技术评估，深圳睿华）.pdf,0.11,False,2021,,
E:\软件\2023-2026年顺德批复文件\2021_050-尚研电子（050号，总量控制指标，粤环技评，顺德环科院）.pdf,2021_050-尚研电子（050号，总量控制指标，粤环技评，顺德环科院）.pdf,0.11,False,2021,,
E:\软件\2023-2026年顺德批复文件\2021_052-知易电子（052号，华南研究所，总量控制指标，深圳宇玲）.pdf,2021_052-知易电子（052号，华南研究所，总量控制指标，深圳宇玲）.pdf,0.11,False,2021,,
E:\软件\2023-2026年顺德批复文件\2021_054-九福食品（054号，江西鑫环）.pdf,2021_054-九福食品（054号，江西鑫环）.pdf,0.11,False,2021,,
E:\软件\2023-2026年顺德批复文件\2021_055-伊戈尔（055号，总量控制指标，粤环技评，深圳联都）.pdf,2021_055-伊戈尔（055号，总量控制指标，粤环技评，深圳联都）.pdf,0.11,False,2021,,
E:\软件\2023-2026年顺德批复文件\2021_056-速美模型（056号，总量指标，粤环技评，深圳宇玲）.pdf,2021_056-速美模型（056号，总量指标，粤环技评，深圳宇玲）.pdf,0.11,False,2021,,
E:\软件\2023-2026年顺德批复文件\2021_058-坤兴空调（058号，华南研究所，总量指标，深圳深蓝）.pdf,2021_058-坤兴空调（058号，华南研究所，总量指标，深圳深蓝）.pdf,0.11,False,2021,,
E:\软件\2023-2026年顺德批复文件\2021_063-宏石创拓（063号，排污权，总量控制指标，粤环技评，顺德环科院）.pdf,2021_063-宏石创拓（063号，排污权，总量控制指标，粤环技评，顺德环科院）.pdf,0.12,False,2021,,
E:\软件\2023-2026年顺德批复文件\2021_064-美创研究院（064号，排污权，总量指标，粤环技评，顺德环科院）.pdf,2021_064-美创研究院（064号，排污权，总量指标，粤环技评，顺德环科院）.pdf,0.12,False,2021,,
E:\软件\2023-2026年顺德批复文件\2021_065-美之雪（065号，总量指标，粤环技评，贵州树青）.pdf,2021_065-美之雪（065号，总量指标，粤环技评，贵州树青）.pdf,0.11,False,2021,,
E:\软件\2023-2026年顺德批复文件\2021_066-华堃电气（066号，总量指标，粤环技评，江西鑫环）.pdf,2021_066-华堃电气（066号，总量指标，粤环技评，江西鑫环）.pdf,0.12,False,2021,,
E:\软件\2023-2026年顺德批复文件\2021_067-恒骏裕（067号，总量控制指标，粤环技评，北京中检）.pdf,2021_067-恒骏裕（067号，总量控制指标，粤环技评，北京中检）.pdf,0.12,False,2021,,
E:\软件\2023-2026年顺德批复文件\2021_069-徐城耀记（069号，排污权，技术评估，广州颐景）.pdf,2021_069-徐城耀记（069号，排污权，技术评估，广州颐景）.pdf,0.12,False,2021,,
E:\软件\2023-2026年顺德批复文件\2021_072-硕迪塑胶（072号，总量指标，福建海涵）.pdf,2021_072-硕迪塑胶（072号，总量指标，福建海涵）.pdf,0.11,False,2021,,
E:\软件\2023-2026年顺德批复文件\2021_073-银塑电器（073号，总量控制指标，福建海涵）.pdf,2021_073-银塑电器（073号，总量控制指标，福建海涵）.pdf,0.11,False,2021,,
E:\软件\2023-2026年顺德批复文件\2021_074-弘盛远（074号，总量指标，粤环技评，云南明空）.pdf,2021_074-弘盛远（074号，总量指标，粤环技评，云南明空）.pdf,0.11,False,2021,,
E:\软件\2023-2026年顺德批复文件\2021_076-艾凯一公司（076号，华南研究所，总量控制指标，佛山奔源）.pdf,2021_076-艾凯一公司（076号，华南研究所，总量控制指标，佛山奔源）.pdf,0.11,False,2021,,
E:\软件\2023-2026年顺德批复文件\2021_077-艾凯二公司（077号，华南研究所，总量控制指标，佛山奔源）.pdf,2021_077-艾凯二公司（077号，华南研究所，总量控制指标，佛山奔源）.pdf,0.11,False,2021,,
E:\软件\2023-2026年顺德批复文件\2021_078-众途创（078号，总量控制指标，佛山景美）.pdf,2021_078-众途创（078号，总量控制指标，佛山景美）.pdf,0.11,False,2021,,
E:\软件\2023-2026年顺德批复文件\2021_202111051628356682.3.公示版--佛山市顺德区金聚祥塑胶有限公司建设项目.pdf,2021_202111051628356682.3.公示版--佛山市顺德区金聚祥塑胶有限公司建设项目.pdf,7.57,False,2021,,
E:\软件\2023-2026年顺德批复文件\2021_2021_4683340_1.pdf,2021_2021_4683340_1.pdf,0.15,False,2021,,
E:\软件\2023-2026年顺德批复文件\2021_2021_4705446_1.pdf,2021_2021_4705446_1.pdf,0.15,False,2021,,
E:\软件\2023-2026年顺德批复文件\2021_2021_4705446_2.pdf,2021_2021_4705446_2.pdf,0.15,False,2021,,
E:\软件\2023-2026年顺德批复文件\2021_2021_4705446_3.pdf,2021_2021_4705446_3.pdf,0.15,False,2021,,
E:\软件\2023-2026年顺德批复文件\2021_2021_4705446_4.pdf,2021_2021_4705446_4.pdf,0.14,False,2021,,
E:\软件\2023-2026年顺德批复文件\2021_2021_4705446_5.pdf,2021_2021_4705446_5.pdf,0.15,False,2021,,
E:\软件\2023-2026年顺德批复文件\2021_2021_4705446_6.pdf,2021_2021_4705446_6.pdf,0.17,False,2021,,
E:\软件\2023-2026年顺德批复文件\2021_2021_4705446_7.pdf,2021_2021_4705446_7.pdf,0.15,False,2021,,
E:\软件\2023-2026年顺德批复文件\2021_2021_4705446_8.pdf,2021_2021_4705446_8.pdf,0.15,False,2021,,
E:\软件\2023-2026年顺德批复文件\2021_2021_4717401_1.pdf,2021_2021_4717401_1.pdf,0.15,False,2021,,
E:\软件\2023-2026年顺德批复文件\2021_2021_4734033_1.pdf,2021_2021_4734033_1.pdf,0.16,False,2021,,
E:\软件\2023-2026年顺德批复文件\2021_2021_4734033_2.pdf,2021_2021_4734033_2.pdf,0.15,False,2021,,
E:\软件\2023-2026年顺德批复文件\2021_2021_4734033_3.pdf,2021_2021_4734033_3.pdf,0.15,False,2021,,
E:\软件\2023-2026年顺德批复文件\2021_2021_4734033_6.pdf,2021_2021_4734033_6.pdf,0.15,False,2021,,
E:\软件\2023-2026年顺德批复文件\2021_2021_4734033_7.pdf,2021_2021_4734033_7.pdf,0.15,False,2021,,
E:\软件\2023-2026年顺德批复文件\2021_2021_4743830_1.pdf,2021_2021_4743830_1.pdf,0.16,False,2021,,
E:\软件\2023-2026年顺德批复文件\2021_2021_4768485_1.pdf,2021_2021_4768485_1.pdf,0.14,False,2021,,
E:\软件\2023-2026年顺德批复文件\2021_2021_4772954_1.pdf,2021_2021_4772954_1.pdf,0.14,False,2021,,
E:\软件\2023-2026年顺德批复文件\2021_2021_4783141_1.pdf,2021_2021_4783141_1.pdf,0.14,False,2021,,
E:\软件\2023-2026年顺德批复文件\2021_2021_4797580_1.pdf,2021_2021_4797580_1.pdf,0.15,False,2021,,
E:\软件\2023-2026年顺德批复文件\2021_2021_4797580_2.pdf,2021_2021_4797580_2.pdf,0.14,False,2021,,
E:\软件\2023-2026年顺德批复文件\2021_2021_4797580_3.pdf,2021_2021_4797580_3.pdf,0.14,False,2021,,
E:\软件\2023-2026年顺德批复文件\2021_2021_4797580_4.pdf,2021_2021_4797580_4.pdf,0.14,False,2021,,
E:\软件\2023-2026年顺德批复文件\2021_2021_4797580_5.pdf,2021_2021_4797580_5.pdf,0.15,False,2021,,
E:\软件\2023-2026年顺德批复文件\2021_2021_4836030_1.pdf,2021_2021_4836030_1.pdf,0.15,False,2021,,
E:\软件\2023-2026年顺德批复文件\2021_2021_4836030_2.pdf,2021_2021_4836030_2.pdf,0.14,False,2021,,
E:\软件\2023-2026年顺德批复文件\2021_2021_4853474_1.pdf,2021_2021_4853474_1.pdf,0.14,False,2021,,
E:\软件\2023-2026年顺德批复文件\2021_2021_4853474_2.pdf,2021_2021_4853474_2.pdf,0.15,False,2021,,
E:\软件\2023-2026年顺德批复文件\2021_2021_4859548_1.pdf,2021_2021_4859548_1.pdf,0.15,False,2021,,
E:\软件\2023-2026年顺德批复文件\2021_2021_4859548_2.pdf,2021_2021_4859548_2.pdf,0.16,False,2021,,
E:\软件\2023-2026年顺德批复文件\2021_2021_4865761_1.pdf,2021_2021_4865761_1.pdf,0.15,False,2021,,
E:\软件\2023-2026年顺德批复文件\2021_2021_4865761_2.pdf,2021_2021_4865761_2.pdf,0.15,False,2021,,
E:\软件\2023-2026年顺德批复文件\2021_2021_4865761_3.pdf,2021_2021_4865761_3.pdf,0.15,False,2021,,
E:\软件\2023-2026年顺德批复文件\2021_2021_4865761_4.pdf,2021_2021_4865761_4.pdf,0.16,False,2021,,
E:\软件\2023-2026年顺德批复文件\2021_2021_4873049_1.pdf,2021_2021_4873049_1.pdf,0.15,False,2021,,
E:\软件\2023-2026年顺德批复文件\2021_2021_4886691_1.pdf,2021_2021_4886691_1.pdf,0.15,False,2021,,
E:\软件\2023-2026年顺德批复文件\2021_2021_4886691_2.pdf,2021_2021_4886691_2.pdf,0.15,False,2021,,
E:\软件\2023-2026年顺德批复文件\2021_2021_4899969_1.pdf,2021_2021_4899969_1.pdf,0.15,False,2021,,
E:\软件\2023-2026年顺德批复文件\2021_2021_4909552_1.pdf,2021_2021_4909552_1.pdf,0.14,False,2021,,
E:\软件\2023-2026年顺德批复文件\2021_2021_4916707_1.pdf,2021_2021_4916707_1.pdf,0.15,False,2021,,
E:\软件\2023-2026年顺德批复文件\2021_2021_4916707_2.pdf,2021_2021_4916707_2.pdf,0.15,False,2021,,
E:\软件\2023-2026年顺德批复文件\2021_2021_4974934_1.pdf,2021_2021_4974934_1.pdf,0.15,False,2021,,
E:\软件\2023-2026年顺德批复文件\2021_2021_4974934_2.pdf,2021_2021_4974934_2.pdf,0.14,False,2021,,
E:\软件\2023-2026年顺德批复文件\2021_2021_4974934_3.pdf,2021_2021_4974934_3.pdf,0.14,False,2021,,
E:\软件\2023-2026年顺德批复文件\2021_2021_4986763_3.pdf,2021_2021_4986763_3.pdf,0.14,False,2021,,
E:\软件\2023-2026年顺德批复文件\2021_2021_5035479_1.pdf,2021_2021_5035479_1.pdf,0.17,False,2021,,
E:\软件\2023-2026年顺德批复文件\2021_2021_5079577_1.pdf,2021_2021_5079577_1.pdf,0.12,False,2021,,
E:\软件\2023-2026年顺德批复文件\2021_2021_5082896_1.pdf,2021_2021_5082896_1.pdf,0.17,False,2021,,
E:\软件\2023-2026年顺德批复文件\2021_2021_5082896_2.pdf,2021_2021_5082896_2.pdf,0.17,False,2021,,
E:\软件\2023-2026年顺德批复文件\2021_2021_5103804_3.pdf,2021_2021_5103804_3.pdf,0.15,False,2021,,
E:\软件\2023-2026年顺德批复文件\2021_2021_5113034_1.pdf,2021_2021_5113034_1.pdf,0.15,False,2021,,
E:\软件\2023-2026年顺德批复文件\2021_2021_5120464_1.pdf,2021_2021_5120464_1.pdf,0.15,False,2021,,
E:\软件\2023-2026年顺德批复文件\2021_2021_5127177_1.pdf,2021_2021_5127177_1.pdf,0.14,False,2021,,
E:\软件\2023-2026年顺德批复文件\2021_2021_5127177_2.pdf,2021_2021_5127177_2.pdf,0.16,False,2021,,
E:\软件\2023-2026年顺德批复文件\2021_2021_5127177_3.pdf,2021_2021_5127177_3.pdf,0.15,False,2021,,
E:\软件\2023-2026年顺德批复文件\2021_2021_5127177_4.pdf,2021_2021_5127177_4.pdf,0.16,False,2021,,
E:\软件\2023-2026年顺德批复文件\2021_21】第0119号_佛山市生态环境局关于佛山市百欣达电线电缆有限公司年产150万条线束、200万米电线新建项目环境影响报告表的批复.pdf,2021_21】第0119号_佛山市生态环境局关于佛山市百欣达电线电缆有限公司年产150万条线束、200万米电线新建项目环境影响报告表的批复.pdf,0.14,True,2021,佛山市百欣达电线电缆有限公司年产150万条线束、200万米电线,
E:\软件\2023-2026年顺德批复文件\2021_五沙大桥扩建与互通工程环境影响报告表（公示版）.pdf,2021_五沙大桥扩建与互通工程环境影响报告表（公示版）.pdf,19.56,False,2021,,
E:\软件\2023-2026年顺德批复文件\2021_佛山市生态环境局关于佛山110千伏承德输变电工程环境影响报告表的批复.pdf,2021_佛山市生态环境局关于佛山110千伏承德输变电工程环境影响报告表的批复.pdf,0.13,True,2021,,
E:\软件\2023-2026年顺德批复文件\2021_佛山市生态环境局关于佛山市东合电器有限公司新建项目环境影响报告表的批复.pdf,2021_佛山市生态环境局关于佛山市东合电器有限公司新建项目环境影响报告表的批复.pdf,0.15,True,2021,佛山市东合电器有限公司,
E:\软件\2023-2026年顺德批复文件\2021_佛山市生态环境局关于佛山市乐华恒业厨卫有限公司智能家居产品产能建设项目环境影响报告表的批复.pdf,2021_佛山市生态环境局关于佛山市乐华恒业厨卫有限公司智能家居产品产能建设项目环境影响报告表的批复.pdf,0.18,True,2021,佛山市乐华恒业厨卫有限公司智能家居产品产能,
E:\软件\2023-2026年顺德批复文件\2021_佛山市生态环境局关于佛山市公盈顺业环保有限公司建设项目环境影响报告表的批复.pdf,2021_佛山市生态环境局关于佛山市公盈顺业环保有限公司建设项目环境影响报告表的批复.pdf,0.15,True,2021,佛山市公盈顺业环保有限公司,
E:\软件\2023-2026年顺德批复文件\2021_佛山市生态环境局关于佛山市千广建设工程有限公司新建项目环境影响报告表的批复.pdf,2021_佛山市生态环境局关于佛山市千广建设工程有限公司新建项目环境影响报告表的批复.pdf,0.15,True,2021,佛山市千广,
E:\软件\2023-2026年顺德批复文件\2021_佛山市生态环境局关于佛山市斯前建筑木料有限公司新建项目环境影响报告表的批复.pdf,2021_佛山市生态环境局关于佛山市斯前建筑木料有限公司新建项目环境影响报告表的批复.pdf,0.18,True,2021,佛山市斯前建筑木料有限公司,
E:\软件\2023-2026年顺德批复文件\2021_佛山市生态环境局关于佛山市晋塑城塑料制品有限公司新建项目环境影响报告表的批复.pdf,2021_佛山市生态环境局关于佛山市晋塑城塑料制品有限公司新建项目环境影响报告表的批复.pdf,0.15,True,2021,佛山市晋塑城塑料制品有限公司,
E:\软件\2023-2026年顺德批复文件\2021_佛山市生态环境局关于佛山市晋轩塑料制品有限公司新建项目环境影响报告表的批复 .pdf,2021_佛山市生态环境局关于佛山市晋轩塑料制品有限公司新建项目环境影响报告表的批复 .pdf,0.18,True,2021,佛山市晋轩塑料制品有限公司,
E:\软件\2023-2026年顺德批复文件\2021_佛山市生态环境局关于佛山市格霖工业皮带有限公司新建项目环境影响报告表的批复.pdf,2021_佛山市生态环境局关于佛山市格霖工业皮带有限公司新建项目环境影响报告表的批复.pdf,0.16,True,2021,佛山市格霖工业皮带有限公司,
E:\软件\2023-2026年顺德批复文件\2021_佛山市生态环境局关于佛山市梦洋家具有限公司新建项目环境影响报告表的批复.pdf,2021_佛山市生态环境局关于佛山市梦洋家具有限公司新建项目环境影响报告表的批复.pdf,0.16,True,2021,佛山市梦洋家具有限公司,
E:\软件\2023-2026年顺德批复文件\2021_佛山市生态环境局关于佛山市瑞鹏宠物医院有限公司顺德龙洲西分公司建设项目环境影响报告表的批复.pdf,2021_佛山市生态环境局关于佛山市瑞鹏宠物医院有限公司顺德龙洲西分公司建设项目环境影响报告表的批复.pdf,0.2,True,2021,佛山市瑞鹏宠物医院有限公司顺德龙洲西分公司,
E:\软件\2023-2026年顺德批复文件\2021_佛山市生态环境局关于佛山市若藤居家具有限公司新建项目环境影响报告表的批复.pdf,2021_佛山市生态环境局关于佛山市若藤居家具有限公司新建项目环境影响报告表的批复.pdf,0.16,True,2021,佛山市若藤居家具有限公司,
E:\软件\2023-2026年顺德批复文件\2021_佛山市生态环境局关于佛山市顺德区乐从镇三巨塑胶厂扩建项目环境影响报告表的批复.pdf,2021_佛山市生态环境局关于佛山市顺德区乐从镇三巨塑胶厂扩建项目环境影响报告表的批复.pdf,0.15,True,2021,佛山市顺德区乐从镇三巨塑胶厂,
E:\软件\2023-2026年顺德批复文件\2021_佛山市生态环境局关于佛山市顺德区乐从镇鑫嘉艺玻璃工艺厂扩建项目项目环境影响报告表的批复.pdf,2021_佛山市生态环境局关于佛山市顺德区乐从镇鑫嘉艺玻璃工艺厂扩建项目项目环境影响报告表的批复.pdf,0.18,True,2021,佛山市顺德区乐从镇鑫嘉艺玻璃工艺厂,
E:\软件\2023-2026年顺德批复文件\2021_佛山市生态环境局关于佛山市顺德区合锦鑫橡塑五金厂新建项目环境影响报告表的批复.pdf,2021_佛山市生态环境局关于佛山市顺德区合锦鑫橡塑五金厂新建项目环境影响报告表的批复.pdf,0.16,True,2021,佛山市顺德区合锦鑫橡塑五金厂,
E:\软件\2023-2026年顺德批复文件\2021_佛山市生态环境局关于佛山市顺德区宝富莱无纺布有限公司扩建项目环境影响报告表的批复.pdf,2021_佛山市生态环境局关于佛山市顺德区宝富莱无纺布有限公司扩建项目环境影响报告表的批复.pdf,0.18,True,2021,佛山市顺德区宝富莱无纺布有限公司,
E:\软件\2023-2026年顺德批复文件\2021_佛山市生态环境局关于佛山市顺德区恒豪智盈金属家具有限公司新建项目环境影响报告表的批复.pdf,2021_佛山市生态环境局关于佛山市顺德区恒豪智盈金属家具有限公司新建项目环境影响报告表的批复.pdf,0.18,True,2021,佛山市顺德区恒豪智盈金属家具有限公司,
E:\软件\2023-2026年顺德批复文件\2021_佛山市生态环境局关于佛山市顺德区杰深实业有限公司新建项目环境影响报告表的批复.pdf,2021_佛山市生态环境局关于佛山市顺德区杰深实业有限公司新建项目环境影响报告表的批复.pdf,0.18,True,2021,佛山市顺德区杰深实业有限公司,
E:\软件\2023-2026年顺德批复文件\2021_佛山市生态环境局关于佛山市顺德区汇金金属实业有限公司扩建项目环境影响报告表的批复.pdf,2021_佛山市生态环境局关于佛山市顺德区汇金金属实业有限公司扩建项目环境影响报告表的批复.pdf,0.15,True,2021,佛山市顺德区汇金金属实业有限公司,
E:\软件\2023-2026年顺德批复文件\2021_佛山市生态环境局关于佛山市顺德区舒帝迪家具有限公司改扩建项目环境影响报告表的批复.pdf,2021_佛山市生态环境局关于佛山市顺德区舒帝迪家具有限公司改扩建项目环境影响报告表的批复.pdf,0.19,True,2021,佛山市顺德区舒帝迪家具有限公司改,
E:\软件\2023-2026年顺德批复文件\2021_佛山市生态环境局关于佛山市顺德区雄州塑料五金制品厂迁扩建项目环境影响报告表的批复.pdf,2021_佛山市生态环境局关于佛山市顺德区雄州塑料五金制品厂迁扩建项目环境影响报告表的批复.pdf,0.16,True,2021,佛山市顺德区雄州塑料五金制品厂迁,
E:\软件\2023-2026年顺德批复文件\2021_佛山市生态环境局关于佛山市顺德区龙江镇丰华橡胶制品厂环境影响报告表的批复.pdf,2021_佛山市生态环境局关于佛山市顺德区龙江镇丰华橡胶制品厂环境影响报告表的批复.pdf,0.19,True,2021,,
E:\软件\2023-2026年顺德批复文件\2021_佛山市生态环境局关于佛山市顺德区龙江镇坚实电器厂扩建项目环境影响报告表的批复.pdf,2021_佛山市生态环境局关于佛山市顺德区龙江镇坚实电器厂扩建项目环境影响报告表的批复.pdf,0.18,True,2021,佛山市顺德区龙江镇坚实电器厂,
E:\软件\2023-2026年顺德批复文件\2021_佛山市生态环境局关于佛山市顺德区龙江镇志宏伟业纸品有限公司扩建项目环境影响报告表的批复.pdf,2021_佛山市生态环境局关于佛山市顺德区龙江镇志宏伟业纸品有限公司扩建项目环境影响报告表的批复.pdf,0.17,True,2021,佛山市顺德区龙江镇志宏伟业纸品有限公司,
E:\软件\2023-2026年顺德批复文件\2021_佛山市生态环境局关于佛山市顺德区龙江镇永胜塑料制品厂搬迁项目环境影响报告表的批复.pdf,2021_佛山市生态环境局关于佛山市顺德区龙江镇永胜塑料制品厂搬迁项目环境影响报告表的批复.pdf,0.19,True,2021,,
E:\软件\2023-2026年顺德批复文件\2021_佛山市生态环境局关于佛山市顺德区龙江镇祥艺印刷厂建设项目环境影响报告表的批复.pdf,2021_佛山市生态环境局关于佛山市顺德区龙江镇祥艺印刷厂建设项目环境影响报告表的批复.pdf,0.18,True,2021,佛山市顺德区龙江镇祥艺印刷厂,
E:\软件\2023-2026年顺德批复文件\2021_佛山市生态环境局关于佛山市顺德朗格森生物能源科技有限公司新建项目环境影响报告表的批复.pdf,2021_佛山市生态环境局关于佛山市顺德朗格森生物能源科技有限公司新建项目环境影响报告表的批复.pdf,0.18,True,2021,佛山市顺德朗格森生物能源科技有限公司,
E:\软件\2023-2026年顺德批复文件\2021_佛山市生态环境局关于佛山市飞泳健建材家居科技有限公司建设项目环境影响报告表的批复.pdf,2021_佛山市生态环境局关于佛山市飞泳健建材家居科技有限公司建设项目环境影响报告表的批复.pdf,0.16,True,2021,佛山市飞泳健建材家居科技有限公司,
E:\软件\2023-2026年顺德批复文件\2021_佛山市生态环境局关于依合斯电梯配件（上海）有限公司佛山分公司新建项目环境影响报告表的批复.pdf,2021_佛山市生态环境局关于依合斯电梯配件（上海）有限公司佛山分公司新建项目环境影响报告表的批复.pdf,0.17,True,2021,依合斯电梯配件（上海）有限公司佛山分公司,
E:\软件\2023-2026年顺德批复文件\2021_佛山市生态环境局关于广东希格生物科技有限公司顺德分公司建设项目环境影响报告表的批复.pdf,2021_佛山市生态环境局关于广东希格生物科技有限公司顺德分公司建设项目环境影响报告表的批复.pdf,0.16,True,2021,广东希格生物科技有限公司顺德分公司,
E:\软件\2023-2026年顺德批复文件\2021_佛山市生态环境局关于广东维通利华实验动物技术有限公司建设项目环境影响报告表的批复.pdf,2021_佛山市生态环境局关于广东维通利华实验动物技术有限公司建设项目环境影响报告表的批复.pdf,0.16,True,2021,广东维通利华实验动物,
E:\软件\2023-2026年顺德批复文件\2021_佛山市生态环境局关于广州医科大学附属顺德医院（佛山市顺德区乐从医院）新建门诊大楼建设项目环境影响报告表的批复.pdf,2021_佛山市生态环境局关于广州医科大学附属顺德医院（佛山市顺德区乐从医院）新建门诊大楼建设项目环境影响报告表的批复.pdf,0.18,True,2021,广州医科大学附属顺德医院（佛山市顺德区乐从医院）,
E:\软件\2023-2026年顺德批复文件\2021_佛山市顺德区丹煜包装制品有限公司新建项目.pdf,2021_佛山市顺德区丹煜包装制品有限公司新建项目.pdf,9.14,False,2021,,
E:\软件\2023-2026年顺德批复文件\2021_佛环0303环审[2021]第0007号（关于佛山市从丰电器实业有限公司新建项目环境影响报告表的批复）.pdf,2021_佛环0303环审[2021]第0007号（关于佛山市从丰电器实业有限公司新建项目环境影响报告表的批复）.pdf,0.22,True,2021,佛山市从丰电器实业有限公司,佛环0303环审[2021]第0007号（关
E:\软件\2023-2026年顺德批复文件\2021_佛环0303环审[2021]第0009号（关于广东鼎纯生物医药科技有限公司年产复配类外敷料144吨新建项目环境影响报告表的批复）.pdf,2021_佛环0303环审[2021]第0009号（关于广东鼎纯生物医药科技有限公司年产复配类外敷料144吨新建项目环境影响报告表的批复）.pdf,0.25,True,2021,广东鼎纯生物医药科技有限公司年产复配类外敷料144吨,佛环0303环审[2021]第0009号（关
E:\软件\2023-2026年顺德批复文件\2021_佛环0303环审[2021]第0026号（关于广东日昌伟合新材料有限公司年产PMMA板1400吨，PC板400吨新建项目环境影响报告表的批复）.pdf,2021_佛环0303环审[2021]第0026号（关于广东日昌伟合新材料有限公司年产PMMA板1400吨，PC板400吨新建项目环境影响报告表的批复）.pdf,0.27,True,2021,广东日昌伟合新材料有限公司年产PMMA板1400吨，PC板400吨,佛环0303环审[2021]第0026号（关
E:\软件\2023-2026年顺德批复文件\2021_佛环0304环审【2021】第0059号）佛山市生态环境局关于广东优铸精密机械股份有限公司年产注塑机设备150台迁扩建项目环境影响报告表的批复.pdf,2021_佛环0304环审【2021】第0059号）佛山市生态环境局关于广东优铸精密机械股份有限公司年产注塑机设备150台迁扩建项目环境影响报告表的批复.pdf,0.15,True,2021,广东优铸精密机械股份有限公司年产注塑机设备150台迁,佛环0304环审【2021】第0059号）佛
E:\软件\2023-2026年顺德批复文件\2021_佛环0304环审【2021】第0060号 佛山市生态环境局关于佛山市顺德区碧森塑料五金有限公司年产空心球0.6万立方、蜂窝斜管0.6万立方迁建项目环境影响报告表的批复.pdf,2021_佛环0304环审【2021】第0060号 佛山市生态环境局关于佛山市顺德区碧森塑料五金有限公司年产空心球0.6万立方、蜂窝斜管0.6万立方迁建项目环境影响报告表的批复.pdf,0.15,True,2021,佛山市顺德区碧森塑料五金有限公司年产空心球0.6万立方、蜂窝斜管0.6万立方,佛环0304环审【2021】第0060号
E:\软件\2023-2026年顺德批复文件\2021_佛环0304环审【2021】第0061号 佛山市生态环境局关于佛山市柏利亚机械实业有限公司迁扩建项目环境影响报告表的批复.pdf,2021_佛环0304环审【2021】第0061号 佛山市生态环境局关于佛山市柏利亚机械实业有限公司迁扩建项目环境影响报告表的批复.pdf,0.13,True,2021,佛山市柏利亚机械实业有限公司迁,佛环0304环审【2021】第0061号
E:\软件\2023-2026年顺德批复文件\2021_佛环0304环审【2021】第0062号 佛山市生态环境局关于佛山市顺德区汇骏达塑料有限公司年产家具配件200万套新建项目环境影响报告表的批复.pdf,2021_佛环0304环审【2021】第0062号 佛山市生态环境局关于佛山市顺德区汇骏达塑料有限公司年产家具配件200万套新建项目环境影响报告表的批复.pdf,0.14,True,2021,佛山市顺德区汇骏达塑料有限公司年产家具配件200万套,佛环0304环审【2021】第0062号
E:\软件\2023-2026年顺德批复文件\2021_佛环0304环审【2021】第0063号 佛山市生态环境局关于佛山市顺德区明丰源塑料五金有限公司年产塑料配件200吨、五金配件200吨新建项目环境影响报告表的批复.pdf,2021_佛环0304环审【2021】第0063号 佛山市生态环境局关于佛山市顺德区明丰源塑料五金有限公司年产塑料配件200吨、五金配件200吨新建项目环境影响报告表的批复.pdf,0.14,True,2021,佛山市顺德区明丰源塑料五金有限公司年产塑料配件200吨、五金配件200吨,佛环0304环审【2021】第0063号
E:\软件\2023-2026年顺德批复文件\2021_佛环0304环审【2021】第0064号）佛山市生态环境局关于佛山市顺德区华申电器制造有限公司勒流富安分公司迁扩建项目环境影响报告表的批复.pdf,2021_佛环0304环审【2021】第0064号）佛山市生态环境局关于佛山市顺德区华申电器制造有限公司勒流富安分公司迁扩建项目环境影响报告表的批复.pdf,0.14,True,2021,佛山市顺德区华申电器制造有限公司勒流富安分公司迁,佛环0304环审【2021】第0064号）佛
E:\软件\2023-2026年顺德批复文件\2021_佛环0304环审【2021】第0065号）佛山市生态环境局关于佛山市顺德区钊越塑料制品有限公司改扩项目环境影响报告表的批复.pdf,2021_佛环0304环审【2021】第0065号）佛山市生态环境局关于佛山市顺德区钊越塑料制品有限公司改扩项目环境影响报告表的批复.pdf,0.14,True,2021,,佛环0304环审【2021】第0065号）佛
E:\软件\2023-2026年顺德批复文件\2021_佛环0304环审【2021】第0066号 佛山市生态环境局关于佛山市凯锦锋电器有限公司新建项目环境影响报告表的批复.pdf,2021_佛环0304环审【2021】第0066号 佛山市生态环境局关于佛山市凯锦锋电器有限公司新建项目环境影响报告表的批复.pdf,0.15,True,2021,佛山市凯锦锋电器有限公司,佛环0304环审【2021】第0066号
E:\软件\2023-2026年顺德批复文件\2021_佛环0304环审【2021】第0067号 佛山市生态环境局关于佛山市顺德区睿富鞋业制造有限公司新建项目环境影响报告表的批复.pdf,2021_佛环0304环审【2021】第0067号 佛山市生态环境局关于佛山市顺德区睿富鞋业制造有限公司新建项目环境影响报告表的批复.pdf,0.14,True,2021,佛山市顺德区睿富鞋业制造有限公司,佛环0304环审【2021】第0067号
E:\软件\2023-2026年顺德批复文件\2021_佛环0304环审【2021】第0068号 佛山市生态环境局关于佛山市顺德区同芊塑胶五金制品有限公司搬迁项目环境影响报告表的批复.pdf,2021_佛环0304环审【2021】第0068号 佛山市生态环境局关于佛山市顺德区同芊塑胶五金制品有限公司搬迁项目环境影响报告表的批复.pdf,0.14,True,2021,,佛环0304环审【2021】第0068号
E:\软件\2023-2026年顺德批复文件\2021_佛环0304环审【2021】第0069号 佛山市生态环境局关于佛山市仪铭燃电器有限公司年产水壶底座60万个、水壶盖60万个新建项目环境影响报告表的批复.pdf,2021_佛环0304环审【2021】第0069号 佛山市生态环境局关于佛山市仪铭燃电器有限公司年产水壶底座60万个、水壶盖60万个新建项目环境影响报告表的批复.pdf,0.14,True,2021,佛山市仪铭燃电器有限公司年产水壶底座60万个、水壶盖60万个,佛环0304环审【2021】第0069号
E:\软件\2023-2026年顺德批复文件\2021_佛环0304环审【2021】第0070号 佛山市生态环境局关于佛山市顺德区明展自行车配件有限公司年产自行车架20000台新建项目环境影响报告表的批复.pdf,2021_佛环0304环审【2021】第0070号 佛山市生态环境局关于佛山市顺德区明展自行车配件有限公司年产自行车架20000台新建项目环境影响报告表的批复.pdf,0.14,True,2021,佛山市顺德区明展自行车配件有限公司年产自行车架20000台,佛环0304环审【2021】第0070号
E:\软件\2023-2026年顺德批复文件\2021_佛环0304环审【2021】第0071号 佛山市生态环境局关于佛山市军胜电子科技有限公司新建项目环境影响报告表的批复.pdf,2021_佛环0304环审【2021】第0071号 佛山市生态环境局关于佛山市军胜电子科技有限公司新建项目环境影响报告表的批复.pdf,0.13,True,2021,佛山市军胜电子科技有限公司,佛环0304环审【2021】第0071号
E:\软件\2023-2026年顺德批复文件\2021_佛环0304环审【2021】第0072号 佛山市生态环境局关于佛山市尚木橼酒店家具有限公司新建项目环境影响报告表的批复.pdf,2021_佛环0304环审【2021】第0072号 佛山市生态环境局关于佛山市尚木橼酒店家具有限公司新建项目环境影响报告表的批复.pdf,0.14,True,2021,佛山市尚木橼酒店家具有限公司,佛环0304环审【2021】第0072号
E:\软件\2023-2026年顺德批复文件\2021_佛环0304环审【2021】第0073号 佛山市生态环境局关于佛山市顺德区鸿利德塑料五金制品有限公司新建项目环境影响报告表的批复.pdf,2021_佛环0304环审【2021】第0073号 佛山市生态环境局关于佛山市顺德区鸿利德塑料五金制品有限公司新建项目环境影响报告表的批复.pdf,0.14,True,2021,佛山市顺德区鸿利德塑料五金制品有限公司,佛环0304环审【2021】第0073号
E:\软件\2023-2026年顺德批复文件\2021_佛环0304环审【2021】第0074号 佛山市生态环境局关于佛山市鼎盛环保建材有限公司四车间新建项目环境影响报告表的批复.pdf,2021_佛环0304环审【2021】第0074号 佛山市生态环境局关于佛山市鼎盛环保建材有限公司四车间新建项目环境影响报告表的批复.pdf,0.14,True,2021,佛山市鼎盛环保建材有限公司四车间,佛环0304环审【2021】第0074号
E:\软件\2023-2026年顺德批复文件\2021_佛环0304环审【2021】第0075号 佛山市生态环境局关于佛山市沐龙塑料制品有限公司年产汽车塑料配件10万套新建项目环境影响报告表的批复.pdf,2021_佛环0304环审【2021】第0075号 佛山市生态环境局关于佛山市沐龙塑料制品有限公司年产汽车塑料配件10万套新建项目环境影响报告表的批复.pdf,0.14,True,2021,佛山市沐龙塑料制品有限公司年产汽车塑料配件10万套,佛环0304环审【2021】第0075号
E:\软件\2023-2026年顺德批复文件\2021_佛环0304环审【2021】第0076号 佛山市生态环境局关于佛山市顺德区创美特电器实业有限公司年产线槽1460吨迁扩项目环境影响报告表的批复.pdf,2021_佛环0304环审【2021】第0076号 佛山市生态环境局关于佛山市顺德区创美特电器实业有限公司年产线槽1460吨迁扩项目环境影响报告表的批复.pdf,0.14,True,2021,,佛环0304环审【2021】第0076号
E:\软件\2023-2026年顺德批复文件\2021_佛环0304环审【2021】第0077号 佛山市生态环境局关于佛山市凯德毅印刷有限公司新建项目环境影响报告表的批复.pdf,2021_佛环0304环审【2021】第0077号 佛山市生态环境局关于佛山市凯德毅印刷有限公司新建项目环境影响报告表的批复.pdf,0.14,True,2021,佛山市凯德毅印刷有限公司,佛环0304环审【2021】第0077号
E:\软件\2023-2026年顺德批复文件\2021_佛环0304环审【2021】第0078号 佛山市生态环境局关于广东志承电器有限公司新建项目环境影响报告表的批复.pdf,2021_佛环0304环审【2021】第0078号 佛山市生态环境局关于广东志承电器有限公司新建项目环境影响报告表的批复.pdf,0.15,True,2021,广东志承电器有限公司,佛环0304环审【2021】第0078号
E:\软件\2023-2026年顺德批复文件\2021_佛环0304环审【2021】第0079号 佛山市生态环境局关于广东顺德彩峻金属制造有限公司迁扩建项目环境影响报告表的批复.pdf,2021_佛环0304环审【2021】第0079号 佛山市生态环境局关于广东顺德彩峻金属制造有限公司迁扩建项目环境影响报告表的批复.pdf,0.14,True,2021,广东顺德彩峻金属制造有限公司迁,佛环0304环审【2021】第0079号
E:\软件\2023-2026年顺德批复文件\2021_佛环0304环审【2021】第0080号 佛山市生态环境局关于佛山市顺德区谦兴五金有限公司新建项目环境影响报告表的批复.pdf,2021_佛环0304环审【2021】第0080号 佛山市生态环境局关于佛山市顺德区谦兴五金有限公司新建项目环境影响报告表的批复.pdf,0.14,True,2021,佛山市顺德区谦兴五金有限公司,佛环0304环审【2021】第0080号
E:\软件\2023-2026年顺德批复文件\2021_佛环0304环审【2021】第0081号 佛山市生态环境局关于佛山市顺德区广峰包装纸品有限公司年产包装袋1000万个新建项目环境影响报告表的批复.pdf,2021_佛环0304环审【2021】第0081号 佛山市生态环境局关于佛山市顺德区广峰包装纸品有限公司年产包装袋1000万个新建项目环境影响报告表的批复.pdf,0.14,True,2021,佛山市顺德区广峰包装纸品有限公司年产包装袋1000万个,佛环0304环审【2021】第0081号
E:\软件\2023-2026年顺德批复文件\2021_佛环0304环审【2021】第0082号 佛山市生态环境局关于佛山市顺德区豪恒注塑厂迁扩建项目环境影响报告表的批复.pdf,2021_佛环0304环审【2021】第0082号 佛山市生态环境局关于佛山市顺德区豪恒注塑厂迁扩建项目环境影响报告表的批复.pdf,0.14,True,2021,佛山市顺德区豪恒注塑厂迁,佛环0304环审【2021】第0082号
E:\软件\2023-2026年顺德批复文件\2021_佛环0304环审【2021】第0083号 佛山市生态环境局关于森鑫耐精密模具（佛山）有限公司新建项目环境影响报告表的批复.pdf,2021_佛环0304环审【2021】第0083号 佛山市生态环境局关于森鑫耐精密模具（佛山）有限公司新建项目环境影响报告表的批复.pdf,0.14,True,2021,森鑫耐精密模具（佛山）有限公司,佛环0304环审【2021】第0083号
E:\软件\2023-2026年顺德批复文件\2021_佛环0304环审【2021】第0084号 佛山市生态环境局关于佛山市顺德区勒流李文源虫崩虫少食品厂新建项目环境影响报告表的批复.pdf,2021_佛环0304环审【2021】第0084号 佛山市生态环境局关于佛山市顺德区勒流李文源虫崩虫少食品厂新建项目环境影响报告表的批复.pdf,0.14,True,2021,佛山市顺德区勒流李文源虫崩虫少食品厂,佛环0304环审【2021】第0084号
E:\软件\2023-2026年顺德批复文件\2021_佛环0304环审【2021】第0085号 佛山市生态环境局关于佛山市顺德区勒流毅域塑料厂新建项目环境影响报告表的批复.pdf,2021_佛环0304环审【2021】第0085号 佛山市生态环境局关于佛山市顺德区勒流毅域塑料厂新建项目环境影响报告表的批复.pdf,0.13,True,2021,佛山市顺德区勒流毅域塑料厂,佛环0304环审【2021】第0085号
E:\软件\2023-2026年顺德批复文件\2021_佛环0304环审【2021】第0086号 佛山市生态环境局关于佛山家之宝清洁器材有限公司刷棍4万条扩建项目环境影响报告表的批复.pdf,2021_佛环0304环审【2021】第0086号 佛山市生态环境局关于佛山家之宝清洁器材有限公司刷棍4万条扩建项目环境影响报告表的批复.pdf,0.14,True,2021,佛山家之宝清洁器材有限公司刷棍4万条,佛环0304环审【2021】第0086号
E:\软件\2023-2026年顺德批复文件\2021_佛环0304环审【2021】第0087号 佛山市生态环境局关于佛山市顺德区勒流弘福缘电器厂年产电器开关面板3000件新建项目环境影响报告表的批复.pdf,2021_佛环0304环审【2021】第0087号 佛山市生态环境局关于佛山市顺德区勒流弘福缘电器厂年产电器开关面板3000件新建项目环境影响报告表的批复.pdf,0.14,True,2021,佛山市顺德区勒流弘福缘电器厂年产电器开关面板3000件,佛环0304环审【2021】第0087号
E:\软件\2023-2026年顺德批复文件\2021_佛环0304环审【2021】第0088号 佛山市生态环境局关于佛山市顺德区勒流镇显能电线厂年产电源线1500万条扩建项目环境影响报告表的批复.pdf,2021_佛环0304环审【2021】第0088号 佛山市生态环境局关于佛山市顺德区勒流镇显能电线厂年产电源线1500万条扩建项目环境影响报告表的批复.pdf,0.14,True,2021,佛山市顺德区勒流镇显能电线厂年产电源线1500万条,佛环0304环审【2021】第0088号
E:\软件\2023-2026年顺德批复文件\2021_佛环0304环审【2021】第0089号 佛山市生态环境局关于佛山市顺德区盈沣泰环保科技有限公司扩建项目环境影响报告表的批复.pdf,2021_佛环0304环审【2021】第0089号 佛山市生态环境局关于佛山市顺德区盈沣泰环保科技有限公司扩建项目环境影响报告表的批复.pdf,0.14,True,2021,佛山市顺德区盈沣泰环保科技有限公司,佛环0304环审【2021】第0089号
E:\软件\2023-2026年顺德批复文件\2021_佛环0304环审【2021】第0090号 佛山市生态环境局关于佛山市顺德区天一包装制品有限公司新建项目环境影响报告表的批复.pdf,2021_佛环0304环审【2021】第0090号 佛山市生态环境局关于佛山市顺德区天一包装制品有限公司新建项目环境影响报告表的批复.pdf,0.14,True,2021,佛山市顺德区天一包装制品有限公司,佛环0304环审【2021】第0090号
E:\软件\2023-2026年顺德批复文件\2021_佛环0304环审【2021】第0091号 佛山市生态环境局关于佛山市安择科技有限公司新建项目环境影响报告表的批复.pdf,2021_佛环0304环审【2021】第0091号 佛山市生态环境局关于佛山市安择科技有限公司新建项目环境影响报告表的批复.pdf,0.14,True,2021,佛山市安择科技有限公司,佛环0304环审【2021】第0091号
E:\软件\2023-2026年顺德批复文件\2021_佛环0304环审【2021】第0092号 佛山市生态环境局关于佛山市顺德区润仁纸业有限公司新建项目环境影响报告表的批复.pdf,2021_佛环0304环审【2021】第0092号 佛山市生态环境局关于佛山市顺德区润仁纸业有限公司新建项目环境影响报告表的批复.pdf,0.14,True,2021,佛山市顺德区润仁纸业有限公司,佛环0304环审【2021】第0092号
E:\软件\2023-2026年顺德批复文件\2021_佛环0304环审【2021】第0093号 佛山市生态环境局关于佛山市顺德区泰仕隆实业有限公司扩建项目环境影响报告表的批复.pdf,2021_佛环0304环审【2021】第0093号 佛山市生态环境局关于佛山市顺德区泰仕隆实业有限公司扩建项目环境影响报告表的批复.pdf,0.14,True,2021,佛山市顺德区泰仕隆实业有限公司,佛环0304环审【2021】第0093号
E:\软件\2023-2026年顺德批复文件\2021_佛环0304环审【2021】第0094号 佛山市生态环境局关于佛山市威睿建筑材料有限公司搬迁项目环境影响报告表的批复.pdf,2021_佛环0304环审【2021】第0094号 佛山市生态环境局关于佛山市威睿建筑材料有限公司搬迁项目环境影响报告表的批复.pdf,0.14,True,2021,,佛环0304环审【2021】第0094号
E:\软件\2023-2026年顺德批复文件\2021_佛环0304环审【2021】第0095号_佛山市生态环境局关于佛山市顺德区一本电气有限公司电线车间新建项目环境影响报告表的批复.pdf,2021_佛环0304环审【2021】第0095号_佛山市生态环境局关于佛山市顺德区一本电气有限公司电线车间新建项目环境影响报告表的批复.pdf,0.14,True,2021,佛山市顺德区一本电气有限公司电线车间,佛环0304环审【2021】第0095号_佛
E:\软件\2023-2026年顺德批复文件\2021_佛环0304环审【2021】第0096号_佛山市生态环境局关于佛山市景浤新材料有限公司年生产40吨塑料笪新建项目环境影响报告表的批复.pdf,2021_佛环0304环审【2021】第0096号_佛山市生态环境局关于佛山市景浤新材料有限公司年生产40吨塑料笪新建项目环境影响报告表的批复.pdf,0.14,True,2021,佛山市景浤新材料有限公司年生产40吨塑料笪,佛环0304环审【2021】第0096号_佛
E:\软件\2023-2026年顺德批复文件\2021_佛环0304环审【2021】第0097号 佛山市生态环境局关于佛山市顺德区森迈源印刷有限责任公司新建项目环境影响报告表的批复.pdf,2021_佛环0304环审【2021】第0097号 佛山市生态环境局关于佛山市顺德区森迈源印刷有限责任公司新建项目环境影响报告表的批复.pdf,0.15,True,2021,佛山市顺德区森迈源印刷有限责任公司,佛环0304环审【2021】第0097号
E:\软件\2023-2026年顺德批复文件\2021_佛环0304环审【2021】第0098号 佛山市生态环境局关于佛山市顺德区均之益塑料包装有限公司新建项目环境影响报告表的批复.pdf,2021_佛环0304环审【2021】第0098号 佛山市生态环境局关于佛山市顺德区均之益塑料包装有限公司新建项目环境影响报告表的批复.pdf,0.14,True,2021,佛山市顺德区均之益塑料包装有限公司,佛环0304环审【2021】第0098号
E:\软件\2023-2026年顺德批复文件\2021_佛环0304环审【2021】第0099号 佛山市生态环境局关于佛山市顺德区谷河塑料制品有限公司新建项目环境影响报告表的批复.pdf,2021_佛环0304环审【2021】第0099号 佛山市生态环境局关于佛山市顺德区谷河塑料制品有限公司新建项目环境影响报告表的批复.pdf,0.14,True,2021,佛山市顺德区谷河塑料制品有限公司,佛环0304环审【2021】第0099号
E:\软件\2023-2026年顺德批复文件\2021_佛环0304环审【2021】第0100号 佛山市生态环境局关于佛山市顺德区展荣五金实业有限公司年产汽车配件300万只、弹簧60吨、家用电器五金件500万件、包螺母码仔25吨迁扩建项目环境影响报告表的批复.pdf,2021_佛环0304环审【2021】第0100号 佛山市生态环境局关于佛山市顺德区展荣五金实业有限公司年产汽车配件300万只、弹簧60吨、家用电器五金件500万件、包螺母码仔25吨迁扩建项目环境影响报告表的批复.pdf,0.15,True,2021,佛山市顺德区展荣五金实业有限公司年产汽车配件300万只、弹簧60吨、家用电器五金件500万件、包螺母码仔25吨迁,佛环0304环审【2021】第0100号
E:\软件\2023-2026年顺德批复文件\2021_佛环0304环审【2021】第0101号 佛山市生态环境局关于佛山市顺德区进悦塑料五金有限公司迁扩项目环境影响报告表的批复.pdf,2021_佛环0304环审【2021】第0101号 佛山市生态环境局关于佛山市顺德区进悦塑料五金有限公司迁扩项目环境影响报告表的批复.pdf,0.14,True,2021,,佛环0304环审【2021】第0101号
E:\软件\2023-2026年顺德批复文件\2021_佛环0304环审【2021】第0102号 佛山市生态环境局关于佛山市顺德区银熹电器科技有限公司迁扩项目环境影响报告表的批复.pdf,2021_佛环0304环审【2021】第0102号 佛山市生态环境局关于佛山市顺德区银熹电器科技有限公司迁扩项目环境影响报告表的批复.pdf,0.14,True,2021,,佛环0304环审【2021】第0102号
E:\软件\2023-2026年顺德批复文件\2021_佛环0304环审【2021】第0103号 佛山市生态环境局关于顺德区勒流欧柏丽塑料五金制品厂迁扩项目环境影响报告表的批复.pdf,2021_佛环0304环审【2021】第0103号 佛山市生态环境局关于顺德区勒流欧柏丽塑料五金制品厂迁扩项目环境影响报告表的批复.pdf,0.14,True,2021,,佛环0304环审【2021】第0103号
E:\软件\2023-2026年顺德批复文件\2021_佛环0304环审【2021】第0104号 佛山市生态环境局关于佛山市顺德区兴晟达研磨材料有限公司年产打磨砂带200万条搬迁改扩建项目环境影响报告表的批复.pdf,2021_佛环0304环审【2021】第0104号 佛山市生态环境局关于佛山市顺德区兴晟达研磨材料有限公司年产打磨砂带200万条搬迁改扩建项目环境影响报告表的批复.pdf,0.14,True,2021,佛山市顺德区兴晟达研磨材料有限公司年产打磨砂带200万条搬迁改,佛环0304环审【2021】第0104号
E:\软件\2023-2026年顺德批复文件\2021_佛环0304环审【2021】第0105号 佛山市生态环境局关于佛山市伟志达包装有限公司年产包装制品500万件新建项目环境影响报告表的批复.pdf,2021_佛环0304环审【2021】第0105号 佛山市生态环境局关于佛山市伟志达包装有限公司年产包装制品500万件新建项目环境影响报告表的批复.pdf,0.14,True,2021,佛山市伟志达包装有限公司年产包装制品500万件,佛环0304环审【2021】第0105号
E:\软件\2023-2026年顺德批复文件\2021_佛环0304环审【2021】第0106号 佛山市生态环境局关于佛山市顺德区日皓檑塑料制品有限公司年产塑料膜1000吨新建项目环境影响报告表的批复.pdf,2021_佛环0304环审【2021】第0106号 佛山市生态环境局关于佛山市顺德区日皓檑塑料制品有限公司年产塑料膜1000吨新建项目环境影响报告表的批复.pdf,0.14,True,2021,佛山市顺德区日皓檑塑料制品有限公司年产塑料膜1000吨,佛环0304环审【2021】第0106号
E:\软件\2023-2026年顺德批复文件\2021_佛环0304环审【2021】第0107号 佛山市生态环境局关于广东东泰五金精密制造有限公司一厂区改扩建项目环境影响报告表的批复.pdf,2021_佛环0304环审【2021】第0107号 佛山市生态环境局关于广东东泰五金精密制造有限公司一厂区改扩建项目环境影响报告表的批复.pdf,0.14,True,2021,广东东泰五金精密制造有限公司一厂区改,佛环0304环审【2021】第0107号
E:\软件\2023-2026年顺德批复文件\2021_佛环0304环审【2021】第0108号 佛山市生态环境局关于佛山市顺德区奥亚达电器有限公司年产塑料配件200万套新建项目环境影响报告表的批复.pdf,2021_佛环0304环审【2021】第0108号 佛山市生态环境局关于佛山市顺德区奥亚达电器有限公司年产塑料配件200万套新建项目环境影响报告表的批复.pdf,0.14,True,2021,佛山市顺德区奥亚达电器有限公司年产塑料配件200万套,佛环0304环审【2021】第0108号
E:\软件\2023-2026年顺德批复文件\2021_佛环0304环审【2021】第0109号）佛山市生态环境局关于佛山市顺德区勒流正泽电器厂年产配电箱120万个迁建项目环境影响报告表的批复.pdf,2021_佛环0304环审【2021】第0109号）佛山市生态环境局关于佛山市顺德区勒流正泽电器厂年产配电箱120万个迁建项目环境影响报告表的批复.pdf,0.14,True,2021,佛山市顺德区勒流正泽电器厂年产配电箱120万个,佛环0304环审【2021】第0109号）佛
E:\软件\2023-2026年顺德批复文件\2021_佛环0304环审【2021】第0110号 佛山市生态环境局关于广东新宝电器股份有限公司9B厂区新建项目环境影响报告表的批复.pdf,2021_佛环0304环审【2021】第0110号 佛山市生态环境局关于广东新宝电器股份有限公司9B厂区新建项目环境影响报告表的批复.pdf,0.14,True,2021,广东新宝电器股份有限公司9B厂区,佛环0304环审【2021】第0110号
E:\软件\2023-2026年顺德批复文件\2021_佛环0304环审【2021】第0111号 佛山市生态环境局关于佛山市北川电子科技有限公司迁扩建项目环境影响报告表的批复.pdf,2021_佛环0304环审【2021】第0111号 佛山市生态环境局关于佛山市北川电子科技有限公司迁扩建项目环境影响报告表的批复.pdf,0.14,True,2021,佛山市北川电子科技有限公司迁,佛环0304环审【2021】第0111号
E:\软件\2023-2026年顺德批复文件\2021_佛环0304环审【2021】第0112号 佛山市生态环境局关于广东信隆新材料股份有限公司勒流分公司新建项目环境影响报告表的批复.pdf,2021_佛环0304环审【2021】第0112号 佛山市生态环境局关于广东信隆新材料股份有限公司勒流分公司新建项目环境影响报告表的批复.pdf,0.14,True,2021,广东信隆新材料股份有限公司勒流分公司,佛环0304环审【2021】第0112号
E:\软件\2023-2026年顺德批复文件\2021_佛环0304环审【2021】第0113号 佛山市生态环境局关于佛山市顺德区荣兴塑料制品有限公司迁扩建项目环境影响报告表的批复.pdf,2021_佛环0304环审【2021】第0113号 佛山市生态环境局关于佛山市顺德区荣兴塑料制品有限公司迁扩建项目环境影响报告表的批复.pdf,0.14,True,2021,佛山市顺德区荣兴塑料制品有限公司迁,佛环0304环审【2021】第0113号
E:\软件\2023-2026年顺德批复文件\2021_佛环0304环审【2021】第0114号 佛山市生态环境局关于广州斯腾电子实业有限公司顺德第一分公司新建项目环境影响报告表的批复.pdf,2021_佛环0304环审【2021】第0114号 佛山市生态环境局关于广州斯腾电子实业有限公司顺德第一分公司新建项目环境影响报告表的批复.pdf,0.14,True,2021,广州斯腾电子实业有限公司顺德第一分公司,佛环0304环审【2021】第0114号
E:\软件\2023-2026年顺德批复文件\2021_佛环0304环审【2021】第0115号 佛山市生态环境局关于佛山市好怡生活用品有限公司年产五金家居用品25万件、塑料家居用品41万件、橡胶家居用品25万件迁扩项目环境影响报告表的批复.pdf,2021_佛环0304环审【2021】第0115号 佛山市生态环境局关于佛山市好怡生活用品有限公司年产五金家居用品25万件、塑料家居用品41万件、橡胶家居用品25万件迁扩项目环境影响报告表的批复.pdf,0.14,True,2021,,佛环0304环审【2021】第0115号
E:\软件\2023-2026年顺德批复文件\2021_佛环0304环审【2021】第0116号 佛山市生态环境局关于佛山市顺德区顺诚旭五金制品有限公司勒流分公司新建项目环境影响报告表的批复.pdf,2021_佛环0304环审【2021】第0116号 佛山市生态环境局关于佛山市顺德区顺诚旭五金制品有限公司勒流分公司新建项目环境影响报告表的批复.pdf,0.14,True,2021,佛山市顺德区顺诚旭五金制品有限公司勒流分公司,佛环0304环审【2021】第0116号
E:\软件\2023-2026年顺德批复文件\2021_佛环0304环审【2021】第0117号 佛山市生态环境局关于广东华楠树环保涂料有限公司迁扩项目环境影响报告表的批复.pdf,2021_佛环0304环审【2021】第0117号 佛山市生态环境局关于广东华楠树环保涂料有限公司迁扩项目环境影响报告表的批复.pdf,0.14,True,2021,,佛环0304环审【2021】第0117号
E:\软件\2023-2026年顺德批复文件\2021_佛环0304环审【2021】第0118号 佛山市生态环境局关于广东顺德巨佳五金电器实业有限公司勒流分公司年产家用塑料配件90万件、硅胶配件90万件新建项目环境影响报告表的批复.pdf,2021_佛环0304环审【2021】第0118号 佛山市生态环境局关于广东顺德巨佳五金电器实业有限公司勒流分公司年产家用塑料配件90万件、硅胶配件90万件新建项目环境影响报告表的批复.pdf,0.15,True,2021,广东顺德巨佳五金电器实业有限公司勒流分公司年产家用塑料配件90万件、硅胶配件90万件,佛环0304环审【2021】第0118号
E:\软件\2023-2026年顺德批复文件\2021_佛环0304环审【2021】第0119号）佛山市生态环境局关于佛山市百欣达电线电缆有限公司年产150万条线束、200万米电线新建项目环境影响报告表的批复.pdf,2021_佛环0304环审【2021】第0119号）佛山市生态环境局关于佛山市百欣达电线电缆有限公司年产150万条线束、200万米电线新建项目环境影响报告表的批复.pdf,0.14,True,2021,佛山市百欣达电线电缆有限公司年产150万条线束、200万米电线,佛环0304环审【2021】第0119号）佛
E:\软件\2023-2026年顺德批复文件\2021_佛环0304环审【2021】第0120号_佛山市生态环境局关于佛山市顺德区希田电器有限公司迁扩建项目环境影响报告表的批复.pdf,2021_佛环0304环审【2021】第0120号_佛山市生态环境局关于佛山市顺德区希田电器有限公司迁扩建项目环境影响报告表的批复.pdf,0.14,True,2021,佛山市顺德区希田电器有限公司迁,佛环0304环审【2021】第0120号_佛
E:\软件\2023-2026年顺德批复文件\2021_佛环0304环审【2021】第0121号 佛山市生态环境局关于佛山市顺德区勒流港盈科技电器厂年产插头50万只，灯座40万只新建项目环境影响报告表的批复.pdf,2021_佛环0304环审【2021】第0121号 佛山市生态环境局关于佛山市顺德区勒流港盈科技电器厂年产插头50万只，灯座40万只新建项目环境影响报告表的批复.pdf,0.14,True,2021,佛山市顺德区勒流港盈科技电器厂年产插头50万只，灯座40万只,佛环0304环审【2021】第0121号
E:\软件\2023-2026年顺德批复文件\2021_佛环0304环审【2021】第0122号 佛山市生态环境局关于佛山市顺德区华泽灯具制造有限公司新建项目环境影响报告表的批复.pdf,2021_佛环0304环审【2021】第0122号 佛山市生态环境局关于佛山市顺德区华泽灯具制造有限公司新建项目环境影响报告表的批复.pdf,0.14,True,2021,佛山市顺德区华泽灯具制造有限公司,佛环0304环审【2021】第0122号
E:\软件\2023-2026年顺德批复文件\2021_佛环0304环审【2021】第0123号 佛山市生态环境局关于佛山市顺德区东顺宏金属制品有限公司年产家居配件300万件新建项目环境影响报告表的批复.pdf,2021_佛环0304环审【2021】第0123号 佛山市生态环境局关于佛山市顺德区东顺宏金属制品有限公司年产家居配件300万件新建项目环境影响报告表的批复.pdf,0.14,True,2021,佛山市顺德区东顺宏金属制品有限公司年产家居配件300万件,佛环0304环审【2021】第0123号
E:\软件\2023-2026年顺德批复文件\2021_佛环0304环审【2021】第0124号 佛山市生态环境局关于佛山市顺德区盈力达包装材料有限公司迁扩建项目环境影响报告表的批复.pdf,2021_佛环0304环审【2021】第0124号 佛山市生态环境局关于佛山市顺德区盈力达包装材料有限公司迁扩建项目环境影响报告表的批复.pdf,0.14,True,2021,佛山市顺德区盈力达包装材料有限公司迁,佛环0304环审【2021】第0124号
E:\软件\2023-2026年顺德批复文件\2021_佛环0304环审【2021】第0125号 佛山市生态环境局关于佛山市顺德区新沙饲料有限公司迁扩建项目环境影响报告表的批复.pdf,2021_佛环0304环审【2021】第0125号 佛山市生态环境局关于佛山市顺德区新沙饲料有限公司迁扩建项目环境影响报告表的批复.pdf,0.13,True,2021,佛山市顺德区新沙饲料有限公司迁,佛环0304环审【2021】第0125号
E:\软件\2023-2026年顺德批复文件\2021_佛环0304环审【2021】第0126号 佛山市生态环境局关于佛山市顺德区晋美超珊塑料厂新建项目环境影响报告表的批复.pdf,2021_佛环0304环审【2021】第0126号 佛山市生态环境局关于佛山市顺德区晋美超珊塑料厂新建项目环境影响报告表的批复.pdf,0.14,True,2021,佛山市顺德区晋美超珊塑料厂,佛环0304环审【2021】第0126号
E:\软件\2023-2026年顺德批复文件\2021_佛环0304环审【2021】第0127号 佛山市生态环境局关于佛山市鼎创五金塑胶实业有限公司年产200万套塑胶配件迁扩建项目环境影响报告表的批复.pdf,2021_佛环0304环审【2021】第0127号 佛山市生态环境局关于佛山市鼎创五金塑胶实业有限公司年产200万套塑胶配件迁扩建项目环境影响报告表的批复.pdf,0.14,True,2021,佛山市鼎创五金塑胶实业有限公司年产200万套塑胶配件迁,佛环0304环审【2021】第0127号
E:\软件\2023-2026年顺德批复文件\2021_佛环0304环审【2021】第0128号 佛山市生态环境局关于佛山市鑫斐翔精密模具有限公司迁扩建项目环境影响报告表的批复.pdf,2021_佛环0304环审【2021】第0128号 佛山市生态环境局关于佛山市鑫斐翔精密模具有限公司迁扩建项目环境影响报告表的批复.pdf,0.14,True,2021,佛山市鑫斐翔精密模具有限公司迁,佛环0304环审【2021】第0128号
E:\软件\2023-2026年顺德批复文件\2021_佛环0304环审【2021】第0129号 佛山市生态环境局关于佛山市玻亮玻璃科技有限公司年产磨砂玻璃10万平方米建设项目环境影响报告表的批复.pdf,2021_佛环0304环审【2021】第0129号 佛山市生态环境局关于佛山市玻亮玻璃科技有限公司年产磨砂玻璃10万平方米建设项目环境影响报告表的批复.pdf,0.13,True,2021,佛山市玻亮玻璃科技有限公司年产磨砂玻璃10万平方米,佛环0304环审【2021】第0129号
E:\软件\2023-2026年顺德批复文件\2021_佛环0304环审【2021】第0130号 佛山市生态环境局关于佛山市鑫皓宇科技有限公司新建项目环境影响报告表的批复.pdf,2021_佛环0304环审【2021】第0130号 佛山市生态环境局关于佛山市鑫皓宇科技有限公司新建项目环境影响报告表的批复.pdf,0.14,True,2021,佛山市鑫皓宇科技有限公司,佛环0304环审【2021】第0130号
E:\软件\2023-2026年顺德批复文件\2021_佛环0304环审【2021】第0131号 佛山市生态环境局关于佛山市顺德区鹏艺包装材料有限公司新建项目环境影响报告表的批复.pdf,2021_佛环0304环审【2021】第0131号 佛山市生态环境局关于佛山市顺德区鹏艺包装材料有限公司新建项目环境影响报告表的批复.pdf,0.14,True,2021,佛山市顺德区鹏艺包装材料有限公司,佛环0304环审【2021】第0131号
E:\软件\2023-2026年顺德批复文件\2021_佛环0304环审【2021】第0132号 佛山市生态环境局关于佛山市格源环保科技有限公司年产水处理化学品205吨新建项目环境影响报告表的批复.pdf,2021_佛环0304环审【2021】第0132号 佛山市生态环境局关于佛山市格源环保科技有限公司年产水处理化学品205吨新建项目环境影响报告表的批复.pdf,0.13,True,2021,佛山市格源环保科技有限公司年产水处理化学品205吨,佛环0304环审【2021】第0132号
E:\软件\2023-2026年顺德批复文件\2021_佛环0304环审【2021】第0133号 佛山市生态环境局关于佛山顺德翱凯利节能设备有限公司年产空气能热水器水箱3000台新建项目环境影响报告表的批复.pdf,2021_佛环0304环审【2021】第0133号 佛山市生态环境局关于佛山顺德翱凯利节能设备有限公司年产空气能热水器水箱3000台新建项目环境影响报告表的批复.pdf,0.14,True,2021,佛山顺德翱凯利节能设备有限公司年产空气能热水器水箱3000台,佛环0304环审【2021】第0133号
E:\软件\2023-2026年顺德批复文件\2021_佛环0304环审【2021】第0134号 佛山市生态环境局关于佛山市中世惠凌电器有限公司年产家电塑料制品500万件新建项目环境影响报告表的批复.pdf,2021_佛环0304环审【2021】第0134号 佛山市生态环境局关于佛山市中世惠凌电器有限公司年产家电塑料制品500万件新建项目环境影响报告表的批复.pdf,0.14,True,2021,佛山市中世惠凌电器有限公司年产家电塑料制品500万件,佛环0304环审【2021】第0134号
E:\软件\2023-2026年顺德批复文件\2021_佛环0304环审【2021】第0135号 佛山市生态环境局关于佛山市文佳塑料五金有限公司年产过滤器20万套、五金配件2吨新建项目环境影响报告表的批复.pdf,2021_佛环0304环审【2021】第0135号 佛山市生态环境局关于佛山市文佳塑料五金有限公司年产过滤器20万套、五金配件2吨新建项目环境影响报告表的批复.pdf,0.14,True,2021,佛山市文佳塑料五金有限公司年产过滤器20万套、五金配件2吨,佛环0304环审【2021】第0135号
E:\软件\2023-2026年顺德批复文件\2021_佛环0304环审【2021】第0136号 佛山市生态环境局关于佛山市鸿禾电器制造有限公司新建项目环境影响报告表的批复.pdf,2021_佛环0304环审【2021】第0136号 佛山市生态环境局关于佛山市鸿禾电器制造有限公司新建项目环境影响报告表的批复.pdf,0.14,True,2021,佛山市鸿禾电器制造有限公司,佛环0304环审【2021】第0136号
E:\软件\2023-2026年顺德批复文件\2021_佛环0304环审【2021】第0137号 佛山市生态环境局关于佛山市顺德区勒流发全塑料厂迁扩建项目环境影响报告表的批复.pdf,2021_佛环0304环审【2021】第0137号 佛山市生态环境局关于佛山市顺德区勒流发全塑料厂迁扩建项目环境影响报告表的批复.pdf,0.13,True,2021,佛山市顺德区勒流发全塑料厂迁,佛环0304环审【2021】第0137号
E:\软件\2023-2026年顺德批复文件\2021_佛环0304环审【2021】第0138号 佛山市生态环境局关于广东小熊精品电器有限公司新建智能小家电制造基地（二期）项目环境影响报告表的批复.pdf,2021_佛环0304环审【2021】第0138号 佛山市生态环境局关于广东小熊精品电器有限公司新建智能小家电制造基地（二期）项目环境影响报告表的批复.pdf,0.14,True,2021,广东小熊精品电器有限公司,佛环0304环审【2021】第0138号
E:\软件\2023-2026年顺德批复文件\2021_佛环0304环审【2021】第0139号 佛山市生态环境局关于佛山市云铂电器制造有限公司年产电器塑料配件5000万件新建项目环境影响报告表的批复.pdf,2021_佛环0304环审【2021】第0139号 佛山市生态环境局关于佛山市云铂电器制造有限公司年产电器塑料配件5000万件新建项目环境影响报告表的批复.pdf,0.14,True,2021,佛山市云铂电器制造有限公司年产电器塑料配件5000万件,佛环0304环审【2021】第0139号
E:\软件\2023-2026年顺德批复文件\2021_佛环0304环审【2021】第0141号 佛山市生态环境局关于佛山市顺德区希浩有机板材有限公司年产聚苯乙烯挤塑板3000吨迁扩建项目环境影响报告表的批复.pdf,2021_佛环0304环审【2021】第0141号 佛山市生态环境局关于佛山市顺德区希浩有机板材有限公司年产聚苯乙烯挤塑板3000吨迁扩建项目环境影响报告表的批复.pdf,0.14,True,2021,佛山市顺德区希浩有机板材有限公司年产聚苯乙烯挤塑板3000吨迁,佛环0304环审【2021】第0141号
E:\软件\2023-2026年顺德批复文件\2021_佛环0304环审【2021】第0142号 佛山市生态环境局关于佛山市顺德区锐达轩五金压铸有限公司年产五金铸件500万件新建项目环境影响报告表的批复.pdf,2021_佛环0304环审【2021】第0142号 佛山市生态环境局关于佛山市顺德区锐达轩五金压铸有限公司年产五金铸件500万件新建项目环境影响报告表的批复.pdf,0.13,True,2021,佛山市顺德区锐达轩五金压铸有限公司年产五金铸件500万件,佛环0304环审【2021】第0142号
E:\软件\2023-2026年顺德批复文件\2021_佛环0304环审【2021】第0143号 佛山市生态环境局关于佛山市顺德区泓尧塑料模具有限公司新建项目环境影响报告表的批复.pdf,2021_佛环0304环审【2021】第0143号 佛山市生态环境局关于佛山市顺德区泓尧塑料模具有限公司新建项目环境影响报告表的批复.pdf,0.14,True,2021,佛山市顺德区泓尧塑料模具有限公司,佛环0304环审【2021】第0143号
E:\软件\2023-2026年顺德批复文件\2021_佛环0304环审【2021】第0144号 佛山市生态环境局关于佛山市顺德区宏固汽车配件制造有限公司扩建项目环境影响报告表的批复.pdf,2021_佛环0304环审【2021】第0144号 佛山市生态环境局关于佛山市顺德区宏固汽车配件制造有限公司扩建项目环境影响报告表的批复.pdf,0.15,True,2021,佛山市顺德区宏固汽车配件制造有限公司,佛环0304环审【2021】第0144号
E:\软件\2023-2026年顺德批复文件\2021_佛环0304环审【2021】第0145号 佛山市生态环境局关于佛山市矽利方科技有限公司年产硅胶硫化剂600吨新建项目环境影响报告表的批复.pdf,2021_佛环0304环审【2021】第0145号 佛山市生态环境局关于佛山市矽利方科技有限公司年产硅胶硫化剂600吨新建项目环境影响报告表的批复.pdf,0.14,True,2021,佛山市矽利方科技有限公司年产硅胶硫化剂600吨,佛环0304环审【2021】第0145号
E:\软件\2023-2026年顺德批复文件\2021_佛环0304环审【2021】第0146号 佛山市生态环境局关于小熊电器智能小家电制造基地项目重新报批环境影响报告表的批复.pdf,2021_佛环0304环审【2021】第0146号 佛山市生态环境局关于小熊电器智能小家电制造基地项目重新报批环境影响报告表的批复.pdf,0.15,True,2021,,佛环0304环审【2021】第0146号
E:\软件\2023-2026年顺德批复文件\2021_佛环0304环审【2021】第0147号 佛山市生态环境局关于佛山市顺德区丹煜包装制品有限公司新建项目环境影响报告表的批复.pdf,2021_佛环0304环审【2021】第0147号 佛山市生态环境局关于佛山市顺德区丹煜包装制品有限公司新建项目环境影响报告表的批复.pdf,0.14,True,2021,佛山市顺德区丹煜包装制品有限公司,佛环0304环审【2021】第0147号
E:\软件\2023-2026年顺德批复文件\2021_佛环0304环审【2021】第0148号 佛山市生态环境局关于广东新宝电器股份有限公司E区第二次改扩建项目环境影响报告表的批复.pdf,2021_佛环0304环审【2021】第0148号 佛山市生态环境局关于广东新宝电器股份有限公司E区第二次改扩建项目环境影响报告表的批复.pdf,0.15,True,2021,广东新宝电器股份有限公司E区第二次改,佛环0304环审【2021】第0148号
E:\软件\2023-2026年顺德批复文件\2021_佛环0304环审【2021】第0149号 佛山市生态环境局关于佛山市汇卓鸿塑料制品有限公司新建项目环境影响报告表的批复.pdf,2021_佛环0304环审【2021】第0149号 佛山市生态环境局关于佛山市汇卓鸿塑料制品有限公司新建项目环境影响报告表的批复.pdf,0.14,True,2021,佛山市汇卓鸿塑料制品有限公司,佛环0304环审【2021】第0149号
E:\软件\2023-2026年顺德批复文件\2021_佛环0304环审【2021】第0150号 佛山市生态环境局关于佛山市顺德区新灏泓塑料制品厂新建项目环境影响报告表的批复.pdf,2021_佛环0304环审【2021】第0150号 佛山市生态环境局关于佛山市顺德区新灏泓塑料制品厂新建项目环境影响报告表的批复.pdf,0.14,True,2021,佛山市顺德区新灏泓塑料制品厂,佛环0304环审【2021】第0150号
E:\软件\2023-2026年顺德批复文件\2021_佛环0304环审【2021】第0151号 佛山市生态环境局关于佛山市航英展示制品有限公司年产电器面板35万个、广告牌配件10万个新建项目环境影响报告表的批复.pdf,2021_佛环0304环审【2021】第0151号 佛山市生态环境局关于佛山市航英展示制品有限公司年产电器面板35万个、广告牌配件10万个新建项目环境影响报告表的批复.pdf,0.15,True,2021,佛山市航英展示制品有限公司年产电器面板35万个、广告牌配件10万个,佛环0304环审【2021】第0151号
E:\软件\2023-2026年顺德批复文件\2021_佛环0304环审【2021】第0152号 佛山市生态环境局关于佛山市琛力包装有限公司年产纸箱18万个新建项目环境影响报告表的批复.pdf,2021_佛环0304环审【2021】第0152号 佛山市生态环境局关于佛山市琛力包装有限公司年产纸箱18万个新建项目环境影响报告表的批复.pdf,0.14,True,2021,佛山市琛力包装有限公司年产纸箱18万个,佛环0304环审【2021】第0152号
E:\软件\2023-2026年顺德批复文件\2021_佛环0304环审【2021】第0153号 佛山市生态环境局关于佛山市紫凌光电科技有限公司勒流分公司新建项目环境影响报告表的批复.pdf,2021_佛环0304环审【2021】第0153号 佛山市生态环境局关于佛山市紫凌光电科技有限公司勒流分公司新建项目环境影响报告表的批复.pdf,0.14,True,2021,佛山市紫凌光电科技有限公司勒流分公司,佛环0304环审【2021】第0153号
E:\软件\2023-2026年顺德批复文件\2021_佛环0304环审【2021】第0154号 佛山市生态环境局关于佛山市虹润印刷有限公司搬迁扩建项目环境影响报告表的批复.pdf,2021_佛环0304环审【2021】第0154号 佛山市生态环境局关于佛山市虹润印刷有限公司搬迁扩建项目环境影响报告表的批复.pdf,0.14,True,2021,佛山市虹润印刷有限公司搬迁,佛环0304环审【2021】第0154号
E:\软件\2023-2026年顺德批复文件\2021_佛环0304环审【2021】第0155号 佛山市生态环境局关于佛山市顺德区勒流镇宏丰纸箱厂年产纸箱200万个迁建项目环境影响报告表的批复.pdf,2021_佛环0304环审【2021】第0155号 佛山市生态环境局关于佛山市顺德区勒流镇宏丰纸箱厂年产纸箱200万个迁建项目环境影响报告表的批复.pdf,0.14,True,2021,佛山市顺德区勒流镇宏丰纸箱厂年产纸箱200万个,佛环0304环审【2021】第0155号
E:\软件\2023-2026年顺德批复文件\2021_佛环0304环审【2021】第0156号 佛山市生态环境局关于不予批准佛山市顺德区富弘和五金厂新建项目环境影响报告表的通知.pdf,2021_佛环0304环审【2021】第0156号 佛山市生态环境局关于不予批准佛山市顺德区富弘和五金厂新建项目环境影响报告表的通知.pdf,0.1,True,2021,不予批准佛山市顺德区富弘和五金厂,佛环0304环审【2021】第0156号
E:\软件\2023-2026年顺德批复文件\2021_佛环0304环审【2021】第0157号 佛山市生态环境局关于佛山南工车辆制造有限公司迁建项目环境影响报告表的批复.pdf,2021_佛环0304环审【2021】第0157号 佛山市生态环境局关于佛山南工车辆制造有限公司迁建项目环境影响报告表的批复.pdf,0.14,True,2021,佛山南工车辆制造有限公司,佛环0304环审【2021】第0157号
E:\软件\2023-2026年顺德批复文件\2021_佛环0304环审【2021】第0158号 佛山市生态环境局关于佛山桐劲模具有限公司新建项目环境影响报告表的批复.pdf,2021_佛环0304环审【2021】第0158号 佛山市生态环境局关于佛山桐劲模具有限公司新建项目环境影响报告表的批复.pdf,0.13,True,2021,佛山桐劲模具有限公司,佛环0304环审【2021】第0158号
E:\软件\2023-2026年顺德批复文件\2021_佛环0304环审【2021】第0159号 佛山市生态环境局关于佛山市顺德区豪朗展业电器有限公司新建项目环境影响报告表的批复.pdf,2021_佛环0304环审【2021】第0159号 佛山市生态环境局关于佛山市顺德区豪朗展业电器有限公司新建项目环境影响报告表的批复.pdf,0.14,True,2021,佛山市顺德区豪朗展业电器有限公司,佛环0304环审【2021】第0159号
E:\软件\2023-2026年顺德批复文件\2021_佛环0304环审【2021】第0160号 佛山市生态环境局关于佛山市顺德区万益金属制品厂新建项目环境影响报告表的批复.pdf,2021_佛环0304环审【2021】第0160号 佛山市生态环境局关于佛山市顺德区万益金属制品厂新建项目环境影响报告表的批复.pdf,0.13,True,2021,佛山市顺德区万益金属制品厂,佛环0304环审【2021】第0160号
E:\软件\2023-2026年顺德批复文件\2021_佛环0304环审【2021】第0161号 佛山市生态环境局关于广东日昇智能科技有限公司新建项目环境影响报告表的批复.pdf,2021_佛环0304环审【2021】第0161号 佛山市生态环境局关于广东日昇智能科技有限公司新建项目环境影响报告表的批复.pdf,0.14,True,2021,广东日昇智能科技有限公司,佛环0304环审【2021】第0161号
E:\软件\2023-2026年顺德批复文件\2021_佛环0304环审【2021】第0162号 佛山市生态环境局关于佛山市乐顺隆塑料制品有限公司新建项目环境影响报告表的批复.pdf,2021_佛环0304环审【2021】第0162号 佛山市生态环境局关于佛山市乐顺隆塑料制品有限公司新建项目环境影响报告表的批复.pdf,0.14,True,2021,佛山市乐顺隆塑料制品有限公司,佛环0304环审【2021】第0162号
E:\软件\2023-2026年顺德批复文件\2021_佛环0304环审【2021】第0163号  佛山市生态环境局关于佛山市顺德区勒流镇宝恒颜料厂扩建项目环境影响报告表的批复.pdf,2021_佛环0304环审【2021】第0163号  佛山市生态环境局关于佛山市顺德区勒流镇宝恒颜料厂扩建项目环境影响报告表的批复.pdf,0.11,True,2021,佛山市顺德区勒流镇宝恒颜料厂,佛环0304环审【2021】第0163号
E:\软件\2023-2026年顺德批复文件\2021_佛环0304环审【2021】第0164号   佛山市生态环境局关于佛山市顺德区美途印花有限公司扩建项目环境影响报告表的批复.pdf,2021_佛环0304环审【2021】第0164号   佛山市生态环境局关于佛山市顺德区美途印花有限公司扩建项目环境影响报告表的批复.pdf,0.12,True,2021,佛山市顺德区美途印花有限公司,佛环0304环审【2021】第0164号
E:\软件\2023-2026年顺德批复文件\2021_佛环0304环审【2021】第0165号   佛山市生态环境局关于佛山市稳冠包装材料有限公司年产胶袋200吨新建项目环境影响报告表的批复.pdf,2021_佛环0304环审【2021】第0165号   佛山市生态环境局关于佛山市稳冠包装材料有限公司年产胶袋200吨新建项目环境影响报告表的批复.pdf,0.11,True,2021,佛山市稳冠包装材料有限公司年产胶袋200吨,佛环0304环审【2021】第0165号
E:\软件\2023-2026年顺德批复文件\2021_佛环0304环审【2021】第0166号 佛山市生态环境局关于佛山市润博金属制品有限公司新建项目环境影响报告表的批复.pdf,2021_佛环0304环审【2021】第0166号 佛山市生态环境局关于佛山市润博金属制品有限公司新建项目环境影响报告表的批复.pdf,0.1,True,2021,佛山市润博金属制品有限公司,佛环0304环审【2021】第0166号
E:\软件\2023-2026年顺德批复文件\2021_佛环0304环审【2021】第0167号  佛山市生态环境局关于佛山市智枞电器制造有限公司新建项目环境影响报告表的批复.pdf,2021_佛环0304环审【2021】第0167号  佛山市生态环境局关于佛山市智枞电器制造有限公司新建项目环境影响报告表的批复.pdf,0.11,True,2021,佛山市智枞电器制造有限公司,佛环0304环审【2021】第0167号
E:\软件\2023-2026年顺德批复文件\2021_佛环0304环审【2021】第0168号 佛山市生态环境局关于佛山市顺德区勒流合盈塑料制品厂迁建项目环境影响报告表的批复.pdf,2021_佛环0304环审【2021】第0168号 佛山市生态环境局关于佛山市顺德区勒流合盈塑料制品厂迁建项目环境影响报告表的批复.pdf,0.1,True,2021,佛山市顺德区勒流合盈塑料制品厂,佛环0304环审【2021】第0168号
E:\软件\2023-2026年顺德批复文件\2021_佛环0304环审【2021】第0169号  佛山市生态环境局关于佛山市司研材料科技有限公司迁扩建项目环境影响报告表的批复.pdf,2021_佛环0304环审【2021】第0169号  佛山市生态环境局关于佛山市司研材料科技有限公司迁扩建项目环境影响报告表的批复.pdf,0.1,True,2021,佛山市司研材料科技有限公司迁,佛环0304环审【2021】第0169号
E:\软件\2023-2026年顺德批复文件\2021_佛环0304环审【2021】第0171号  佛山市生态环境局关于佛山市兆亿翔包装材料有限公司迁扩建项目环境影响报告表的批复.pdf,2021_佛环0304环审【2021】第0171号  佛山市生态环境局关于佛山市兆亿翔包装材料有限公司迁扩建项目环境影响报告表的批复.pdf,0.1,True,2021,佛山市兆亿翔包装材料有限公司迁,佛环0304环审【2021】第0171号
E:\软件\2023-2026年顺德批复文件\2021_佛环0304环审【2021】第0172号  佛山市生态环境局关于斯特华（佛山）磁材有限公司改扩建项目环境影响报告表的批复.pdf,2021_佛环0304环审【2021】第0172号  佛山市生态环境局关于斯特华（佛山）磁材有限公司改扩建项目环境影响报告表的批复.pdf,0.11,True,2021,斯特华（佛山）磁材有限公司改,佛环0304环审【2021】第0172号
E:\软件\2023-2026年顺德批复文件\2021_佛环0304环审【2021】第0173号  佛山市生态环境局关于广东小熊科技有限公司新建项目环境影响报告表的批复.pdf,2021_佛环0304环审【2021】第0173号  佛山市生态环境局关于广东小熊科技有限公司新建项目环境影响报告表的批复.pdf,0.1,True,2021,广东小熊科技有限公司,佛环0304环审【2021】第0173号
E:\软件\2023-2026年顺德批复文件\2021_佛环0304环审【2021】第0174号  佛山市生态环境局关于佛山市顺德区勒流镇盛鸿五金塑料厂改扩建项目环境影响报告表的批复.pdf,2021_佛环0304环审【2021】第0174号  佛山市生态环境局关于佛山市顺德区勒流镇盛鸿五金塑料厂改扩建项目环境影响报告表的批复.pdf,0.1,True,2021,佛山市顺德区勒流镇盛鸿五金塑料厂改,佛环0304环审【2021】第0174号
E:\软件\2023-2026年顺德批复文件\2021_佛环0305环审〔2021〕第0001号【佛山市鸿辉不锈钢有限公司新建项目】.pdf,2021_佛环0305环审〔2021〕第0001号【佛山市鸿辉不锈钢有限公司新建项目】.pdf,0.1,True,2021,,佛环0305环审〔2021〕第0001号【佛
E:\软件\2023-2026年顺德批复文件\2021_佛环0305环审〔2021〕第0002号【佛山市顺德区众成纸品有限公司年产纸箱298万平方米搬迁项目】.pdf,2021_佛环0305环审〔2021〕第0002号【佛山市顺德区众成纸品有限公司年产纸箱298万平方米搬迁项目】.pdf,0.11,True,2021,,佛环0305环审〔2021〕第0002号【佛
E:\软件\2023-2026年顺德批复文件\2021_佛环0305环审〔2021〕第0005号【佛山市鑫彩都金属制品有限公司新建项目】.pdf,2021_佛环0305环审〔2021〕第0005号【佛山市鑫彩都金属制品有限公司新建项目】.pdf,0.12,True,2021,,佛环0305环审〔2021〕第0005号【佛
E:\软件\2023-2026年顺德批复文件\2021_佛环0305环审〔2021〕第0006号【广东省粤钢热处理有限公司搬迁项目重新报批】.pdf,2021_佛环0305环审〔2021〕第0006号【广东省粤钢热处理有限公司搬迁项目重新报批】.pdf,0.12,True,2021,,佛环0305环审〔2021〕第0006号【广
E:\软件\2023-2026年顺德批复文件\2021_佛环0305环审〔2021〕第0007号【佛山市汇豪金属科技有限公司新建项目】.pdf,2021_佛环0305环审〔2021〕第0007号【佛山市汇豪金属科技有限公司新建项目】.pdf,0.11,True,2021,,佛环0305环审〔2021〕第0007号【佛
E:\软件\2023-2026年顺德批复文件\2021_佛环0305环审〔2021〕第0010号【佛山市新恒诚金属制品有限公司新建项目】.pdf,2021_佛环0305环审〔2021〕第0010号【佛山市新恒诚金属制品有限公司新建项目】.pdf,0.11,True,2021,,佛环0305环审〔2021〕第0010号【佛
E:\软件\2023-2026年顺德批复文件\2021_佛环0305环审〔2021〕第0011号【佛山市顺德区陈村镇展源五金厂迁扩建项目】.pdf,2021_佛环0305环审〔2021〕第0011号【佛山市顺德区陈村镇展源五金厂迁扩建项目】.pdf,0.11,True,2021,,佛环0305环审〔2021〕第0011号【佛
E:\软件\2023-2026年顺德批复文件\2021_佛环0305环审〔2021〕第0012号【顺德区华阳路立交工程（佛陈路节点）】.pdf,2021_佛环0305环审〔2021〕第0012号【顺德区华阳路立交工程（佛陈路节点）】.pdf,0.12,True,2021,,佛环0305环审〔2021〕第0012号【顺
E:\软件\2023-2026年顺德批复文件\2021_佛环0305环审〔2021〕第0013号【佛山市顺德区兴忠塑料五金制品有限公司迁扩建项目】.pdf,2021_佛环0305环审〔2021〕第0013号【佛山市顺德区兴忠塑料五金制品有限公司迁扩建项目】.pdf,0.11,True,2021,,佛环0305环审〔2021〕第0013号【佛
E:\软件\2023-2026年顺德批复文件\2021_佛环0305环审〔2021〕第0014号【佛山市广创金属制品有限公司迁扩建项目】.pdf,2021_佛环0305环审〔2021〕第0014号【佛山市广创金属制品有限公司迁扩建项目】.pdf,0.11,True,2021,,佛环0305环审〔2021〕第0014号【佛
E:\软件\2023-2026年顺德批复文件\2021_佛环0305环审〔2021〕第0015号【佛山市顺德区博钢金属贸易有限公司迁扩建项目】.pdf,2021_佛环0305环审〔2021〕第0015号【佛山市顺德区博钢金属贸易有限公司迁扩建项目】.pdf,0.11,True,2021,,佛环0305环审〔2021〕第0015号【佛
E:\软件\2023-2026年顺德批复文件\2021_佛环0305环审〔2021〕第0018号【佛山市圣钛金属有限公司建设项目】.pdf,2021_佛环0305环审〔2021〕第0018号【佛山市圣钛金属有限公司建设项目】.pdf,0.11,True,2021,,佛环0305环审〔2021〕第0018号【佛
E:\软件\2023-2026年顺德批复文件\2021_佛环0305环审〔2021〕第0022号【佛山市聚创盛五金制品有限公司迁改建项目】.pdf,2021_佛环0305环审〔2021〕第0022号【佛山市聚创盛五金制品有限公司迁改建项目】.pdf,0.11,True,2021,,佛环0305环审〔2021〕第0022号【佛
E:\软件\2023-2026年顺德批复文件\2021_佛环0305环审〔2021〕第0023号【佛山市钢马金属制品有限公司搬迁项目】.pdf,2021_佛环0305环审〔2021〕第0023号【佛山市钢马金属制品有限公司搬迁项目】.pdf,0.11,True,2021,,佛环0305环审〔2021〕第0023号【佛
E:\软件\2023-2026年顺德批复文件\2021_佛环0309环审[2021]第0012号（厚恒）.pdf,2021_佛环0309环审[2021]第0012号（厚恒）.pdf,0.1,True,2021,,佛环0309环审[2021]第0012号（厚
E:\软件\2023-2026年顺德批复文件\2021_佛环0309环审[2021]第0013号（华琪）.pdf,2021_佛环0309环审[2021]第0013号（华琪）.pdf,0.1,True,2021,,佛环0309环审[2021]第0013号（华
E:\软件\2023-2026年顺德批复文件\2021_佛环0309环审[2021]第0014号（艳阳）.pdf,2021_佛环0309环审[2021]第0014号（艳阳）.pdf,0.1,True,2021,,佛环0309环审[2021]第0014号（艳
E:\软件\2023-2026年顺德批复文件\2021_佛环0309环审[2021]第0015号（恒晖电器）.pdf,2021_佛环0309环审[2021]第0015号（恒晖电器）.pdf,0.1,True,2021,,佛环0309环审[2021]第0015号（恒
E:\软件\2023-2026年顺德批复文件\2021_佛环0309环审[2021]第0016号（翔协）.pdf,2021_佛环0309环审[2021]第0016号（翔协）.pdf,0.1,True,2021,,佛环0309环审[2021]第0016号（翔
E:\软件\2023-2026年顺德批复文件\2021_佛环0309环审[2021]第0031号（祥来）.pdf,2021_佛环0309环审[2021]第0031号（祥来）.pdf,0.1,True,2021,,佛环0309环审[2021]第0031号（祥
E:\软件\2023-2026年顺德批复文件\2021_佛环03环审[2021]第0019号 佛山110千伏上僚输变电工程环境影响报告表的批复.pdf,2021_佛环03环审[2021]第0019号 佛山110千伏上僚输变电工程环境影响报告表的批复.pdf,0.12,True,2021,,佛环03环审[2021]第0019号
E:\软件\2023-2026年顺德批复文件\2021_佛环03环审〔2021〕0028号 佛山市生态环境局关于佛山110千伏村尾输变电工程环境影响报告表的批复.pdf,2021_佛环03环审〔2021〕0028号 佛山市生态环境局关于佛山110千伏村尾输变电工程环境影响报告表的批复.pdf,0.17,True,2021,,佛环03环审〔2021〕0028号
E:\软件\2023-2026年顺德批复文件\2021_佛环03环审〔2021〕第0029号佛山市生态环境局关于佛山市顺德区迪克电镀有限公司升级改造建设项目环境影响报告书的批复.pdf,2021_佛环03环审〔2021〕第0029号佛山市生态环境局关于佛山市顺德区迪克电镀有限公司升级改造建设项目环境影响报告书的批复.pdf,0.12,True,2021,佛山市顺德区迪克电镀有限公司升级改造,佛环03环审〔2021〕第0029号佛山市生
E:\软件\2023-2026年顺德批复文件\2021_佛环03环审〔2021〕第0030号佛山市生态环境局关于佛山市顺德区地缘电子科技有限公司涂料车间新建项目建设项目环境影响报告表的批复.pdf,2021_佛环03环审〔2021〕第0030号佛山市生态环境局关于佛山市顺德区地缘电子科技有限公司涂料车间新建项目建设项目环境影响报告表的批复.pdf,0.12,True,2021,佛山市顺德区地缘电子科技有限公司涂料车间,佛环03环审〔2021〕第0030号佛山市生
E:\软件\2023-2026年顺德批复文件\2021_佛环03环审〔2021〕第0031号佛山市生态环境局关于广东宝际工业科技有限公司年产水处理剂1350吨新建项目建设项目环境影响报告表的批复.pdf,2021_佛环03环审〔2021〕第0031号佛山市生态环境局关于广东宝际工业科技有限公司年产水处理剂1350吨新建项目建设项目环境影响报告表的批复.pdf,0.12,True,2021,广东宝际工业科技有限公司年产水处理剂1350吨,佛环03环审〔2021〕第0031号佛山市生
E:\软件\2023-2026年顺德批复文件\2021_佛环03环审〔2021〕第0032号佛山市生态环境局关于佛山市顺德区泱帆电器有限公司新建项目建设项目环境影响报告表的批复.pdf,2021_佛环03环审〔2021〕第0032号佛山市生态环境局关于佛山市顺德区泱帆电器有限公司新建项目建设项目环境影响报告表的批复.pdf,0.13,True,2021,佛山市顺德区泱帆电器有限公司,佛环03环审〔2021〕第0032号佛山市生
E:\软件\2023-2026年顺德批复文件\2021_佛环03环审〔2021〕第0033号佛山市生态环境局关于佛山市顺德区佳美电镀有限公司升级改造建设项目环境影响报告书的批复.pdf,2021_佛环03环审〔2021〕第0033号佛山市生态环境局关于佛山市顺德区佳美电镀有限公司升级改造建设项目环境影响报告书的批复.pdf,0.12,True,2021,佛山市顺德区佳美电镀有限公司升级改造,佛环03环审〔2021〕第0033号佛山市生
E:\软件\2023-2026年顺德批复文件\2021_佛环03环审〔2021〕第0035号佛山市生态环境局关于佛山市顺德区铉沛精密五金有限公司搬迁项目建设项目环境影响报告表的批复.pdf,2021_佛环03环审〔2021〕第0035号佛山市生态环境局关于佛山市顺德区铉沛精密五金有限公司搬迁项目建设项目环境影响报告表的批复.pdf,0.12,True,2021,佛山市顺德区铉沛精密五金有限公司搬迁项目,佛环03环审〔2021〕第0035号佛山市生
E:\软件\2023-2026年顺德批复文件\2021_佛环03环审〔2021〕第0073号佛山市生态环境局关于广东爱尼智能家电制造有限公司迁扩建项目建设项目环境影响报告表的批复.pdf,2021_佛环03环审〔2021〕第0073号佛山市生态环境局关于广东爱尼智能家电制造有限公司迁扩建项目建设项目环境影响报告表的批复.pdf,0.12,True,2021,广东爱尼智能家电制造有限公司迁,佛环03环审〔2021〕第0073号佛山市生
E:\软件\2023-2026年顺德批复文件\2021_公示佛山市生态环境局关于佛山市优创尔科技有限公司新建项目环境影响报告表的批复.pdf,2021_公示佛山市生态环境局关于佛山市优创尔科技有限公司新建项目环境影响报告表的批复.pdf,0.1,True,2021,佛山市优创尔科技有限公司,
E:\软件\2023-2026年顺德批复文件\2021_公示佛山市生态环境局关于佛山市创昊达金属制品有限公司新建项目环境影响报告表的批复.pdf,2021_公示佛山市生态环境局关于佛山市创昊达金属制品有限公司新建项目环境影响报告表的批复.pdf,0.22,True,2021,佛山市创昊达金属制品有限公司,
E:\软件\2023-2026年顺德批复文件\2021_公示佛山市生态环境局关于佛山市淦渱塑胶制造有限公司搬迁改扩建项目环境影响报告表的批复.pdf,2021_公示佛山市生态环境局关于佛山市淦渱塑胶制造有限公司搬迁改扩建项目环境影响报告表的批复.pdf,0.13,True,2021,佛山市淦渱塑胶制造有限公司搬迁改,
E:\软件\2023-2026年顺德批复文件\2021_公示佛山市生态环境局关于佛山市绿富域环保科技有限公司新型建材改扩建项目环境影响报告表的批复.pdf,2021_公示佛山市生态环境局关于佛山市绿富域环保科技有限公司新型建材改扩建项目环境影响报告表的批复.pdf,0.21,True,2021,佛山市绿富域环保科技有限公司新型建材改,
E:\软件\2023-2026年顺德批复文件\2021_公示佛山市生态环境局关于佛山市长泽新材料有限公司新建项目环境影响报告表的批复.pdf,2021_公示佛山市生态环境局关于佛山市长泽新材料有限公司新建项目环境影响报告表的批复.pdf,0.21,True,2021,佛山市长泽新材料有限公司,
E:\软件\2023-2026年顺德批复文件\2021_公示佛山市生态环境局关于佛山市雅皓义齿有限公司年产固定义齿3.8万颗及活动义齿1.5万个新建项目环境影响报告表的批复.pdf,2021_公示佛山市生态环境局关于佛山市雅皓义齿有限公司年产固定义齿3.8万颗及活动义齿1.5万个新建项目环境影响报告表的批复.pdf,0.24,True,2021,佛山市雅皓义齿有限公司年产固定义齿3.8万颗及活动义齿1.5万个,
E:\软件\2023-2026年顺德批复文件\2021_公示佛山市生态环境局关于佛山市顺德区俊明包装装潢印刷有限公司迁扩建项目环境影响报告表的批复.pdf,2021_公示佛山市生态环境局关于佛山市顺德区俊明包装装潢印刷有限公司迁扩建项目环境影响报告表的批复.pdf,0.14,True,2021,佛山市顺德区俊明包装装潢印刷有限公司迁,
E:\软件\2023-2026年顺德批复文件\2021_公示佛山市生态环境局关于佛山市顺德区启航金属加工厂新建项目环境影响报告表的批复.pdf,2021_公示佛山市生态环境局关于佛山市顺德区启航金属加工厂新建项目环境影响报告表的批复.pdf,0.1,True,2021,佛山市顺德区启航金属加工厂,
E:\软件\2023-2026年顺德批复文件\2021_公示佛山市生态环境局关于佛山市顺德区康嘉涂料有限公司迁扩建项目环境影响报告表的批复.pdf,2021_公示佛山市生态环境局关于佛山市顺德区康嘉涂料有限公司迁扩建项目环境影响报告表的批复.pdf,0.21,True,2021,佛山市顺德区康嘉涂料有限公司迁,
E:\软件\2023-2026年顺德批复文件\2021_公示佛山市生态环境局关于佛山市顺德区建德包装实业有限公司迁建项目环境影响报告表的批复.pdf,2021_公示佛山市生态环境局关于佛山市顺德区建德包装实业有限公司迁建项目环境影响报告表的批复.pdf,0.11,True,2021,佛山市顺德区建德包装实业有限公司,
E:\软件\2023-2026年顺德批复文件\2021_公示佛山市生态环境局关于佛山市顺德区拉法五金制品有限公司新建项目环境影响报告表的批复.pdf,2021_公示佛山市生态环境局关于佛山市顺德区拉法五金制品有限公司新建项目环境影响报告表的批复.pdf,0.22,True,2021,佛山市顺德区拉法五金制品有限公司,
E:\软件\2023-2026年顺德批复文件\2021_公示佛山市生态环境局关于佛山市顺德区稳聚财五金厂建设项目环境影响报告表的批复.pdf,2021_公示佛山市生态环境局关于佛山市顺德区稳聚财五金厂建设项目环境影响报告表的批复.pdf,0.11,True,2021,佛山市顺德区稳聚财五金厂,
E:\软件\2023-2026年顺德批复文件\2021_公示佛山市生态环境局关于广东丰尔泽电器有限公司新建项目环境影响报告表的批复.pdf,2021_公示佛山市生态环境局关于广东丰尔泽电器有限公司新建项目环境影响报告表的批复.pdf,0.1,True,2021,广东丰尔泽电器有限公司,
E:\软件\2023-2026年顺德批复文件\2021_公示佛山市生态环境局关于广东冠祥新型建材有限公司新建项目环境影响报告表的批复.pdf,2021_公示佛山市生态环境局关于广东冠祥新型建材有限公司新建项目环境影响报告表的批复.pdf,0.29,True,2021,广东冠祥新型建材有限公司,
E:\软件\2023-2026年顺德批复文件\2021_公示佛山市生态环境局关于广东明晖气动科技有限公司新建项目环境影响报告表的批复.pdf,2021_公示佛山市生态环境局关于广东明晖气动科技有限公司新建项目环境影响报告表的批复.pdf,0.1,True,2021,广东明晖气动科技有限公司,
E:\软件\2023-2026年顺德批复文件\2021_公示佛山市生态环境局关于广东顺德荣沛康电器制造有限公司丝印第三车间新建项目环境影响报告表的批复.pdf,2021_公示佛山市生态环境局关于广东顺德荣沛康电器制造有限公司丝印第三车间新建项目环境影响报告表的批复.pdf,0.2,True,2021,广东顺德荣沛康电器制造有限公司丝印第三车间,
E:\软件\2023-2026年顺德批复文件\2021_关于佛山市合度塑料五金制品经营有限公司建设项目环境影响报告表的批复.pdf,2021_关于佛山市合度塑料五金制品经营有限公司建设项目环境影响报告表的批复.pdf,0.15,True,2021,佛山市合度塑料五金制品经营有限公司,
E:\软件\2023-2026年顺德批复文件\2021_关于佛山市君邦机电设备有限公司迁扩建项目环境影响报告表的批复.pdf,2021_关于佛山市君邦机电设备有限公司迁扩建项目环境影响报告表的批复.pdf,0.16,True,2021,佛山市君邦机电设备有限公司迁,
E:\软件\2023-2026年顺德批复文件\2021_关于佛山市嘉莱多电器有限公司新建项目环境影响报告表的批复.pdf,2021_关于佛山市嘉莱多电器有限公司新建项目环境影响报告表的批复.pdf,0.16,True,2021,佛山市嘉莱多电器有限公司,
E:\软件\2023-2026年顺德批复文件\2021_关于佛山市天君宝五金塑料有限公司年增产塑胶件600万件扩建项目环境影响报告表的批复.pdf,2021_关于佛山市天君宝五金塑料有限公司年增产塑胶件600万件扩建项目环境影响报告表的批复.pdf,0.16,True,2021,佛山市天君宝五金塑料有限公司年增产塑胶件600万件,
E:\软件\2023-2026年顺德批复文件\2021_关于佛山市宗宝纸品有限公司迁改扩建项目环境影响报告表的批复.pdf,2021_关于佛山市宗宝纸品有限公司迁改扩建项目环境影响报告表的批复.pdf,0.15,True,2021,佛山市宗宝纸品有限公司迁改,
E:\软件\2023-2026年顺德批复文件\2021_关于佛山市宝菱电器有限公司搬迁项目环境影响报告表的批复.pdf,2021_关于佛山市宝菱电器有限公司搬迁项目环境影响报告表的批复.pdf,0.16,True,2021,,
E:\软件\2023-2026年顺德批复文件\2021_关于佛山市广得利新材料有限公司迁扩建项目环境影响报告表的批复.pdf,2021_关于佛山市广得利新材料有限公司迁扩建项目环境影响报告表的批复.pdf,0.15,True,2021,佛山市广得利新材料有限公司迁,
E:\软件\2023-2026年顺德批复文件\2021_关于佛山市昊腾达塑料制品有限公司新建项目环境影响报告表的批复.pdf,2021_关于佛山市昊腾达塑料制品有限公司新建项目环境影响报告表的批复.pdf,0.15,True,2021,佛山市昊腾达塑料制品有限公司,
E:\软件\2023-2026年顺德批复文件\2021_关于佛山市江美五金塑料制品有限公司建设项目环境影响报告表的批复.pdf,2021_关于佛山市江美五金塑料制品有限公司建设项目环境影响报告表的批复.pdf,0.16,True,2021,佛山市江美五金塑料制品有限公司,
E:\软件\2023-2026年顺德批复文件\2021_关于佛山市润恒卫浴产品有限公司年产落地浴缸龙头3000套、五金挂件8000套扩建项目环境影响报告表的批复.pdf,2021_关于佛山市润恒卫浴产品有限公司年产落地浴缸龙头3000套、五金挂件8000套扩建项目环境影响报告表的批复.pdf,0.15,True,2021,佛山市润恒卫浴产品有限公司年产落地浴缸龙头3000套、五金挂件8000套,
E:\软件\2023-2026年顺德批复文件\2021_关于佛山市盛灵凯电器有限公司年产塑料工艺品20万件新建项目环境影响报告表的批复.pdf,2021_关于佛山市盛灵凯电器有限公司年产塑料工艺品20万件新建项目环境影响报告表的批复.pdf,0.17,True,2021,佛山市盛灵凯电器有限公司年产塑料工艺品20万件,
E:\软件\2023-2026年顺德批复文件\2021_关于佛山市盛钜达家具材料有限公司迁改扩建项目环境影响报告表的批复.pdf,2021_关于佛山市盛钜达家具材料有限公司迁改扩建项目环境影响报告表的批复.pdf,0.16,True,2021,佛山市盛钜达家具材料有限公司迁改,
E:\软件\2023-2026年顺德批复文件\2021_关于佛山市禾田塑胶五金制品有限公司年产密封圈300万个新建项目环境影响报告表的批复.pdf,2021_关于佛山市禾田塑胶五金制品有限公司年产密封圈300万个新建项目环境影响报告表的批复.pdf,0.15,True,2021,佛山市禾田塑胶五金制品有限公司年产密封圈300万个,
E:\软件\2023-2026年顺德批复文件\2021_关于佛山市耀汇塑料制品有限公司年产塑料件200吨新建项目环境影响报告表的批复.pdf,2021_关于佛山市耀汇塑料制品有限公司年产塑料件200吨新建项目环境影响报告表的批复.pdf,0.16,True,2021,佛山市耀汇塑料制品有限公司年产塑料件200吨,
E:\软件\2023-2026年顺德批复文件\2021_关于佛山市言之诚电器有限公司年产塑料配件20万件新建项目环境影响报告表的批复.pdf,2021_关于佛山市言之诚电器有限公司年产塑料配件20万件新建项目环境影响报告表的批复.pdf,0.15,True,2021,佛山市言之诚电器有限公司年产塑料配件20万件,
E:\软件\2023-2026年顺德批复文件\2021_关于佛山市迈凯塑胶制品有限公司年产塑料件10万件新建项目环境影响报告表的批复.pdf,2021_关于佛山市迈凯塑胶制品有限公司年产塑料件10万件新建项目环境影响报告表的批复.pdf,0.15,True,2021,佛山市迈凯塑胶制品有限公司年产塑料件10万件,
E:\软件\2023-2026年顺德批复文件\2021_关于佛山市雪乐威制冷设备有限公司新建项目环境影响报告表的批复.pdf,2021_关于佛山市雪乐威制冷设备有限公司新建项目环境影响报告表的批复.pdf,0.16,True,2021,佛山市雪乐威制冷设备有限公司,
E:\软件\2023-2026年顺德批复文件\2021_关于佛山市顺德区北滘荣庆密封粘胶厂迁改扩建项目环境影响报告表的批复.pdf,2021_关于佛山市顺德区北滘荣庆密封粘胶厂迁改扩建项目环境影响报告表的批复.pdf,0.16,True,2021,佛山市顺德区北滘荣庆密封粘胶厂迁改,
E:\软件\2023-2026年顺德批复文件\2021_关于佛山市顺德区北滘镇创新五金塑料厂新建项目环境影响报告表的批复.pdf,2021_关于佛山市顺德区北滘镇创新五金塑料厂新建项目环境影响报告表的批复.pdf,0.16,True,2021,佛山市顺德区北滘镇创新五金塑料厂,
E:\软件\2023-2026年顺德批复文件\2021_关于佛山市顺德区北滘镇德顺鸣业橡塑有限公司新建项目的批复.pdf,2021_关于佛山市顺德区北滘镇德顺鸣业橡塑有限公司新建项目的批复.pdf,0.15,True,2021,佛山市顺德区北滘镇德顺鸣业橡塑有限公司,
E:\软件\2023-2026年顺德批复文件\2021_关于佛山市顺德区和同包装实业有限公司扩建项目环境影响报告表的批复.pdf,2021_关于佛山市顺德区和同包装实业有限公司扩建项目环境影响报告表的批复.pdf,0.15,True,2021,佛山市顺德区和同包装实业有限公司,
E:\软件\2023-2026年顺德批复文件\2021_关于佛山市顺德区学一电器有限公司新建项目环境影响报告表的批复.pdf,2021_关于佛山市顺德区学一电器有限公司新建项目环境影响报告表的批复.pdf,0.16,True,2021,佛山市顺德区学一电器有限公司,
E:\软件\2023-2026年顺德批复文件\2021_关于佛山市顺德区快高远包装有限公司迁改扩建项目环境影响报告表的批复.pdf,2021_关于佛山市顺德区快高远包装有限公司迁改扩建项目环境影响报告表的批复.pdf,0.15,True,2021,佛山市顺德区快高远包装有限公司迁改,
E:\软件\2023-2026年顺德批复文件\2021_关于佛山市顺德区汇海骏塑料制品有限公司年产塑料藤300吨、织带10吨迁扩建项目.pdf,2021_关于佛山市顺德区汇海骏塑料制品有限公司年产塑料藤300吨、织带10吨迁扩建项目.pdf,0.16,False,2021,佛山市顺德区汇海骏塑料制品有限公司年产塑料藤300吨、织带10吨迁,
E:\软件\2023-2026年顺德批复文件\2021_关于佛山市顺德区海润塑料模具厂建设项目环境影响报告表的批复.pdf,2021_关于佛山市顺德区海润塑料模具厂建设项目环境影响报告表的批复.pdf,0.15,True,2021,佛山市顺德区海润塑料模具厂,
E:\软件\2023-2026年顺德批复文件\2021_关于佛山市顺德区盛创辰塑料有限公司建设项目环境影响报告表的批复.pdf,2021_关于佛山市顺德区盛创辰塑料有限公司建设项目环境影响报告表的批复.pdf,0.15,True,2021,佛山市顺德区盛创辰塑料有限公司,
E:\软件\2023-2026年顺德批复文件\2021_关于佛山市顺德区美和门诊部扩建项目环境影响报告表的批复.pdf,2021_关于佛山市顺德区美和门诊部扩建项目环境影响报告表的批复.pdf,0.15,True,2021,佛山市顺德区美和门诊部,
E:\软件\2023-2026年顺德批复文件\2021_关于佛山市顺德区跨速头盔有限公司年产头盔205万个迁扩建项目环境影响报告表的批复.pdf,2021_关于佛山市顺德区跨速头盔有限公司年产头盔205万个迁扩建项目环境影响报告表的批复.pdf,0.17,True,2021,佛山市顺德区跨速头盔有限公司年产头盔205万个迁,
E:\软件\2023-2026年顺德批复文件\2021_关于广东京华新材料科技股份有限公司改扩建项目环境影响报告表的批复.pdf,2021_关于广东京华新材料科技股份有限公司改扩建项目环境影响报告表的批复.pdf,0.17,True,2021,广东京华新材料科技股份有限公司改,
E:\软件\2023-2026年顺德批复文件\2021_关于广东威灵电机制造有限公司直流工厂洗涤厂区年产BLDC电机2500万台新建项目环境影响报告表的批复.pdf,2021_关于广东威灵电机制造有限公司直流工厂洗涤厂区年产BLDC电机2500万台新建项目环境影响报告表的批复.pdf,0.15,True,2021,广东威灵电机制造有限公司直流工厂洗涤厂区年产BLDC电机2500万台,
E:\软件\2023-2026年顺德批复文件\2021_关于广东帕尔福电机股份有限公司搬迁改扩建项目环境影响报告表的批复.pdf,2021_关于广东帕尔福电机股份有限公司搬迁改扩建项目环境影响报告表的批复.pdf,0.17,True,2021,广东帕尔福电机股份有限公司搬迁改,
E:\软件\2023-2026年顺德批复文件\2021_关于广东恒美电热科技股份有限公司搬迁改扩建项目环境影响报告表的批复.pdf,2021_关于广东恒美电热科技股份有限公司搬迁改扩建项目环境影响报告表的批复.pdf,0.14,True,2021,广东恒美电热科技股份有限公司搬迁改,
E:\软件\2023-2026年顺德批复文件\2021_关于广东美的厨房电器制造有限公司马龙厂区年产发热管150万件扩建项目环境影响报告表的批复.pdf,2021_关于广东美的厨房电器制造有限公司马龙厂区年产发热管150万件扩建项目环境影响报告表的批复.pdf,0.15,True,2021,广东美的厨房电器制造有限公司马龙厂区年产发热管150万件,
E:\软件\2023-2026年顺德批复文件\2021_关于广东腾越建筑工程有限公司年产4.744万立方米PC预制构件新建项目环境影响报告表的批复.pdf,2021_关于广东腾越建筑工程有限公司年产4.744万立方米PC预制构件新建项目环境影响报告表的批复.pdf,0.16,True,2021,广东腾越建筑工程有限公司年产4.744万立方米PC预制构件,
E:\软件\2023-2026年顺德批复文件\2021_关于广东顺德联铸精密制造有限公司迁扩建项目环境影响报告表的批复.pdf,2021_关于广东顺德联铸精密制造有限公司迁扩建项目环境影响报告表的批复.pdf,0.16,True,2021,广东顺德联铸精密制造有限公司迁,
E:\软件\2023-2026年顺德批复文件\2021_南华迁扩建批复.pdf,2021_南华迁扩建批复.pdf,0.15,True,2021,,
E:\软件\2023-2026年顺德批复文件\2021_广东松下第一分厂批复.pdf,2021_广东松下第一分厂批复.pdf,0.18,True,2021,,
E:\软件\2023-2026年顺德批复文件\2021_彩洋批复（承诺制）.pdf,2021_彩洋批复（承诺制）.pdf,0.11,True,2021,,
E:\软件\2023-2026年顺德批复文件\2021_德圣堂批复.pdf,2021_德圣堂批复.pdf,0.14,True,2021,,
E:\软件\2023-2026年顺德批复文件\2021_新容奇医院批复.pdf,2021_新容奇医院批复.pdf,0.15,True,2021,,
E:\软件\2023-2026年顺德批复文件\2021_昊臻源批复.pdf,2021_昊臻源批复.pdf,0.15,True,2021,,
E:\软件\2023-2026年顺德批复文件\2021_盈志印务批复.pdf,2021_盈志印务批复.pdf,0.16,True,2021,,
E:\软件\2023-2026年顺德批复文件\2021_盈怡容桂分公司批复.pdf,2021_盈怡容桂分公司批复.pdf,0.16,True,2021,,
E:\软件\2023-2026年顺德批复文件\2021_红树林批复.pdf,2021_红树林批复.pdf,0.14,True,2021,,
E:\软件\2023-2026年顺德批复文件\2021_艾菲特批复.pdf,2021_艾菲特批复.pdf,0.14,True,2021,,
E:\软件\2023-2026年顺德批复文件\2021_贝锐洛批复.pdf,2021_贝锐洛批复.pdf,0.16,True,2021,,
E:\软件\2023-2026年顺德批复文件\2021_赛科尔批复.pdf,2021_赛科尔批复.pdf,0.15,True,2021,,
E:\软件\2023-2026年顺德批复文件\2021_达宜明变更项目批复.pdf,2021_达宜明变更项目批复.pdf,0.15,True,2021,,
E:\软件\2023-2026年顺德批复文件\2021_金光辉批复.pdf,2021_金光辉批复.pdf,0.14,True,2021,,
E:\软件\2023-2026年顺德批复文件\2021_铭夏宝批复.pdf,2021_铭夏宝批复.pdf,0.14,True,2021,,
E:\软件\2023-2026年顺德批复文件\2021_鸿贵城批复.pdf,2021_鸿贵城批复.pdf,0.14,True,2021,,
E:\软件\2023-2026年顺德批复文件\2021_（佛环0304环审[2020]第0207号）佛山市生态环境局关于佛山非凡制笔有限公司年产钢笔尖1000万只、钢笔头500万只新建项目环境影响报告表的批复.pdf,2021_（佛环0304环审[2020]第0207号）佛山市生态环境局关于佛山非凡制笔有限公司年产钢笔尖1000万只、钢笔头500万只新建项目环境影响报告表的批复.pdf,0.08,True,2021,佛山非凡制笔有限公司年产钢笔尖1000万只、钢笔头500万只,佛环0304环审[2020]第0207号）佛
E:\软件\2023-2026年顺德批复文件\2021_（佛环0304环审[2020]第0238号）佛山市生态环境局关于佛山市锦逸印花有限公司年加工衣服裁片250万片新建项目环境影响报告表的批复.pdf,2021_（佛环0304环审[2020]第0238号）佛山市生态环境局关于佛山市锦逸印花有限公司年加工衣服裁片250万片新建项目环境影响报告表的批复.pdf,0.08,True,2021,佛山市锦逸印花有限公司年加工衣服裁片250万片,佛环0304环审[2020]第0238号）佛
E:\软件\2023-2026年顺德批复文件\2021_（佛环0304环审[2020]第0267号）佛山市生态环境局关于佛山市朴达电器有限公司年产电磁炉3500台改扩建项目环境影响报告表的批复.pdf,2021_（佛环0304环审[2020]第0267号）佛山市生态环境局关于佛山市朴达电器有限公司年产电磁炉3500台改扩建项目环境影响报告表的批复.pdf,0.08,True,2021,佛山市朴达电器有限公司年产电磁炉3500台改,佛环0304环审[2020]第0267号）佛
E:\软件\2023-2026年顺德批复文件\2021_（佛环0304环审[2021]第0001号）佛山市生态环境局关于佛山市顺德区锦彩包装有限公司年产包装袋200万个新建项目环境影响报告表的批复.pdf,2021_（佛环0304环审[2021]第0001号）佛山市生态环境局关于佛山市顺德区锦彩包装有限公司年产包装袋200万个新建项目环境影响报告表的批复.pdf,0.08,True,2021,佛山市顺德区锦彩包装有限公司年产包装袋200万个,佛环0304环审[2021]第0001号）佛
E:\软件\2023-2026年顺德批复文件\2021_（佛环0304环审[2021]第0002号）佛山市生态环境局关于佛山市智龙科技有限公司年产溜冰鞋轮300万个、滑板车轮300万个新建项目环境影响报告表的批复.pdf,2021_（佛环0304环审[2021]第0002号）佛山市生态环境局关于佛山市智龙科技有限公司年产溜冰鞋轮300万个、滑板车轮300万个新建项目环境影响报告表的批复.pdf,0.08,True,2021,佛山市智龙科技有限公司年产溜冰鞋轮300万个、滑板车轮300万个,佛环0304环审[2021]第0002号）佛
E:\软件\2023-2026年顺德批复文件\2021_（佛环0304环审[2021]第0003号）佛山市生态环境局关于广东新宝电器股份有限公司智能家居电器项目和健康美容电器项目重新报批环境影响报告表的批复.pdf,2021_（佛环0304环审[2021]第0003号）佛山市生态环境局关于广东新宝电器股份有限公司智能家居电器项目和健康美容电器项目重新报批环境影响报告表的批复.pdf,0.09,True,2021,,佛环0304环审[2021]第0003号）佛
E:\软件\2023-2026年顺德批复文件\2021_（佛环0304环审[2021]第0007号）佛山市生态环境局关于佛山市顺德区程展电器有限公司年产家用电器配件100万套新建项目环境影响报告表的批复.pdf,2021_（佛环0304环审[2021]第0007号）佛山市生态环境局关于佛山市顺德区程展电器有限公司年产家用电器配件100万套新建项目环境影响报告表的批复.pdf,0.08,True,2021,佛山市顺德区程展电器有限公司年产家用电器配件100万套,佛环0304环审[2021]第0007号）佛
E:\软件\2023-2026年顺德批复文件\2021_（佛环0304环审[2021]第0011号）佛山市生态环境局关于佛山市融航科技有限公司年产塑料配件1000万个新建项目环境影响报告表的批复.pdf,2021_（佛环0304环审[2021]第0011号）佛山市生态环境局关于佛山市融航科技有限公司年产塑料配件1000万个新建项目环境影响报告表的批复.pdf,0.08,True,2021,佛山市融航科技有限公司年产塑料配件1000万个,佛环0304环审[2021]第0011号）佛
E:\软件\2023-2026年顺德批复文件\2021_（佛环0304环审[2021]第0013号）佛山市生态环境局关于佛山市顺德区凯宇智能设备有限公司制造基地重新报批项目环境影响报告表的批复.pdf,2021_（佛环0304环审[2021]第0013号）佛山市生态环境局关于佛山市顺德区凯宇智能设备有限公司制造基地重新报批项目环境影响报告表的批复.pdf,0.08,True,2021,,佛环0304环审[2021]第0013号）佛
E:\软件\2023-2026年顺德批复文件\2021_（佛环0304环审[2021]第0014号）佛山市生态环境局关于佛山市顺德区康特博塑料制品有限公司勒流众涌分公司年产坐垫35万件新建项目环境影响报告表的批复.pdf,2021_（佛环0304环审[2021]第0014号）佛山市生态环境局关于佛山市顺德区康特博塑料制品有限公司勒流众涌分公司年产坐垫35万件新建项目环境影响报告表的批复.pdf,0.08,True,2021,佛山市顺德区康特博塑料制品有限公司勒流众涌分公司年产坐垫35万件,佛环0304环审[2021]第0014号）佛
E:\软件\2023-2026年顺德批复文件\2021_（佛环0304环审[2021]第0016号）佛山市生态环境局关于佛山市特美龙五金制品有限公司年产门窗配件13万件迁扩建项目环境影响报告表的批复.pdf,2021_（佛环0304环审[2021]第0016号）佛山市生态环境局关于佛山市特美龙五金制品有限公司年产门窗配件13万件迁扩建项目环境影响报告表的批复.pdf,0.08,True,2021,佛山市特美龙五金制品有限公司年产门窗配件13万件迁,佛环0304环审[2021]第0016号）佛
E:\软件\2023-2026年顺德批复文件\2021_（佛环0304环审[2021]第0017号）佛山市生态环境局关于佛山市顺德区畅一包装材料有限公司年产纸箱30万个新建项目环境影响报告表的批复.pdf,2021_（佛环0304环审[2021]第0017号）佛山市生态环境局关于佛山市顺德区畅一包装材料有限公司年产纸箱30万个新建项目环境影响报告表的批复.pdf,0.08,True,2021,佛山市顺德区畅一包装材料有限公司年产纸箱30万个,佛环0304环审[2021]第0017号）佛
E:\软件\2023-2026年顺德批复文件\2021_（佛环0304环审[2021]第0018号）佛山市生态环境局关于佛山市顺德区新天景实业有限公司年产儿童玩具50万件、婴童用品50万件搬迁项目环境影响报告表的批复.pdf,2021_（佛环0304环审[2021]第0018号）佛山市生态环境局关于佛山市顺德区新天景实业有限公司年产儿童玩具50万件、婴童用品50万件搬迁项目环境影响报告表的批复.pdf,0.09,True,2021,,佛环0304环审[2021]第0018号）佛
E:\软件\2023-2026年顺德批复文件\2021_（佛环0304环审[2021]第0019号）佛山市生态环境局关于佛山市顺德区朗高电气有限公司年产吊顶电器30万件迁扩建项目环境影响报告表的批复.pdf,2021_（佛环0304环审[2021]第0019号）佛山市生态环境局关于佛山市顺德区朗高电气有限公司年产吊顶电器30万件迁扩建项目环境影响报告表的批复.pdf,0.08,True,2021,佛山市顺德区朗高电气有限公司年产吊顶电器30万件迁,佛环0304环审[2021]第0019号）佛
E:\软件\2023-2026年顺德批复文件\2021_（佛环0304环审[2021]第0023号）佛山市生态环境局关于佛山市顺德区欣明涂料有限公司年产600吨粉末涂料新建项目环境影响报告表的批复.pdf,2021_（佛环0304环审[2021]第0023号）佛山市生态环境局关于佛山市顺德区欣明涂料有限公司年产600吨粉末涂料新建项目环境影响报告表的批复.pdf,0.08,True,2021,佛山市顺德区欣明涂料有限公司年产600吨粉末涂料,佛环0304环审[2021]第0023号）佛
E:\软件\2023-2026年顺德批复文件\2021_（佛环0304环审[2021]第0025号）佛山市生态环境局关于佛山市顺德区优注科技有限公司年产医生椅扶手20万件新建项目环境影响报告表的批复.pdf,2021_（佛环0304环审[2021]第0025号）佛山市生态环境局关于佛山市顺德区优注科技有限公司年产医生椅扶手20万件新建项目环境影响报告表的批复.pdf,0.08,True,2021,佛山市顺德区优注科技有限公司年产医生椅扶手20万件,佛环0304环审[2021]第0025号）佛
E:\软件\2023-2026年顺德批复文件\2021_（佛环0304环审[2021]第0032号）佛山市生态环境局关于斯特华（佛山）磁材有限公司分车间年产3500吨磁性材料粉料新建项目环境影响报告表的批复.pdf,2021_（佛环0304环审[2021]第0032号）佛山市生态环境局关于斯特华（佛山）磁材有限公司分车间年产3500吨磁性材料粉料新建项目环境影响报告表的批复.pdf,0.09,True,2021,斯特华（佛山）磁材有限公司分车间年产3500吨磁性材料粉料,佛环0304环审[2021]第0032号）佛
E:\软件\2023-2026年顺德批复文件\2021_（佛环0304环审[2021]第0034号）佛山市生态环境局关于佛山市顺德区佳瑞茂塑料制品厂年手机壳100万个新建项目环境影响报告表的批复.pdf,2021_（佛环0304环审[2021]第0034号）佛山市生态环境局关于佛山市顺德区佳瑞茂塑料制品厂年手机壳100万个新建项目环境影响报告表的批复.pdf,0.08,True,2021,佛山市顺德区佳瑞茂塑料制品厂年手机壳100万个,佛环0304环审[2021]第0034号）佛
E:\软件\2023-2026年顺德批复文件\2021_（佛环0304环审[2021]第0036号）佛山市生态环境局关于宸丰（广东）智能科技有限公司年产轮椅塑料配件30万套新建项目环境影响报告表的批复.pdf,2021_（佛环0304环审[2021]第0036号）佛山市生态环境局关于宸丰（广东）智能科技有限公司年产轮椅塑料配件30万套新建项目环境影响报告表的批复.pdf,0.08,True,2021,宸丰（广东）智能科技有限公司年产轮椅塑料配件30万套,佛环0304环审[2021]第0036号）佛
E:\软件\2023-2026年顺德批复文件\2021_（佛环0304环审[2021]第0038号）佛山市生态环境局关于佛山市巴恩莱科新材料有限公司年产色母1500吨新建项目环境影响报告表的批复.pdf,2021_（佛环0304环审[2021]第0038号）佛山市生态环境局关于佛山市巴恩莱科新材料有限公司年产色母1500吨新建项目环境影响报告表的批复.pdf,0.08,True,2021,佛山市巴恩莱科新材料有限公司年产色母1500吨,佛环0304环审[2021]第0038号）佛
E:\软件\2023-2026年顺德批复文件\2021_（佛环0304环审[2021]第0041号）佛山市生态环境局关于佛山市银悍电器有限公司年产银触点10吨、铜钉4吨、铁钉3.5吨、铝钉1吨、触片1吨迁扩建项目环境影响报告表的批复.pdf,2021_（佛环0304环审[2021]第0041号）佛山市生态环境局关于佛山市银悍电器有限公司年产银触点10吨、铜钉4吨、铁钉3.5吨、铝钉1吨、触片1吨迁扩建项目环境影响报告表的批复.pdf,0.08,True,2021,佛山市银悍电器有限公司年产银触点10吨、铜钉4吨、铁钉3.5吨、铝钉1吨、触片1吨迁,佛环0304环审[2021]第0041号）佛
E:\软件\2023-2026年顺德批复文件\2021_（佛环0304环审[2021]第0048号）佛山市生态环境局关于佛山市和成电器有限公司年产插座10万个、灯座10万个新建项目环境影响报告表的批复.pdf,2021_（佛环0304环审[2021]第0048号）佛山市生态环境局关于佛山市和成电器有限公司年产插座10万个、灯座10万个新建项目环境影响报告表的批复.pdf,0.08,True,2021,佛山市和成电器有限公司年产插座10万个、灯座10万个,佛环0304环审[2021]第0048号）佛
E:\软件\2023-2026年顺德批复文件\2021_（佛环0304环审【2020】第0223号）佛山市生态环境局关于佛山市顺德区精悦五金制品有限公司扩建项目环境影响报告表的批复.pdf,2021_（佛环0304环审【2020】第0223号）佛山市生态环境局关于佛山市顺德区精悦五金制品有限公司扩建项目环境影响报告表的批复.pdf,0.09,True,2021,佛山市顺德区精悦五金制品有限公司,佛环0304环审【2020】第0223号）佛
E:\软件\2023-2026年顺德批复文件\2021_（佛环0304环审【2020】第0240号）佛山市生态环境局关于佛山市顺德区美嘉思食品有限公司改扩建项目环境影响报告表的批复.pdf,2021_（佛环0304环审【2020】第0240号）佛山市生态环境局关于佛山市顺德区美嘉思食品有限公司改扩建项目环境影响报告表的批复.pdf,0.08,True,2021,佛山市顺德区美嘉思食品有限公司改,佛环0304环审【2020】第0240号）佛
E:\软件\2023-2026年顺德批复文件\2021_（佛环0304环审【2020】第0263号）佛山市生态环境局关于广东新宝电器股份有限公司新宝产品成品仓库改建项目环境影响报告表的批复.pdf,2021_（佛环0304环审【2020】第0263号）佛山市生态环境局关于广东新宝电器股份有限公司新宝产品成品仓库改建项目环境影响报告表的批复.pdf,0.08,True,2021,,佛环0304环审【2020】第0263号）佛
E:\软件\2023-2026年顺德批复文件\2021_（佛环0304环审【2020】第0264号）佛山市生态环境局关于广东华创兴电源有限公司新建项目环境影响报告表的批复.pdf,2021_（佛环0304环审【2020】第0264号）佛山市生态环境局关于广东华创兴电源有限公司新建项目环境影响报告表的批复.pdf,0.07,True,2021,广东华创兴电源有限公司,佛环0304环审【2020】第0264号）佛
E:\软件\2023-2026年顺德批复文件\2021_（佛环0304环审【2020】第0265号）佛山市生态环境局关于佛山市顺德区勒流镇锦锋电镀有限公司技改项目环境影响报告表的批复.pdf,2021_（佛环0304环审【2020】第0265号）佛山市生态环境局关于佛山市顺德区勒流镇锦锋电镀有限公司技改项目环境影响报告表的批复.pdf,0.08,True,2021,佛山市顺德区勒流镇锦锋电镀有限公司,佛环0304环审【2020】第0265号）佛
E:\软件\2023-2026年顺德批复文件\2021_（佛环0304环审【2020】第0268号）佛山市生态环境局关于广东盈领检测技术服务有限公司新建项目环境影响报告表的批复.pdf,2021_（佛环0304环审【2020】第0268号）佛山市生态环境局关于广东盈领检测技术服务有限公司新建项目环境影响报告表的批复.pdf,0.08,True,2021,广东盈领检测,佛环0304环审【2020】第0268号）佛
E:\软件\2023-2026年顺德批复文件\2021_（佛环0304环审【2021】第0004号）佛山市生态环境局关于顺德区勒流盖达塑料制品厂新建项目环境影响报告表的批复.pdf,2021_（佛环0304环审【2021】第0004号）佛山市生态环境局关于顺德区勒流盖达塑料制品厂新建项目环境影响报告表的批复.pdf,0.08,True,2021,顺德区勒流盖达塑料制品厂,佛环0304环审【2021】第0004号）佛
E:\软件\2023-2026年顺德批复文件\2021_（佛环0304环审【2021】第0005号）佛山市生态环境局关于佛山市顺德区茂华塑料包装有限公司迁扩建项目环境影响报告表的批复.pdf,2021_（佛环0304环审【2021】第0005号）佛山市生态环境局关于佛山市顺德区茂华塑料包装有限公司迁扩建项目环境影响报告表的批复.pdf,0.08,True,2021,佛山市顺德区茂华塑料包装有限公司迁,佛环0304环审【2021】第0005号）佛
E:\软件\2023-2026年顺德批复文件\2021_（佛环0304环审【2021】第0006号）佛山市生态环境局关于佛山市顺德区安爱工业有限公司富安分厂扩建项目环境影响报告表的批复.pdf,2021_（佛环0304环审【2021】第0006号）佛山市生态环境局关于佛山市顺德区安爱工业有限公司富安分厂扩建项目环境影响报告表的批复.pdf,0.09,True,2021,佛山市顺德区安爱工业有限公司富安分厂,佛环0304环审【2021】第0006号）佛
E:\软件\2023-2026年顺德批复文件\2021_（佛环0304环审【2021】第0008号）佛山市生态环境局关于佛山市顺德区勒流镇井源五金电器开关厂新建项目环境影响报告表的批复.pdf,2021_（佛环0304环审【2021】第0008号）佛山市生态环境局关于佛山市顺德区勒流镇井源五金电器开关厂新建项目环境影响报告表的批复.pdf,0.08,True,2021,佛山市顺德区勒流镇井源五金电器开关厂,佛环0304环审【2021】第0008号）佛
E:\软件\2023-2026年顺德批复文件\2021_（佛环0304环审【2021】第0009号）佛山市生态环境局关于佛山市顺德区东顺木业有限公司锅炉改建项目环境影响报告表的批复.pdf,2021_（佛环0304环审【2021】第0009号）佛山市生态环境局关于佛山市顺德区东顺木业有限公司锅炉改建项目环境影响报告表的批复.pdf,0.08,True,2021,,佛环0304环审【2021】第0009号）佛
E:\软件\2023-2026年顺德批复文件\2021_（佛环0304环审【2021】第0010号）佛山市生态环境局关于广东亚当斯金属精密制造有限公司技改项目环境影响报告表的批复.pdf,2021_（佛环0304环审【2021】第0010号）佛山市生态环境局关于广东亚当斯金属精密制造有限公司技改项目环境影响报告表的批复.pdf,0.08,True,2021,广东亚当斯金属精密制造有限公司,佛环0304环审【2021】第0010号）佛
E:\软件\2023-2026年顺德批复文件\2021_（佛环0304环审【2021】第0012号）佛山市生态环境局关于佛山市鼎盛环保建材有限公司第三车间新建项目环境影响报告表的批复.pdf,2021_（佛环0304环审【2021】第0012号）佛山市生态环境局关于佛山市鼎盛环保建材有限公司第三车间新建项目环境影响报告表的批复.pdf,0.08,True,2021,佛山市鼎盛环保建材有限公司第三车间,佛环0304环审【2021】第0012号）佛
E:\软件\2023-2026年顺德批复文件\2021_（佛环0304环审【2021】第0015号）佛山市生态环境局关于龙洲路快速化改造工程（大晚桥节点）项目环境影响报告表的批复.pdf,2021_（佛环0304环审【2021】第0015号）佛山市生态环境局关于龙洲路快速化改造工程（大晚桥节点）项目环境影响报告表的批复.pdf,0.08,True,2021,,佛环0304环审【2021】第0015号）佛
E:\软件\2023-2026年顺德批复文件\2021_（佛环0304环审【2021】第0020号）佛山市生态环境局关于广东华创隆塑料科技有限公司搬迁改扩建项目环境影响报告表的批复.pdf,2021_（佛环0304环审【2021】第0020号）佛山市生态环境局关于广东华创隆塑料科技有限公司搬迁改扩建项目环境影响报告表的批复.pdf,0.08,True,2021,广东华创隆塑料科技有限公司搬迁改,佛环0304环审【2021】第0020号）佛
E:\软件\2023-2026年顺德批复文件\2021_（佛环0304环审【2021】第0021号）佛山市生态环境局关于佛山市顺德区勒流中学建设项目环境影响报告表的批复.pdf,2021_（佛环0304环审【2021】第0021号）佛山市生态环境局关于佛山市顺德区勒流中学建设项目环境影响报告表的批复.pdf,0.08,True,2021,佛山市顺德区勒流中学,佛环0304环审【2021】第0021号）佛
E:\软件\2023-2026年顺德批复文件\2021_（佛环0304环审【2021】第0022号）佛山市生态环境局关于佛山市顺德区勒流港口路改造工程（一期）项目环境影响报告表的批复.pdf,2021_（佛环0304环审【2021】第0022号）佛山市生态环境局关于佛山市顺德区勒流港口路改造工程（一期）项目环境影响报告表的批复.pdf,0.08,True,2021,,佛环0304环审【2021】第0022号）佛
E:\软件\2023-2026年顺德批复文件\2021_（佛环0304环审【2021】第0024号）佛山市生态环境局关于佛山市吉速三维科技有限公司迁扩建项目环境影响报告表的批复.pdf,2021_（佛环0304环审【2021】第0024号）佛山市生态环境局关于佛山市吉速三维科技有限公司迁扩建项目环境影响报告表的批复.pdf,0.08,True,2021,佛山市吉速三维科技有限公司迁,佛环0304环审【2021】第0024号）佛
E:\软件\2023-2026年顺德批复文件\2021_（佛环0304环审【2021】第0026号）佛山市生态环境局关于广东哥尼迪家居五金有限公司迁扩建项目环境影响报告表的批复.pdf,2021_（佛环0304环审【2021】第0026号）佛山市生态环境局关于广东哥尼迪家居五金有限公司迁扩建项目环境影响报告表的批复.pdf,0.08,True,2021,广东哥尼迪家居五金有限公司迁,佛环0304环审【2021】第0026号）佛
E:\软件\2023-2026年顺德批复文件\2021_（佛环0304环审【2021】第0027号）佛山市生态环境局关于佛山市顺德区巴乔塑料科技实业有限公司搬迁扩建项目环境影响报告表的批复.pdf,2021_（佛环0304环审【2021】第0027号）佛山市生态环境局关于佛山市顺德区巴乔塑料科技实业有限公司搬迁扩建项目环境影响报告表的批复.pdf,0.08,True,2021,佛山市顺德区巴乔塑料科技实业有限公司搬迁,佛环0304环审【2021】第0027号）佛
E:\软件\2023-2026年顺德批复文件\2021_（佛环0304环审【2021】第0028号）佛山市生态环境局关于佛山市顺德区勒流凯图塑料五金制品厂搬迁项目环境影响报告表的批复.pdf,2021_（佛环0304环审【2021】第0028号）佛山市生态环境局关于佛山市顺德区勒流凯图塑料五金制品厂搬迁项目环境影响报告表的批复.pdf,0.08,True,2021,,佛环0304环审【2021】第0028号）佛
E:\软件\2023-2026年顺德批复文件\2021_（佛环0304环审【2021】第0029号）佛山市生态环境局关于佛山市康顺发纸品有限公司年产纸箱40万个扩建项目环境影响报告表的批复.pdf,2021_（佛环0304环审【2021】第0029号）佛山市生态环境局关于佛山市康顺发纸品有限公司年产纸箱40万个扩建项目环境影响报告表的批复.pdf,0.08,True,2021,佛山市康顺发纸品有限公司年产纸箱40万个,佛环0304环审【2021】第0029号）佛
E:\软件\2023-2026年顺德批复文件\2021_（佛环0304环审【2021】第0030号）佛山市生态环境局关于佛山市聚铭礼品有限公司年产300万五金礼品新建项目环境影响报告表的批复.pdf,2021_（佛环0304环审【2021】第0030号）佛山市生态环境局关于佛山市聚铭礼品有限公司年产300万五金礼品新建项目环境影响报告表的批复.pdf,0.08,True,2021,佛山市聚铭礼品有限公司年产300万五金礼品,佛环0304环审【2021】第0030号）佛
E:\软件\2023-2026年顺德批复文件\2021_（佛环0304环审【2021】第0031号）佛山市生态环境局关于佛山市鑫优彩环保新材料有限公司新建项目环境影响报告表的批复.pdf,2021_（佛环0304环审【2021】第0031号）佛山市生态环境局关于佛山市鑫优彩环保新材料有限公司新建项目环境影响报告表的批复.pdf,0.08,True,2021,佛山市鑫优彩环保新材料有限公司,佛环0304环审【2021】第0031号）佛
E:\软件\2023-2026年顺德批复文件\2021_（佛环0304环审【2021】第0035号）佛山市生态环境局关于佛山市顺德区勒流镇南顺塑料丝印厂搬迁项目环境影响报告表的批复.pdf,2021_（佛环0304环审【2021】第0035号）佛山市生态环境局关于佛山市顺德区勒流镇南顺塑料丝印厂搬迁项目环境影响报告表的批复.pdf,0.08,True,2021,,佛环0304环审【2021】第0035号）佛
E:\软件\2023-2026年顺德批复文件\2021_（佛环0304环审【2021】第0037号）佛山市生态环境局关于佛山市好怡生活用品有限公司迁扩建项目环境影响报告表的批复.pdf,2021_（佛环0304环审【2021】第0037号）佛山市生态环境局关于佛山市好怡生活用品有限公司迁扩建项目环境影响报告表的批复.pdf,0.08,True,2021,佛山市好怡生活用品有限公司迁,佛环0304环审【2021】第0037号）佛
E:\软件\2023-2026年顺德批复文件\2021_（佛环0304环审【2021】第0039号）佛山市生态环境局关于佛山市美捷远电器实业股份有限公司勒流分公司新建项目环境影响报告表的批复.pdf,2021_（佛环0304环审【2021】第0039号）佛山市生态环境局关于佛山市美捷远电器实业股份有限公司勒流分公司新建项目环境影响报告表的批复.pdf,0.08,True,2021,佛山市美捷远电器实业股份有限公司勒流分公司,佛环0304环审【2021】第0039号）佛
E:\软件\2023-2026年顺德批复文件\2021_（佛环0304环审【2021】第0040号）佛山市生态环境局关于佛山市永合鑫橡胶科技有限公司新建项目环境影响报告表的批复.pdf,2021_（佛环0304环审【2021】第0040号）佛山市生态环境局关于佛山市永合鑫橡胶科技有限公司新建项目环境影响报告表的批复.pdf,0.08,True,2021,佛山市永合鑫橡胶科技有限公司,佛环0304环审【2021】第0040号）佛
E:\软件\2023-2026年顺德批复文件\2021_（佛环0304环审【2021】第0042号）佛山市生态环境局关于佛山市顺德区德粘堡实业有限公司锅炉技改项目环境影响报告表的批复.pdf,2021_（佛环0304环审【2021】第0042号）佛山市生态环境局关于佛山市顺德区德粘堡实业有限公司锅炉技改项目环境影响报告表的批复.pdf,0.08,True,2021,佛山市顺德区德粘堡实业有限公司锅炉,佛环0304环审【2021】第0042号）佛
E:\软件\2023-2026年顺德批复文件\2021_（佛环0304环审【2021】第0047号）佛山市生态环境局关于佛山市顺德区阿达特电子厂新建项目环境影响报告表的批复.pdf,2021_（佛环0304环审【2021】第0047号）佛山市生态环境局关于佛山市顺德区阿达特电子厂新建项目环境影响报告表的批复.pdf,0.08,True,2021,佛山市顺德区阿达特电子厂,佛环0304环审【2021】第0047号）佛
E:\软件\2023-2026年顺德批复文件\2021_（佛环0304环审【2021】第0049号）佛山市生态环境局关于广东爱迪雅卫浴实业有限公司迁扩建项目环境影响报告表的批复.pdf,2021_（佛环0304环审【2021】第0049号）佛山市生态环境局关于广东爱迪雅卫浴实业有限公司迁扩建项目环境影响报告表的批复.pdf,0.08,True,2021,广东爱迪雅卫浴实业有限公司迁,佛环0304环审【2021】第0049号）佛
E:\软件\2023-2026年顺德批复文件\2021_（佛环0304环审【2021】第0050号）佛山市生态环境局关于佛山市宇一电器科技有限公司分车间新建项目环境影响报告表的批复.pdf,2021_（佛环0304环审【2021】第0050号）佛山市生态环境局关于佛山市宇一电器科技有限公司分车间新建项目环境影响报告表的批复.pdf,0.14,True,2021,佛山市宇一电器科技有限公司分车间,佛环0304环审【2021】第0050号）佛
E:\软件\2023-2026年顺德批复文件\2021_（佛环0304环审【2021】第0051号）佛山市生态环境局关于万业诚新材料（佛山）有限公司新建项目环境影响报告表的批复.pdf,2021_（佛环0304环审【2021】第0051号）佛山市生态环境局关于万业诚新材料（佛山）有限公司新建项目环境影响报告表的批复.pdf,0.14,True,2021,万业诚新材料（佛山）有限公司,佛环0304环审【2021】第0051号）佛
E:\软件\2023-2026年顺德批复文件\2021_（佛环0304环审【2021】第0052号）佛山市生态环境局关于佛山市朝信照明电器有限公司建设项目环境影响报告表的批复.pdf,2021_（佛环0304环审【2021】第0052号）佛山市生态环境局关于佛山市朝信照明电器有限公司建设项目环境影响报告表的批复.pdf,0.14,True,2021,佛山市朝信照明电器有限公司,佛环0304环审【2021】第0052号）佛
E:\软件\2023-2026年顺德批复文件\2021_（佛环0304环审【2021】第0053号）佛山市生态环境局关于佛山市顺德区胜鸿塑料制品有限公司扩建项目环境影响报告表的批复.pdf,2021_（佛环0304环审【2021】第0053号）佛山市生态环境局关于佛山市顺德区胜鸿塑料制品有限公司扩建项目环境影响报告表的批复.pdf,0.14,True,2021,佛山市顺德区胜鸿塑料制品有限公司,佛环0304环审【2021】第0053号）佛
E:\软件\2023-2026年顺德批复文件\2021_（佛环0304环审【2021】第0054号）佛山市生态环境局关于佛山市顺德区合成大新电工合金有限公司改扩建项目环境影响报告表的批复.pdf,2021_（佛环0304环审【2021】第0054号）佛山市生态环境局关于佛山市顺德区合成大新电工合金有限公司改扩建项目环境影响报告表的批复.pdf,0.13,True,2021,佛山市顺德区合成大新电工合金有限公司改,佛环0304环审【2021】第0054号）佛
E:\软件\2023-2026年顺德批复文件\2021_（佛环0304环审【2021】第0055号）佛山市生态环境局关于佛山市顺德区富盈东华塑料制品厂新建项目环境影响报告表的批复.pdf,2021_（佛环0304环审【2021】第0055号）佛山市生态环境局关于佛山市顺德区富盈东华塑料制品厂新建项目环境影响报告表的批复.pdf,0.14,True,2021,佛山市顺德区富盈东华塑料制品厂,佛环0304环审【2021】第0055号）佛
E:\软件\2023-2026年顺德批复文件\2021_（佛环0304环审【2021】第0056号）佛山市生态环境局关于佛山市顺德区勒流旭晟塑料制品厂年产塑料配件120吨、注塑模具50套迁扩建项目环境影响报告表的批复.pdf,2021_（佛环0304环审【2021】第0056号）佛山市生态环境局关于佛山市顺德区勒流旭晟塑料制品厂年产塑料配件120吨、注塑模具50套迁扩建项目环境影响报告表的批复.pdf,0.14,True,2021,佛山市顺德区勒流旭晟塑料制品厂年产塑料配件120吨、注塑模具50套迁,佛环0304环审【2021】第0056号）佛
E:\软件\2023-2026年顺德批复文件\2021_（佛环0304环审【2021】第0057号）佛山市生态环境局关于佛山市祥开塑料有限公司年产PVC塑料粒1200吨新建项目环境影响报告表的批复.pdf,2021_（佛环0304环审【2021】第0057号）佛山市生态环境局关于佛山市祥开塑料有限公司年产PVC塑料粒1200吨新建项目环境影响报告表的批复.pdf,0.14,True,2021,佛山市祥开塑料有限公司年产PVC塑料粒1200吨,佛环0304环审【2021】第0057号）佛
E:\软件\2023-2026年顺德批复文件\2021_（佛环0304环审【2021】第0058号）佛山市生态环境局关于佛山市富凯宏威塑胶有限公司新建项目环境影响报告表的批复.pdf,2021_（佛环0304环审【2021】第0058号）佛山市生态环境局关于佛山市富凯宏威塑胶有限公司新建项目环境影响报告表的批复.pdf,0.14,True,2021,佛山市富凯宏威塑胶有限公司,佛环0304环审【2021】第0058号）佛
E:\软件\2023-2026年顺德批复文件\2021_（佛环0304环审【2021】第0170号）佛山市生态环境局关于佛山市顺德区惠亿达金属制品有限公司新建项目环境影响报告表的批复.pdf,2021_（佛环0304环审【2021】第0170号）佛山市生态环境局关于佛山市顺德区惠亿达金属制品有限公司新建项目环境影响报告表的批复.pdf,0.14,True,2021,佛山市顺德区惠亿达金属制品有限公司,佛环0304环审【2021】第0170号）佛
E:\软件\2023-2026年顺德批复文件\2021_（承诺制）佛山市生态环境局关于佛山市浩煌科技有限公司新建项目环境影响报告表的批复.pdf,2021_（承诺制）佛山市生态环境局关于佛山市浩煌科技有限公司新建项目环境影响报告表的批复.pdf,0.13,True,2021,佛山市浩煌科技有限公司,
E:\软件\2023-2026年顺德批复文件\2022_04环审〔2022〕120号__佛山市生态环境局关于顺德区大良勒流水体综合整治工程一勒流第二污水处理厂新建工程环境影响报告表的批复.pdf,2022_04环审〔2022〕120号__佛山市生态环境局关于顺德区大良勒流水体综合整治工程一勒流第二污水处理厂新建工程环境影响报告表的批复.pdf,0.16,True,2022,顺德区大良勒流水体综合整治工程一勒流第二污水处理厂,
E:\软件\2023-2026年顺德批复文件\2022_108宏信达塑料（108广州颐景  告知承诺制）.pdf,2022_108宏信达塑料（108广州颐景  告知承诺制）.pdf,1.93,False,2022,,
E:\软件\2023-2026年顺德批复文件\2022_2022_5153036_1.pdf,2022_2022_5153036_1.pdf,0.14,False,2022,,
E:\软件\2023-2026年顺德批复文件\2022_2022_5153036_2.pdf,2022_2022_5153036_2.pdf,0.14,False,2022,,
E:\软件\2023-2026年顺德批复文件\2022_2022_5184698_3.pdf,2022_2022_5184698_3.pdf,0.12,False,2022,,
E:\软件\2023-2026年顺德批复文件\2022_2022_5190084_1.pdf,2022_2022_5190084_1.pdf,0.14,False,2022,,
E:\软件\2023-2026年顺德批复文件\2022_2022_5190084_2.pdf,2022_2022_5190084_2.pdf,0.15,False,2022,,
E:\软件\2023-2026年顺德批复文件\2022_2022_5210635_1.pdf,2022_2022_5210635_1.pdf,0.13,False,2022,,
E:\软件\2023-2026年顺德批复文件\2022_2022_5210635_2.pdf,2022_2022_5210635_2.pdf,0.14,False,2022,,
E:\软件\2023-2026年顺德批复文件\2022_2022_5210635_3.pdf,2022_2022_5210635_3.pdf,0.12,False,2022,,
E:\软件\2023-2026年顺德批复文件\2022_2022_5210635_4.pdf,2022_2022_5210635_4.pdf,0.13,False,2022,,
E:\软件\2023-2026年顺德批复文件\2022_2022_5210635_5.pdf,2022_2022_5210635_5.pdf,0.13,False,2022,,
E:\软件\2023-2026年顺德批复文件\2022_2022_5216562_1.pdf,2022_2022_5216562_1.pdf,0.13,False,2022,,
E:\软件\2023-2026年顺德批复文件\2022_2022_5216562_2.pdf,2022_2022_5216562_2.pdf,0.13,False,2022,,
E:\软件\2023-2026年顺德批复文件\2022_2022_5216562_3.pdf,2022_2022_5216562_3.pdf,0.13,False,2022,,
E:\软件\2023-2026年顺德批复文件\2022_2022_5221516_7.pdf,2022_2022_5221516_7.pdf,0.13,False,2022,,
E:\软件\2023-2026年顺德批复文件\2022_2022_5231846_1.pdf,2022_2022_5231846_1.pdf,0.13,False,2022,,
E:\软件\2023-2026年顺德批复文件\2022_2022_5238083_1.pdf,2022_2022_5238083_1.pdf,0.13,False,2022,,
E:\软件\2023-2026年顺德批复文件\2022_2022_5248348_3.pdf,2022_2022_5248348_3.pdf,0.13,False,2022,,
E:\软件\2023-2026年顺德批复文件\2022_2022_5258859_4.pdf,2022_2022_5258859_4.pdf,0.13,False,2022,,
E:\软件\2023-2026年顺德批复文件\2022_2022_5258859_5.pdf,2022_2022_5258859_5.pdf,0.13,False,2022,,
E:\软件\2023-2026年顺德批复文件\2022_2022_5277025_1.pdf,2022_2022_5277025_1.pdf,0.13,False,2022,,
E:\软件\2023-2026年顺德批复文件\2022_2022_5277025_2.pdf,2022_2022_5277025_2.pdf,0.13,False,2022,,
E:\软件\2023-2026年顺德批复文件\2022_2022_5282141_1.pdf,2022_2022_5282141_1.pdf,0.13,False,2022,,
E:\软件\2023-2026年顺德批复文件\2022_2022_5294089_1.pdf,2022_2022_5294089_1.pdf,0.13,False,2022,,
E:\软件\2023-2026年顺德批复文件\2022_2022_5294089_5.pdf,2022_2022_5294089_5.pdf,0.13,False,2022,,
E:\软件\2023-2026年顺德批复文件\2022_2022_5302364_1.pdf,2022_2022_5302364_1.pdf,0.13,False,2022,,
E:\软件\2023-2026年顺德批复文件\2022_2022_5302364_2.pdf,2022_2022_5302364_2.pdf,0.13,False,2022,,
E:\软件\2023-2026年顺德批复文件\2022_2022_5307858_3.pdf,2022_2022_5307858_3.pdf,0.13,False,2022,,
E:\软件\2023-2026年顺德批复文件\2022_2022_5343766_1.pdf,2022_2022_5343766_1.pdf,0.13,False,2022,,
E:\软件\2023-2026年顺德批复文件\2022_2022_5354541_1.pdf,2022_2022_5354541_1.pdf,0.13,False,2022,,
E:\软件\2023-2026年顺德批复文件\2022_2022_5354541_2.pdf,2022_2022_5354541_2.pdf,0.14,False,2022,,
E:\软件\2023-2026年顺德批复文件\2022_2022_5354541_3.pdf,2022_2022_5354541_3.pdf,0.14,False,2022,,
E:\软件\2023-2026年顺德批复文件\2022_2022_5354541_4.pdf,2022_2022_5354541_4.pdf,0.13,False,2022,,
E:\软件\2023-2026年顺德批复文件\2022_2022_5354541_5.pdf,2022_2022_5354541_5.pdf,0.13,False,2022,,
E:\软件\2023-2026年顺德批复文件\2022_2022_5360715_1.pdf,2022_2022_5360715_1.pdf,0.14,False,2022,,
E:\软件\2023-2026年顺德批复文件\2022_2022_5360715_2.pdf,2022_2022_5360715_2.pdf,0.13,False,2022,,
E:\软件\2023-2026年顺德批复文件\2022_2022_5366406_1.pdf,2022_2022_5366406_1.pdf,0.13,False,2022,,
E:\软件\2023-2026年顺德批复文件\2022_2022_5406639_3.pdf,2022_2022_5406639_3.pdf,0.13,False,2022,,
E:\软件\2023-2026年顺德批复文件\2022_2022_5416081_1.pdf,2022_2022_5416081_1.pdf,0.13,False,2022,,
E:\软件\2023-2026年顺德批复文件\2022_2022_5416081_2.pdf,2022_2022_5416081_2.pdf,0.13,False,2022,,
E:\软件\2023-2026年顺德批复文件\2022_2022_5416081_6.pdf,2022_2022_5416081_6.pdf,0.13,False,2022,,
E:\软件\2023-2026年顺德批复文件\2022_2022_5448448_1.pdf,2022_2022_5448448_1.pdf,0.1,False,2022,,
E:\软件\2023-2026年顺德批复文件\2022_2022_5448448_2.pdf,2022_2022_5448448_2.pdf,0.1,False,2022,,
E:\软件\2023-2026年顺德批复文件\2022_2022_5463255_1.pdf,2022_2022_5463255_1.pdf,0.13,False,2022,,
E:\软件\2023-2026年顺德批复文件\2022_2022_5463255_2.pdf,2022_2022_5463255_2.pdf,0.14,False,2022,,
E:\软件\2023-2026年顺德批复文件\2022_2022_5463255_3.pdf,2022_2022_5463255_3.pdf,0.14,False,2022,,
E:\软件\2023-2026年顺德批复文件\2022_304环审〔2022〕103号__佛山市生态环境局关于佛山市兴怡塑料制品有限公司年产塑料杯2000万只新建项目环境影响报告表的批复.pdf,2022_304环审〔2022〕103号__佛山市生态环境局关于佛山市兴怡塑料制品有限公司年产塑料杯2000万只新建项目环境影响报告表的批复.pdf,0.11,True,2022,佛山市兴怡塑料制品有限公司年产塑料杯2000万只,
E:\软件\2023-2026年顺德批复文件\2022_三角洲批复.pdf,2022_三角洲批复.pdf,0.13,True,2022,,
E:\软件\2023-2026年顺德批复文件\2022_二污扩建批复.pdf,2022_二污扩建批复.pdf,0.13,True,2022,,
E:\软件\2023-2026年顺德批复文件\2022_伊之密批复.pdf,2022_伊之密批复.pdf,0.14,True,2022,,
E:\软件\2023-2026年顺德批复文件\2022_伊圣美批复.pdf,2022_伊圣美批复.pdf,0.13,True,2022,,
E:\软件\2023-2026年顺德批复文件\2022_佛山市生态环境局关于110kV熙都联甲线#2－#7段等电力线路迁改工程（一期）环境影响报告表的批复.pdf,2022_佛山市生态环境局关于110kV熙都联甲线#2－#7段等电力线路迁改工程（一期）环境影响报告表的批复.pdf,0.12,True,2022,,
E:\软件\2023-2026年顺德批复文件\2022_佛山市生态环境局关于不予批准广东浦项汽车板有限公司改建项目环境影响报告表的批复意见.pdf,2022_佛山市生态环境局关于不予批准广东浦项汽车板有限公司改建项目环境影响报告表的批复意见.pdf,0.16,True,2022,,
E:\软件\2023-2026年顺德批复文件\2022_佛山市生态环境局关于佛山110千伏北上输变电工程环境影响报告表的批复.pdf,2022_佛山市生态环境局关于佛山110千伏北上输变电工程环境影响报告表的批复.pdf,0.13,True,2022,,
E:\软件\2023-2026年顺德批复文件\2022_佛山市生态环境局关于佛山市倍奇模具科技有限公司改扩建项目环境影响报告表的批复.pdf,2022_佛山市生态环境局关于佛山市倍奇模具科技有限公司改扩建项目环境影响报告表的批复.pdf,0.16,True,2022,佛山市倍奇模具科技有限公司改,
E:\软件\2023-2026年顺德批复文件\2022_佛山市生态环境局关于佛山市元始电器科技有限公司新建项目环境影响报告表的批复.pdf,2022_佛山市生态环境局关于佛山市元始电器科技有限公司新建项目环境影响报告表的批复.pdf,0.16,True,2022,佛山市元始电器科技有限公司,
E:\软件\2023-2026年顺德批复文件\2022_佛山市生态环境局关于佛山市共赢模具科技模具科技有限公司新建项目环境影响报告表的批复.pdf,2022_佛山市生态环境局关于佛山市共赢模具科技模具科技有限公司新建项目环境影响报告表的批复.pdf,0.15,True,2022,佛山市共赢模具科技模具科技有限公司,
E:\软件\2023-2026年顺德批复文件\2022_佛山市生态环境局关于佛山市晨佳润新材料有限公司新建项目报告表的批复.pdf,2022_佛山市生态环境局关于佛山市晨佳润新材料有限公司新建项目报告表的批复.pdf,0.15,True,2022,佛山市晨佳润新材料有限公司,
E:\软件\2023-2026年顺德批复文件\2022_佛山市生态环境局关于佛山市淘美再生资源回收处理有限公司顺德分公司扩建项目（重新报批）环境影响报告表的批复.pdf,2022_佛山市生态环境局关于佛山市淘美再生资源回收处理有限公司顺德分公司扩建项目（重新报批）环境影响报告表的批复.pdf,0.16,True,2022,佛山市淘美再生资源回收处理有限公司顺德分公司,
E:\软件\2023-2026年顺德批复文件\2022_佛山市生态环境局关于佛山市盛期塑料有限公司迁扩建项目环境影响报告表的批复.pdf,2022_佛山市生态环境局关于佛山市盛期塑料有限公司迁扩建项目环境影响报告表的批复.pdf,0.16,True,2022,佛山市盛期塑料有限公司迁,
E:\软件\2023-2026年顺德批复文件\2022_佛山市生态环境局关于佛山市誉昊科技有限公司新建项目环境影响报告表的批复.pdf,2022_佛山市生态环境局关于佛山市誉昊科技有限公司新建项目环境影响报告表的批复.pdf,0.16,True,2022,佛山市誉昊科技有限公司,
E:\软件\2023-2026年顺德批复文件\2022_佛山市生态环境局关于佛山市辉航家具实业有限公司新建项目环境影响报告表的批复.pdf,2022_佛山市生态环境局关于佛山市辉航家具实业有限公司新建项目环境影响报告表的批复.pdf,0.17,True,2022,佛山市辉航家具实业有限公司,
E:\软件\2023-2026年顺德批复文件\2022_佛山市生态环境局关于佛山市金良家具有限公司年产真空镀膜五金件20万件新建项目环境影响报告表的批复.pdf,2022_佛山市生态环境局关于佛山市金良家具有限公司年产真空镀膜五金件20万件新建项目环境影响报告表的批复.pdf,0.17,True,2022,佛山市金良家具有限公司年产真空镀膜五金件20万件,
E:\软件\2023-2026年顺德批复文件\2022_佛山市生态环境局关于佛山市顺德区四季阳光电子科技有限公司年产LED数码管5000万个搬迁扩建项目环境影响报告表的批复.pdf,2022_佛山市生态环境局关于佛山市顺德区四季阳光电子科技有限公司年产LED数码管5000万个搬迁扩建项目环境影响报告表的批复.pdf,0.13,True,2022,佛山市顺德区四季阳光电子科技有限公司年产LED数码管5000万个搬迁,
E:\软件\2023-2026年顺德批复文件\2022_佛山市生态环境局关于佛山市顺德区富美日设计包装有限公司建设项目环境影响报告表的批复.pdf,2022_佛山市生态环境局关于佛山市顺德区富美日设计包装有限公司建设项目环境影响报告表的批复.pdf,0.13,True,2022,佛山市顺德区富美日设计包装有限公司,
E:\软件\2023-2026年顺德批复文件\2022_佛山市生态环境局关于佛山市顺德区沃拓森玻璃加工厂新建项目环境影响报告表的批复.pdf,2022_佛山市生态环境局关于佛山市顺德区沃拓森玻璃加工厂新建项目环境影响报告表的批复.pdf,0.15,True,2022,佛山市顺德区沃拓森玻璃加工厂,
E:\软件\2023-2026年顺德批复文件\2022_佛山市生态环境局关于佛山市顺德区睿泽塑胶科技有限公司新建项目环境影响报告表的批复.pdf,2022_佛山市生态环境局关于佛山市顺德区睿泽塑胶科技有限公司新建项目环境影响报告表的批复.pdf,0.16,True,2022,佛山市顺德区睿泽塑胶科技有限公司,
E:\软件\2023-2026年顺德批复文件\2022_佛山市生态环境局关于佛山市顺德区美的电热电器制造有限公司理化实验室新建项目环境影响报告表的批复.pdf,2022_佛山市生态环境局关于佛山市顺德区美的电热电器制造有限公司理化实验室新建项目环境影响报告表的批复.pdf,0.15,True,2022,佛山市顺德区美的电热电器制造有限公司理化实验室,
E:\软件\2023-2026年顺德批复文件\2022_佛山市生态环境局关于佛山市顺德朗格森生物能源科技有限公司重新报批项目环境影响报告表的批复.pdf,2022_佛山市生态环境局关于佛山市顺德朗格森生物能源科技有限公司重新报批项目环境影响报告表的批复.pdf,0.18,True,2022,,
E:\软件\2023-2026年顺德批复文件\2022_佛山市生态环境局关于广东广伟科技有限公司新建项目环境影响报告表的批复.pdf,2022_佛山市生态环境局关于广东广伟科技有限公司新建项目环境影响报告表的批复.pdf,0.15,True,2022,广东广伟科技有限公司,
E:\软件\2023-2026年顺德批复文件\2022_佛山市生态环境局关于广东极亚精机科技有限公司新建项目环境影响报告表的批复.pdf,2022_佛山市生态环境局关于广东极亚精机科技有限公司新建项目环境影响报告表的批复.pdf,0.16,True,2022,广东极亚精机科技有限公司,
E:\软件\2023-2026年顺德批复文件\2022_佛山市生态环境局关于广东美的精密模具科技有限公司扩建项目环境影响报告表的批复.pdf,2022_佛山市生态环境局关于广东美的精密模具科技有限公司扩建项目环境影响报告表的批复.pdf,0.13,True,2022,广东美的精密模具科技有限公司,
E:\软件\2023-2026年顺德批复文件\2022_佛山市生态环境局关于广东聚楚科技有限公司新建项目环境影响报告表的批复.pdf,2022_佛山市生态环境局关于广东聚楚科技有限公司新建项目环境影响报告表的批复.pdf,0.15,True,2022,广东聚楚科技有限公司,
E:\软件\2023-2026年顺德批复文件\2022_佛山市生态环境局关于润锋（佛山）新材料科技有限公司新建项目环境影响报告表的批复.pdf,2022_佛山市生态环境局关于润锋（佛山）新材料科技有限公司新建项目环境影响报告表的批复.pdf,0.16,True,2022,润锋（佛山）新材料科技有限公司,
E:\软件\2023-2026年顺德批复文件\2022_佛山市生态环境局关于顺德区群力围、石龙围水体综合整治工程（2021-2023）—水环境整治工程环境影响报告表的批复.pdf,2022_佛山市生态环境局关于顺德区群力围、石龙围水体综合整治工程（2021-2023）—水环境整治工程环境影响报告表的批复.pdf,0.16,True,2022,,
E:\软件\2023-2026年顺德批复文件\2022_佛山市生态环境局关于顺德区群力围、石龙围水体综合整治工程（2021~2023）-水环境整治工程群力围污水处理厂扩容工程环境影响报告表的批复.pdf,2022_佛山市生态环境局关于顺德区群力围、石龙围水体综合整治工程（2021~2023）-水环境整治工程群力围污水处理厂扩容工程环境影响报告表的批复.pdf,0.17,True,2022,,
E:\软件\2023-2026年顺德批复文件\2022_佛山市生态环境局关于鲤鱼洲泵站用户供电配套工程环境影响报告表的批复.pdf,2022_佛山市生态环境局关于鲤鱼洲泵站用户供电配套工程环境影响报告表的批复.pdf,0.13,True,2022,,
E:\软件\2023-2026年顺德批复文件\2022_佛山隆泳塑料制品有限公司新建项目环境影响报告表的批复.pdf,2022_佛山隆泳塑料制品有限公司新建项目环境影响报告表的批复.pdf,0.13,True,2022,,
E:\软件\2023-2026年顺德批复文件\2022_佛环0304环审[2022]第0025号  佛山市生态环境局关于佛山市顺德区钜轩橡塑制品有限公司建设项目环境影响报告表的批复.pdf,2022_佛环0304环审[2022]第0025号  佛山市生态环境局关于佛山市顺德区钜轩橡塑制品有限公司建设项目环境影响报告表的批复.pdf,0.14,True,2022,佛山市顺德区钜轩橡塑制品有限公司,佛环0304环审[2022]第0025号
E:\软件\2023-2026年顺德批复文件\2022_佛环0304环审[2022]第0026号 佛山市生态环境局关于佛山市顺德区勒流兴运注塑加工厂新建项目环境影响报告表的批复.pdf,2022_佛环0304环审[2022]第0026号 佛山市生态环境局关于佛山市顺德区勒流兴运注塑加工厂新建项目环境影响报告表的批复.pdf,0.14,True,2022,佛山市顺德区勒流兴运注塑加工厂,佛环0304环审[2022]第0026号
E:\软件\2023-2026年顺德批复文件\2022_佛环0304环审[2022]第0030号  佛山市生态环境局关于佛山市佑宸机械有限公司年产风机1万件、自行车架1万件新建项目环境影响评价的批复.pdf,2022_佛环0304环审[2022]第0030号  佛山市生态环境局关于佛山市佑宸机械有限公司年产风机1万件、自行车架1万件新建项目环境影响评价的批复.pdf,0.16,True,2022,佛山市佑宸机械有限公司年产风机1万件、自行车架1万件,佛环0304环审[2022]第0030号
E:\软件\2023-2026年顺德批复文件\2022_佛环0304环审[2022]第0031号  佛山市生态环境局关于佛山市顺德区新天景实业有限公司勒流儿童玩具分公司扩建项目环境影响报告表的批复.pdf,2022_佛环0304环审[2022]第0031号  佛山市生态环境局关于佛山市顺德区新天景实业有限公司勒流儿童玩具分公司扩建项目环境影响报告表的批复.pdf,0.17,True,2022,佛山市顺德区新天景实业有限公司勒流儿童玩具分公司,佛环0304环审[2022]第0031号
E:\软件\2023-2026年顺德批复文件\2022_佛环0304环审[2022]第0032号  佛山市生态环境局关于佛山市润博金属制品有限公司扩建项目环境影响报告表的批复.pdf,2022_佛环0304环审[2022]第0032号  佛山市生态环境局关于佛山市润博金属制品有限公司扩建项目环境影响报告表的批复.pdf,0.15,True,2022,佛山市润博金属制品有限公司,佛环0304环审[2022]第0032号
E:\软件\2023-2026年顺德批复文件\2022_佛环0304环审[2022]第0033号  佛山市生态环境局关于佛山市跃飞电器配件有限公司顺德分公司年产1600万件灯线组件新建项目环境影响报告表的批复.pdf,2022_佛环0304环审[2022]第0033号  佛山市生态环境局关于佛山市跃飞电器配件有限公司顺德分公司年产1600万件灯线组件新建项目环境影响报告表的批复.pdf,0.16,True,2022,佛山市跃飞电器配件有限公司顺德分公司年产1600万件灯线组件,佛环0304环审[2022]第0033号
E:\软件\2023-2026年顺德批复文件\2022_佛环0304环审[2022]第0039号  佛山市生态环境局关于佛山市运利红塑料制品有限公司新建项目环境影响报告表的批复.pdf,2022_佛环0304环审[2022]第0039号  佛山市生态环境局关于佛山市运利红塑料制品有限公司新建项目环境影响报告表的批复.pdf,0.11,True,2022,佛山市运利红塑料制品有限公司,佛环0304环审[2022]第0039号
E:\软件\2023-2026年顺德批复文件\2022_佛环0304环审【2022】第0002号  佛山市生态环境局关于佛山市立峰弘一五金塑料制品有限公司年产灯饰配件200万件新建项目环境影响报告表的批复.pdf,2022_佛环0304环审【2022】第0002号  佛山市生态环境局关于佛山市立峰弘一五金塑料制品有限公司年产灯饰配件200万件新建项目环境影响报告表的批复.pdf,0.1,True,2022,佛山市立峰弘一五金塑料制品有限公司年产灯饰配件200万件,佛环0304环审【2022】第0002号
E:\软件\2023-2026年顺德批复文件\2022_佛环0304环审【2022】第0003号  佛山市生态环境局关于广东安帝斯智能家具组件有限公司改扩建项目环境影响报告表的批复.pdf,2022_佛环0304环审【2022】第0003号  佛山市生态环境局关于广东安帝斯智能家具组件有限公司改扩建项目环境影响报告表的批复.pdf,0.12,True,2022,广东安帝斯智能家具组件有限公司改,佛环0304环审【2022】第0003号
E:\软件\2023-2026年顺德批复文件\2022_佛环0304环审【2022】第0004号  佛山市生态环境局关于佛山市蓝林新材料科技有限公司迁扩建项目环境影响报告表的批复.pdf,2022_佛环0304环审【2022】第0004号  佛山市生态环境局关于佛山市蓝林新材料科技有限公司迁扩建项目环境影响报告表的批复.pdf,0.11,True,2022,佛山市蓝林新材料科技有限公司迁,佛环0304环审【2022】第0004号
E:\软件\2023-2026年顺德批复文件\2022_佛环0304环审【2022】第0005号  佛山市生态环境局关于顺德区勒流创远五金塑料厂新建项目环境影响报告表的批复.pdf,2022_佛环0304环审【2022】第0005号  佛山市生态环境局关于顺德区勒流创远五金塑料厂新建项目环境影响报告表的批复.pdf,0.1,True,2022,顺德区勒流创远五金塑料厂,佛环0304环审【2022】第0005号
E:\软件\2023-2026年顺德批复文件\2022_佛环0304环审【2022】第0006号  佛山市生态环境局关于佛山市联兴丰电子科技有限公司新建项目环境影响报告表的批复.pdf,2022_佛环0304环审【2022】第0006号  佛山市生态环境局关于佛山市联兴丰电子科技有限公司新建项目环境影响报告表的批复.pdf,0.1,True,2022,佛山市联兴丰电子科技有限公司,佛环0304环审【2022】第0006号
E:\软件\2023-2026年顺德批复文件\2022_佛环0304环审【2022】第0007号  佛山市生态环境局关于佛山市顺德区金铭特塑胶模具有限公司新建项目环境影响报告表的批复.pdf,2022_佛环0304环审【2022】第0007号  佛山市生态环境局关于佛山市顺德区金铭特塑胶模具有限公司新建项目环境影响报告表的批复.pdf,0.1,True,2022,佛山市顺德区金铭特塑胶模具有限公司,佛环0304环审【2022】第0007号
E:\软件\2023-2026年顺德批复文件\2022_佛环0304环审【2022】第0008号  佛山市生态环境局关于佛山市顺德区宝廷塑料五金有限公司新建项目环境影响报告表的批复.pdf,2022_佛环0304环审【2022】第0008号  佛山市生态环境局关于佛山市顺德区宝廷塑料五金有限公司新建项目环境影响报告表的批复.pdf,0.1,True,2022,佛山市顺德区宝廷塑料五金有限公司,佛环0304环审【2022】第0008号
E:\软件\2023-2026年顺德批复文件\2022_佛环0304环审【2022】第0009号  佛山市生态环境局关于佛山市顺德区瀛悦彩印包装有限公司新建项目环境影响报告表的批复.pdf,2022_佛环0304环审【2022】第0009号  佛山市生态环境局关于佛山市顺德区瀛悦彩印包装有限公司新建项目环境影响报告表的批复.pdf,0.15,True,2022,佛山市顺德区瀛悦彩印包装有限公司,佛环0304环审【2022】第0009号
E:\软件\2023-2026年顺德批复文件\2022_佛环0304环审【2022】第0010号__佛山市生态环境局关于广东青橙整体家电有限公司年产家用塑料配件90万件、硅胶配件90万件新建项目环境影响报告表的批复.pdf,2022_佛环0304环审【2022】第0010号__佛山市生态环境局关于广东青橙整体家电有限公司年产家用塑料配件90万件、硅胶配件90万件新建项目环境影响报告表的批复.pdf,0.15,True,2022,广东青橙整体家电有限公司年产家用塑料配件90万件、硅胶配件90万件,佛环0304环审【2022】第0010号__
E:\软件\2023-2026年顺德批复文件\2022_佛环0304环审【2022】第0011号__佛山市生态环境局关于佛山久夜家居智能照明有限公司扩建项目环境影响报告表的批复.pdf,2022_佛环0304环审【2022】第0011号__佛山市生态环境局关于佛山久夜家居智能照明有限公司扩建项目环境影响报告表的批复.pdf,0.16,True,2022,佛山久夜家居智能照明有限公司,佛环0304环审【2022】第0011号__
E:\软件\2023-2026年顺德批复文件\2022_佛环0304环审【2022】第0012号__佛山市生态环境局关于佛山汇联智通打印科技有限公司新建项目环境影响报告表的批复.pdf,2022_佛环0304环审【2022】第0012号__佛山市生态环境局关于佛山汇联智通打印科技有限公司新建项目环境影响报告表的批复.pdf,0.15,True,2022,佛山汇联智通打印科技有限公司,佛环0304环审【2022】第0012号__
E:\软件\2023-2026年顺德批复文件\2022_佛环0304环审【2022】第0013号  佛山市生态环境局关于佛山市顺德区富弘和五金厂新建项目环境影响报告表的批复.pdf,2022_佛环0304环审【2022】第0013号  佛山市生态环境局关于佛山市顺德区富弘和五金厂新建项目环境影响报告表的批复.pdf,0.11,True,2022,佛山市顺德区富弘和五金厂,佛环0304环审【2022】第0013号
E:\软件\2023-2026年顺德批复文件\2022_佛环0304环审【2022】第0014号  佛山市生态环境局关于佛山市尚鼎金属制品有限公司新建项目环境影响报告表的批复.pdf,2022_佛环0304环审【2022】第0014号  佛山市生态环境局关于佛山市尚鼎金属制品有限公司新建项目环境影响报告表的批复.pdf,0.14,True,2022,佛山市尚鼎金属制品有限公司,佛环0304环审【2022】第0014号
E:\软件\2023-2026年顺德批复文件\2022_佛环0304环审【2022】第0015号  佛山市生态环境局关于佛山芷晓五金制品有限公司顺德分公司新建项目环境影响报告表的批复.pdf,2022_佛环0304环审【2022】第0015号  佛山市生态环境局关于佛山芷晓五金制品有限公司顺德分公司新建项目环境影响报告表的批复.pdf,0.15,True,2022,佛山芷晓五金制品有限公司顺德分公司,佛环0304环审【2022】第0015号
E:\软件\2023-2026年顺德批复文件\2022_佛环0304环审【2022】第0016号  佛山市生态环境局关于佛山市顺德区曼励塑料制品厂新建项目环境影响报告表的批复.pdf,2022_佛环0304环审【2022】第0016号  佛山市生态环境局关于佛山市顺德区曼励塑料制品厂新建项目环境影响报告表的批复.pdf,0.15,True,2022,佛山市顺德区曼励塑料制品厂,佛环0304环审【2022】第0016号
E:\软件\2023-2026年顺德批复文件\2022_佛环0304环审【2022】第0017号  佛山市生态环境局关于佛山市顺德区粤马包装印刷厂勒流分厂新建项目环境影响报告表的批复.pdf,2022_佛环0304环审【2022】第0017号  佛山市生态环境局关于佛山市顺德区粤马包装印刷厂勒流分厂新建项目环境影响报告表的批复.pdf,0.16,True,2022,佛山市顺德区粤马包装印刷厂勒流分厂,佛环0304环审【2022】第0017号
E:\软件\2023-2026年顺德批复文件\2022_佛环0304环审【2022】第0018号  佛山市生态环境局关于广东圣堡罗门窗科技有限公司新建项目环境影响报告表的批复.pdf,2022_佛环0304环审【2022】第0018号  佛山市生态环境局关于广东圣堡罗门窗科技有限公司新建项目环境影响报告表的批复.pdf,0.14,True,2022,广东圣堡罗门窗科技有限公司,佛环0304环审【2022】第0018号
E:\软件\2023-2026年顺德批复文件\2022_佛环0304环审【2022】第0019号  佛山市生态环境局关于佛山市顺德区江滔塑料电器有限公司新建项目环境影响报告表的批复.pdf,2022_佛环0304环审【2022】第0019号  佛山市生态环境局关于佛山市顺德区江滔塑料电器有限公司新建项目环境影响报告表的批复.pdf,0.15,True,2022,佛山市顺德区江滔塑料电器有限公司,佛环0304环审【2022】第0019号
E:\软件\2023-2026年顺德批复文件\2022_佛环0304环审【2022】第0020号  佛山市生态环境局关于佛山市顺德区德汇美贸易有限公司新建项目环境影响报告表的批复.pdf,2022_佛环0304环审【2022】第0020号  佛山市生态环境局关于佛山市顺德区德汇美贸易有限公司新建项目环境影响报告表的批复.pdf,0.14,True,2022,佛山市顺德区德汇美贸易有限公司,佛环0304环审【2022】第0020号
E:\软件\2023-2026年顺德批复文件\2022_佛环0304环审〔2022〕100号  佛山市生态环境局关于佛山市彬翔橡塑科技有限公司新建项目环境影响报告表的批复.pdf,2022_佛环0304环审〔2022〕100号  佛山市生态环境局关于佛山市彬翔橡塑科技有限公司新建项目环境影响报告表的批复.pdf,0.11,True,2022,佛山市彬翔橡塑科技有限公司,佛环0304环审〔2022〕100号
E:\软件\2023-2026年顺德批复文件\2022_佛环0304环审〔2022〕101号  佛山市生态环境局关于佛山市顺德区利智达塑料厂新建项目环境影响报告表的批复.pdf,2022_佛环0304环审〔2022〕101号  佛山市生态环境局关于佛山市顺德区利智达塑料厂新建项目环境影响报告表的批复.pdf,0.11,True,2022,佛山市顺德区利智达塑料厂,佛环0304环审〔2022〕101号
E:\软件\2023-2026年顺德批复文件\2022_佛环0304环审〔2022〕102号  佛山市生态环境局关于佛山市鸿宇电子科技有限公司新建项目环境影响报告表的批复.pdf,2022_佛环0304环审〔2022〕102号  佛山市生态环境局关于佛山市鸿宇电子科技有限公司新建项目环境影响报告表的批复.pdf,0.1,True,2022,佛山市鸿宇电子科技有限公司,佛环0304环审〔2022〕102号
E:\软件\2023-2026年顺德批复文件\2022_佛环0304环审〔2022〕104号__佛山市生态环境局关于佛山市博彩东鑫五金有限公司新建项目环境影响报告表的批复.pdf,2022_佛环0304环审〔2022〕104号__佛山市生态环境局关于佛山市博彩东鑫五金有限公司新建项目环境影响报告表的批复.pdf,0.1,True,2022,佛山市博彩东鑫五金有限公司,佛环0304环审〔2022〕104号__佛山
E:\软件\2023-2026年顺德批复文件\2022_佛环0304环审〔2022〕105号  佛山市生态环境局关于佛山市巨锋印刷有限公司新建项目环境影响报告表的批复.pdf,2022_佛环0304环审〔2022〕105号  佛山市生态环境局关于佛山市巨锋印刷有限公司新建项目环境影响报告表的批复.pdf,0.11,True,2022,佛山市巨锋印刷有限公司,佛环0304环审〔2022〕105号
E:\软件\2023-2026年顺德批复文件\2022_佛环0304环审〔2022〕106号  佛山市生态环境局关于佛山市品好佳新材料科技有限公司迁建项目环境影响报告表的批复.pdf,2022_佛环0304环审〔2022〕106号  佛山市生态环境局关于佛山市品好佳新材料科技有限公司迁建项目环境影响报告表的批复.pdf,0.11,True,2022,佛山市品好佳新材料科技有限公司,佛环0304环审〔2022〕106号
E:\软件\2023-2026年顺德批复文件\2022_佛环0304环审〔2022〕107号  佛山市生态环境局关于佛山市顺德区明塑达五金有限公司新建项目环境影响报告表的批复.pdf,2022_佛环0304环审〔2022〕107号  佛山市生态环境局关于佛山市顺德区明塑达五金有限公司新建项目环境影响报告表的批复.pdf,0.11,True,2022,佛山市顺德区明塑达五金有限公司,佛环0304环审〔2022〕107号
E:\软件\2023-2026年顺德批复文件\2022_佛环0304环审〔2022〕108号__佛山市生态环境局关于佛山市矽利方科技有限公司扩建项目环境影响报告表的批复.pdf,2022_佛环0304环审〔2022〕108号__佛山市生态环境局关于佛山市矽利方科技有限公司扩建项目环境影响报告表的批复.pdf,0.11,True,2022,佛山市矽利方科技有限公司,佛环0304环审〔2022〕108号__佛山
E:\软件\2023-2026年顺德批复文件\2022_佛环0304环审〔2022〕109号  佛山市生态环境局关于佛山市顺德区讯阳鞋业有限公司新建项目环境影响报告表的批复.pdf,2022_佛环0304环审〔2022〕109号  佛山市生态环境局关于佛山市顺德区讯阳鞋业有限公司新建项目环境影响报告表的批复.pdf,0.13,True,2022,佛山市顺德区讯阳鞋业有限公司,佛环0304环审〔2022〕109号
E:\软件\2023-2026年顺德批复文件\2022_佛环0304环审〔2022〕110号  佛山市生态环境局关于佛山市科塑电子有限公司新建项目环境影响报告表的批复.pdf,2022_佛环0304环审〔2022〕110号  佛山市生态环境局关于佛山市科塑电子有限公司新建项目环境影响报告表的批复.pdf,0.14,True,2022,佛山市科塑电子有限公司,佛环0304环审〔2022〕110号
E:\软件\2023-2026年顺德批复文件\2022_佛环0304环审〔2022〕111号  佛山市生态环境局关于佛山市顺德区同芊塑胶五金制品有限公司迁扩建项目环境影响报告表的批复.pdf,2022_佛环0304环审〔2022〕111号  佛山市生态环境局关于佛山市顺德区同芊塑胶五金制品有限公司迁扩建项目环境影响报告表的批复.pdf,0.11,True,2022,佛山市顺德区同芊塑胶五金制品有限公司迁,佛环0304环审〔2022〕111号
E:\软件\2023-2026年顺德批复文件\2022_佛环0304环审〔2022〕112号  佛山市生态环境局关于广东顺德四格机电有限公司迁改扩建项目环境影响报告表的批复.pdf,2022_佛环0304环审〔2022〕112号  佛山市生态环境局关于广东顺德四格机电有限公司迁改扩建项目环境影响报告表的批复.pdf,0.11,True,2022,广东顺德四格机电有限公司迁改,佛环0304环审〔2022〕112号
E:\软件\2023-2026年顺德批复文件\2022_佛环0304环审〔2022〕113号  佛山市生态环境局关于佛山市顺德区勒流幸田金属制品厂年产缓冲器9600万套、反弹器100万套新建项目环境影响报告表的批复1.pdf,2022_佛环0304环审〔2022〕113号  佛山市生态环境局关于佛山市顺德区勒流幸田金属制品厂年产缓冲器9600万套、反弹器100万套新建项目环境影响报告表的批复1.pdf,0.11,True,2022,佛山市顺德区勒流幸田金属制品厂年产缓冲器9600万套、反弹器100万套,佛环0304环审〔2022〕113号
E:\软件\2023-2026年顺德批复文件\2022_佛环0304环审〔2022〕114号  佛山市生态环境局关于佛山市顺德区艾克色新材料有限公司迁扩建项目环境影响报告表的批复.pdf,2022_佛环0304环审〔2022〕114号  佛山市生态环境局关于佛山市顺德区艾克色新材料有限公司迁扩建项目环境影响报告表的批复.pdf,0.12,True,2022,佛山市顺德区艾克色新材料有限公司迁,佛环0304环审〔2022〕114号
E:\软件\2023-2026年顺德批复文件\2022_佛环0304环审〔2022〕115号  佛山市生态环境局关于佛山市顺德区云兴印刷有限公司新建项目环境影响报告表的批复.pdf,2022_佛环0304环审〔2022〕115号  佛山市生态环境局关于佛山市顺德区云兴印刷有限公司新建项目环境影响报告表的批复.pdf,0.11,True,2022,佛山市顺德区云兴印刷有限公司,佛环0304环审〔2022〕115号
E:\软件\2023-2026年顺德批复文件\2022_佛环0304环审〔2022〕116号  佛山市生态环境局关于佛山市顺德区新盈辉塑料制品厂新建项目环境影响报告表的批复.pdf,2022_佛环0304环审〔2022〕116号  佛山市生态环境局关于佛山市顺德区新盈辉塑料制品厂新建项目环境影响报告表的批复.pdf,0.11,True,2022,佛山市顺德区新盈辉塑料制品厂,佛环0304环审〔2022〕116号
E:\软件\2023-2026年顺德批复文件\2022_佛环0304环审〔2022〕117号__佛山市生态环境局关于广东灏锦新材料科技有限公司新建项目环境影响报告表的批复.pdf,2022_佛环0304环审〔2022〕117号__佛山市生态环境局关于广东灏锦新材料科技有限公司新建项目环境影响报告表的批复.pdf,0.11,True,2022,广东灏锦新材料科技有限公司,佛环0304环审〔2022〕117号__佛山
E:\软件\2023-2026年顺德批复文件\2022_佛环0304环审〔2022〕118号__佛山市生态环境局关于佛山市顺德区佳晋力五金有限公司新建项目环境影响报告表的批复.pdf,2022_佛环0304环审〔2022〕118号__佛山市生态环境局关于佛山市顺德区佳晋力五金有限公司新建项目环境影响报告表的批复.pdf,0.11,True,2022,佛山市顺德区佳晋力五金有限公司,佛环0304环审〔2022〕118号__佛山
E:\软件\2023-2026年顺德批复文件\2022_佛环0304环审〔2022〕121号__佛山市生态环境局关于佛山双华辉新材料科技有限公司新建项目环境影响报告表的批复.pdf,2022_佛环0304环审〔2022〕121号__佛山市生态环境局关于佛山双华辉新材料科技有限公司新建项目环境影响报告表的批复.pdf,0.11,True,2022,佛山双华辉新材料科技有限公司,佛环0304环审〔2022〕121号__佛山
E:\软件\2023-2026年顺德批复文件\2022_佛环0304环审〔2022〕122号__佛山市生态环境局关于佛山市富润亿新材料有限公司新建项目环境影响报告表的批复.pdf,2022_佛环0304环审〔2022〕122号__佛山市生态环境局关于佛山市富润亿新材料有限公司新建项目环境影响报告表的批复.pdf,0.11,True,2022,佛山市富润亿新材料有限公司,佛环0304环审〔2022〕122号__佛山
E:\软件\2023-2026年顺德批复文件\2022_佛环0304环审〔2022〕123号__佛山市生态环境局关于佛山市瑞顺沣科技有限公司迁扩建项目环境影响报告表的批复.pdf,2022_佛环0304环审〔2022〕123号__佛山市生态环境局关于佛山市瑞顺沣科技有限公司迁扩建项目环境影响报告表的批复.pdf,0.11,True,2022,佛山市瑞顺沣科技有限公司迁,佛环0304环审〔2022〕123号__佛山
E:\软件\2023-2026年顺德批复文件\2022_佛环0304环审〔2022〕124号__佛山市生态环境局关于斯特华（佛山）磁材有限公司扩建项目环境影响报告表的批复.pdf,2022_佛环0304环审〔2022〕124号__佛山市生态环境局关于斯特华（佛山）磁材有限公司扩建项目环境影响报告表的批复.pdf,0.15,True,2022,斯特华（佛山）磁材有限公司,佛环0304环审〔2022〕124号__佛山
E:\软件\2023-2026年顺德批复文件\2022_佛环0304环审〔2022〕125号__佛山市生态环境局关于佛山胜德利橡塑科技有限公司新建项目环境影响报告表的批复.pdf,2022_佛环0304环审〔2022〕125号__佛山市生态环境局关于佛山胜德利橡塑科技有限公司新建项目环境影响报告表的批复.pdf,0.11,True,2022,佛山胜德利橡塑科技有限公司,佛环0304环审〔2022〕125号__佛山
E:\软件\2023-2026年顺德批复文件\2022_佛环0304环审〔2022〕126号__佛山市生态环境局关于广东图特家居科技股份有限公司扩建项目环境影响报告表的批复.pdf,2022_佛环0304环审〔2022〕126号__佛山市生态环境局关于广东图特家居科技股份有限公司扩建项目环境影响报告表的批复.pdf,0.11,True,2022,广东图特家居科技股份有限公司,佛环0304环审〔2022〕126号__佛山
E:\软件\2023-2026年顺德批复文件\2022_佛环0304环审〔2022〕131号__佛山市生态环境局关于佛山市顺德区伟锋电器科技有限公司建设项目环境影响报告表的批复.pdf,2022_佛环0304环审〔2022〕131号__佛山市生态环境局关于佛山市顺德区伟锋电器科技有限公司建设项目环境影响报告表的批复.pdf,0.1,True,2022,佛山市顺德区伟锋电器科技有限公司,佛环0304环审〔2022〕131号__佛山
E:\软件\2023-2026年顺德批复文件\2022_佛环0304环审〔2022〕132号  佛山市生态环境局关于佛山市顺德区皓乾电子制品有限公司新建项目环境影响报告表的批复.pdf,2022_佛环0304环审〔2022〕132号  佛山市生态环境局关于佛山市顺德区皓乾电子制品有限公司新建项目环境影响报告表的批复.pdf,0.11,True,2022,佛山市顺德区皓乾电子制品有限公司,佛环0304环审〔2022〕132号
E:\软件\2023-2026年顺德批复文件\2022_佛环0304环审〔2022〕133号  佛山市生态环境局关于佛山市宇明新能源开发有限公司年产生物质颗粒6万吨新建项目环境影响报告表的批复.pdf,2022_佛环0304环审〔2022〕133号  佛山市生态环境局关于佛山市宇明新能源开发有限公司年产生物质颗粒6万吨新建项目环境影响报告表的批复.pdf,0.1,True,2022,佛山市宇明新能源开发有限公司年产生物质颗粒6万吨,佛环0304环审〔2022〕133号
E:\软件\2023-2026年顺德批复文件\2022_佛环0304环审〔2022〕134号  佛山市生态环境局关于广东顺德新复大生物科技有限公司迁扩建项目环境影响报告表的批复.pdf,2022_佛环0304环审〔2022〕134号  佛山市生态环境局关于广东顺德新复大生物科技有限公司迁扩建项目环境影响报告表的批复.pdf,0.1,True,2022,广东顺德新复大生物科技有限公司迁,佛环0304环审〔2022〕134号
E:\软件\2023-2026年顺德批复文件\2022_佛环0304环审〔2022〕135号  佛山市生态环境局关于广东锦力电器有限公司A厂区新建项目环境影响报告表的批复.pdf,2022_佛环0304环审〔2022〕135号  佛山市生态环境局关于广东锦力电器有限公司A厂区新建项目环境影响报告表的批复.pdf,0.11,True,2022,广东锦力电器有限公司A厂区,佛环0304环审〔2022〕135号
E:\软件\2023-2026年顺德批复文件\2022_佛环0304环审〔2022〕76号  佛山市生态环境局关于佛山市嵘禄五金塑料制品有限公司新建项目环境影响报告表的批复.pdf,2022_佛环0304环审〔2022〕76号  佛山市生态环境局关于佛山市嵘禄五金塑料制品有限公司新建项目环境影响报告表的批复.pdf,0.15,True,2022,佛山市嵘禄五金塑料制品有限公司,佛环0304环审〔2022〕76号
E:\软件\2023-2026年顺德批复文件\2022_佛环0304环审〔2022〕77号  佛山市生态环境局关于佛山市顺德区捷和电线制造有限公司新建项目环境影响报告表的批复.pdf,2022_佛环0304环审〔2022〕77号  佛山市生态环境局关于佛山市顺德区捷和电线制造有限公司新建项目环境影响报告表的批复.pdf,0.14,True,2022,佛山市顺德区捷和电线制造有限公司,佛环0304环审〔2022〕77号
E:\软件\2023-2026年顺德批复文件\2022_佛环0304环审〔2022〕78号  佛山市生态环境局关于广东建业电缆有限公司改扩建项目（重新报批）环境影响报告表的批复.pdf,2022_佛环0304环审〔2022〕78号  佛山市生态环境局关于广东建业电缆有限公司改扩建项目（重新报批）环境影响报告表的批复.pdf,0.14,True,2022,广东建业电缆有限公司改,佛环0304环审〔2022〕78号
E:\软件\2023-2026年顺德批复文件\2022_佛环0304环审〔2022〕79号  佛山市生态环境局关于佛山市顺德区万紫千红装饰材料有限公司迁扩建项目环境影响评价报告表的批复.pdf,2022_佛环0304环审〔2022〕79号  佛山市生态环境局关于佛山市顺德区万紫千红装饰材料有限公司迁扩建项目环境影响评价报告表的批复.pdf,0.18,True,2022,佛山市顺德区万紫千红装饰材料有限公司迁,佛环0304环审〔2022〕79号
E:\软件\2023-2026年顺德批复文件\2022_佛环0304环审〔2022〕80号  佛山市生态环境局关于佛山市城铭塑料有限公司搬迁项目环境影响报告表的批复.pdf,2022_佛环0304环审〔2022〕80号  佛山市生态环境局关于佛山市城铭塑料有限公司搬迁项目环境影响报告表的批复.pdf,0.15,True,2022,,佛环0304环审〔2022〕80号
E:\软件\2023-2026年顺德批复文件\2022_佛环0304环审〔2022〕81号  佛山市生态环境局关于佛山市智贸包装有限公司搬迁改扩建项目环境影响报告表的批复.pdf,2022_佛环0304环审〔2022〕81号  佛山市生态环境局关于佛山市智贸包装有限公司搬迁改扩建项目环境影响报告表的批复.pdf,0.13,True,2022,佛山市智贸包装有限公司搬迁改,佛环0304环审〔2022〕81号
E:\软件\2023-2026年顺德批复文件\2022_佛环0304环审〔2022〕82号  佛山市生态环境局关于佛山市顺德区锦莠包装制品有限公司扩建项目环境影响报告表的批复.pdf,2022_佛环0304环审〔2022〕82号  佛山市生态环境局关于佛山市顺德区锦莠包装制品有限公司扩建项目环境影响报告表的批复.pdf,0.15,True,2022,佛山市顺德区锦莠包装制品有限公司,佛环0304环审〔2022〕82号
E:\软件\2023-2026年顺德批复文件\2022_佛环0304环审〔2022〕83号  佛山市生态环境局关于佛山市顺德区俊曜塑料制品店年产户外椅塑料配件10万套、水帘网500㎡新建项目环境影响报告表的批复.pdf,2022_佛环0304环审〔2022〕83号  佛山市生态环境局关于佛山市顺德区俊曜塑料制品店年产户外椅塑料配件10万套、水帘网500㎡新建项目环境影响报告表的批复.pdf,0.05,True,2022,佛山市顺德区俊曜塑料制品店年产户外椅塑料配件10万套、水帘网500㎡,佛环0304环审〔2022〕83号
E:\软件\2023-2026年顺德批复文件\2022_佛环0304环审〔2022〕84号  佛山市生态环境局关于佛山市朗顿电器有限公司新建项目环境影响报告表的批复.pdf,2022_佛环0304环审〔2022〕84号  佛山市生态环境局关于佛山市朗顿电器有限公司新建项目环境影响报告表的批复.pdf,0.05,True,2022,佛山市朗顿电器有限公司,佛环0304环审〔2022〕84号
E:\软件\2023-2026年顺德批复文件\2022_佛环0304环审〔2022〕85号  佛山市生态环境局关于佛山市致成新材料科技有限公司新建项目环境影响报告表的批复.pdf,2022_佛环0304环审〔2022〕85号  佛山市生态环境局关于佛山市致成新材料科技有限公司新建项目环境影响报告表的批复.pdf,0.15,True,2022,佛山市致成新材料科技有限公司,佛环0304环审〔2022〕85号
E:\软件\2023-2026年顺德批复文件\2022_佛环0304环审〔2022〕86号__佛山市生态环境局关于佛山市顺德区浩腾鸿图电器有限公司新建项目环境影响报告表的批复.pdf,2022_佛环0304环审〔2022〕86号__佛山市生态环境局关于佛山市顺德区浩腾鸿图电器有限公司新建项目环境影响报告表的批复.pdf,0.05,True,2022,佛山市顺德区浩腾鸿图电器有限公司,佛环0304环审〔2022〕86号__佛山市
E:\软件\2023-2026年顺德批复文件\2022_佛环0304环审〔2022〕92号  佛山市生态环境局关于佛山市鑫骏艺模具有限公司新建项目环境影响报告表的批复.pdf,2022_佛环0304环审〔2022〕92号  佛山市生态环境局关于佛山市鑫骏艺模具有限公司新建项目环境影响报告表的批复.pdf,0.11,True,2022,佛山市鑫骏艺模具有限公司,佛环0304环审〔2022〕92号
E:\软件\2023-2026年顺德批复文件\2022_佛环0304环审〔2022〕93号__佛山市生态环境局关于佛山市顺德区勒流镇福永彩印厂迁扩建项目环境影响报告表的批复.pdf,2022_佛环0304环审〔2022〕93号__佛山市生态环境局关于佛山市顺德区勒流镇福永彩印厂迁扩建项目环境影响报告表的批复.pdf,0.13,True,2022,佛山市顺德区勒流镇福永彩印厂迁,佛环0304环审〔2022〕93号__佛山市
E:\软件\2023-2026年顺德批复文件\2022_佛环0304环审〔2022〕94号  佛山市生态环境局关于佛山市顺德区品智达智能家居有限公司年产电线塑料盒200万个新建项目环境影响报告表的批复.pdf,2022_佛环0304环审〔2022〕94号  佛山市生态环境局关于佛山市顺德区品智达智能家居有限公司年产电线塑料盒200万个新建项目环境影响报告表的批复.pdf,0.09,True,2022,佛山市顺德区品智达智能家居有限公司年产电线塑料盒200万个,佛环0304环审〔2022〕94号
E:\软件\2023-2026年顺德批复文件\2022_佛环0304环审〔2022〕95号  佛山市生态环境局关于佛山市顺德区壹致印刷有限公司搬迁扩建项目环境影响报告表的批复.pdf,2022_佛环0304环审〔2022〕95号  佛山市生态环境局关于佛山市顺德区壹致印刷有限公司搬迁扩建项目环境影响报告表的批复.pdf,0.11,True,2022,佛山市顺德区壹致印刷有限公司搬迁,佛环0304环审〔2022〕95号
E:\软件\2023-2026年顺德批复文件\2022_佛环0304环审〔2022〕96号  佛山市生态环境局关于广东顺德舜致塑胶五金制品有限公司新建项目环境影响报告表的批复.pdf,2022_佛环0304环审〔2022〕96号  佛山市生态环境局关于广东顺德舜致塑胶五金制品有限公司新建项目环境影响报告表的批复.pdf,0.1,True,2022,广东顺德舜致塑胶五金制品有限公司,佛环0304环审〔2022〕96号
E:\软件\2023-2026年顺德批复文件\2022_佛环0304环审〔2022〕97号  佛山市生态环境局关于广东椿岛电控科技有限公司佛山市第一分公司新建项目环境影响报告表的批复.pdf,2022_佛环0304环审〔2022〕97号  佛山市生态环境局关于广东椿岛电控科技有限公司佛山市第一分公司新建项目环境影响报告表的批复.pdf,0.1,True,2022,广东椿岛电控科技有限公司佛山市第一分公司,佛环0304环审〔2022〕97号
E:\软件\2023-2026年顺德批复文件\2022_佛环0304环审〔2022〕98号  佛山市生态环境局关于佛山市顺德区爱宝乐鞋业有限公司新建项目环境影响报告表的批复.pdf,2022_佛环0304环审〔2022〕98号  佛山市生态环境局关于佛山市顺德区爱宝乐鞋业有限公司新建项目环境影响报告表的批复.pdf,0.11,True,2022,佛山市顺德区爱宝乐鞋业有限公司,佛环0304环审〔2022〕98号
E:\软件\2023-2026年顺德批复文件\2022_佛环0304环审〔2022〕99号  佛山市生态环境局关于佛山市顺德区钜瑝精密五金制造有限公司迁扩建项目环境影响报告表的批复.pdf,2022_佛环0304环审〔2022〕99号  佛山市生态环境局关于佛山市顺德区钜瑝精密五金制造有限公司迁扩建项目环境影响报告表的批复.pdf,0.13,True,2022,佛山市顺德区钜瑝精密五金制造有限公司迁,佛环0304环审〔2022〕99号
E:\软件\2023-2026年顺德批复文件\2022_佛环0304环审〔2022〕第0022号 佛山市生态环境局关于佛山市顺德区欧佩家五金制品有限公司年产接线盒100万只新建项目环境影响报告表的批复.pdf,2022_佛环0304环审〔2022〕第0022号 佛山市生态环境局关于佛山市顺德区欧佩家五金制品有限公司年产接线盒100万只新建项目环境影响报告表的批复.pdf,0.16,True,2022,佛山市顺德区欧佩家五金制品有限公司年产接线盒100万只,佛环0304环审〔2022〕第0022号
E:\软件\2023-2026年顺德批复文件\2022_佛环0304环审〔2022〕第0023号 佛山市生态环境局关于佛山市爱高菲环保设备科技有限公司迁扩建项目环境影响报告表的批复.pdf,2022_佛环0304环审〔2022〕第0023号 佛山市生态环境局关于佛山市爱高菲环保设备科技有限公司迁扩建项目环境影响报告表的批复.pdf,0.15,True,2022,佛山市爱高菲环保设备科技有限公司迁,佛环0304环审〔2022〕第0023号
E:\软件\2023-2026年顺德批复文件\2022_佛环0304环审〔2022〕第0027号  佛山市生态环境局关于佛山市顺德区聚彩包装厂年产纸箱120万个新建项目环境影响报告表的批复.pdf,2022_佛环0304环审〔2022〕第0027号  佛山市生态环境局关于佛山市顺德区聚彩包装厂年产纸箱120万个新建项目环境影响报告表的批复.pdf,0.15,True,2022,佛山市顺德区聚彩包装厂年产纸箱120万个,佛环0304环审〔2022〕第0027号
E:\软件\2023-2026年顺德批复文件\2022_佛环0304环审〔2022〕第0028号  佛山市生态环境局关于佛山市顺德区速注塑料五金制品有限公司新建项目环境影响报告表的批复.pdf,2022_佛环0304环审〔2022〕第0028号  佛山市生态环境局关于佛山市顺德区速注塑料五金制品有限公司新建项目环境影响报告表的批复.pdf,0.15,True,2022,佛山市顺德区速注塑料五金制品有限公司,佛环0304环审〔2022〕第0028号
E:\软件\2023-2026年顺德批复文件\2022_佛环0304环审〔2022〕第0029号  佛山市生态环境局关于佛山市悦有电气有限公司新建项目环境影响报告表的批复.pdf,2022_佛环0304环审〔2022〕第0029号  佛山市生态环境局关于佛山市悦有电气有限公司新建项目环境影响报告表的批复.pdf,0.17,True,2022,佛山市悦有电气有限公司,佛环0304环审〔2022〕第0029号
E:\软件\2023-2026年顺德批复文件\2022_佛环0304环审〔2022〕第0034号 佛山市生态环境局关于佛山市伯瑞特塑业有限公司新建项目环境影响报告表的批复.pdf,2022_佛环0304环审〔2022〕第0034号 佛山市生态环境局关于佛山市伯瑞特塑业有限公司新建项目环境影响报告表的批复.pdf,0.14,True,2022,佛山市伯瑞特塑业有限公司,佛环0304环审〔2022〕第0034号
E:\软件\2023-2026年顺德批复文件\2022_佛环0304环审〔2022〕第0035号  佛山市生态环境局关于佛山市迈千橡胶制品有限公司新建项目环境影响报告表的批复.pdf,2022_佛环0304环审〔2022〕第0035号  佛山市生态环境局关于佛山市迈千橡胶制品有限公司新建项目环境影响报告表的批复.pdf,0.14,True,2022,佛山市迈千橡胶制品有限公司,佛环0304环审〔2022〕第0035号
E:\软件\2023-2026年顺德批复文件\2022_佛环0304环审〔2022〕第0036号  佛山市生态环境局关于佛山市颐畅智能科技有限公司新建项目环境影响报告表的批复.pdf,2022_佛环0304环审〔2022〕第0036号  佛山市生态环境局关于佛山市颐畅智能科技有限公司新建项目环境影响报告表的批复.pdf,0.14,True,2022,佛山市颐畅智能科技有限公司,佛环0304环审〔2022〕第0036号
E:\软件\2023-2026年顺德批复文件\2022_佛环0304环审〔2022〕第0037号  佛山市生态环境局关于佛山市奥特龙新材料有限公司年产电器塑料配件200万套新建项目环境影响报告表的批复.pdf,2022_佛环0304环审〔2022〕第0037号  佛山市生态环境局关于佛山市奥特龙新材料有限公司年产电器塑料配件200万套新建项目环境影响报告表的批复.pdf,0.05,True,2022,佛山市奥特龙新材料有限公司年产电器塑料配件200万套,佛环0304环审〔2022〕第0037号
E:\软件\2023-2026年顺德批复文件\2022_佛环0304环审〔2022〕第0038号  佛山市生态环境局关于佛山市顺德区长莱密封新材料有限公司新建项目环境影响报告表的批复.pdf,2022_佛环0304环审〔2022〕第0038号  佛山市生态环境局关于佛山市顺德区长莱密封新材料有限公司新建项目环境影响报告表的批复.pdf,0.18,True,2022,佛山市顺德区长莱密封新材料有限公司,佛环0304环审〔2022〕第0038号
E:\软件\2023-2026年顺德批复文件\2022_佛环0304环审〔2022〕第0040号  佛山市生态环境局关于佛山市顺德区勒流德田塑料制品厂新建项目环境影响报告表的批复.pdf,2022_佛环0304环审〔2022〕第0040号  佛山市生态环境局关于佛山市顺德区勒流德田塑料制品厂新建项目环境影响报告表的批复.pdf,0.16,True,2022,佛山市顺德区勒流德田塑料制品厂,佛环0304环审〔2022〕第0040号
E:\软件\2023-2026年顺德批复文件\2022_佛环0304环审〔2022〕第0041号  佛山市生态环境局关于佛山市友铸精密科技有限公司年产铝压铸件500吨、模具10套新建项目环境影响评价的批复.pdf,2022_佛环0304环审〔2022〕第0041号  佛山市生态环境局关于佛山市友铸精密科技有限公司年产铝压铸件500吨、模具10套新建项目环境影响评价的批复.pdf,0.16,True,2022,佛山市友铸精密科技有限公司年产铝压铸件500吨、模具10套,佛环0304环审〔2022〕第0041号
E:\软件\2023-2026年顺德批复文件\2022_佛环0304环审〔2022〕第0042号  佛山市生态环境局关于佛山市凡粤塑木制品有限公司迁扩建项目环境影响报告表的批复.pdf,2022_佛环0304环审〔2022〕第0042号  佛山市生态环境局关于佛山市凡粤塑木制品有限公司迁扩建项目环境影响报告表的批复.pdf,0.15,True,2022,佛山市凡粤塑木制品有限公司迁,佛环0304环审〔2022〕第0042号
E:\软件\2023-2026年顺德批复文件\2022_佛环0304环审〔2022〕第0043号  佛山市生态环境局关于佛山市顺德区凯森特塑料制品有限公司年产1400吨PS塑料板迁扩建项目环境影响报告表的批复.pdf,2022_佛环0304环审〔2022〕第0043号  佛山市生态环境局关于佛山市顺德区凯森特塑料制品有限公司年产1400吨PS塑料板迁扩建项目环境影响报告表的批复.pdf,0.05,True,2022,佛山市顺德区凯森特塑料制品有限公司年产1400吨PS塑料板迁,佛环0304环审〔2022〕第0043号
E:\软件\2023-2026年顺德批复文件\2022_佛环0304环审〔2022〕第0044号  佛山市生态环境局关于佛山市顺德区美和智能电器有限公司年产开关插座160万只新建项目环境影响报告表的批复.pdf,2022_佛环0304环审〔2022〕第0044号  佛山市生态环境局关于佛山市顺德区美和智能电器有限公司年产开关插座160万只新建项目环境影响报告表的批复.pdf,0.05,True,2022,佛山市顺德区美和智能电器有限公司年产开关插座160万只,佛环0304环审〔2022〕第0044号
E:\软件\2023-2026年顺德批复文件\2022_佛环0304环审〔2022〕第0045号  佛山市生态环境局关于佛山市燊一荣包装印刷有限公司新建项目环境影响报告表的批复.pdf,2022_佛环0304环审〔2022〕第0045号  佛山市生态环境局关于佛山市燊一荣包装印刷有限公司新建项目环境影响报告表的批复.pdf,0.15,True,2022,佛山市燊一荣包装印刷有限公司,佛环0304环审〔2022〕第0045号
E:\软件\2023-2026年顺德批复文件\2022_佛环0304环审〔2022〕第0046号  佛山市生态环境局关于佛山市祥汇塑胶模具有限公司迁扩建项目环境影响报告表的批复.pdf,2022_佛环0304环审〔2022〕第0046号  佛山市生态环境局关于佛山市祥汇塑胶模具有限公司迁扩建项目环境影响报告表的批复.pdf,0.14,True,2022,佛山市祥汇塑胶模具有限公司迁,佛环0304环审〔2022〕第0046号
E:\软件\2023-2026年顺德批复文件\2022_佛环0304环审〔2022〕第0047号  佛山市生态环境局关于佛山市东之博塑料制品有限公司迁扩建项目环境影响报告表的批复.pdf,2022_佛环0304环审〔2022〕第0047号  佛山市生态环境局关于佛山市东之博塑料制品有限公司迁扩建项目环境影响报告表的批复.pdf,0.16,True,2022,佛山市东之博塑料制品有限公司迁,佛环0304环审〔2022〕第0047号
E:\软件\2023-2026年顺德批复文件\2022_佛环0304环审〔2022〕第0048号  佛山市生态环境局关于佛山市顺德区科昂科技有限公司新建项目环境影响报告表的批复.pdf,2022_佛环0304环审〔2022〕第0048号  佛山市生态环境局关于佛山市顺德区科昂科技有限公司新建项目环境影响报告表的批复.pdf,0.14,True,2022,佛山市顺德区科昂科技有限公司,佛环0304环审〔2022〕第0048号
E:\软件\2023-2026年顺德批复文件\2022_佛环0304环审〔2022〕第0049号  佛山市生态环境局关于佛山市鑫之塑塑料制品有限公司新建项目环境影响报告表的批复.pdf,2022_佛环0304环审〔2022〕第0049号  佛山市生态环境局关于佛山市鑫之塑塑料制品有限公司新建项目环境影响报告表的批复.pdf,0.14,True,2022,佛山市鑫之塑塑料制品有限公司,佛环0304环审〔2022〕第0049号
E:\软件\2023-2026年顺德批复文件\2022_佛环0304环审〔2022〕第0050号  佛山市生态环境局关于佛山市顺德区泰合宝和新型材料有限公司新建项目环境影响报告表的批复.pdf,2022_佛环0304环审〔2022〕第0050号  佛山市生态环境局关于佛山市顺德区泰合宝和新型材料有限公司新建项目环境影响报告表的批复.pdf,0.16,True,2022,佛山市顺德区泰合宝和新型材料有限公司,佛环0304环审〔2022〕第0050号
E:\软件\2023-2026年顺德批复文件\2022_佛环0304环审〔2022〕第0051号  佛山市生态环境局关于佛山市鲲顺塑料有限公司新建项目环境影响报告表的批复.pdf,2022_佛环0304环审〔2022〕第0051号  佛山市生态环境局关于佛山市鲲顺塑料有限公司新建项目环境影响报告表的批复.pdf,0.16,True,2022,佛山市鲲顺塑料有限公司,佛环0304环审〔2022〕第0051号
E:\软件\2023-2026年顺德批复文件\2022_佛环0304环审〔2022〕第0052号  佛山市生态环境局关于广东新宝电器股份有限公司D25号车间新建项目环境影响报告表的批复.pdf,2022_佛环0304环审〔2022〕第0052号  佛山市生态环境局关于广东新宝电器股份有限公司D25号车间新建项目环境影响报告表的批复.pdf,0.18,True,2022,广东新宝电器股份有限公司D25号车间,佛环0304环审〔2022〕第0052号
E:\软件\2023-2026年顺德批复文件\2022_佛环0304环审〔2022〕第0053号  佛山市生态环境局关于广东汇邦新材料有限公司年产水性涂料2000吨新建项目环境影响报告表的批复.pdf,2022_佛环0304环审〔2022〕第0053号  佛山市生态环境局关于广东汇邦新材料有限公司年产水性涂料2000吨新建项目环境影响报告表的批复.pdf,0.16,True,2022,广东汇邦新材料有限公司年产水性涂料2000吨,佛环0304环审〔2022〕第0053号
E:\软件\2023-2026年顺德批复文件\2022_佛环0304环审〔2022〕第0054号  佛山市生态环境局关于佛山市弘的包装印刷有限公司新建项目环境影响报告表的批复.pdf,2022_佛环0304环审〔2022〕第0054号  佛山市生态环境局关于佛山市弘的包装印刷有限公司新建项目环境影响报告表的批复.pdf,0.14,True,2022,佛山市弘的包装印刷有限公司,佛环0304环审〔2022〕第0054号
E:\软件\2023-2026年顺德批复文件\2022_佛环0304环审〔2022〕第0055号  佛山市生态环境局关于佛山市腾誉塑料制品有限公司新建项目环境影响报告表的批复.pdf,2022_佛环0304环审〔2022〕第0055号  佛山市生态环境局关于佛山市腾誉塑料制品有限公司新建项目环境影响报告表的批复.pdf,0.15,True,2022,佛山市腾誉塑料制品有限公司,佛环0304环审〔2022〕第0055号
E:\软件\2023-2026年顺德批复文件\2022_佛环0304环审〔2022〕第0056号  佛山市生态环境局关于佛山市合创亿新材料科技有限公司新建项目环境影响报告表的批复.pdf,2022_佛环0304环审〔2022〕第0056号  佛山市生态环境局关于佛山市合创亿新材料科技有限公司新建项目环境影响报告表的批复.pdf,0.05,True,2022,佛山市合创亿新材料科技有限公司,佛环0304环审〔2022〕第0056号
E:\软件\2023-2026年顺德批复文件\2022_佛环0304环审〔2022〕第0057号  佛山市生态环境局关于佛山市得瑞五金电器有限公司新建项目环境影响报告表的批复.pdf,2022_佛环0304环审〔2022〕第0057号  佛山市生态环境局关于佛山市得瑞五金电器有限公司新建项目环境影响报告表的批复.pdf,0.05,True,2022,佛山市得瑞五金电器有限公司,佛环0304环审〔2022〕第0057号
E:\软件\2023-2026年顺德批复文件\2022_佛环0304环审〔2022〕第0058号  佛山市生态环境局关于佛山市顺德区溢塑塑料五金制品有限公司新建项目环境影响报告表的批复.pdf,2022_佛环0304环审〔2022〕第0058号  佛山市生态环境局关于佛山市顺德区溢塑塑料五金制品有限公司新建项目环境影响报告表的批复.pdf,0.05,True,2022,佛山市顺德区溢塑塑料五金制品有限公司,佛环0304环审〔2022〕第0058号
E:\软件\2023-2026年顺德批复文件\2022_佛环0304环审〔2022〕第0059号  佛山市生态环境局关于佛山市顺德区勒流得富文具厂新建项目环境影响报告表的批复.pdf,2022_佛环0304环审〔2022〕第0059号  佛山市生态环境局关于佛山市顺德区勒流得富文具厂新建项目环境影响报告表的批复.pdf,0.17,True,2022,佛山市顺德区勒流得富文具厂,佛环0304环审〔2022〕第0059号
E:\软件\2023-2026年顺德批复文件\2022_佛环0304环审〔2022〕第0060号  佛山市生态环境局关于佛山市顺德区勒流众盛塑料制品厂新建项目目环境影响报告表的批复.pdf,2022_佛环0304环审〔2022〕第0060号  佛山市生态环境局关于佛山市顺德区勒流众盛塑料制品厂新建项目目环境影响报告表的批复.pdf,0.05,True,2022,佛山市顺德区勒流众盛塑料制品厂,佛环0304环审〔2022〕第0060号
E:\软件\2023-2026年顺德批复文件\2022_佛环0304环审〔2022〕第0061号  佛山市生态环境局关于佛山市新江强印刷有限公司新建项目环境影响报告表的批复.pdf,2022_佛环0304环审〔2022〕第0061号  佛山市生态环境局关于佛山市新江强印刷有限公司新建项目环境影响报告表的批复.pdf,0.16,True,2022,佛山市新江强印刷有限公司,佛环0304环审〔2022〕第0061号
E:\软件\2023-2026年顺德批复文件\2022_佛环0304环审〔2022〕第0062号  佛山市生态环境局关于佛山市顺德区楚旭汽车配件厂新建项目环境影响报告表的批复.pdf,2022_佛环0304环审〔2022〕第0062号  佛山市生态环境局关于佛山市顺德区楚旭汽车配件厂新建项目环境影响报告表的批复.pdf,0.14,True,2022,佛山市顺德区楚旭汽车配件厂,佛环0304环审〔2022〕第0062号
E:\软件\2023-2026年顺德批复文件\2022_佛环0304环审〔2022〕第0063号  佛山市生态环境局关于佛山市迎彩印刷有限公司年产纸箱40万个新建项目环境影响报告表的批复.pdf,2022_佛环0304环审〔2022〕第0063号  佛山市生态环境局关于佛山市迎彩印刷有限公司年产纸箱40万个新建项目环境影响报告表的批复.pdf,0.16,True,2022,佛山市迎彩印刷有限公司年产纸箱40万个,佛环0304环审〔2022〕第0063号
E:\软件\2023-2026年顺德批复文件\2022_佛环0304环审〔2022〕第0064号  佛山市生态环境局关于佛山市顺德区科能实业有限公司迁扩建项目环境影响报告表的批复.pdf,2022_佛环0304环审〔2022〕第0064号  佛山市生态环境局关于佛山市顺德区科能实业有限公司迁扩建项目环境影响报告表的批复.pdf,0.22,True,2022,佛山市顺德区科能实业有限公司迁,佛环0304环审〔2022〕第0064号
E:\软件\2023-2026年顺德批复文件\2022_佛环0304环审〔2022〕第0065号  佛山市生态环境局关于广东瑞琪森新能源科技有限公司新建项目环境影响报告表的批复.pdf,2022_佛环0304环审〔2022〕第0065号  佛山市生态环境局关于广东瑞琪森新能源科技有限公司新建项目环境影响报告表的批复.pdf,0.14,True,2022,广东瑞琪森新能源科技有限公司,佛环0304环审〔2022〕第0065号
E:\软件\2023-2026年顺德批复文件\2022_佛环0304环审〔2022〕第0066号  佛山市生态环境局关于佛山市诚辉印刷有限公司新建项目环境影响报告表的批复.pdf,2022_佛环0304环审〔2022〕第0066号  佛山市生态环境局关于佛山市诚辉印刷有限公司新建项目环境影响报告表的批复.pdf,0.05,True,2022,佛山市诚辉印刷有限公司,佛环0304环审〔2022〕第0066号
E:\软件\2023-2026年顺德批复文件\2022_佛环0304环审〔2022〕第0067号  佛山市生态环境局关于佛山市顺德区顺亮美金属科技有限公司年产五金配件50万件新建项目环境影响报告表的批复.pdf,2022_佛环0304环审〔2022〕第0067号  佛山市生态环境局关于佛山市顺德区顺亮美金属科技有限公司年产五金配件50万件新建项目环境影响报告表的批复.pdf,0.15,True,2022,佛山市顺德区顺亮美金属科技有限公司年产五金配件50万件,佛环0304环审〔2022〕第0067号
E:\软件\2023-2026年顺德批复文件\2022_佛环0304环审〔2022〕第0068号  佛山市生态环境局关于佛山市忠飞鑫科技有限公司迁扩建项目环境影响报告表的批复.pdf,2022_佛环0304环审〔2022〕第0068号  佛山市生态环境局关于佛山市忠飞鑫科技有限公司迁扩建项目环境影响报告表的批复.pdf,0.15,True,2022,佛山市忠飞鑫科技有限公司迁,佛环0304环审〔2022〕第0068号
E:\软件\2023-2026年顺德批复文件\2022_佛环0304环审〔2022〕第0069号  佛山市生态环境局关于佛山市客泽智能科技有限公司新建项目环境影响报告表的批复.pdf,2022_佛环0304环审〔2022〕第0069号  佛山市生态环境局关于佛山市客泽智能科技有限公司新建项目环境影响报告表的批复.pdf,0.14,True,2022,佛山市客泽智能科技有限公司,佛环0304环审〔2022〕第0069号
E:\软件\2023-2026年顺德批复文件\2022_佛环0304环审〔2022〕第0070号  佛山市生态环境局关于佛山市顺德区美硕金属表面技术有限公司扩建项目环境影响报告表的批复.pdf,2022_佛环0304环审〔2022〕第0070号  佛山市生态环境局关于佛山市顺德区美硕金属表面技术有限公司扩建项目环境影响报告表的批复.pdf,0.13,True,2022,佛山市顺德区美硕金属表面,佛环0304环审〔2022〕第0070号
E:\软件\2023-2026年顺德批复文件\2022_佛环0304环审〔2022〕第0071号  佛山市生态环境局关于佛山市顺德区晨那电器有限公司年产商用食具消毒柜16500台新建项目环境影响报告表的批复(1).pdf,2022_佛环0304环审〔2022〕第0071号  佛山市生态环境局关于佛山市顺德区晨那电器有限公司年产商用食具消毒柜16500台新建项目环境影响报告表的批复(1).pdf,0.09,True,2022,佛山市顺德区晨那电器有限公司年产商用食具消毒柜16500台,佛环0304环审〔2022〕第0071号
E:\软件\2023-2026年顺德批复文件\2022_佛环0304环审〔2022〕第0072号  佛山市生态环境局关于佛山市顺德区新盛灿电器有限公司新建项目环境影响报告表的批复.pdf,2022_佛环0304环审〔2022〕第0072号  佛山市生态环境局关于佛山市顺德区新盛灿电器有限公司新建项目环境影响报告表的批复.pdf,0.14,True,2022,佛山市顺德区新盛灿电器有限公司,佛环0304环审〔2022〕第0072号
E:\软件\2023-2026年顺德批复文件\2022_佛环0304环审〔2022〕第0073号  佛山市生态环境局关于佛山市顺德区美讯塑料餐具包装制品有限公司迁扩建项目环境影响报告表的批复.pdf,2022_佛环0304环审〔2022〕第0073号  佛山市生态环境局关于佛山市顺德区美讯塑料餐具包装制品有限公司迁扩建项目环境影响报告表的批复.pdf,0.16,True,2022,佛山市顺德区美讯塑料餐具包装制品有限公司迁,佛环0304环审〔2022〕第0073号
E:\软件\2023-2026年顺德批复文件\2022_佛环0304环审〔2022〕第0074号  佛山市生态环境局关于佛山市茗兴电器科技有限公司年产家电塑料配件20万件新建项目环境影响报告表的批复.pdf,2022_佛环0304环审〔2022〕第0074号  佛山市生态环境局关于佛山市茗兴电器科技有限公司年产家电塑料配件20万件新建项目环境影响报告表的批复.pdf,0.16,True,2022,佛山市茗兴电器科技有限公司年产家电塑料配件20万件,佛环0304环审〔2022〕第0074号
E:\软件\2023-2026年顺德批复文件\2022_佛环0304环审〔2022〕第0075号  佛山市生态环境局关于佛山市科进业包装材料有限公司新建项目环境影响报告表的批复.pdf,2022_佛环0304环审〔2022〕第0075号  佛山市生态环境局关于佛山市科进业包装材料有限公司新建项目环境影响报告表的批复.pdf,0.05,True,2022,佛山市科进业包装材料有限公司,佛环0304环审〔2022〕第0075号
E:\软件\2023-2026年顺德批复文件\2022_佛环0305环审〔2022〕32号【佛山市久亮钢业有限公司扩建项目】.pdf,2022_佛环0305环审〔2022〕32号【佛山市久亮钢业有限公司扩建项目】.pdf,0.11,True,2022,,佛环0305环审〔2022〕32号【佛山市久
E:\软件\2023-2026年顺德批复文件\2022_佛环0305环审〔2022〕33号【三龙湾（潭村）九年一贯制学校建设项目】.pdf,2022_佛环0305环审〔2022〕33号【三龙湾（潭村）九年一贯制学校建设项目】.pdf,0.11,True,2022,,佛环0305环审〔2022〕33号【三龙湾（
E:\软件\2023-2026年顺德批复文件\2022_佛环0305环审〔2022〕38号【佛山市力劲盛不锈钢有限公司第二分公司新建项目】.pdf,2022_佛环0305环审〔2022〕38号【佛山市力劲盛不锈钢有限公司第二分公司新建项目】.pdf,0.1,True,2022,,佛环0305环审〔2022〕38号【佛山市力
E:\软件\2023-2026年顺德批复文件\2022_佛环0305环审〔2022〕39号【广东顺德龙塑新材包装有限公司扩建项目】.pdf,2022_佛环0305环审〔2022〕39号【广东顺德龙塑新材包装有限公司扩建项目】.pdf,0.11,True,2022,,佛环0305环审〔2022〕39号【广东顺德
E:\软件\2023-2026年顺德批复文件\2022_佛环0305环审〔2022〕40号【佛山市拓普森工程材料有限公司扩建项目】.pdf,2022_佛环0305环审〔2022〕40号【佛山市拓普森工程材料有限公司扩建项目】.pdf,0.12,True,2022,,佛环0305环审〔2022〕40号【佛山市拓
E:\软件\2023-2026年顺德批复文件\2022_佛环0305环审〔2022〕43号【跃友科技（佛山市）有限公司新建项目】.pdf,2022_佛环0305环审〔2022〕43号【跃友科技（佛山市）有限公司新建项目】.pdf,0.11,True,2022,,佛环0305环审〔2022〕43号【跃友科技
E:\软件\2023-2026年顺德批复文件\2022_佛环0305环审〔2022〕44号【广东法迪奥厨卫科技有限公司顺德分公司建设项目】.pdf,2022_佛环0305环审〔2022〕44号【广东法迪奥厨卫科技有限公司顺德分公司建设项目】.pdf,0.12,True,2022,,佛环0305环审〔2022〕44号【广东法迪
E:\软件\2023-2026年顺德批复文件\2022_佛环0305环审〔2022〕45号【佛山市顺德区陈村镇普晟五金厂广隆分厂建设项目】.pdf,2022_佛环0305环审〔2022〕45号【佛山市顺德区陈村镇普晟五金厂广隆分厂建设项目】.pdf,0.13,True,2022,,佛环0305环审〔2022〕45号【佛山市顺
E:\软件\2023-2026年顺德批复文件\2022_佛环0305环审〔2022〕47号【广东今丰泰金属制品有限公司新建项目】.pdf,2022_佛环0305环审〔2022〕47号【广东今丰泰金属制品有限公司新建项目】.pdf,0.1,True,2022,,佛环0305环审〔2022〕47号【广东今丰
E:\软件\2023-2026年顺德批复文件\2022_佛环0305环审〔2022〕49号【顺德陈村玮俊达五金材料加工厂迁扩建项目】.pdf,2022_佛环0305环审〔2022〕49号【顺德陈村玮俊达五金材料加工厂迁扩建项目】.pdf,0.11,True,2022,,佛环0305环审〔2022〕49号【顺德陈村
E:\软件\2023-2026年顺德批复文件\2022_佛环0305环审〔2022〕50号【佛山市彩誉不锈钢装饰板有限公司建设项目】.pdf,2022_佛环0305环审〔2022〕50号【佛山市彩誉不锈钢装饰板有限公司建设项目】.pdf,0.14,True,2022,,佛环0305环审〔2022〕50号【佛山市彩
E:\软件\2023-2026年顺德批复文件\2022_佛环0305环审〔2022〕51号【顺德区南顺联安围水体综合整治工程（（2021~2023）-水污染防治工程-陈村镇污水处理厂扩容工程】.pdf,2022_佛环0305环审〔2022〕51号【顺德区南顺联安围水体综合整治工程（（2021~2023）-水污染防治工程-陈村镇污水处理厂扩容工程】.pdf,0.13,True,2022,,佛环0305环审〔2022〕51号【顺德区南
E:\软件\2023-2026年顺德批复文件\2022_佛环0305环审〔2022〕52号【佛山市毅达杰金属塑料有限公司建设项目】.pdf,2022_佛环0305环审〔2022〕52号【佛山市毅达杰金属塑料有限公司建设项目】.pdf,0.13,True,2022,,佛环0305环审〔2022〕52号【佛山市毅
E:\软件\2023-2026年顺德批复文件\2022_佛环0305环审〔2022〕53号【广东申菱商用空调设备有限公司搬迁项目】.pdf,2022_佛环0305环审〔2022〕53号【广东申菱商用空调设备有限公司搬迁项目】.pdf,0.13,True,2022,,佛环0305环审〔2022〕53号【广东申菱
E:\软件\2023-2026年顺德批复文件\2022_佛环0305环审〔2022〕56号【佛山市顺贯金属材料有限公司扩建项目】.pdf,2022_佛环0305环审〔2022〕56号【佛山市顺贯金属材料有限公司扩建项目】.pdf,0.13,True,2022,,佛环0305环审〔2022〕56号【佛山市顺
E:\软件\2023-2026年顺德批复文件\2022_佛环0305环审〔2022〕57号【佛山市盛之泰金属材料有限公司搬迁项目】.pdf,2022_佛环0305环审〔2022〕57号【佛山市盛之泰金属材料有限公司搬迁项目】.pdf,0.11,True,2022,,佛环0305环审〔2022〕57号【佛山市盛
E:\软件\2023-2026年顺德批复文件\2022_佛环0305环审〔2022〕59号【佛山市民钢不锈钢有限公司迁扩建项目】.pdf,2022_佛环0305环审〔2022〕59号【佛山市民钢不锈钢有限公司迁扩建项目】.pdf,0.11,True,2022,,佛环0305环审〔2022〕59号【佛山市民
E:\软件\2023-2026年顺德批复文件\2022_佛环0305环审〔2022〕60号【佛山市悦辰金属科技有限公司新建项目】.pdf,2022_佛环0305环审〔2022〕60号【佛山市悦辰金属科技有限公司新建项目】.pdf,0.12,True,2022,,佛环0305环审〔2022〕60号【佛山市悦
E:\软件\2023-2026年顺德批复文件\2022_佛环0305环审〔2022〕61号【佛山市兴晟彩不锈钢有限公司新建项目】.pdf,2022_佛环0305环审〔2022〕61号【佛山市兴晟彩不锈钢有限公司新建项目】.pdf,0.11,True,2022,,佛环0305环审〔2022〕61号【佛山市兴
E:\软件\2023-2026年顺德批复文件\2022_佛环0305环审〔2022〕62号【佛山市双连不锈钢有限公司新建项目】.pdf,2022_佛环0305环审〔2022〕62号【佛山市双连不锈钢有限公司新建项目】.pdf,0.11,True,2022,,佛环0305环审〔2022〕62号【佛山市双
E:\软件\2023-2026年顺德批复文件\2022_佛环0305环审〔2022〕64号【陈村镇初级中学改扩建项目（重新报批）】.pdf,2022_佛环0305环审〔2022〕64号【陈村镇初级中学改扩建项目（重新报批）】.pdf,0.12,True,2022,,佛环0305环审〔2022〕64号【陈村镇初
E:\软件\2023-2026年顺德批复文件\2022_佛环0305环审〔2022〕65号【广东申菱环境系统股份有限公司新基建领域智能温控设备智能制造项目】.pdf,2022_佛环0305环审〔2022〕65号【广东申菱环境系统股份有限公司新基建领域智能温控设备智能制造项目】.pdf,0.13,True,2022,,佛环0305环审〔2022〕65号【广东申菱
E:\软件\2023-2026年顺德批复文件\2022_佛环0305环审〔2022〕67号【佛山市泽敏塑料制品有限公司迁扩建项目】.pdf,2022_佛环0305环审〔2022〕67号【佛山市泽敏塑料制品有限公司迁扩建项目】.pdf,0.12,True,2022,,佛环0305环审〔2022〕67号【佛山市泽
E:\软件\2023-2026年顺德批复文件\2022_佛环0305环审〔2022〕68号【佛山市鑫赛腾金属制品有限公司新建项目】.pdf,2022_佛环0305环审〔2022〕68号【佛山市鑫赛腾金属制品有限公司新建项目】.pdf,0.12,True,2022,,佛环0305环审〔2022〕68号【佛山市鑫
E:\软件\2023-2026年顺德批复文件\2022_佛环0305环审〔2022〕69号【佛山市荣星钢铁实业有限公司迁扩建项目】.pdf,2022_佛环0305环审〔2022〕69号【佛山市荣星钢铁实业有限公司迁扩建项目】.pdf,0.11,True,2022,,佛环0305环审〔2022〕69号【佛山市荣
E:\软件\2023-2026年顺德批复文件\2022_佛环0305环审〔2022〕70号【佛山市顺德区森久和食品有限公司新建项目】.pdf,2022_佛环0305环审〔2022〕70号【佛山市顺德区森久和食品有限公司新建项目】.pdf,0.12,True,2022,,佛环0305环审〔2022〕70号【佛山市顺
E:\软件\2023-2026年顺德批复文件\2022_佛环0305环审〔2022〕第0003号【佛山市恒迅包装有限公司年产110万个纸箱、50万个珍珠棉护垫新建项目】.pdf,2022_佛环0305环审〔2022〕第0003号【佛山市恒迅包装有限公司年产110万个纸箱、50万个珍珠棉护垫新建项目】.pdf,0.11,True,2022,,佛环0305环审〔2022〕第0003号【佛
E:\软件\2023-2026年顺德批复文件\2022_佛环0305环审〔2022〕第0009号【佛山市兴创塑料制品有限公司年产家电塑料配件200吨新建项目】.pdf,2022_佛环0305环审〔2022〕第0009号【佛山市兴创塑料制品有限公司年产家电塑料配件200吨新建项目】.pdf,0.11,True,2022,,佛环0305环审〔2022〕第0009号【佛
E:\软件\2023-2026年顺德批复文件\2022_佛环0305环审〔2022〕第0010号【旭东（佛山）金属制品有限公司扩建项目】.pdf,2022_佛环0305环审〔2022〕第0010号【旭东（佛山）金属制品有限公司扩建项目】.pdf,0.11,True,2022,,佛环0305环审〔2022〕第0010号【旭
E:\软件\2023-2026年顺德批复文件\2022_佛环0305环审〔2022〕第0015号【佛山市俊兴晟不锈钢制品有限公司改扩建项目】.pdf,2022_佛环0305环审〔2022〕第0015号【佛山市俊兴晟不锈钢制品有限公司改扩建项目】.pdf,0.12,True,2022,,佛环0305环审〔2022〕第0015号【佛
E:\软件\2023-2026年顺德批复文件\2022_佛环0305环审〔2022〕第0018号【佛山市泰瑞宏不锈钢制品有限公司迁扩建项目】.pdf,2022_佛环0305环审〔2022〕第0018号【佛山市泰瑞宏不锈钢制品有限公司迁扩建项目】.pdf,0.12,True,2022,,佛环0305环审〔2022〕第0018号【佛
E:\软件\2023-2026年顺德批复文件\2022_佛环0305环审〔2022〕第0031号【佛山市顺德区鑫诚众不锈钢磨砂厂迁扩建项目】.pdf,2022_佛环0305环审〔2022〕第0031号【佛山市顺德区鑫诚众不锈钢磨砂厂迁扩建项目】.pdf,0.11,True,2022,,佛环0305环审〔2022〕第0031号【佛
E:\软件\2023-2026年顺德批复文件\2022_佛环0307环审〔2022〕2号：佛山市生态环境局关于佛山病原微生物研究所建设项目环境影响报告表的批复.pdf,2022_佛环0307环审〔2022〕2号：佛山市生态环境局关于佛山病原微生物研究所建设项目环境影响报告表的批复.pdf,0.36,True,2022,佛山病原微生物研究所,佛环0307环审〔2022〕2号：佛山市生态
E:\软件\2023-2026年顺德批复文件\2022_佛环0307环审〔2022〕4号：佛山市生态环境局关于广东广乐包装材料股份有限公司改扩建项目环境影响报告表的批复.pdf,2022_佛环0307环审〔2022〕4号：佛山市生态环境局关于广东广乐包装材料股份有限公司改扩建项目环境影响报告表的批复.pdf,0.45,True,2022,广东广乐包装材料股份有限公司改,佛环0307环审〔2022〕4号：佛山市生态
E:\软件\2023-2026年顺德批复文件\2022_佛环0307环审〔2022〕5号：佛山市生态环境局关于广东省真红生物科技有限公司建设项目环境影响报告表的批复.pdf,2022_佛环0307环审〔2022〕5号：佛山市生态环境局关于广东省真红生物科技有限公司建设项目环境影响报告表的批复.pdf,0.36,True,2022,广东省真红生物科技有限公司,佛环0307环审〔2022〕5号：佛山市生态
E:\软件\2023-2026年顺德批复文件\2022_佛环0307环审〔2022〕9号：佛山市生态环境局关于广东冠盛新材料股份有限公司实验室新建项目环境影响报告表的批复.pdf,2022_佛环0307环审〔2022〕9号：佛山市生态环境局关于广东冠盛新材料股份有限公司实验室新建项目环境影响报告表的批复.pdf,0.11,True,2022,广东冠盛新材料股份有限公司实验室,佛环0307环审〔2022〕9号：佛山市生态
E:\软件\2023-2026年顺德批复文件\2022_佛环0309环审[2022]40号.pdf,2022_佛环0309环审[2022]40号.pdf,0.54,True,2022,,佛环0309环审[2022]40号.pdf
E:\软件\2023-2026年顺德批复文件\2022_佛环0309环审[2022]第0015号（德益）.pdf,2022_佛环0309环审[2022]第0015号（德益）.pdf,0.09,True,2022,,佛环0309环审[2022]第0015号（德
E:\软件\2023-2026年顺德批复文件\2022_佛环0309环审〔2022〕42号（君粤）.pdf,2022_佛环0309环审〔2022〕42号（君粤）.pdf,0.1,True,2022,,佛环0309环审〔2022〕42号（君粤）.
E:\软件\2023-2026年顺德批复文件\2022_佛环0309环审〔2022〕43号（涂依杰）.pdf,2022_佛环0309环审〔2022〕43号（涂依杰）.pdf,0.1,True,2022,,佛环0309环审〔2022〕43号（涂依杰）
E:\软件\2023-2026年顺德批复文件\2022_佛环0309环审〔2022〕45号（平翔）公示版.pdf,2022_佛环0309环审〔2022〕45号（平翔）公示版.pdf,0.12,True,2022,,佛环0309环审〔2022〕45号（平翔）公
E:\软件\2023-2026年顺德批复文件\2022_佛环0309环审〔2022〕46号（涂亮）.pdf,2022_佛环0309环审〔2022〕46号（涂亮）.pdf,0.05,True,2022,,佛环0309环审〔2022〕46号（涂亮）.
E:\软件\2023-2026年顺德批复文件\2022_佛环0309环审〔2022〕47号（创科）.pdf,2022_佛环0309环审〔2022〕47号（创科）.pdf,0.07,True,2022,,佛环0309环审〔2022〕47号（创科）.
E:\软件\2023-2026年顺德批复文件\2022_佛环0309环审〔2022〕49号（德维）公示.pdf,2022_佛环0309环审〔2022〕49号（德维）公示.pdf,0.07,True,2022,,佛环0309环审〔2022〕49号（德维）公
E:\软件\2023-2026年顺德批复文件\2022_佛环0309环审〔2022〕50号（嘉汇）.pdf,2022_佛环0309环审〔2022〕50号（嘉汇）.pdf,0.08,True,2022,,佛环0309环审〔2022〕50号（嘉汇）.
E:\软件\2023-2026年顺德批复文件\2022_佛环0309环审〔2022〕51号（铭恩）.pdf,2022_佛环0309环审〔2022〕51号（铭恩）.pdf,0.1,True,2022,,佛环0309环审〔2022〕51号（铭恩）.
E:\软件\2023-2026年顺德批复文件\2022_佛环0309环审〔2022〕53号（丰华）.pdf,2022_佛环0309环审〔2022〕53号（丰华）.pdf,0.1,True,2022,,佛环0309环审〔2022〕53号（丰华）.
E:\软件\2023-2026年顺德批复文件\2022_佛环0309环审〔2022〕54号（哈士奇新建）.pdf,2022_佛环0309环审〔2022〕54号（哈士奇新建）.pdf,0.53,True,2022,,佛环0309环审〔2022〕54号（哈士奇新
E:\软件\2023-2026年顺德批复文件\2022_佛环0309环审〔2022〕55号（曜世）.pdf,2022_佛环0309环审〔2022〕55号（曜世）.pdf,0.47,True,2022,,佛环0309环审〔2022〕55号（曜世）.
E:\软件\2023-2026年顺德批复文件\2022_佛环0309环审〔2022〕56号（钻厨）.pdf,2022_佛环0309环审〔2022〕56号（钻厨）.pdf,0.51,True,2022,,佛环0309环审〔2022〕56号（钻厨）.
E:\软件\2023-2026年顺德批复文件\2022_佛环03环审〔2022〕100号.pdf,2022_佛环03环审〔2022〕100号.pdf,0.18,True,2022,,佛环03环审〔2022〕100号.pdf
E:\软件\2023-2026年顺德批复文件\2022_佛环03环审〔2022〕101号.pdf,2022_佛环03环审〔2022〕101号.pdf,0.17,True,2022,,佛环03环审〔2022〕101号.pdf
E:\软件\2023-2026年顺德批复文件\2022_佛环03环审〔2022〕102号.pdf,2022_佛环03环审〔2022〕102号.pdf,0.19,True,2022,,佛环03环审〔2022〕102号.pdf
E:\软件\2023-2026年顺德批复文件\2022_佛环03环审〔2022〕105号.pdf,2022_佛环03环审〔2022〕105号.pdf,0.17,True,2022,,佛环03环审〔2022〕105号.pdf
E:\软件\2023-2026年顺德批复文件\2022_佛环03环审〔2022〕106号.pdf,2022_佛环03环审〔2022〕106号.pdf,0.17,True,2022,,佛环03环审〔2022〕106号.pdf
E:\软件\2023-2026年顺德批复文件\2022_佛环03环审〔2022〕107号.pdf,2022_佛环03环审〔2022〕107号.pdf,0.17,True,2022,,佛环03环审〔2022〕107号.pdf
E:\软件\2023-2026年顺德批复文件\2022_佛环03环审〔2022〕109号.pdf,2022_佛环03环审〔2022〕109号.pdf,0.17,True,2022,,佛环03环审〔2022〕109号.pdf
E:\软件\2023-2026年顺德批复文件\2022_佛环03环审〔2022〕111号佛山市生态环境局关于佛山市顺德区恒顺杰电子有限公司上华分公司建设项目建设项目环境影响报告表的批复.pdf,2022_佛环03环审〔2022〕111号佛山市生态环境局关于佛山市顺德区恒顺杰电子有限公司上华分公司建设项目建设项目环境影响报告表的批复.pdf,0.13,True,2022,佛山市顺德区恒顺杰电子有限公司上华分公司,佛环03环审〔2022〕111号佛山市生态环
E:\软件\2023-2026年顺德批复文件\2022_佛环03环审〔2022〕112号佛山市生态环境局关于广东汇金盈珠宝有限公司珠宝项目环境影响报告书的批复.pdf,2022_佛环03环审〔2022〕112号佛山市生态环境局关于广东汇金盈珠宝有限公司珠宝项目环境影响报告书的批复.pdf,0.14,True,2022,,佛环03环审〔2022〕112号佛山市生态环
E:\软件\2023-2026年顺德批复文件\2022_佛环03环审〔2022〕119号佛山市生态环境局关于佛山市顺德区容桂鹰扬印刷厂迁扩建项目建设项目环境影响报告表的批复.pdf,2022_佛环03环审〔2022〕119号佛山市生态环境局关于佛山市顺德区容桂鹰扬印刷厂迁扩建项目建设项目环境影响报告表的批复.pdf,0.12,True,2022,佛山市顺德区容桂鹰扬印刷厂迁,佛环03环审〔2022〕119号佛山市生态环
E:\软件\2023-2026年顺德批复文件\2022_佛环03环审〔2022〕120号佛山市生态环境局关于广东菲尼环保材料有限公司迁建项目建设项目环境影响报告表的批复.pdf,2022_佛环03环审〔2022〕120号佛山市生态环境局关于广东菲尼环保材料有限公司迁建项目建设项目环境影响报告表的批复.pdf,0.12,True,2022,广东菲尼环保材料有限公司,佛环03环审〔2022〕120号佛山市生态环
E:\软件\2023-2026年顺德批复文件\2022_佛环03环审〔2022〕39号.pdf,2022_佛环03环审〔2022〕39号.pdf,0.13,True,2022,,佛环03环审〔2022〕39号.pdf
E:\软件\2023-2026年顺德批复文件\2022_佛环03环审〔2022〕41号.pdf,2022_佛环03环审〔2022〕41号.pdf,0.1,True,2022,,佛环03环审〔2022〕41号.pdf
E:\软件\2023-2026年顺德批复文件\2022_佛环03环审〔2022〕42号.pdf,2022_佛环03环审〔2022〕42号.pdf,0.17,True,2022,,佛环03环审〔2022〕42号.pdf
E:\软件\2023-2026年顺德批复文件\2022_佛环03环审〔2022〕43号.pdf,2022_佛环03环审〔2022〕43号.pdf,0.18,True,2022,,佛环03环审〔2022〕43号.pdf
E:\软件\2023-2026年顺德批复文件\2022_佛环03环审〔2022〕46号.pdf,2022_佛环03环审〔2022〕46号.pdf,0.1,True,2022,,佛环03环审〔2022〕46号.pdf
E:\软件\2023-2026年顺德批复文件\2022_佛环03环审〔2022〕47号.pdf,2022_佛环03环审〔2022〕47号.pdf,0.18,True,2022,,佛环03环审〔2022〕47号.pdf
E:\软件\2023-2026年顺德批复文件\2022_佛环03环审〔2022〕48号.pdf,2022_佛环03环审〔2022〕48号.pdf,0.14,True,2022,,佛环03环审〔2022〕48号.pdf
E:\软件\2023-2026年顺德批复文件\2022_佛环03环审〔2022〕50号.pdf,2022_佛环03环审〔2022〕50号.pdf,0.17,True,2022,,佛环03环审〔2022〕50号.pdf
E:\软件\2023-2026年顺德批复文件\2022_佛环03环审〔2022〕52号.pdf,2022_佛环03环审〔2022〕52号.pdf,0.13,True,2022,,佛环03环审〔2022〕52号.pdf
E:\软件\2023-2026年顺德批复文件\2022_佛环03环审〔2022〕54号.pdf,2022_佛环03环审〔2022〕54号.pdf,0.18,True,2022,,佛环03环审〔2022〕54号.pdf
E:\软件\2023-2026年顺德批复文件\2022_佛环03环审〔2022〕56号.pdf,2022_佛环03环审〔2022〕56号.pdf,0.18,True,2022,,佛环03环审〔2022〕56号.pdf
E:\软件\2023-2026年顺德批复文件\2022_佛环03环审〔2022〕57号.pdf,2022_佛环03环审〔2022〕57号.pdf,0.17,True,2022,,佛环03环审〔2022〕57号.pdf
E:\软件\2023-2026年顺德批复文件\2022_佛环03环审〔2022〕58号.pdf,2022_佛环03环审〔2022〕58号.pdf,0.17,True,2022,,佛环03环审〔2022〕58号.pdf
E:\软件\2023-2026年顺德批复文件\2022_佛环03环审〔2022〕60号.pdf,2022_佛环03环审〔2022〕60号.pdf,0.18,True,2022,,佛环03环审〔2022〕60号.pdf
E:\软件\2023-2026年顺德批复文件\2022_佛环03环审〔2022〕61号.pdf,2022_佛环03环审〔2022〕61号.pdf,0.17,True,2022,,佛环03环审〔2022〕61号.pdf
E:\软件\2023-2026年顺德批复文件\2022_佛环03环审〔2022〕62号.pdf,2022_佛环03环审〔2022〕62号.pdf,0.17,True,2022,,佛环03环审〔2022〕62号.pdf
E:\软件\2023-2026年顺德批复文件\2022_佛环03环审〔2022〕64号.pdf,2022_佛环03环审〔2022〕64号.pdf,0.18,True,2022,,佛环03环审〔2022〕64号.pdf
E:\软件\2023-2026年顺德批复文件\2022_佛环03环审〔2022〕66号.pdf,2022_佛环03环审〔2022〕66号.pdf,0.17,True,2022,,佛环03环审〔2022〕66号.pdf
E:\软件\2023-2026年顺德批复文件\2022_佛环03环审〔2022〕67号.pdf,2022_佛环03环审〔2022〕67号.pdf,0.11,True,2022,,佛环03环审〔2022〕67号.pdf
E:\软件\2023-2026年顺德批复文件\2022_佛环03环审〔2022〕68号.pdf,2022_佛环03环审〔2022〕68号.pdf,0.17,True,2022,,佛环03环审〔2022〕68号.pdf
E:\软件\2023-2026年顺德批复文件\2022_佛环03环审〔2022〕70号.pdf,2022_佛环03环审〔2022〕70号.pdf,0.17,True,2022,,佛环03环审〔2022〕70号.pdf
E:\软件\2023-2026年顺德批复文件\2022_佛环03环审〔2022〕71号.pdf,2022_佛环03环审〔2022〕71号.pdf,0.17,True,2022,,佛环03环审〔2022〕71号.pdf
E:\软件\2023-2026年顺德批复文件\2022_佛环03环审〔2022〕73号.pdf,2022_佛环03环审〔2022〕73号.pdf,0.18,True,2022,,佛环03环审〔2022〕73号.pdf
E:\软件\2023-2026年顺德批复文件\2022_佛环03环审〔2022〕75号.pdf,2022_佛环03环审〔2022〕75号.pdf,0.13,True,2022,,佛环03环审〔2022〕75号.pdf
E:\软件\2023-2026年顺德批复文件\2022_佛环03环审〔2022〕76号.pdf,2022_佛环03环审〔2022〕76号.pdf,0.17,True,2022,,佛环03环审〔2022〕76号.pdf
E:\软件\2023-2026年顺德批复文件\2022_佛环03环审〔2022〕77号.pdf,2022_佛环03环审〔2022〕77号.pdf,0.18,True,2022,,佛环03环审〔2022〕77号.pdf
E:\软件\2023-2026年顺德批复文件\2022_佛环03环审〔2022〕78号.pdf,2022_佛环03环审〔2022〕78号.pdf,0.17,True,2022,,佛环03环审〔2022〕78号.pdf
E:\软件\2023-2026年顺德批复文件\2022_佛环03环审〔2022〕79号.pdf,2022_佛环03环审〔2022〕79号.pdf,0.17,True,2022,,佛环03环审〔2022〕79号.pdf
E:\软件\2023-2026年顺德批复文件\2022_佛环03环审〔2022〕80号.pdf,2022_佛环03环审〔2022〕80号.pdf,0.17,True,2022,,佛环03环审〔2022〕80号.pdf
E:\软件\2023-2026年顺德批复文件\2022_佛环03环审〔2022〕81号.pdf,2022_佛环03环审〔2022〕81号.pdf,0.17,True,2022,,佛环03环审〔2022〕81号.pdf
E:\软件\2023-2026年顺德批复文件\2022_佛环03环审〔2022〕82号.pdf,2022_佛环03环审〔2022〕82号.pdf,0.13,True,2022,,佛环03环审〔2022〕82号.pdf
E:\软件\2023-2026年顺德批复文件\2022_佛环03环审〔2022〕83号.pdf,2022_佛环03环审〔2022〕83号.pdf,0.13,True,2022,,佛环03环审〔2022〕83号.pdf
E:\软件\2023-2026年顺德批复文件\2022_佛环03环审〔2022〕84号.pdf,2022_佛环03环审〔2022〕84号.pdf,0.17,True,2022,,佛环03环审〔2022〕84号.pdf
E:\软件\2023-2026年顺德批复文件\2022_佛环03环审〔2022〕86号.pdf,2022_佛环03环审〔2022〕86号.pdf,0.17,True,2022,,佛环03环审〔2022〕86号.pdf
E:\软件\2023-2026年顺德批复文件\2022_佛环03环审〔2022〕87号.pdf,2022_佛环03环审〔2022〕87号.pdf,0.17,True,2022,,佛环03环审〔2022〕87号.pdf
E:\软件\2023-2026年顺德批复文件\2022_佛环03环审〔2022〕88号.pdf,2022_佛环03环审〔2022〕88号.pdf,0.17,True,2022,,佛环03环审〔2022〕88号.pdf
E:\软件\2023-2026年顺德批复文件\2022_佛环03环审〔2022〕89号.pdf,2022_佛环03环审〔2022〕89号.pdf,0.17,True,2022,,佛环03环审〔2022〕89号.pdf
E:\软件\2023-2026年顺德批复文件\2022_佛环03环审〔2022〕90号.pdf,2022_佛环03环审〔2022〕90号.pdf,0.15,True,2022,,佛环03环审〔2022〕90号.pdf
E:\软件\2023-2026年顺德批复文件\2022_佛环03环审〔2022〕91号.pdf,2022_佛环03环审〔2022〕91号.pdf,0.17,True,2022,,佛环03环审〔2022〕91号.pdf
E:\软件\2023-2026年顺德批复文件\2022_佛环03环审〔2022〕92号.pdf,2022_佛环03环审〔2022〕92号.pdf,0.17,True,2022,,佛环03环审〔2022〕92号.pdf
E:\软件\2023-2026年顺德批复文件\2022_佛环03环审〔2022〕93号.pdf,2022_佛环03环审〔2022〕93号.pdf,0.17,True,2022,,佛环03环审〔2022〕93号.pdf
E:\软件\2023-2026年顺德批复文件\2022_佛环03环审〔2022〕94号.pdf,2022_佛环03环审〔2022〕94号.pdf,0.17,True,2022,,佛环03环审〔2022〕94号.pdf
E:\软件\2023-2026年顺德批复文件\2022_佛环03环审〔2022〕95号.pdf,2022_佛环03环审〔2022〕95号.pdf,0.17,True,2022,,佛环03环审〔2022〕95号.pdf
E:\软件\2023-2026年顺德批复文件\2022_佛环03环审〔2022〕96号.pdf,2022_佛环03环审〔2022〕96号.pdf,0.18,True,2022,,佛环03环审〔2022〕96号.pdf
E:\软件\2023-2026年顺德批复文件\2022_佛环03环审〔2022〕97号.pdf,2022_佛环03环审〔2022〕97号.pdf,0.13,True,2022,,佛环03环审〔2022〕97号.pdf
E:\软件\2023-2026年顺德批复文件\2022_佛环03环审〔2022〕99号.pdf,2022_佛环03环审〔2022〕99号.pdf,0.17,True,2022,,佛环03环审〔2022〕99号.pdf
E:\软件\2023-2026年顺德批复文件\2022_佛环03环审〔2022〕第0033号.pdf,2022_佛环03环审〔2022〕第0033号.pdf,0.17,True,2022,,佛环03环审〔2022〕第0033号.pdf
E:\软件\2023-2026年顺德批复文件\2022_佛环03环审〔2022〕第0034号.pdf,2022_佛环03环审〔2022〕第0034号.pdf,0.14,True,2022,,佛环03环审〔2022〕第0034号.pdf
E:\软件\2023-2026年顺德批复文件\2022_佛环03环审〔2022〕第0035号.pdf,2022_佛环03环审〔2022〕第0035号.pdf,0.1,True,2022,,佛环03环审〔2022〕第0035号.pdf
E:\软件\2023-2026年顺德批复文件\2022_佛环03环审〔2022〕第0037号.pdf,2022_佛环03环审〔2022〕第0037号.pdf,0.14,True,2022,,佛环03环审〔2022〕第0037号.pdf
E:\软件\2023-2026年顺德批复文件\2022_佛环03环审〔2022〕第0038号.pdf,2022_佛环03环审〔2022〕第0038号.pdf,0.18,True,2022,,佛环03环审〔2022〕第0038号.pdf
E:\软件\2023-2026年顺德批复文件\2022_公示佛山市生态环境局关于佛山市亿思莱新能源科技有限公司顺德分公司新建项目环境影响报告表的批复.pdf,2022_公示佛山市生态环境局关于佛山市亿思莱新能源科技有限公司顺德分公司新建项目环境影响报告表的批复.pdf,0.1,True,2022,佛山市亿思莱新能源科技有限公司顺德分公司,
E:\软件\2023-2026年顺德批复文件\2022_公示佛山市生态环境局关于佛山市伟创兴新材料有限公司新建项目环境影响报告表的批复.pdf,2022_公示佛山市生态环境局关于佛山市伟创兴新材料有限公司新建项目环境影响报告表的批复.pdf,0.11,True,2022,佛山市伟创兴新材料有限公司,
E:\软件\2023-2026年顺德批复文件\2022_公示佛山市生态环境局关于佛山市冠林电子科技有限公司新建项目环境影响报告表的批复.pdf,2022_公示佛山市生态环境局关于佛山市冠林电子科技有限公司新建项目环境影响报告表的批复.pdf,0.11,True,2022,佛山市冠林电子科技有限公司,
E:\软件\2023-2026年顺德批复文件\2022_公示佛山市生态环境局关于佛山市创蔚来包装材料有限公司年产包装袋480万个新建项目环境影响报告表的批复.pdf,2022_公示佛山市生态环境局关于佛山市创蔚来包装材料有限公司年产包装袋480万个新建项目环境影响报告表的批复.pdf,0.06,True,2022,佛山市创蔚来包装材料有限公司年产包装袋480万个,
E:\软件\2023-2026年顺德批复文件\2022_公示佛山市生态环境局关于佛山市华丽龙科技有限公司新建项目环境影响报告表的批复.pdf,2022_公示佛山市生态环境局关于佛山市华丽龙科技有限公司新建项目环境影响报告表的批复.pdf,0.11,True,2022,佛山市华丽龙科技有限公司,
E:\软件\2023-2026年顺德批复文件\2022_公示佛山市生态环境局关于佛山市华腾东宇塑料制品有限公司新建项目环境影响报告表的批复.pdf,2022_公示佛山市生态环境局关于佛山市华腾东宇塑料制品有限公司新建项目环境影响报告表的批复.pdf,0.1,True,2022,佛山市华腾东宇塑料制品有限公司,
E:\软件\2023-2026年顺德批复文件\2022_公示佛山市生态环境局关于佛山市斯博洁塑料制品有限公司新建项目环境影响报告表的批复.pdf,2022_公示佛山市生态环境局关于佛山市斯博洁塑料制品有限公司新建项目环境影响报告表的批复.pdf,0.11,True,2022,佛山市斯博洁塑料制品有限公司,
E:\软件\2023-2026年顺德批复文件\2022_公示佛山市生态环境局关于佛山市晟硝玻璃制品有限公司新建项目环境影响报告表的批复.pdf,2022_公示佛山市生态环境局关于佛山市晟硝玻璃制品有限公司新建项目环境影响报告表的批复.pdf,0.06,True,2022,佛山市晟硝玻璃制品有限公司,
E:\软件\2023-2026年顺德批复文件\2022_公示佛山市生态环境局关于佛山市景荣皇塑料制品有限公司新建项目环境影响报告表的批复.pdf,2022_公示佛山市生态环境局关于佛山市景荣皇塑料制品有限公司新建项目环境影响报告表的批复.pdf,0.11,True,2022,佛山市景荣皇塑料制品有限公司,
E:\软件\2023-2026年顺德批复文件\2022_公示佛山市生态环境局关于佛山市晶百康硅胶制品有限公司新建项目环境影响报告表的批复.pdf,2022_公示佛山市生态环境局关于佛山市晶百康硅胶制品有限公司新建项目环境影响报告表的批复.pdf,0.11,True,2022,佛山市晶百康硅胶制品有限公司,
E:\软件\2023-2026年顺德批复文件\2022_公示佛山市生态环境局关于佛山市荣长冠注塑有限公司新建项目环境影响报告表的批复.pdf,2022_公示佛山市生态环境局关于佛山市荣长冠注塑有限公司新建项目环境影响报告表的批复.pdf,0.11,True,2022,佛山市荣长冠注塑有限公司,
E:\软件\2023-2026年顺德批复文件\2022_公示佛山市生态环境局关于佛山市迅岚电器有限公司新建项目环境影响报告表的批复.pdf,2022_公示佛山市生态环境局关于佛山市迅岚电器有限公司新建项目环境影响报告表的批复.pdf,0.13,True,2022,佛山市迅岚电器有限公司,
E:\软件\2023-2026年顺德批复文件\2022_公示佛山市生态环境局关于佛山市鑫塑新材料科技有限公司扩建项目环境影响报告表的批复.pdf,2022_公示佛山市生态环境局关于佛山市鑫塑新材料科技有限公司扩建项目环境影响报告表的批复.pdf,0.11,True,2022,佛山市鑫塑新材料科技有限公司,
E:\软件\2023-2026年顺德批复文件\2022_公示佛山市生态环境局关于佛山市顺德区宋鼎五金塑料有限公司建设项目环境影响报告表的批复.pdf,2022_公示佛山市生态环境局关于佛山市顺德区宋鼎五金塑料有限公司建设项目环境影响报告表的批复.pdf,0.11,True,2022,佛山市顺德区宋鼎五金塑料有限公司,
E:\软件\2023-2026年顺德批复文件\2022_公示佛山市生态环境局关于佛山市顺德区帝科五金塑料有限公司扩建项目环境影响报告表的批复.pdf,2022_公示佛山市生态环境局关于佛山市顺德区帝科五金塑料有限公司扩建项目环境影响报告表的批复.pdf,0.1,True,2022,佛山市顺德区帝科五金塑料有限公司,
E:\软件\2023-2026年顺德批复文件\2022_公示佛山市生态环境局关于佛山市顺德区杏华家具有限公司新建项目环境影响报告表的批复.pdf,2022_公示佛山市生态环境局关于佛山市顺德区杏华家具有限公司新建项目环境影响报告表的批复.pdf,0.13,True,2022,佛山市顺德区杏华家具有限公司,
E:\软件\2023-2026年顺德批复文件\2022_公示佛山市生态环境局关于佛山市顺德区盈曜新材料有限公司迁建项目环境影响报告表的批复.pdf,2022_公示佛山市生态环境局关于佛山市顺德区盈曜新材料有限公司迁建项目环境影响报告表的批复.pdf,0.11,True,2022,佛山市顺德区盈曜新材料有限公司,
E:\软件\2023-2026年顺德批复文件\2022_公示佛山市生态环境局关于佛山市顺德区竞骏金属材料加工厂新建项目环境影响报告表的批复.pdf,2022_公示佛山市生态环境局关于佛山市顺德区竞骏金属材料加工厂新建项目环境影响报告表的批复.pdf,0.11,True,2022,佛山市顺德区竞骏金属材料加工厂,
E:\软件\2023-2026年顺德批复文件\2022_公示佛山市生态环境局关于佛山市顺德区钊河塑料五金制品有限公司改扩建项目环境影响报告表的批复.pdf,2022_公示佛山市生态环境局关于佛山市顺德区钊河塑料五金制品有限公司改扩建项目环境影响报告表的批复.pdf,0.11,True,2022,佛山市顺德区钊河塑料五金制品有限公司改,
E:\软件\2023-2026年顺德批复文件\2022_公示佛山市生态环境局关于佛山市骏旺电子科技有限公司扩建项目环境影响报告表的批复.pdf,2022_公示佛山市生态环境局关于佛山市骏旺电子科技有限公司扩建项目环境影响报告表的批复.pdf,0.12,True,2022,佛山市骏旺电子科技有限公司,
E:\软件\2023-2026年顺德批复文件\2022_公示佛山市生态环境局关于佛山祥虎新材料有限公司新建项目环境影响报告表的批复.pdf,2022_公示佛山市生态环境局关于佛山祥虎新材料有限公司新建项目环境影响报告表的批复.pdf,0.11,True,2022,佛山祥虎新材料有限公司,
E:\软件\2023-2026年顺德批复文件\2022_公示佛山市生态环境局关于广东华丽宝实业有限公司锅炉技改项目环境影响报告表的批复.pdf,2022_公示佛山市生态环境局关于广东华丽宝实业有限公司锅炉技改项目环境影响报告表的批复.pdf,0.1,True,2022,广东华丽宝实业有限公司锅炉,
E:\软件\2023-2026年顺德批复文件\2022_公示佛山市生态环境局关于广东德冠包装材料有限公司中兴科技园新建项目环境影响报告表的批复.pdf,2022_公示佛山市生态环境局关于广东德冠包装材料有限公司中兴科技园新建项目环境影响报告表的批复.pdf,0.11,True,2022,广东德冠包装材料有限公司中兴科技园,
E:\软件\2023-2026年顺德批复文件\2022_公示佛山市生态环境局关于广东美的机电科技有限公司杏坛工业园建设项目环境影响报告表的批复.pdf,2022_公示佛山市生态环境局关于广东美的机电科技有限公司杏坛工业园建设项目环境影响报告表的批复.pdf,0.1,True,2022,广东美的机电科技有限公司杏坛工业园,
E:\软件\2023-2026年顺德批复文件\2022_公示佛山市生态环境局关于广东花果山环保科技有限公司新建项目环境影响报告表的批复.pdf,2022_公示佛山市生态环境局关于广东花果山环保科技有限公司新建项目环境影响报告表的批复.pdf,0.11,True,2022,广东花果山环保科技有限公司,
E:\软件\2023-2026年顺德批复文件\2022_公示佛山市生态环境局关于广东顺德聚迅电器有限公司新建项目环境影响报告表的批复.pdf,2022_公示佛山市生态环境局关于广东顺德聚迅电器有限公司新建项目环境影响报告表的批复.pdf,0.11,True,2022,广东顺德聚迅电器有限公司,
E:\软件\2023-2026年顺德批复文件\2022_公示佛山市生态环境局关于广东顺德齐航科技有限公司迁扩建项目环境影响报告表的批复.pdf,2022_公示佛山市生态环境局关于广东顺德齐航科技有限公司迁扩建项目环境影响报告表的批复.pdf,0.11,True,2022,广东顺德齐航科技有限公司迁,
E:\软件\2023-2026年顺德批复文件\2022_关于中国石化销售股份有限公司广东佛山顺德林西河加油站扩建项目环境影响报告表的批复.pdf,2022_关于中国石化销售股份有限公司广东佛山顺德林西河加油站扩建项目环境影响报告表的批复.pdf,0.18,True,2022,中国石化销售股份有限公司广东佛山顺德林西河加油站,
E:\软件\2023-2026年顺德批复文件\2022_关于佛山壹森精密五金制品有限公司建设项目环境影响报告表的批复.pdf,2022_关于佛山壹森精密五金制品有限公司建设项目环境影响报告表的批复.pdf,0.18,True,2022,佛山壹森精密五金制品有限公司,
E:\软件\2023-2026年顺德批复文件\2022_关于佛山市亿展裕新材料科技有限公司新建项目环境影响报告表的批复.pdf,2022_关于佛山市亿展裕新材料科技有限公司新建项目环境影响报告表的批复.pdf,0.18,True,2022,佛山市亿展裕新材料科技有限公司,
E:\软件\2023-2026年顺德批复文件\2022_关于佛山市君盖斯塑胶制品有限公司迁扩建.pdf,2022_关于佛山市君盖斯塑胶制品有限公司迁扩建.pdf,0.19,False,2022,佛山市君盖斯塑胶制品有限公司迁,
E:\软件\2023-2026年顺德批复文件\2022_关于佛山市寅凯科技有限公司新建项目环境影响报告表的批复.pdf,2022_关于佛山市寅凯科技有限公司新建项目环境影响报告表的批复.pdf,0.18,True,2022,佛山市寅凯科技有限公司,
E:\软件\2023-2026年顺德批复文件\2022_关于佛山市日佳电器料有限公司新建项目.pdf,2022_关于佛山市日佳电器料有限公司新建项目.pdf,0.18,False,2022,佛山市日佳电器料有限公司,
E:\软件\2023-2026年顺德批复文件\2022_关于佛山市日佳电器有限公司新建项目重新报批环境影响报告表的批复.pdf,2022_关于佛山市日佳电器有限公司新建项目重新报批环境影响报告表的批复.pdf,0.16,True,2022,佛山市日佳电器有限公司,
E:\软件\2023-2026年顺德批复文件\2022_关于佛山市昊腾达塑料制品有限公司新建项目环境影响报告表的批复.pdf,2022_关于佛山市昊腾达塑料制品有限公司新建项目环境影响报告表的批复.pdf,0.18,True,2022,佛山市昊腾达塑料制品有限公司,
E:\软件\2023-2026年顺德批复文件\2022_关于佛山市晓豫电器有限公司新建项目环境影响报告表的批复.pdf,2022_关于佛山市晓豫电器有限公司新建项目环境影响报告表的批复.pdf,0.12,True,2022,佛山市晓豫电器有限公司,
E:\软件\2023-2026年顺德批复文件\2022_关于佛山市桂森纸品有限公司迁扩建项目环境影响报告表的批复.pdf,2022_关于佛山市桂森纸品有限公司迁扩建项目环境影响报告表的批复.pdf,0.18,True,2022,佛山市桂森纸品有限公司迁,
E:\软件\2023-2026年顺德批复文件\2022_关于佛山市梦洋家具有限公司新建项目环境影响报告表的批复.pdf,2022_关于佛山市梦洋家具有限公司新建项目环境影响报告表的批复.pdf,0.18,True,2022,佛山市梦洋家具有限公司,
E:\软件\2023-2026年顺德批复文件\2022_关于佛山市淘美再生资源回收处理有限公司顺德分公司扩建项目环境影响报告表的批复.pdf,2022_关于佛山市淘美再生资源回收处理有限公司顺德分公司扩建项目环境影响报告表的批复.pdf,0.18,True,2022,佛山市淘美再生资源回收处理有限公司顺德分公司,
E:\软件\2023-2026年顺德批复文件\2022_关于佛山市灵秀科技有限公司新建项目（纸品印刷车间）环境影响报告表的批复.pdf,2022_关于佛山市灵秀科技有限公司新建项目（纸品印刷车间）环境影响报告表的批复.pdf,0.18,True,2022,佛山市灵秀科技有限公司,
E:\软件\2023-2026年顺德批复文件\2022_关于佛山市瑞鹏宠物医院有限公司北滘分公司建设项目环境影响报告表的批复.pdf,2022_关于佛山市瑞鹏宠物医院有限公司北滘分公司建设项目环境影响报告表的批复.pdf,0.16,True,2022,佛山市瑞鹏宠物医院有限公司北滘分公司,
E:\软件\2023-2026年顺德批复文件\2022_关于佛山市益电精密科技有限公司新建项目环境影响报告表的批复.pdf,2022_关于佛山市益电精密科技有限公司新建项目环境影响报告表的批复.pdf,0.18,True,2022,佛山市益电精密科技有限公司,
E:\软件\2023-2026年顺德批复文件\2022_关于佛山市知壳电子有限公司新建项目环境影响报告表的批复.pdf,2022_关于佛山市知壳电子有限公司新建项目环境影响报告表的批复.pdf,0.15,True,2022,佛山市知壳电子有限公司,
E:\软件\2023-2026年顺德批复文件\2022_关于佛山市纸立方包装科技有限公司新建项目环境影响报告表的批复.pdf,2022_关于佛山市纸立方包装科技有限公司新建项目环境影响报告表的批复.pdf,0.16,True,2022,佛山市纸立方包装科技有限公司,
E:\软件\2023-2026年顺德批复文件\2022_关于佛山市罡毅机电配件有限公司新建项目环境影响报告表的批复.pdf,2022_关于佛山市罡毅机电配件有限公司新建项目环境影响报告表的批复.pdf,0.18,True,2022,佛山市罡毅机电配件有限公司,
E:\软件\2023-2026年顺德批复文件\2022_关于佛山市肇升塑料制品有限公司新建项目.pdf,2022_关于佛山市肇升塑料制品有限公司新建项目.pdf,0.18,False,2022,佛山市肇升塑料制品有限公司,
E:\软件\2023-2026年顺德批复文件\2022_关于佛山市鑫永塑料金属有限公司新建项目.pdf,2022_关于佛山市鑫永塑料金属有限公司新建项目.pdf,0.18,False,2022,佛山市鑫永塑料金属有限公司,
E:\软件\2023-2026年顺德批复文件\2022_关于佛山市顺德区侨晟绝缘材料有限公司分车间新建项目环境影响报告表的批复.pdf,2022_关于佛山市顺德区侨晟绝缘材料有限公司分车间新建项目环境影响报告表的批复.pdf,0.13,True,2022,佛山市顺德区侨晟绝缘材料有限公司分车间,
E:\软件\2023-2026年顺德批复文件\2022_关于佛山市顺德区凯硕精密模具自动化科技有限公司迁扩建项目环境影响报告表的批复.pdf,2022_关于佛山市顺德区凯硕精密模具自动化科技有限公司迁扩建项目环境影响报告表的批复.pdf,0.19,True,2022,佛山市顺德区凯硕精密模具自动化科技有限公司迁,
E:\软件\2023-2026年顺德批复文件\2022_关于佛山市顺德区凯达信塑料实业有限公司.pdf,2022_关于佛山市顺德区凯达信塑料实业有限公司.pdf,0.18,False,2022,,
E:\软件\2023-2026年顺德批复文件\2022_关于佛山市顺德区北滘伟晨胶袋厂搬迁项目环境影响报告表的批复.pdf,2022_关于佛山市顺德区北滘伟晨胶袋厂搬迁项目环境影响报告表的批复.pdf,0.16,True,2022,,
E:\软件\2023-2026年顺德批复文件\2022_关于佛山市顺德区北滘逸勤塑料五金厂年产压花皮保温管165吨、排水管130吨、散附件包50吨、风道板4000箱迁扩建项目环境影响报告表的批复.pdf,2022_关于佛山市顺德区北滘逸勤塑料五金厂年产压花皮保温管165吨、排水管130吨、散附件包50吨、风道板4000箱迁扩建项目环境影响报告表的批复.pdf,0.19,True,2022,佛山市顺德区北滘逸勤塑料五金厂年产压花皮保温管165吨、排水管130吨、散附件包50吨、风道板4000箱迁,
E:\软件\2023-2026年顺德批复文件\2022_关于佛山市顺德区北滘镇凯益橡塑五金制品厂新建项目环境影响报告表的批复.pdf,2022_关于佛山市顺德区北滘镇凯益橡塑五金制品厂新建项目环境影响报告表的批复.pdf,0.18,True,2022,佛山市顺德区北滘镇凯益橡塑五金制品厂,
E:\软件\2023-2026年顺德批复文件\2022_关于佛山市顺德区北滘镇南源西路（伦桂路至丽的花园）建设工程环境影响报告表的批复.pdf,2022_关于佛山市顺德区北滘镇南源西路（伦桂路至丽的花园）建设工程环境影响报告表的批复.pdf,0.19,True,2022,佛山市顺德区北滘镇南源西路（伦桂路至丽的花园）,
E:\软件\2023-2026年顺德批复文件\2022_关于佛山市顺德区北滘镇合成南路（济虹路至南源西路）建设工程环境影响报告表的批复.pdf,2022_关于佛山市顺德区北滘镇合成南路（济虹路至南源西路）建设工程环境影响报告表的批复.pdf,0.18,True,2022,佛山市顺德区北滘镇合成南路（济虹路至南源西路）,
E:\软件\2023-2026年顺德批复文件\2022_关于佛山市顺德区北滘镇合成西路（翰城至美的实验学校）建设工程环境影响报告表的批复.pdf,2022_关于佛山市顺德区北滘镇合成西路（翰城至美的实验学校）建设工程环境影响报告表的批复.pdf,0.19,True,2022,佛山市顺德区北滘镇合成西路（翰城至美的实验学校）,
E:\软件\2023-2026年顺德批复文件\2022_关于佛山市顺德区北滘镇坤洲智盛电器实业有限公司迁扩建项目环境影响报告表的批复.pdf,2022_关于佛山市顺德区北滘镇坤洲智盛电器实业有限公司迁扩建项目环境影响报告表的批复.pdf,0.19,True,2022,佛山市顺德区北滘镇坤洲智盛电器实业有限公司迁,
E:\软件\2023-2026年顺德批复文件\2022_关于佛山市顺德区北滘镇振德包装彩印厂迁改扩建项目环境影响报告表的批复.pdf,2022_关于佛山市顺德区北滘镇振德包装彩印厂迁改扩建项目环境影响报告表的批复.pdf,0.19,True,2022,佛山市顺德区北滘镇振德包装彩印厂迁改,
E:\软件\2023-2026年顺德批复文件\2022_关于佛山市顺德区北滘镇星榆印刷厂年产IMD覆膜件控制面板480万件新建项目环境影响报告表的批复.pdf,2022_关于佛山市顺德区北滘镇星榆印刷厂年产IMD覆膜件控制面板480万件新建项目环境影响报告表的批复.pdf,0.16,True,2022,佛山市顺德区北滘镇星榆印刷厂年产IMD覆膜件控制面板480万件,
E:\软件\2023-2026年顺德批复文件\2022_关于佛山市顺德区北滘镇济虹路（伦桂路至合成南路）建设工程环境影响报告表的批复.pdf,2022_关于佛山市顺德区北滘镇济虹路（伦桂路至合成南路）建设工程环境影响报告表的批复.pdf,0.19,True,2022,佛山市顺德区北滘镇济虹路（伦桂路至合成南路）,
E:\软件\2023-2026年顺德批复文件\2022_关于佛山市顺德区北滘镇美雅尔喷涂有限公司扩建项目环境影响报告表的批复.pdf,2022_关于佛山市顺德区北滘镇美雅尔喷涂有限公司扩建项目环境影响报告表的批复.pdf,0.19,True,2022,佛山市顺德区北滘镇美雅尔喷涂有限公司,
E:\软件\2023-2026年顺德批复文件\2022_关于佛山市顺德区北滘镇西海烈士中路南延线工程环境影响报告表的批复.pdf,2022_关于佛山市顺德区北滘镇西海烈士中路南延线工程环境影响报告表的批复.pdf,0.12,True,2022,,
E:\软件\2023-2026年顺德批复文件\2022_关于佛山市顺德区北滘镇鸿源路工程建设项目环境影响报告表的批复.pdf,2022_关于佛山市顺德区北滘镇鸿源路工程建设项目环境影响报告表的批复.pdf,0.16,True,2022,佛山市顺德区北滘镇鸿源路工程,
E:\软件\2023-2026年顺德批复文件\2022_关于佛山市顺德区嵘海汽车科技有限公司迁扩建项目环境影响报告表的批复.pdf,2022_关于佛山市顺德区嵘海汽车科技有限公司迁扩建项目环境影响报告表的批复.pdf,0.18,True,2022,佛山市顺德区嵘海汽车科技有限公司迁,
E:\软件\2023-2026年顺德批复文件\2022_关于佛山市顺德区志信塑胶制品有限公司迁扩建项目环境影响报告表的批复.pdf,2022_关于佛山市顺德区志信塑胶制品有限公司迁扩建项目环境影响报告表的批复.pdf,0.15,True,2022,佛山市顺德区志信塑胶制品有限公司迁,
E:\软件\2023-2026年顺德批复文件\2022_关于佛山市顺德区森泰科电器制造有限公司迁扩建项目环境影响报告表的批复.pdf,2022_关于佛山市顺德区森泰科电器制造有限公司迁扩建项目环境影响报告表的批复.pdf,0.16,True,2022,佛山市顺德区森泰科电器制造有限公司迁,
E:\软件\2023-2026年顺德批复文件\2022_关于佛山市顺德区永智盛橡塑科技有限公司新建项目环境影响报告表的批复.pdf,2022_关于佛山市顺德区永智盛橡塑科技有限公司新建项目环境影响报告表的批复.pdf,0.18,True,2022,佛山市顺德区永智盛橡塑科技有限公司,
E:\软件\2023-2026年顺德批复文件\2022_关于佛山市顺德区磐泰特种线材有限公司迁扩建项目环境影响报告表的批复.pdf,2022_关于佛山市顺德区磐泰特种线材有限公司迁扩建项目环境影响报告表的批复.pdf,0.19,True,2022,佛山市顺德区磐泰特种线材有限公司迁,
E:\软件\2023-2026年顺德批复文件\2022_关于佛山市顺德区美的饮水机制造有限公司注塑车间改扩建项目环境影响报告表的批复.pdf,2022_关于佛山市顺德区美的饮水机制造有限公司注塑车间改扩建项目环境影响报告表的批复.pdf,0.15,True,2022,佛山市顺德区美的饮水机制造有限公司注塑车间改,
E:\软件\2023-2026年顺德批复文件\2022_关于佛山市顺德区茂高塑料模具有限公司改扩建项目环境影响报告表的批复.pdf,2022_关于佛山市顺德区茂高塑料模具有限公司改扩建项目环境影响报告表的批复.pdf,0.18,True,2022,佛山市顺德区茂高塑料模具有限公司改,
E:\软件\2023-2026年顺德批复文件\2022_关于佛山市顺德区讯德电子电器有限公司年产9500万个电容器迁扩建项目环境影响报告表的批复.pdf,2022_关于佛山市顺德区讯德电子电器有限公司年产9500万个电容器迁扩建项目环境影响报告表的批复.pdf,0.19,True,2022,佛山市顺德区讯德电子电器有限公司年产9500万个电容器迁,
E:\软件\2023-2026年顺德批复文件\2022_关于佛山市顺德区顺美莱电子实业有限公司迁扩建项目环境影响报告表的批复.pdf,2022_关于佛山市顺德区顺美莱电子实业有限公司迁扩建项目环境影响报告表的批复.pdf,0.19,True,2022,佛山市顺德区顺美莱电子实业有限公司迁,
E:\软件\2023-2026年顺德批复文件\2022_关于佛山市顺德区骏威宝金属制品有限公司搬迁改扩建项目环境影响报告表的批复.pdf,2022_关于佛山市顺德区骏威宝金属制品有限公司搬迁改扩建项目环境影响报告表的批复.pdf,0.12,True,2022,佛山市顺德区骏威宝金属制品有限公司搬迁改,
E:\软件\2023-2026年顺德批复文件\2022_关于佛山市顺德实真智能科技有限公司年产电磁阀500万套、水压开关30万套新建项目环境影响报告表的批复.pdf,2022_关于佛山市顺德实真智能科技有限公司年产电磁阀500万套、水压开关30万套新建项目环境影响报告表的批复.pdf,0.18,True,2022,佛山市顺德实真智能科技有限公司年产电磁阀500万套、水压开关30万套,
E:\软件\2023-2026年顺德批复文件\2022_关于佛山市顺德鸿成电器实业有限公司北滘分公司新建项目环境影响报告表的批复.pdf,2022_关于佛山市顺德鸿成电器实业有限公司北滘分公司新建项目环境影响报告表的批复.pdf,0.18,True,2022,佛山市顺德鸿成电器实业有限公司北滘分公司,
E:\软件\2023-2026年顺德批复文件\2022_关于佛山市顺悦玻璃制品有限公司新建项目环境影响报告表的批复.pdf,2022_关于佛山市顺悦玻璃制品有限公司新建项目环境影响报告表的批复.pdf,0.18,True,2022,佛山市顺悦玻璃制品有限公司,
E:\软件\2023-2026年顺德批复文件\2022_关于佛山赢赛德新材料有限公司新建项目环境影响报告表的批复.pdf,2022_关于佛山赢赛德新材料有限公司新建项目环境影响报告表的批复.pdf,0.18,True,2022,佛山赢赛德新材料有限公司,
E:\软件\2023-2026年顺德批复文件\2022_关于北滘镇西海二支片西海南路（规划纵一路-二支工业大道段）道路工程环境影响报告表的批复.pdf,2022_关于北滘镇西海二支片西海南路（规划纵一路-二支工业大道段）道路工程环境影响报告表的批复.pdf,0.19,True,2022,,
E:\软件\2023-2026年顺德批复文件\2022_关于广东威特真空电子制造有限公司磁控管新工厂技改项目环境影响报告表的批复.pdf,2022_关于广东威特真空电子制造有限公司磁控管新工厂技改项目环境影响报告表的批复.pdf,0.17,True,2022,广东威特真空电子制造有限公司磁控管新工厂,
E:\软件\2023-2026年顺德批复文件\2022_关于广东美伦塑料制品有限公司新建项目环境影响报告表的批复.pdf,2022_关于广东美伦塑料制品有限公司新建项目环境影响报告表的批复.pdf,0.16,True,2022,广东美伦塑料制品有限公司,
E:\软件\2023-2026年顺德批复文件\2022_关于广东美的制冷设备有限公司质检实验室新建项目环境影响报告表的批复.pdf,2022_关于广东美的制冷设备有限公司质检实验室新建项目环境影响报告表的批复.pdf,0.19,True,2022,广东美的制冷设备有限公司质检实验室,
E:\软件\2023-2026年顺德批复文件\2022_关于广东美的厨房电器制造有限公司质检实验室新建项目环境影响报告表的批复.pdf,2022_关于广东美的厨房电器制造有限公司质检实验室新建项目环境影响报告表的批复.pdf,0.15,True,2022,广东美的厨房电器制造有限公司质检实验室,
E:\软件\2023-2026年顺德批复文件\2022_关于广东美的商用空调设备有限公司改扩建项目环境影响报告表的批复.pdf,2022_关于广东美的商用空调设备有限公司改扩建项目环境影响报告表的批复.pdf,0.19,True,2022,广东美的商用空调设备有限公司改,
E:\软件\2023-2026年顺德批复文件\2022_关于广东美的希克斯电子有限公司扩建项目环境影响报告表的批复.pdf,2022_关于广东美的希克斯电子有限公司扩建项目环境影响报告表的批复.pdf,0.18,True,2022,广东美的希克斯电子有限公司,
E:\软件\2023-2026年顺德批复文件\2022_关于广东美的暖通设备有限公司改扩建项目环境影响报告表的批复.pdf,2022_关于广东美的暖通设备有限公司改扩建项目环境影响报告表的批复.pdf,0.18,True,2022,广东美的暖通设备有限公司改,
E:\软件\2023-2026年顺德批复文件\2022_关于广州弘达塑料制品有限公司佛山分公司新建项目环境影响报告表的批复.pdf,2022_关于广州弘达塑料制品有限公司佛山分公司新建项目环境影响报告表的批复.pdf,0.18,True,2022,广州弘达塑料制品有限公司佛山分公司,
E:\软件\2023-2026年顺德批复文件\2022_关于机器人谷片区交通提升工程——工业大道道路工程环境影响报告表的批复.pdf,2022_关于机器人谷片区交通提升工程——工业大道道路工程环境影响报告表的批复.pdf,0.16,True,2022,,
E:\软件\2023-2026年顺德批复文件\2022_关于顺德区北滘高村片区土地一级开发工程环境影响报告表的批复.pdf,2022_关于顺德区北滘高村片区土地一级开发工程环境影响报告表的批复.pdf,0.18,True,2022,,
E:\软件\2023-2026年顺德批复文件\2022_关于龙舟广场码头建设项目环境影响报告表的批复.pdf,2022_关于龙舟广场码头建设项目环境影响报告表的批复.pdf,0.19,True,2022,龙舟广场码头,
E:\软件\2023-2026年顺德批复文件\2022_大家乐批复.pdf,2022_大家乐批复.pdf,0.13,True,2022,,
E:\软件\2023-2026年顺德批复文件\2022_容桂大桥批复.pdf,2022_容桂大桥批复.pdf,0.13,True,2022,,
E:\软件\2023-2026年顺德批复文件\2022_工亮分公司批复.pdf,2022_工亮分公司批复.pdf,0.13,True,2022,,
E:\软件\2023-2026年顺德批复文件\2022_布谷鸟批复.pdf,2022_布谷鸟批复.pdf,0.13,True,2022,,
E:\软件\2023-2026年顺德批复文件\2022_德美瓦克批复.pdf,2022_德美瓦克批复.pdf,0.14,True,2022,,
E:\软件\2023-2026年顺德批复文件\2022_承诺制公示佛山市生态环境局关于佛山市冠威硅胶模具制品有限公司新建项目环境影响报告表的批复.pdf,2022_承诺制公示佛山市生态环境局关于佛山市冠威硅胶模具制品有限公司新建项目环境影响报告表的批复.pdf,0.06,True,2022,佛山市冠威硅胶模具制品有限公司,
E:\软件\2023-2026年顺德批复文件\2022_承诺制公示佛山市生态环境局关于佛山市吉康新材料科技有限公司新建项目环境影响报告表的批复.pdf,2022_承诺制公示佛山市生态环境局关于佛山市吉康新材料科技有限公司新建项目环境影响报告表的批复.pdf,0.06,True,2022,佛山市吉康新材料科技有限公司,
E:\软件\2023-2026年顺德批复文件\2022_承诺制公示佛山市生态环境局关于佛山市宗泰科技有限公司新建项目环境影响报告表的批复.pdf,2022_承诺制公示佛山市生态环境局关于佛山市宗泰科技有限公司新建项目环境影响报告表的批复.pdf,0.06,True,2022,佛山市宗泰科技有限公司,
E:\软件\2023-2026年顺德批复文件\2022_承诺制公示佛山市生态环境局关于佛山市广协通硅橡胶五金制品有限公司迁改建项目环境影响报告表的批复.pdf,2022_承诺制公示佛山市生态环境局关于佛山市广协通硅橡胶五金制品有限公司迁改建项目环境影响报告表的批复.pdf,0.06,True,2022,,
E:\软件\2023-2026年顺德批复文件\2022_承诺制公示佛山市生态环境局关于佛山市彩泓涂新材料科技有限公司新建项目环境影响报告表的批复.pdf,2022_承诺制公示佛山市生态环境局关于佛山市彩泓涂新材料科技有限公司新建项目环境影响报告表的批复.pdf,0.06,True,2022,佛山市彩泓涂新材料科技有限公司,
E:\软件\2023-2026年顺德批复文件\2022_承诺制公示佛山市生态环境局关于佛山市杏裕家电有限公司年产硅胶管10吨、硅胶密封件30吨迁建项目环境影响报告表的批复.pdf,2022_承诺制公示佛山市生态环境局关于佛山市杏裕家电有限公司年产硅胶管10吨、硅胶密封件30吨迁建项目环境影响报告表的批复.pdf,0.08,True,2022,佛山市杏裕家电有限公司年产硅胶管10吨、硅胶密封件30吨,
E:\软件\2023-2026年顺德批复文件\2022_承诺制公示佛山市生态环境局关于佛山市桂塑五金电器实业有限公司搬迁项目环境影响报告表的批复.pdf,2022_承诺制公示佛山市生态环境局关于佛山市桂塑五金电器实业有限公司搬迁项目环境影响报告表的批复.pdf,0.06,True,2022,,
E:\软件\2023-2026年顺德批复文件\2022_承诺制公示佛山市生态环境局关于佛山市盛世昌电源有限公司新建项目环境影响报告表的批复.pdf,2022_承诺制公示佛山市生态环境局关于佛山市盛世昌电源有限公司新建项目环境影响报告表的批复.pdf,0.06,True,2022,佛山市盛世昌电源有限公司,
E:\软件\2023-2026年顺德批复文件\2022_承诺制公示佛山市生态环境局关于佛山市胜誉泰电子有限公司新建项目环境影响报告表的批复.pdf,2022_承诺制公示佛山市生态环境局关于佛山市胜誉泰电子有限公司新建项目环境影响报告表的批复.pdf,0.06,True,2022,佛山市胜誉泰电子有限公司,
E:\软件\2023-2026年顺德批复文件\2022_承诺制公示佛山市生态环境局关于佛山市菱恩新材料有限公司新建项目环境影响报告表的批复.pdf,2022_承诺制公示佛山市生态环境局关于佛山市菱恩新材料有限公司新建项目环境影响报告表的批复.pdf,0.11,True,2022,佛山市菱恩新材料有限公司,
E:\软件\2023-2026年顺德批复文件\2022_承诺制公示佛山市生态环境局关于佛山市达久热熔胶科技有限公司迁扩建项目环境影响报告表的批复.pdf,2022_承诺制公示佛山市生态环境局关于佛山市达久热熔胶科技有限公司迁扩建项目环境影响报告表的批复.pdf,0.06,True,2022,佛山市达久热熔胶科技有限公司迁,
E:\软件\2023-2026年顺德批复文件\2022_承诺制公示佛山市生态环境局关于佛山市铭澎塑料模具有限公司新建项目环境影响报告表的批复.pdf,2022_承诺制公示佛山市生态环境局关于佛山市铭澎塑料模具有限公司新建项目环境影响报告表的批复.pdf,0.06,True,2022,佛山市铭澎塑料模具有限公司,
E:\软件\2023-2026年顺德批复文件\2022_承诺制公示佛山市生态环境局关于广东烨锋五金塑料科技有限公司改扩建项目环境影响报告表的批复.pdf,2022_承诺制公示佛山市生态环境局关于广东烨锋五金塑料科技有限公司改扩建项目环境影响报告表的批复.pdf,0.06,True,2022,广东烨锋五金塑料科技有限公司改,
E:\软件\2023-2026年顺德批复文件\2022_承诺制公示佛山市生态环境局关于广东雄特科技有限公司新建项目环境影响报告表的批复.pdf,2022_承诺制公示佛山市生态环境局关于广东雄特科技有限公司新建项目环境影响报告表的批复.pdf,0.06,True,2022,广东雄特科技有限公司,
E:\软件\2023-2026年顺德批复文件\2022_新斌腾批复.pdf,2022_新斌腾批复.pdf,0.13,True,2022,,
E:\软件\2023-2026年顺德批复文件\2022_新见业批复.pdf,2022_新见业批复.pdf,0.13,True,2022,,
E:\软件\2023-2026年顺德批复文件\2022_旺达信批复.pdf,2022_旺达信批复.pdf,0.13,True,2022,,
E:\软件\2023-2026年顺德批复文件\2022_易纳涂批复.pdf,2022_易纳涂批复.pdf,0.13,True,2022,,
E:\软件\2023-2026年顺德批复文件\2022_李义群批复.pdf,2022_李义群批复.pdf,0.17,True,2022,,
E:\软件\2023-2026年顺德批复文件\2022_水环境批复.pdf,2022_水环境批复.pdf,0.13,True,2022,,
E:\软件\2023-2026年顺德批复文件\2022_盟恩扩建批复.pdf,2022_盟恩扩建批复.pdf,0.13,True,2022,,
E:\软件\2023-2026年顺德批复文件\2022_科悦丰批复.pdf,2022_科悦丰批复.pdf,0.13,True,2022,,
E:\软件\2023-2026年顺德批复文件\2022_美益佳批复.pdf,2022_美益佳批复.pdf,0.14,True,2022,,
E:\软件\2023-2026年顺德批复文件\2022_艾力森批复.pdf,2022_艾力森批复.pdf,0.13,True,2022,,
E:\软件\2023-2026年顺德批复文件\2022_茵沐芯批复.pdf,2022_茵沐芯批复.pdf,0.15,True,2022,,
E:\软件\2023-2026年顺德批复文件\2022_菲彤睿批复.pdf,2022_菲彤睿批复.pdf,0.13,True,2022,,
E:\软件\2023-2026年顺德批复文件\2022_赫斯基批复.pdf,2022_赫斯基批复.pdf,0.14,True,2022,,
E:\软件\2023-2026年顺德批复文件\2022_铭硅阳批复.pdf,2022_铭硅阳批复.pdf,0.13,True,2022,,
E:\软件\2023-2026年顺德批复文件\2022_雅晋达批复.pdf,2022_雅晋达批复.pdf,0.13,True,2022,,
E:\软件\2023-2026年顺德批复文件\2022_雷克萨斯批复.pdf,2022_雷克萨斯批复.pdf,0.13,True,2022,,
E:\软件\2023-2026年顺德批复文件\2022_高铭威批复.pdf,2022_高铭威批复.pdf,0.13,True,2022,,
E:\软件\2023-2026年顺德批复文件\2022_（佛环0304环审【2022】第0001号）佛山市生态环境局关于佛山市顺德区新凯明印刷有限公司迁扩建项目环境影响报告表的批复.pdf,2022_（佛环0304环审【2022】第0001号）佛山市生态环境局关于佛山市顺德区新凯明印刷有限公司迁扩建项目环境影响报告表的批复.pdf,0.12,True,2022,佛山市顺德区新凯明印刷有限公司迁,佛环0304环审【2022】第0001号）佛
E:\软件\2023-2026年顺德批复文件\2022_（佛环0304环审〔2022〕89号）佛山市生态环境局关于佛山市顺德区旺海饲料实业有限公司改扩建项目环境影响报告表的批复.pdf,2022_（佛环0304环审〔2022〕89号）佛山市生态环境局关于佛山市顺德区旺海饲料实业有限公司改扩建项目环境影响报告表的批复.pdf,0.18,True,2022,佛山市顺德区旺海饲料实业有限公司改,佛环0304环审〔2022〕89号）佛山市生
E:\软件\2023-2026年顺德批复文件\2023_2023_5520160_1.pdf,2023_2023_5520160_1.pdf,0.13,False,2023,,
E:\软件\2023-2026年顺德批复文件\2023_2023_5520160_2.pdf,2023_2023_5520160_2.pdf,0.13,False,2023,,
E:\软件\2023-2026年顺德批复文件\2023_2023_5520160_5.pdf,2023_2023_5520160_5.pdf,0.13,False,2023,,
E:\软件\2023-2026年顺德批复文件\2023_佛山市川瀛电器有限公司新建项目环境影响报告表的批复.pdf,2023_佛山市川瀛电器有限公司新建项目环境影响报告表的批复.pdf,0.13,True,2023,,
E:\软件\2023-2026年顺德批复文件\2023_佛山市璞洁五金塑料有限公司迁扩建项目环境影响报告表的批复.pdf,2023_佛山市璞洁五金塑料有限公司迁扩建项目环境影响报告表的批复.pdf,0.13,True,2023,,
E:\软件\2023-2026年顺德批复文件\2023_佛山市生态环境局关于万华化学集团股份有限公司顺德办事处技术服务实验室新建项目环境影响报告表的批复.pdf,2023_佛山市生态环境局关于万华化学集团股份有限公司顺德办事处技术服务实验室新建项目环境影响报告表的批复.pdf,0.11,True,2023,万华化学集团股份有限公司顺德办事处,
E:\软件\2023-2026年顺德批复文件\2023_佛山市生态环境局关于佛山东澳电热制品有限公司新建项目环境影响报告表的批复.pdf,2023_佛山市生态环境局关于佛山东澳电热制品有限公司新建项目环境影响报告表的批复.pdf,0.11,True,2023,佛山东澳电热制品有限公司,
E:\软件\2023-2026年顺德批复文件\2023_佛山市生态环境局关于佛山丰图光学有限公司新建项目环境影响报告表的批复.pdf,2023_佛山市生态环境局关于佛山丰图光学有限公司新建项目环境影响报告表的批复.pdf,0.12,True,2023,佛山丰图光学有限公司,
E:\软件\2023-2026年顺德批复文件\2023_佛山市生态环境局关于佛山市东驭科技有限公司新建项目环境影响报告表的批复.pdf,2023_佛山市生态环境局关于佛山市东驭科技有限公司新建项目环境影响报告表的批复.pdf,0.12,True,2023,佛山市东驭科技有限公司,
E:\软件\2023-2026年顺德批复文件\2023_佛山市生态环境局关于佛山市久讯电子有限公司新建项目环境影响报告表的批复.pdf,2023_佛山市生态环境局关于佛山市久讯电子有限公司新建项目环境影响报告表的批复.pdf,0.15,True,2023,佛山市久讯电子有限公司,
E:\软件\2023-2026年顺德批复文件\2023_佛山市生态环境局关于佛山市净盈模具制造有限公司新建项目环境影响报告表的批复.pdf,2023_佛山市生态环境局关于佛山市净盈模具制造有限公司新建项目环境影响报告表的批复.pdf,0.12,True,2023,佛山市净盈模具制造有限公司,
E:\软件\2023-2026年顺德批复文件\2023_佛山市生态环境局关于佛山市卓展电器科技有限公司迁扩建项目环境影响报告表的批复.pdf,2023_佛山市生态环境局关于佛山市卓展电器科技有限公司迁扩建项目环境影响报告表的批复.pdf,0.1,True,2023,佛山市卓展电器科技有限公司迁,
E:\软件\2023-2026年顺德批复文件\2023_佛山市生态环境局关于佛山市宝菱电器有限公司迁建项目环境影响报告表的批复.pdf,2023_佛山市生态环境局关于佛山市宝菱电器有限公司迁建项目环境影响报告表的批复.pdf,0.14,True,2023,佛山市宝菱电器有限公司,
E:\软件\2023-2026年顺德批复文件\2023_佛山市生态环境局关于佛山市拥抱电子科技有限公司年产塑料配件768万个新建项目环境影响报告表的批复.pdf,2023_佛山市生态环境局关于佛山市拥抱电子科技有限公司年产塑料配件768万个新建项目环境影响报告表的批复.pdf,0.15,True,2023,佛山市拥抱电子科技有限公司年产塑料配件768万个,
E:\软件\2023-2026年顺德批复文件\2023_佛山市生态环境局关于佛山市映杰塑料有限公司扩建项目环境影响报告表的批复.pdf,2023_佛山市生态环境局关于佛山市映杰塑料有限公司扩建项目环境影响报告表的批复.pdf,0.12,True,2023,佛山市映杰塑料有限公司,
E:\软件\2023-2026年顺德批复文件\2023_佛山市生态环境局关于佛山市杨业旺隆纺织品有限公司年产复合布料100万米新建项目环境影响报告表的批复.pdf,2023_佛山市生态环境局关于佛山市杨业旺隆纺织品有限公司年产复合布料100万米新建项目环境影响报告表的批复.pdf,0.15,True,2023,佛山市杨业旺隆纺织品有限公司年产复合布料100万米,
E:\软件\2023-2026年顺德批复文件\2023_佛山市生态环境局关于佛山市梓华包装制品有限公司迁扩建项目环境影响报告表的批复.pdf,2023_佛山市生态环境局关于佛山市梓华包装制品有限公司迁扩建项目环境影响报告表的批复.pdf,0.09,True,2023,佛山市梓华包装制品有限公司迁,
E:\软件\2023-2026年顺德批复文件\2023_佛山市生态环境局关于佛山市湾厦新材料科技有限公司建设项目（搬迁合并）环境影响报告表的批复.pdf,2023_佛山市生态环境局关于佛山市湾厦新材料科技有限公司建设项目（搬迁合并）环境影响报告表的批复.pdf,0.13,True,2023,佛山市湾厦新材料科技有限公司,
E:\软件\2023-2026年顺德批复文件\2023_佛山市生态环境局关于佛山市源江鑫塑料有限公司新建项目环境影响报告表的批复.pdf,2023_佛山市生态环境局关于佛山市源江鑫塑料有限公司新建项目环境影响报告表的批复.pdf,0.1,True,2023,佛山市源江鑫塑料有限公司,
E:\软件\2023-2026年顺德批复文件\2023_佛山市生态环境局关于佛山市焱燚电子科技有限公司新建项目环境影响报告表的批复.pdf,2023_佛山市生态环境局关于佛山市焱燚电子科技有限公司新建项目环境影响报告表的批复.pdf,0.09,True,2023,佛山市焱燚电子科技有限公司,
E:\软件\2023-2026年顺德批复文件\2023_佛山市生态环境局关于佛山市瑞胜彩印刷有限公司年产纸箱150万个新建项目环境影响报告表的批复.pdf,2023_佛山市生态环境局关于佛山市瑞胜彩印刷有限公司年产纸箱150万个新建项目环境影响报告表的批复.pdf,0.1,True,2023,佛山市瑞胜彩印刷有限公司年产纸箱150万个,
E:\软件\2023-2026年顺德批复文件\2023_佛山市生态环境局关于佛山市益锦屹泰电器有限公司新建项目环境影响报告表的批复.pdf,2023_佛山市生态环境局关于佛山市益锦屹泰电器有限公司新建项目环境影响报告表的批复.pdf,0.11,True,2023,佛山市益锦屹泰电器有限公司,
E:\软件\2023-2026年顺德批复文件\2023_佛山市生态环境局关于佛山市相盈包装制品有限公司年产纸浆模塑制品2000吨新建项目环境影响报告表的批复.pdf,2023_佛山市生态环境局关于佛山市相盈包装制品有限公司年产纸浆模塑制品2000吨新建项目环境影响报告表的批复.pdf,0.15,True,2023,佛山市相盈包装制品有限公司年产纸浆模塑制品2000吨,
E:\软件\2023-2026年顺德批复文件\2023_佛山市生态环境局关于佛山市美诺思金属制造有限公司新建项目环境影响报告表的批复.pdf,2023_佛山市生态环境局关于佛山市美诺思金属制造有限公司新建项目环境影响报告表的批复.pdf,0.13,True,2023,佛山市美诺思金属制造有限公司,
E:\软件\2023-2026年顺德批复文件\2023_佛山市生态环境局关于佛山市臻品科技有限公司新建项目环境影响报告表的批复.pdf,2023_佛山市生态环境局关于佛山市臻品科技有限公司新建项目环境影响报告表的批复.pdf,0.12,True,2023,佛山市臻品科技有限公司,
E:\软件\2023-2026年顺德批复文件\2023_佛山市生态环境局关于佛山市苯纶工业材料有限公司年产改性塑料800吨迁建项目环境影响报告表的批复.pdf,2023_佛山市生态环境局关于佛山市苯纶工业材料有限公司年产改性塑料800吨迁建项目环境影响报告表的批复.pdf,0.12,True,2023,佛山市苯纶工业材料有限公司年产改性塑料800吨,
E:\软件\2023-2026年顺德批复文件\2023_佛山市生态环境局关于佛山市诺兴晟电子有限公司新建项目环境影响报告表的批复.pdf,2023_佛山市生态环境局关于佛山市诺兴晟电子有限公司新建项目环境影响报告表的批复.pdf,0.1,True,2023,佛山市诺兴晟电子有限公司,
E:\软件\2023-2026年顺德批复文件\2023_佛山市生态环境局关于佛山市越骏五金有限公司新建项目环境影响报告表的批复.pdf,2023_佛山市生态环境局关于佛山市越骏五金有限公司新建项目环境影响报告表的批复.pdf,0.12,True,2023,佛山市越骏五金有限公司,
E:\软件\2023-2026年顺德批复文件\2023_佛山市生态环境局关于佛山市鑫品聚五金有限公司年产五金配件50万套新建项目环境影响报告表的批复.pdf,2023_佛山市生态环境局关于佛山市鑫品聚五金有限公司年产五金配件50万套新建项目环境影响报告表的批复.pdf,0.13,True,2023,佛山市鑫品聚五金有限公司年产五金配件50万套,
E:\软件\2023-2026年顺德批复文件\2023_佛山市生态环境局关于佛山市银惠科技有限公司新建项目环境影响报告表的批复.pdf,2023_佛山市生态环境局关于佛山市银惠科技有限公司新建项目环境影响报告表的批复.pdf,0.1,True,2023,佛山市银惠科技有限公司,
E:\软件\2023-2026年顺德批复文件\2023_佛山市生态环境局关于佛山市键杰金属制品有限公司新建项目环境影响报告表的批复.pdf,2023_佛山市生态环境局关于佛山市键杰金属制品有限公司新建项目环境影响报告表的批复.pdf,0.13,True,2023,佛山市键杰金属制品有限公司,
E:\软件\2023-2026年顺德批复文件\2023_佛山市生态环境局关于佛山市顺德区万桂坊纺织品加工厂年产复合布料100万米新建项目环境影响报告表的批复.pdf,2023_佛山市生态环境局关于佛山市顺德区万桂坊纺织品加工厂年产复合布料100万米新建项目环境影响报告表的批复.pdf,0.12,True,2023,佛山市顺德区万桂坊纺织品加工厂年产复合布料100万米,
E:\软件\2023-2026年顺德批复文件\2023_佛山市生态环境局关于佛山市顺德区佳佳之铭金属制品有限公司建设项目环境影响报告表的批复.pdf,2023_佛山市生态环境局关于佛山市顺德区佳佳之铭金属制品有限公司建设项目环境影响报告表的批复.pdf,0.12,True,2023,佛山市顺德区佳佳之铭金属制品有限公司,
E:\软件\2023-2026年顺德批复文件\2023_佛山市生态环境局关于佛山市顺德区兆志恒塑料厂新建项目环境影响报告表的批复.pdf,2023_佛山市生态环境局关于佛山市顺德区兆志恒塑料厂新建项目环境影响报告表的批复.pdf,0.13,True,2023,佛山市顺德区兆志恒塑料厂,
E:\软件\2023-2026年顺德批复文件\2023_佛山市生态环境局关于佛山市顺德区卓星电器有限公司新建项目环境影响报告表的批复.pdf,2023_佛山市生态环境局关于佛山市顺德区卓星电器有限公司新建项目环境影响报告表的批复.pdf,0.13,True,2023,佛山市顺德区卓星电器有限公司,
E:\软件\2023-2026年顺德批复文件\2023_佛山市生态环境局关于佛山市顺德区大疆创新科技有限公司新建项目环境影响报告表的批复.pdf,2023_佛山市生态环境局关于佛山市顺德区大疆创新科技有限公司新建项目环境影响报告表的批复.pdf,0.15,True,2023,佛山市顺德区大疆创新科技有限公司,
E:\软件\2023-2026年顺德批复文件\2023_佛山市生态环境局关于佛山市顺德区宁一精密塑胶实业有限公司搬迁项目环境影响报告表的批复.pdf,2023_佛山市生态环境局关于佛山市顺德区宁一精密塑胶实业有限公司搬迁项目环境影响报告表的批复.pdf,0.15,True,2023,,
E:\软件\2023-2026年顺德批复文件\2023_佛山市生态环境局关于佛山市顺德区容桂展汇塑料制品厂扩建项目环境影响报告表的批复.pdf,2023_佛山市生态环境局关于佛山市顺德区容桂展汇塑料制品厂扩建项目环境影响报告表的批复.pdf,0.13,True,2023,佛山市顺德区容桂展汇塑料制品厂,
E:\软件\2023-2026年顺德批复文件\2023_佛山市生态环境局关于佛山市顺德区容桂永阳印刷厂迁建项目环境影响报告表的批复.pdf,2023_佛山市生态环境局关于佛山市顺德区容桂永阳印刷厂迁建项目环境影响报告表的批复.pdf,0.14,True,2023,佛山市顺德区容桂永阳印刷厂,
E:\软件\2023-2026年顺德批复文件\2023_佛山市生态环境局关于佛山市顺德区容桂街道桂洲大道西延线（大福路至华基路段）新建工程环境影响报告表的批复.pdf,2023_佛山市生态环境局关于佛山市顺德区容桂街道桂洲大道西延线（大福路至华基路段）新建工程环境影响报告表的批复.pdf,0.11,True,2023,佛山市顺德区容桂街道桂洲大道西延线（大福路至华基路段）,
E:\软件\2023-2026年顺德批复文件\2023_佛山市生态环境局关于佛山市顺德区帮全电子有限公司迁扩建项目环境影响报告表的批复.pdf,2023_佛山市生态环境局关于佛山市顺德区帮全电子有限公司迁扩建项目环境影响报告表的批复.pdf,0.12,True,2023,佛山市顺德区帮全电子有限公司迁,
E:\软件\2023-2026年顺德批复文件\2023_佛山市生态环境局关于佛山市顺德区康正卫生材料有限公司迁扩建项目环境影响报告表的批复.pdf,2023_佛山市生态环境局关于佛山市顺德区康正卫生材料有限公司迁扩建项目环境影响报告表的批复.pdf,0.12,True,2023,佛山市顺德区康正卫生材料有限公司迁,
E:\软件\2023-2026年顺德批复文件\2023_佛山市生态环境局关于佛山市顺德区徽煌喜塑料制品有限公司年产塑料制品5880万个新建项目环境影响报告表的批复.pdf,2023_佛山市生态环境局关于佛山市顺德区徽煌喜塑料制品有限公司年产塑料制品5880万个新建项目环境影响报告表的批复.pdf,0.09,True,2023,佛山市顺德区徽煌喜塑料制品有限公司年产塑料制品5880万个,
E:\软件\2023-2026年顺德批复文件\2023_佛山市生态环境局关于佛山市顺德区湘雅塑料实业有限公司迁扩建项目环境影响报告表的批复.pdf,2023_佛山市生态环境局关于佛山市顺德区湘雅塑料实业有限公司迁扩建项目环境影响报告表的批复.pdf,0.11,True,2023,佛山市顺德区湘雅塑料实业有限公司迁,
E:\软件\2023-2026年顺德批复文件\2023_佛山市生态环境局关于佛山市顺德区英礼纳五金塑胶制品有限公司新建项目环境影响报告表的批复.pdf,2023_佛山市生态环境局关于佛山市顺德区英礼纳五金塑胶制品有限公司新建项目环境影响报告表的批复.pdf,0.1,True,2023,佛山市顺德区英礼纳五金塑胶制品有限公司,
E:\软件\2023-2026年顺德批复文件\2023_佛山市生态环境局关于佛山市顺德区金乔电器有限公司迁扩建项目环境影响报告表的批复.pdf,2023_佛山市生态环境局关于佛山市顺德区金乔电器有限公司迁扩建项目环境影响报告表的批复.pdf,0.09,True,2023,佛山市顺德区金乔电器有限公司迁,
E:\软件\2023-2026年顺德批复文件\2023_佛山市生态环境局关于佛山市领佑彩印包装有限公司新建项目环境影响报告表的批复.pdf,2023_佛山市生态环境局关于佛山市领佑彩印包装有限公司新建项目环境影响报告表的批复.pdf,0.1,True,2023,佛山市领佑彩印包装有限公司,
E:\软件\2023-2026年顺德批复文件\2023_佛山市生态环境局关于佛山弗朗司塑料科技有限公司年产LED灯罩100万米迁扩建项目环境影响报告表的批复.pdf,2023_佛山市生态环境局关于佛山弗朗司塑料科技有限公司年产LED灯罩100万米迁扩建项目环境影响报告表的批复.pdf,0.12,True,2023,佛山弗朗司塑料科技有限公司年产LED灯罩100万米迁,
E:\软件\2023-2026年顺德批复文件\2023_佛山市生态环境局关于佛山欣达胜精密科技有限公司新建项目环境影响报告表的批复.pdf,2023_佛山市生态环境局关于佛山欣达胜精密科技有限公司新建项目环境影响报告表的批复.pdf,0.11,True,2023,佛山欣达胜精密科技有限公司,
E:\软件\2023-2026年顺德批复文件\2023_佛山市生态环境局关于佛山董大塑胶模具有限公司建设项目环境影响报告表的批复.pdf,2023_佛山市生态环境局关于佛山董大塑胶模具有限公司建设项目环境影响报告表的批复.pdf,0.12,True,2023,佛山董大塑胶模具有限公司,
E:\软件\2023-2026年顺德批复文件\2023_佛山市生态环境局关于佛山达意旺科技有限公司新建项目环境影响报告表的批复.pdf,2023_佛山市生态环境局关于佛山达意旺科技有限公司新建项目环境影响报告表的批复.pdf,0.11,True,2023,佛山达意旺科技有限公司,
E:\软件\2023-2026年顺德批复文件\2023_佛山市生态环境局关于华东师范大学附属顺德美的学校（二期）建设项目环境影响报告表的批复.pdf,2023_佛山市生态环境局关于华东师范大学附属顺德美的学校（二期）建设项目环境影响报告表的批复.pdf,0.18,True,2023,华东师范大学附属顺德美的学校（二期）,
E:\软件\2023-2026年顺德批复文件\2023_佛山市生态环境局关于广东博成塑料制品有限公司迁扩建项目环境影响报告表的批复.pdf,2023_佛山市生态环境局关于广东博成塑料制品有限公司迁扩建项目环境影响报告表的批复.pdf,0.13,True,2023,广东博成塑料制品有限公司迁,
E:\软件\2023-2026年顺德批复文件\2023_佛山市生态环境局关于广东庆多新材料科技有限公司迁扩建项目环境影响报告表的批复.pdf,2023_佛山市生态环境局关于广东庆多新材料科技有限公司迁扩建项目环境影响报告表的批复.pdf,0.15,True,2023,广东庆多新材料科技有限公司迁,
E:\软件\2023-2026年顺德批复文件\2023_佛山市生态环境局关于广东德美精细化工集团股份有限公司功能材料实验室建设项目环境影响报告表的批复.pdf,2023_佛山市生态环境局关于广东德美精细化工集团股份有限公司功能材料实验室建设项目环境影响报告表的批复.pdf,0.1,True,2023,广东德美精细化工集团股份有限公司功能材料实验室,
E:\软件\2023-2026年顺德批复文件\2023_佛山市生态环境局关于广东恒基金属股份有限公司研发中心新建项目环境影响报告表的批复.pdf,2023_佛山市生态环境局关于广东恒基金属股份有限公司研发中心新建项目环境影响报告表的批复.pdf,0.12,True,2023,广东恒基金属股份有限公司研发中心,
E:\软件\2023-2026年顺德批复文件\2023_佛山市生态环境局关于广东恒基金属股份有限公司铝及不锈钢管件车间新建项目环境影响报告表的批复.pdf,2023_佛山市生态环境局关于广东恒基金属股份有限公司铝及不锈钢管件车间新建项目环境影响报告表的批复.pdf,0.12,True,2023,广东恒基金属股份有限公司铝及不锈钢管件车间,
E:\软件\2023-2026年顺德批复文件\2023_佛山市生态环境局关于广东敏卓机电股份有限公司新建项目环境影响报告表的批复.pdf,2023_佛山市生态环境局关于广东敏卓机电股份有限公司新建项目环境影响报告表的批复.pdf,0.16,True,2023,广东敏卓机电股份有限公司,
E:\软件\2023-2026年顺德批复文件\2023_佛山市生态环境局关于广东珺悦塑料制品有限公司新建项目环境影响报告表的批复.pdf,2023_佛山市生态环境局关于广东珺悦塑料制品有限公司新建项目环境影响报告表的批复.pdf,0.13,True,2023,广东珺悦塑料制品有限公司,
E:\软件\2023-2026年顺德批复文件\2023_佛山市生态环境局关于广东珺金睿塑料制品有限公司搬迁扩建项目环境影响报告表的批复.pdf,2023_佛山市生态环境局关于广东珺金睿塑料制品有限公司搬迁扩建项目环境影响报告表的批复.pdf,0.13,True,2023,广东珺金睿塑料制品有限公司搬迁,
E:\软件\2023-2026年顺德批复文件\2023_佛山市生态环境局关于广东疆海五音电子科技有限公司新建项目环境影响报告表的批复.pdf,2023_佛山市生态环境局关于广东疆海五音电子科技有限公司新建项目环境影响报告表的批复.pdf,0.09,True,2023,广东疆海五音电子科技有限公司,
E:\软件\2023-2026年顺德批复文件\2023_佛山市生态环境局关于广东美的制冷设备有限公司开利车间R32储置区域建设项目环境影响报告表的批复.pdf,2023_佛山市生态环境局关于广东美的制冷设备有限公司开利车间R32储置区域建设项目环境影响报告表的批复.pdf,0.15,True,2023,广东美的制冷设备有限公司开利车间R32储置区域,
E:\软件\2023-2026年顺德批复文件\2023_佛山市生态环境局关于广东美的智能科技有限公司新建项目环境影响报告表的批复.pdf,2023_佛山市生态环境局关于广东美的智能科技有限公司新建项目环境影响报告表的批复.pdf,0.12,True,2023,广东美的智能科技有限公司,
E:\软件\2023-2026年顺德批复文件\2023_佛山市生态环境局关于广东诺威电气有限公司环境影响报告表的批复.pdf,2023_佛山市生态环境局关于广东诺威电气有限公司环境影响报告表的批复.pdf,0.1,True,2023,,
E:\软件\2023-2026年顺德批复文件\2023_佛山市生态环境局关于纳卡思科技（佛山）有限公司新建项目环境影响报告表的批复.pdf,2023_佛山市生态环境局关于纳卡思科技（佛山）有限公司新建项目环境影响报告表的批复.pdf,0.15,True,2023,纳卡思科技（佛山）有限公司,
E:\软件\2023-2026年顺德批复文件\2023_佛山市蓝瑞包装材料有限公司年产铝箔布胶带1000吨新建项目环境影响报告表的批复.pdf,2023_佛山市蓝瑞包装材料有限公司年产铝箔布胶带1000吨新建项目环境影响报告表的批复.pdf,0.13,True,2023,,
E:\软件\2023-2026年顺德批复文件\2023_佛山市顺德区睿宏塑料制品厂迁扩建项目环境影响报告表的批复.pdf,2023_佛山市顺德区睿宏塑料制品厂迁扩建项目环境影响报告表的批复.pdf,0.13,True,2023,,
E:\软件\2023-2026年顺德批复文件\2023_佛山市顺德区顺天厚科技有限公司新建项目环境影响报告表的批复.pdf,2023_佛山市顺德区顺天厚科技有限公司新建项目环境影响报告表的批复.pdf,0.13,True,2023,,
E:\软件\2023-2026年顺德批复文件\2023_佛环0304环审〔2022〕127号  佛山市生态环境局关于佛山市凯成德塑料制品有限公司新建项目环境影响报告表的批复.pdf,2023_佛环0304环审〔2022〕127号  佛山市生态环境局关于佛山市凯成德塑料制品有限公司新建项目环境影响报告表的批复.pdf,0.11,True,2023,佛山市凯成德塑料制品有限公司,佛环0304环审〔2022〕127号
E:\软件\2023-2026年顺德批复文件\2023_佛环0304环审〔2022〕128号  佛山市生态环境局关于佛山市顺德区科昂科技有限公司搬迁项目环境影响报告表的批复.pdf,2023_佛环0304环审〔2022〕128号  佛山市生态环境局关于佛山市顺德区科昂科技有限公司搬迁项目环境影响报告表的批复.pdf,0.11,True,2023,,佛环0304环审〔2022〕128号
E:\软件\2023-2026年顺德批复文件\2023_佛环0304环审〔2022〕129号  佛山市生态环境局关于佛山市顺德区欧拓机械有限公司新建项目环境影响报告表的批复.pdf,2023_佛环0304环审〔2022〕129号  佛山市生态环境局关于佛山市顺德区欧拓机械有限公司新建项目环境影响报告表的批复.pdf,0.11,True,2023,佛山市顺德区欧拓机械有限公司,佛环0304环审〔2022〕129号
E:\软件\2023-2026年顺德批复文件\2023_佛环0304环审〔2022〕130号  佛山市生态环境局关于佛山市顺德区正冠橡胶制品有限公司迁扩建项目环境影响报告表的批复.pdf,2023_佛环0304环审〔2022〕130号  佛山市生态环境局关于佛山市顺德区正冠橡胶制品有限公司迁扩建项目环境影响报告表的批复.pdf,0.14,True,2023,佛山市顺德区正冠橡胶制品有限公司迁,佛环0304环审〔2022〕130号
E:\软件\2023-2026年顺德批复文件\2023_佛环0304环审〔2023〕11号 佛山市生态环境局关于广东新宝电器股份有限公司智能家居电器项目和健康美容电器项目改扩建项目环境影响报告表的批复.pdf,2023_佛环0304环审〔2023〕11号 佛山市生态环境局关于广东新宝电器股份有限公司智能家居电器项目和健康美容电器项目改扩建项目环境影响报告表的批复.pdf,0.12,True,2023,广东新宝电器股份有限公司智能家居电器项目和健康美容电器项目改,佛环0304环审〔2023〕11号
E:\软件\2023-2026年顺德批复文件\2023_佛环0304环审〔2023〕12号 佛山市生态环境局关于佛山市天铖德力智能科技有限公司新建项目环境影响报告表的批复.pdf,2023_佛环0304环审〔2023〕12号 佛山市生态环境局关于佛山市天铖德力智能科技有限公司新建项目环境影响报告表的批复.pdf,0.07,True,2023,佛山市天铖德力智能科技有限公司,佛环0304环审〔2023〕12号
E:\软件\2023-2026年顺德批复文件\2023_佛环0304环审〔2023〕13号 佛山市生态环境局关于佛山市哥贵莱塑料制品有限公司新建环境影响报告表的批复.pdf,2023_佛环0304环审〔2023〕13号 佛山市生态环境局关于佛山市哥贵莱塑料制品有限公司新建环境影响报告表的批复.pdf,0.07,True,2023,佛山市哥贵莱塑料制品有限公司,佛环0304环审〔2023〕13号
E:\软件\2023-2026年顺德批复文件\2023_佛环0304环审〔2023〕15号_佛山市生态环境局关于广东普若泰科技有限公司新建项目环境影响报告表的批复.pdf,2023_佛环0304环审〔2023〕15号_佛山市生态环境局关于广东普若泰科技有限公司新建项目环境影响报告表的批复.pdf,0.11,True,2023,广东普若泰科技有限公司,佛环0304环审〔2023〕15号_佛山市生
E:\软件\2023-2026年顺德批复文件\2023_佛环0304环审〔2023〕16号 佛山市生态环境局关于佛山市顺德区志森塑料制品有限公司新建项目环境影响报告表的批复.pdf,2023_佛环0304环审〔2023〕16号 佛山市生态环境局关于佛山市顺德区志森塑料制品有限公司新建项目环境影响报告表的批复.pdf,0.07,True,2023,佛山市顺德区志森塑料制品有限公司,佛环0304环审〔2023〕16号
E:\软件\2023-2026年顺德批复文件\2023_佛环0304环审〔2023〕17号__佛山市生态环境局关于佛山市顺德区品顺为智能电器有限公司新建项目环境影响报告表的批复.pdf,2023_佛环0304环审〔2023〕17号__佛山市生态环境局关于佛山市顺德区品顺为智能电器有限公司新建项目环境影响报告表的批复.pdf,0.11,True,2023,佛山市顺德区品顺为智能电器有限公司,佛环0304环审〔2023〕17号__佛山市
E:\软件\2023-2026年顺德批复文件\2023_佛环0304环审〔2023〕18号_佛山市生态环境局关于广东康业电器有限公司迁扩建项目环境影响报告表的批复.pdf,2023_佛环0304环审〔2023〕18号_佛山市生态环境局关于广东康业电器有限公司迁扩建项目环境影响报告表的批复.pdf,0.11,True,2023,广东康业电器有限公司迁,佛环0304环审〔2023〕18号_佛山市生
E:\软件\2023-2026年顺德批复文件\2023_佛环0304环审〔2023〕19号__佛山市荞鸿新材料有限公司新建项目环境影响报告表的批复.pdf,2023_佛环0304环审〔2023〕19号__佛山市荞鸿新材料有限公司新建项目环境影响报告表的批复.pdf,0.11,True,2023,,佛环0304环审〔2023〕19号__佛山市
E:\软件\2023-2026年顺德批复文件\2023_佛环0304环审〔2023〕1号__佛山市生态环境局关于佛山市顺德区欧佩家五金制品有限公司迁建项目环境影响报告表的批复.pdf,2023_佛环0304环审〔2023〕1号__佛山市生态环境局关于佛山市顺德区欧佩家五金制品有限公司迁建项目环境影响报告表的批复.pdf,0.11,True,2023,佛山市顺德区欧佩家五金制品有限公司,佛环0304环审〔2023〕1号__佛山市生
E:\软件\2023-2026年顺德批复文件\2023_佛环0304环审〔2023〕21号  佛山市生态环境局关于佛山市创飞特塑料制品有限公司新建项目环境影响报告表的批复.pdf,2023_佛环0304环审〔2023〕21号  佛山市生态环境局关于佛山市创飞特塑料制品有限公司新建项目环境影响报告表的批复.pdf,0.11,True,2023,佛山市创飞特塑料制品有限公司,佛环0304环审〔2023〕21号
E:\软件\2023-2026年顺德批复文件\2023_佛环0304环审〔2023〕22号  佛山市生态环境局关于佛山市仪铭燃电器有限公司迁建项目环境影响报告表的批复.pdf,2023_佛环0304环审〔2023〕22号  佛山市生态环境局关于佛山市仪铭燃电器有限公司迁建项目环境影响报告表的批复.pdf,0.11,True,2023,佛山市仪铭燃电器有限公司,佛环0304环审〔2023〕22号
E:\软件\2023-2026年顺德批复文件\2023_佛环0304环审〔2023〕23号 佛山市生态环境局关于佛山市顺德区格瑞夫五金制品有限公司迁扩建项目环境影响报告表的批复.pdf,2023_佛环0304环审〔2023〕23号 佛山市生态环境局关于佛山市顺德区格瑞夫五金制品有限公司迁扩建项目环境影响报告表的批复.pdf,0.11,True,2023,佛山市顺德区格瑞夫五金制品有限公司迁,佛环0304环审〔2023〕23号
E:\软件\2023-2026年顺德批复文件\2023_佛环0304环审〔2023〕24号 佛山市生态环境局关于佛山市顺德区金翔来塑料包装制品有限公司迁扩建项目环境影响报告表的批复.pdf,2023_佛环0304环审〔2023〕24号 佛山市生态环境局关于佛山市顺德区金翔来塑料包装制品有限公司迁扩建项目环境影响报告表的批复.pdf,0.11,True,2023,佛山市顺德区金翔来塑料包装制品有限公司迁,佛环0304环审〔2023〕24号
E:\软件\2023-2026年顺德批复文件\2023_佛环0304环审〔2023〕25号 佛山市生态环境局关于佛山市兵邦科技有限公司新建项目环境影响报告表的批复.pdf,2023_佛环0304环审〔2023〕25号 佛山市生态环境局关于佛山市兵邦科技有限公司新建项目环境影响报告表的批复.pdf,0.11,True,2023,佛山市兵邦科技有限公司,佛环0304环审〔2023〕25号
E:\软件\2023-2026年顺德批复文件\2023_佛环0304环审〔2023〕26号  佛山市生态环境局关于佛山市维固塑料制品有限公司新建项目环境影响报告表的批复.pdf,2023_佛环0304环审〔2023〕26号  佛山市生态环境局关于佛山市维固塑料制品有限公司新建项目环境影响报告表的批复.pdf,0.11,True,2023,佛山市维固塑料制品有限公司,佛环0304环审〔2023〕26号
E:\软件\2023-2026年顺德批复文件\2023_佛环0304环审〔2023〕27号 佛山市生态环境局关于佛山市银翼户外用品有限公司新建项目环境影响报告表的批复.pdf,2023_佛环0304环审〔2023〕27号 佛山市生态环境局关于佛山市银翼户外用品有限公司新建项目环境影响报告表的批复.pdf,0.11,True,2023,佛山市银翼户外用品有限公司,佛环0304环审〔2023〕27号
E:\软件\2023-2026年顺德批复文件\2023_佛环0304环审〔2023〕28号 佛山市生态环境局关于佛山市思索达塑料有限公司新建项目环境影响报告表的批复.pdf,2023_佛环0304环审〔2023〕28号 佛山市生态环境局关于佛山市思索达塑料有限公司新建项目环境影响报告表的批复.pdf,0.11,True,2023,佛山市思索达塑料有限公司,佛环0304环审〔2023〕28号
E:\软件\2023-2026年顺德批复文件\2023_佛环0304环审〔2023〕29号  佛山市生态环境局关于佛山市必酷智能科技有限公司新建项目环境影响报告表的批复.pdf,2023_佛环0304环审〔2023〕29号  佛山市生态环境局关于佛山市必酷智能科技有限公司新建项目环境影响报告表的批复.pdf,0.14,True,2023,佛山市必酷智能科技有限公司,佛环0304环审〔2023〕29号
E:\软件\2023-2026年顺德批复文件\2023_佛环0304环审〔2023〕2号_佛山市生态环境局关于佛山市顺德区旺海饲料实业有限公司改建项目环境影响报告表的批复.pdf,2023_佛环0304环审〔2023〕2号_佛山市生态环境局关于佛山市顺德区旺海饲料实业有限公司改建项目环境影响报告表的批复.pdf,0.1,True,2023,,佛环0304环审〔2023〕2号_佛山市生态
E:\软件\2023-2026年顺德批复文件\2023_佛环0304环审〔2023〕30号  佛山市生态环境局关于佛山市佳晟模具塑胶有限公司改扩建项目环境影响报告表的批复.pdf,2023_佛环0304环审〔2023〕30号  佛山市生态环境局关于佛山市佳晟模具塑胶有限公司改扩建项目环境影响报告表的批复.pdf,0.11,True,2023,佛山市佳晟模具塑胶有限公司改,佛环0304环审〔2023〕30号
E:\软件\2023-2026年顺德批复文件\2023_佛环0304环审〔2023〕31号 佛山市生态环境局关于佛山市丹特新材料科技有限公司新建项目环境影响报告表的批复.pdf,2023_佛环0304环审〔2023〕31号 佛山市生态环境局关于佛山市丹特新材料科技有限公司新建项目环境影响报告表的批复.pdf,0.49,True,2023,佛山市丹特新材料科技有限公司,佛环0304环审〔2023〕31号
E:\软件\2023-2026年顺德批复文件\2023_佛环0304环审〔2023〕32号佛山市生态环境局关于佛山汇骏亿新材料科技有限公司新建项目环境影响报告表的批复.pdf,2023_佛环0304环审〔2023〕32号佛山市生态环境局关于佛山汇骏亿新材料科技有限公司新建项目环境影响报告表的批复.pdf,0.17,True,2023,佛山汇骏亿新材料科技有限公司,佛环0304环审〔2023〕32号佛山市生态
E:\软件\2023-2026年顺德批复文件\2023_佛环0305环审〔2022〕72号【佛山市顺宇铖不锈钢加工有限公司建设项目】.pdf,2023_佛环0305环审〔2022〕72号【佛山市顺宇铖不锈钢加工有限公司建设项目】.pdf,0.11,True,2023,,佛环0305环审〔2022〕72号【佛山市顺
E:\软件\2023-2026年顺德批复文件\2023_佛环0305环审〔2023〕10号【睿得新材料科技（佛山）有限公司建设项目】.pdf,2023_佛环0305环审〔2023〕10号【睿得新材料科技（佛山）有限公司建设项目】.pdf,0.11,True,2023,,佛环0305环审〔2023〕10号【睿得新材
E:\软件\2023-2026年顺德批复文件\2023_佛环0305环审〔2023〕11号【佛山市顺德区陈村镇大都永协工装器具厂扩建项目】.pdf,2023_佛环0305环审〔2023〕11号【佛山市顺德区陈村镇大都永协工装器具厂扩建项目】.pdf,0.11,True,2023,,佛环0305环审〔2023〕11号【佛山市顺
E:\软件\2023-2026年顺德批复文件\2023_佛环0305环审〔2023〕12号【佛山市顺德区新致成塑料制品有限公司新建项目】.pdf,2023_佛环0305环审〔2023〕12号【佛山市顺德区新致成塑料制品有限公司新建项目】.pdf,0.11,True,2023,,佛环0305环审〔2023〕12号【佛山市顺
E:\软件\2023-2026年顺德批复文件\2023_佛环0305环审〔2023〕13号【广东春山绿水再生资源环保科技有限公司新建项目】.pdf,2023_佛环0305环审〔2023〕13号【广东春山绿水再生资源环保科技有限公司新建项目】.pdf,0.11,True,2023,,佛环0305环审〔2023〕13号【广东春山
E:\软件\2023-2026年顺德批复文件\2023_佛环0305环审〔2023〕14号【佛山市鑫冠源不锈钢有限公司新建项目】.pdf,2023_佛环0305环审〔2023〕14号【佛山市鑫冠源不锈钢有限公司新建项目】.pdf,0.13,True,2023,,佛环0305环审〔2023〕14号【佛山市鑫
E:\软件\2023-2026年顺德批复文件\2023_佛环0305环审〔2023〕16号【佛山有仓智能制造有限公司新建项目】.pdf,2023_佛环0305环审〔2023〕16号【佛山有仓智能制造有限公司新建项目】.pdf,0.11,True,2023,,佛环0305环审〔2023〕16号【佛山有仓
E:\软件\2023-2026年顺德批复文件\2023_佛环0305环审〔2023〕17号【广东明耀砼建建材有限公司新建项目】.pdf,2023_佛环0305环审〔2023〕17号【广东明耀砼建建材有限公司新建项目】.pdf,0.11,True,2023,,佛环0305环审〔2023〕17号【广东明耀
E:\软件\2023-2026年顺德批复文件\2023_佛环0305环审〔2023〕18号【广东奔朗新材料股份有限公司年产抛光液2800吨建设项目】.pdf,2023_佛环0305环审〔2023〕18号【广东奔朗新材料股份有限公司年产抛光液2800吨建设项目】.pdf,0.11,True,2023,,佛环0305环审〔2023〕18号【广东奔朗
E:\软件\2023-2026年顺德批复文件\2023_佛环0305环审〔2023〕1号【佛山市顺德区万宏色彩不锈钢加工厂新建项目】.pdf,2023_佛环0305环审〔2023〕1号【佛山市顺德区万宏色彩不锈钢加工厂新建项目】.pdf,0.11,True,2023,,佛环0305环审〔2023〕1号【佛山市顺德
E:\软件\2023-2026年顺德批复文件\2023_佛环0305环审〔2023〕20号【广东宏界新材料有限公司新建项目】.pdf,2023_佛环0305环审〔2023〕20号【广东宏界新材料有限公司新建项目】.pdf,0.1,True,2023,,佛环0305环审〔2023〕20号【广东宏界
E:\软件\2023-2026年顺德批复文件\2023_佛环0305环审〔2023〕21号【佛山市聚钢鸿财金属制品有限公司新建项目】.pdf,2023_佛环0305环审〔2023〕21号【佛山市聚钢鸿财金属制品有限公司新建项目】.pdf,0.12,True,2023,,佛环0305环审〔2023〕21号【佛山市聚
E:\软件\2023-2026年顺德批复文件\2023_佛环0305环审〔2023〕22号【广东思创达铝业科技有限公司改扩建项目】.pdf,2023_佛环0305环审〔2023〕22号【广东思创达铝业科技有限公司改扩建项目】.pdf,0.13,True,2023,,佛环0305环审〔2023〕22号【广东思创
E:\软件\2023-2026年顺德批复文件\2023_佛环0305环审〔2023〕23号【佛山市泽诚旺金属制品有限公司新建项目】.pdf,2023_佛环0305环审〔2023〕23号【佛山市泽诚旺金属制品有限公司新建项目】.pdf,0.11,True,2023,,佛环0305环审〔2023〕23号【佛山市泽
E:\软件\2023-2026年顺德批复文件\2023_佛环0305环审〔2023〕2号【佛山市鑫意航金属制品有限公司搬迁项目】.pdf,2023_佛环0305环审〔2023〕2号【佛山市鑫意航金属制品有限公司搬迁项目】.pdf,0.11,True,2023,,佛环0305环审〔2023〕2号【佛山市鑫意
E:\软件\2023-2026年顺德批复文件\2023_佛环0305环审〔2023〕3号【佛山市青泰金属有限公司新建项目】.pdf,2023_佛环0305环审〔2023〕3号【佛山市青泰金属有限公司新建项目】.pdf,0.1,True,2023,,佛环0305环审〔2023〕3号【佛山市青泰
E:\软件\2023-2026年顺德批复文件\2023_佛环0305环审〔2023〕4号【佛山市亮宏不锈钢有限公司迁扩建项目】.pdf,2023_佛环0305环审〔2023〕4号【佛山市亮宏不锈钢有限公司迁扩建项目】.pdf,0.12,True,2023,,佛环0305环审〔2023〕4号【佛山市亮宏
E:\软件\2023-2026年顺德批复文件\2023_佛环0305环审〔2023〕5号【陈村新城南片区缤纷二路桥梁工程】.pdf,2023_佛环0305环审〔2023〕5号【陈村新城南片区缤纷二路桥梁工程】.pdf,0.12,True,2023,,佛环0305环审〔2023〕5号【陈村新城南
E:\软件\2023-2026年顺德批复文件\2023_佛环0305环审〔2023〕7号【佛山市顺德区鑫诚众不锈钢磨砂厂年加工不锈钢板2万吨迁扩建项目】.pdf,2023_佛环0305环审〔2023〕7号【佛山市顺德区鑫诚众不锈钢磨砂厂年加工不锈钢板2万吨迁扩建项目】.pdf,0.11,True,2023,,佛环0305环审〔2023〕7号【佛山市顺德
E:\软件\2023-2026年顺德批复文件\2023_佛环0305环审〔2023〕8号【佛山市源众来金属制品有限公司重新报批建设项目】.pdf,2023_佛环0305环审〔2023〕8号【佛山市源众来金属制品有限公司重新报批建设项目】.pdf,0.11,True,2023,,佛环0305环审〔2023〕8号【佛山市源众
E:\软件\2023-2026年顺德批复文件\2023_佛环0305环审〔2023〕9号【顺德陈村亮航金属制品厂改扩建项目】.pdf,2023_佛环0305环审〔2023〕9号【顺德陈村亮航金属制品厂改扩建项目】.pdf,0.11,True,2023,,佛环0305环审〔2023〕9号【顺德陈村亮
E:\软件\2023-2026年顺德批复文件\2023_佛环0309环审〔2023〕10号（霸之途）.pdf,2023_佛环0309环审〔2023〕10号（霸之途）.pdf,0.51,True,2023,,佛环0309环审〔2023〕10号（霸之途）
E:\软件\2023-2026年顺德批复文件\2023_佛环0309环审〔2023〕13号（森柏利）公示.pdf,2023_佛环0309环审〔2023〕13号（森柏利）公示.pdf,0.52,True,2023,,佛环0309环审〔2023〕13号（森柏利）
E:\软件\2023-2026年顺德批复文件\2023_佛环0309环审〔2023〕14号（哈士奇改扩建）公示.pdf,2023_佛环0309环审〔2023〕14号（哈士奇改扩建）公示.pdf,0.5,True,2023,,佛环0309环审〔2023〕14号（哈士奇改
E:\软件\2023-2026年顺德批复文件\2023_佛环0309环审〔2023〕16号（正华）.pdf,2023_佛环0309环审〔2023〕16号（正华）.pdf,0.54,True,2023,,佛环0309环审〔2023〕16号（正华）.
E:\软件\2023-2026年顺德批复文件\2023_佛环0309环审〔2023〕18号（德嶸）.pdf,2023_佛环0309环审〔2023〕18号（德嶸）.pdf,0.49,True,2023,,佛环0309环审〔2023〕18号（德嶸）.
E:\软件\2023-2026年顺德批复文件\2023_佛环0309环审〔2023〕19号（凯弘）公示.pdf,2023_佛环0309环审〔2023〕19号（凯弘）公示.pdf,0.48,True,2023,,佛环0309环审〔2023〕19号（凯弘）公
E:\软件\2023-2026年顺德批复文件\2023_佛环0309环审〔2023〕20号（博澳祺）公示.pdf,2023_佛环0309环审〔2023〕20号（博澳祺）公示.pdf,0.5,True,2023,,佛环0309环审〔2023〕20号（博澳祺）
E:\软件\2023-2026年顺德批复文件\2023_佛环0309环审〔2023〕21号（迈惠）公示版.pdf,2023_佛环0309环审〔2023〕21号（迈惠）公示版.pdf,0.52,True,2023,,佛环0309环审〔2023〕21号（迈惠）公
E:\软件\2023-2026年顺德批复文件\2023_佛环0309环审〔2023〕22号（乐顺）.pdf,2023_佛环0309环审〔2023〕22号（乐顺）.pdf,0.49,True,2023,,佛环0309环审〔2023〕22号（乐顺）.
E:\软件\2023-2026年顺德批复文件\2023_佛环0309环审〔2023〕23号（晨忆）.pdf,2023_佛环0309环审〔2023〕23号（晨忆）.pdf,0.51,True,2023,,佛环0309环审〔2023〕23号（晨忆）.
E:\软件\2023-2026年顺德批复文件\2023_佛环0309环审〔2023〕25号（远晟）.pdf,2023_佛环0309环审〔2023〕25号（远晟）.pdf,0.5,True,2023,,佛环0309环审〔2023〕25号（远晟）.
E:\软件\2023-2026年顺德批复文件\2023_佛环0309环审〔2023〕26号（翰森荣）批复公示.pdf,2023_佛环0309环审〔2023〕26号（翰森荣）批复公示.pdf,0.54,True,2023,,佛环0309环审〔2023〕26号（翰森荣）
E:\软件\2023-2026年顺德批复文件\2023_佛环0309环审〔2023〕28号（源品味）公示.pdf,2023_佛环0309环审〔2023〕28号（源品味）公示.pdf,0.7,True,2023,,佛环0309环审〔2023〕28号（源品味）
E:\软件\2023-2026年顺德批复文件\2023_佛环0309环审〔2023〕29号（博京）公示.pdf,2023_佛环0309环审〔2023〕29号（博京）公示.pdf,0.53,True,2023,,佛环0309环审〔2023〕29号（博京）公
E:\软件\2023-2026年顺德批复文件\2023_佛环0309环审〔2023〕2号（阅生活）.pdf,2023_佛环0309环审〔2023〕2号（阅生活）.pdf,0.58,True,2023,,佛环0309环审〔2023〕2号（阅生活）.
E:\软件\2023-2026年顺德批复文件\2023_佛环0309环审〔2023〕30号（煜拓）公示.pdf,2023_佛环0309环审〔2023〕30号（煜拓）公示.pdf,0.51,True,2023,,佛环0309环审〔2023〕30号（煜拓）公
E:\软件\2023-2026年顺德批复文件\2023_佛环0309环审〔2023〕32号（福塬）.pdf,2023_佛环0309环审〔2023〕32号（福塬）.pdf,0.47,True,2023,,佛环0309环审〔2023〕32号（福塬）.
E:\软件\2023-2026年顺德批复文件\2023_佛环0309环审〔2023〕33号（万特）.pdf,2023_佛环0309环审〔2023〕33号（万特）.pdf,0.5,True,2023,,佛环0309环审〔2023〕33号（万特）.
E:\软件\2023-2026年顺德批复文件\2023_佛环0309环审〔2023〕34号（天远）(公示).pdf,2023_佛环0309环审〔2023〕34号（天远）(公示).pdf,0.47,True,2023,,佛环0309环审〔2023〕34号（天远）(
E:\软件\2023-2026年顺德批复文件\2023_佛环0309环审〔2023〕3号（祖盈）公示版.pdf,2023_佛环0309环审〔2023〕3号（祖盈）公示版.pdf,0.48,True,2023,,佛环0309环审〔2023〕3号（祖盈）公示
E:\软件\2023-2026年顺德批复文件\2023_佛环0309环审〔2023〕4号（俊裕）公示版.pdf,2023_佛环0309环审〔2023〕4号（俊裕）公示版.pdf,0.52,True,2023,,佛环0309环审〔2023〕4号（俊裕）公示
E:\软件\2023-2026年顺德批复文件\2023_佛环0309环审〔2023〕5号（泽鼎）公示版.pdf,2023_佛环0309环审〔2023〕5号（泽鼎）公示版.pdf,0.49,True,2023,,佛环0309环审〔2023〕5号（泽鼎）公示
E:\软件\2023-2026年顺德批复文件\2023_佛环0309环审〔2023〕6号（奥杰信）公示版.pdf,2023_佛环0309环审〔2023〕6号（奥杰信）公示版.pdf,0.5,True,2023,,佛环0309环审〔2023〕6号（奥杰信）公
E:\软件\2023-2026年顺德批复文件\2023_佛环0309环审〔2023〕8号（联嘉荣）.pdf,2023_佛环0309环审〔2023〕8号（联嘉荣）.pdf,0.65,True,2023,,佛环0309环审〔2023〕8号（联嘉荣）.
E:\软件\2023-2026年顺德批复文件\2023_佛环0309环审〔2023〕9号（宏亮汇光）.pdf,2023_佛环0309环审〔2023〕9号（宏亮汇光）.pdf,0.52,True,2023,,佛环0309环审〔2023〕9号（宏亮汇光）
E:\软件\2023-2026年顺德批复文件\2023_佛环03环审〔2022〕113号佛山市生态环境局关于佛山市顺德区简得建材有限公司搬迁项目建设项目环境影响报告表的批复.pdf,2023_佛环03环审〔2022〕113号佛山市生态环境局关于佛山市顺德区简得建材有限公司搬迁项目建设项目环境影响报告表的批复.pdf,0.17,True,2023,佛山市顺德区简得建材有限公司搬迁项目,佛环03环审〔2022〕113号佛山市生态环
E:\软件\2023-2026年顺德批复文件\2023_佛环03环审〔2022〕114号佛山市生态环境局关于周大福匠心智造中心珠宝首饰产能升级合并项目环境影响报告书的批复.pdf,2023_佛环03环审〔2022〕114号佛山市生态环境局关于周大福匠心智造中心珠宝首饰产能升级合并项目环境影响报告书的批复.pdf,0.18,True,2023,,佛环03环审〔2022〕114号佛山市生态环
E:\软件\2023-2026年顺德批复文件\2023_佛环03环审〔2022〕115号佛山市生态环境局关于广东优铸精密机械股份有限公司搬迁项目建设项目环境影响报告表的批复.pdf,2023_佛环03环审〔2022〕115号佛山市生态环境局关于广东优铸精密机械股份有限公司搬迁项目建设项目环境影响报告表的批复.pdf,0.18,True,2023,广东优铸精密机械股份有限公司搬迁项目,佛环03环审〔2022〕115号佛山市生态环
E:\软件\2023-2026年顺德批复文件\2023_佛环03环审〔2022〕117号佛山市生态环境局关于佛山市威葳电子科技有限公司新建项目建设项目环境影响报告表的批复.pdf,2023_佛环03环审〔2022〕117号佛山市生态环境局关于佛山市威葳电子科技有限公司新建项目建设项目环境影响报告表的批复.pdf,0.18,True,2023,佛山市威葳电子科技有限公司,佛环03环审〔2022〕117号佛山市生态环
E:\软件\2023-2026年顺德批复文件\2023_佛环03环审〔2022〕122号.pdf,2023_佛环03环审〔2022〕122号.pdf,0.09,True,2023,,佛环03环审〔2022〕122号.pdf
E:\软件\2023-2026年顺德批复文件\2023_佛环03环审〔2022〕123号.pdf,2023_佛环03环审〔2022〕123号.pdf,0.17,True,2023,,佛环03环审〔2022〕123号.pdf
E:\软件\2023-2026年顺德批复文件\2023_佛环03环审〔2023〕101号.pdf,2023_佛环03环审〔2023〕101号.pdf,0.13,True,2023,,佛环03环审〔2023〕101号.pdf
E:\软件\2023-2026年顺德批复文件\2023_佛环03环审〔2023〕103号佛山市生态环境局关于广东省佛山市环宸磁电科技有限公司建设项目环境影响报告书的批复.pdf,2023_佛环03环审〔2023〕103号佛山市生态环境局关于广东省佛山市环宸磁电科技有限公司建设项目环境影响报告书的批复.pdf,0.17,True,2023,广东省佛山市环宸磁电科技有限公司,佛环03环审〔2023〕103号佛山市生态环
E:\软件\2023-2026年顺德批复文件\2023_佛环03环审〔2023〕104号.pdf,2023_佛环03环审〔2023〕104号.pdf,0.13,True,2023,,佛环03环审〔2023〕104号.pdf
E:\软件\2023-2026年顺德批复文件\2023_佛环03环审〔2023〕105号.pdf,2023_佛环03环审〔2023〕105号.pdf,0.18,True,2023,,佛环03环审〔2023〕105号.pdf
E:\软件\2023-2026年顺德批复文件\2023_佛环03环审〔2023〕106号.pdf,2023_佛环03环审〔2023〕106号.pdf,0.17,True,2023,,佛环03环审〔2023〕106号.pdf
E:\软件\2023-2026年顺德批复文件\2023_佛环03环审〔2023〕108号.pdf,2023_佛环03环审〔2023〕108号.pdf,0.18,True,2023,,佛环03环审〔2023〕108号.pdf
E:\软件\2023-2026年顺德批复文件\2023_佛环03环审〔2023〕109号.pdf,2023_佛环03环审〔2023〕109号.pdf,0.17,True,2023,,佛环03环审〔2023〕109号.pdf
E:\软件\2023-2026年顺德批复文件\2023_佛环03环审〔2023〕110号.pdf,2023_佛环03环审〔2023〕110号.pdf,0.17,True,2023,,佛环03环审〔2023〕110号.pdf
E:\软件\2023-2026年顺德批复文件\2023_佛环03环审〔2023〕111号.pdf,2023_佛环03环审〔2023〕111号.pdf,0.18,True,2023,,佛环03环审〔2023〕111号.pdf
E:\软件\2023-2026年顺德批复文件\2023_佛环03环审〔2023〕112号.pdf,2023_佛环03环审〔2023〕112号.pdf,0.13,True,2023,,佛环03环审〔2023〕112号.pdf
E:\软件\2023-2026年顺德批复文件\2023_佛环03环审〔2023〕113号.pdf,2023_佛环03环审〔2023〕113号.pdf,0.13,True,2023,,佛环03环审〔2023〕113号.pdf
E:\软件\2023-2026年顺德批复文件\2023_佛环03环审〔2023〕115号.pdf,2023_佛环03环审〔2023〕115号.pdf,0.18,True,2023,,佛环03环审〔2023〕115号.pdf
E:\软件\2023-2026年顺德批复文件\2023_佛环03环审〔2023〕116号.pdf,2023_佛环03环审〔2023〕116号.pdf,0.18,True,2023,,佛环03环审〔2023〕116号.pdf
E:\软件\2023-2026年顺德批复文件\2023_佛环03环审〔2023〕118号.pdf,2023_佛环03环审〔2023〕118号.pdf,0.17,True,2023,,佛环03环审〔2023〕118号.pdf
E:\软件\2023-2026年顺德批复文件\2023_佛环03环审〔2023〕11号.pdf,2023_佛环03环审〔2023〕11号.pdf,0.13,True,2023,,佛环03环审〔2023〕11号.pdf
E:\软件\2023-2026年顺德批复文件\2023_佛环03环审〔2023〕120号.pdf,2023_佛环03环审〔2023〕120号.pdf,0.18,True,2023,,佛环03环审〔2023〕120号.pdf
E:\软件\2023-2026年顺德批复文件\2023_佛环03环审〔2023〕123号.pdf,2023_佛环03环审〔2023〕123号.pdf,0.18,True,2023,,佛环03环审〔2023〕123号.pdf
E:\软件\2023-2026年顺德批复文件\2023_佛环03环审〔2023〕124号.pdf,2023_佛环03环审〔2023〕124号.pdf,0.17,True,2023,,佛环03环审〔2023〕124号.pdf
E:\软件\2023-2026年顺德批复文件\2023_佛环03环审〔2023〕125号.pdf,2023_佛环03环审〔2023〕125号.pdf,0.18,True,2023,,佛环03环审〔2023〕125号.pdf
E:\软件\2023-2026年顺德批复文件\2023_佛环03环审〔2023〕127号.pdf,2023_佛环03环审〔2023〕127号.pdf,0.17,True,2023,,佛环03环审〔2023〕127号.pdf
E:\软件\2023-2026年顺德批复文件\2023_佛环03环审〔2023〕128号.pdf,2023_佛环03环审〔2023〕128号.pdf,0.18,True,2023,,佛环03环审〔2023〕128号.pdf
E:\软件\2023-2026年顺德批复文件\2023_佛环03环审〔2023〕12号.pdf,2023_佛环03环审〔2023〕12号.pdf,0.19,True,2023,,佛环03环审〔2023〕12号.pdf
E:\软件\2023-2026年顺德批复文件\2023_佛环03环审〔2023〕130号.pdf,2023_佛环03环审〔2023〕130号.pdf,0.18,True,2023,,佛环03环审〔2023〕130号.pdf
E:\软件\2023-2026年顺德批复文件\2023_佛环03环审〔2023〕131号.pdf,2023_佛环03环审〔2023〕131号.pdf,0.18,True,2023,,佛环03环审〔2023〕131号.pdf
E:\软件\2023-2026年顺德批复文件\2023_佛环03环审〔2023〕133号.pdf,2023_佛环03环审〔2023〕133号.pdf,0.16,True,2023,,佛环03环审〔2023〕133号.pdf
E:\软件\2023-2026年顺德批复文件\2023_佛环03环审〔2023〕134号.pdf,2023_佛环03环审〔2023〕134号.pdf,0.16,True,2023,,佛环03环审〔2023〕134号.pdf
E:\软件\2023-2026年顺德批复文件\2023_佛环03环审〔2023〕136号.pdf,2023_佛环03环审〔2023〕136号.pdf,0.18,True,2023,,佛环03环审〔2023〕136号.pdf
E:\软件\2023-2026年顺德批复文件\2023_佛环03环审〔2023〕137号.pdf,2023_佛环03环审〔2023〕137号.pdf,0.18,True,2023,,佛环03环审〔2023〕137号.pdf
E:\软件\2023-2026年顺德批复文件\2023_佛环03环审〔2023〕138号.pdf,2023_佛环03环审〔2023〕138号.pdf,0.18,True,2023,,佛环03环审〔2023〕138号.pdf
E:\软件\2023-2026年顺德批复文件\2023_佛环03环审〔2023〕139号.pdf,2023_佛环03环审〔2023〕139号.pdf,0.17,True,2023,,佛环03环审〔2023〕139号.pdf
E:\软件\2023-2026年顺德批复文件\2023_佛环03环审〔2023〕140号.pdf,2023_佛环03环审〔2023〕140号.pdf,0.13,True,2023,,佛环03环审〔2023〕140号.pdf
E:\软件\2023-2026年顺德批复文件\2023_佛环03环审〔2023〕142号.pdf,2023_佛环03环审〔2023〕142号.pdf,0.17,True,2023,,佛环03环审〔2023〕142号.pdf
E:\软件\2023-2026年顺德批复文件\2023_佛环03环审〔2023〕143号.pdf,2023_佛环03环审〔2023〕143号.pdf,0.18,True,2023,,佛环03环审〔2023〕143号.pdf
E:\软件\2023-2026年顺德批复文件\2023_佛环03环审〔2023〕144号.pdf,2023_佛环03环审〔2023〕144号.pdf,0.18,True,2023,,佛环03环审〔2023〕144号.pdf
E:\软件\2023-2026年顺德批复文件\2023_佛环03环审〔2023〕145号.pdf,2023_佛环03环审〔2023〕145号.pdf,0.19,True,2023,,佛环03环审〔2023〕145号.pdf
E:\软件\2023-2026年顺德批复文件\2023_佛环03环审〔2023〕146号.pdf,2023_佛环03环审〔2023〕146号.pdf,0.17,True,2023,,佛环03环审〔2023〕146号.pdf
E:\软件\2023-2026年顺德批复文件\2023_佛环03环审〔2023〕147号.pdf,2023_佛环03环审〔2023〕147号.pdf,0.17,True,2023,,佛环03环审〔2023〕147号.pdf
E:\软件\2023-2026年顺德批复文件\2023_佛环03环审〔2023〕148号.pdf,2023_佛环03环审〔2023〕148号.pdf,0.17,True,2023,,佛环03环审〔2023〕148号.pdf
E:\软件\2023-2026年顺德批复文件\2023_佛环03环审〔2023〕149号.pdf,2023_佛环03环审〔2023〕149号.pdf,0.17,True,2023,,佛环03环审〔2023〕149号.pdf
E:\软件\2023-2026年顺德批复文件\2023_佛环03环审〔2023〕14号.pdf,2023_佛环03环审〔2023〕14号.pdf,0.17,True,2023,,佛环03环审〔2023〕14号.pdf
E:\软件\2023-2026年顺德批复文件\2023_佛环03环审〔2023〕150号.pdf,2023_佛环03环审〔2023〕150号.pdf,0.18,True,2023,,佛环03环审〔2023〕150号.pdf
E:\软件\2023-2026年顺德批复文件\2023_佛环03环审〔2023〕151号.pdf,2023_佛环03环审〔2023〕151号.pdf,0.18,True,2023,,佛环03环审〔2023〕151号.pdf
E:\软件\2023-2026年顺德批复文件\2023_佛环03环审〔2023〕152号.pdf,2023_佛环03环审〔2023〕152号.pdf,0.13,True,2023,,佛环03环审〔2023〕152号.pdf
E:\软件\2023-2026年顺德批复文件\2023_佛环03环审〔2023〕154号.pdf,2023_佛环03环审〔2023〕154号.pdf,0.19,True,2023,,佛环03环审〔2023〕154号.pdf
E:\软件\2023-2026年顺德批复文件\2023_佛环03环审〔2023〕155号.pdf,2023_佛环03环审〔2023〕155号.pdf,0.17,True,2023,,佛环03环审〔2023〕155号.pdf
E:\软件\2023-2026年顺德批复文件\2023_佛环03环审〔2023〕156号.pdf,2023_佛环03环审〔2023〕156号.pdf,0.19,True,2023,,佛环03环审〔2023〕156号.pdf
E:\软件\2023-2026年顺德批复文件\2023_佛环03环审〔2023〕157号.pdf,2023_佛环03环审〔2023〕157号.pdf,0.17,True,2023,,佛环03环审〔2023〕157号.pdf
E:\软件\2023-2026年顺德批复文件\2023_佛环03环审〔2023〕160号.pdf,2023_佛环03环审〔2023〕160号.pdf,0.18,True,2023,,佛环03环审〔2023〕160号.pdf
E:\软件\2023-2026年顺德批复文件\2023_佛环03环审〔2023〕161号.pdf,2023_佛环03环审〔2023〕161号.pdf,0.16,True,2023,,佛环03环审〔2023〕161号.pdf
E:\软件\2023-2026年顺德批复文件\2023_佛环03环审〔2023〕162号.pdf,2023_佛环03环审〔2023〕162号.pdf,0.18,True,2023,,佛环03环审〔2023〕162号.pdf
E:\软件\2023-2026年顺德批复文件\2023_佛环03环审〔2023〕163号.pdf,2023_佛环03环审〔2023〕163号.pdf,0.18,True,2023,,佛环03环审〔2023〕163号.pdf
E:\软件\2023-2026年顺德批复文件\2023_佛环03环审〔2023〕164号.pdf,2023_佛环03环审〔2023〕164号.pdf,0.17,True,2023,,佛环03环审〔2023〕164号.pdf
E:\软件\2023-2026年顺德批复文件\2023_佛环03环审〔2023〕165号.pdf,2023_佛环03环审〔2023〕165号.pdf,0.17,True,2023,,佛环03环审〔2023〕165号.pdf
E:\软件\2023-2026年顺德批复文件\2023_佛环03环审〔2023〕166号.pdf,2023_佛环03环审〔2023〕166号.pdf,0.18,True,2023,,佛环03环审〔2023〕166号.pdf
E:\软件\2023-2026年顺德批复文件\2023_佛环03环审〔2023〕167号.pdf,2023_佛环03环审〔2023〕167号.pdf,0.17,True,2023,,佛环03环审〔2023〕167号.pdf
E:\软件\2023-2026年顺德批复文件\2023_佛环03环审〔2023〕168号.pdf,2023_佛环03环审〔2023〕168号.pdf,0.18,True,2023,,佛环03环审〔2023〕168号.pdf
E:\软件\2023-2026年顺德批复文件\2023_佛环03环审〔2023〕169号.pdf,2023_佛环03环审〔2023〕169号.pdf,0.18,True,2023,,佛环03环审〔2023〕169号.pdf
E:\软件\2023-2026年顺德批复文件\2023_佛环03环审〔2023〕16号.pdf,2023_佛环03环审〔2023〕16号.pdf,0.15,True,2023,,佛环03环审〔2023〕16号.pdf
E:\软件\2023-2026年顺德批复文件\2023_佛环03环审〔2023〕170号.pdf,2023_佛环03环审〔2023〕170号.pdf,0.18,True,2023,,佛环03环审〔2023〕170号.pdf
E:\软件\2023-2026年顺德批复文件\2023_佛环03环审〔2023〕171号.pdf,2023_佛环03环审〔2023〕171号.pdf,0.18,True,2023,,佛环03环审〔2023〕171号.pdf
E:\软件\2023-2026年顺德批复文件\2023_佛环03环审〔2023〕172号.pdf,2023_佛环03环审〔2023〕172号.pdf,0.17,True,2023,,佛环03环审〔2023〕172号.pdf
E:\软件\2023-2026年顺德批复文件\2023_佛环03环审〔2023〕17号.pdf,2023_佛环03环审〔2023〕17号.pdf,0.18,True,2023,,佛环03环审〔2023〕17号.pdf
E:\软件\2023-2026年顺德批复文件\2023_佛环03环审〔2023〕18号.pdf,2023_佛环03环审〔2023〕18号.pdf,0.13,True,2023,,佛环03环审〔2023〕18号.pdf
E:\软件\2023-2026年顺德批复文件\2023_佛环03环审〔2023〕1号.pdf,2023_佛环03环审〔2023〕1号.pdf,0.18,True,2023,,佛环03环审〔2023〕1号.pdf
E:\软件\2023-2026年顺德批复文件\2023_佛环03环审〔2023〕20号.pdf,2023_佛环03环审〔2023〕20号.pdf,0.16,True,2023,,佛环03环审〔2023〕20号.pdf
E:\软件\2023-2026年顺德批复文件\2023_佛环03环审〔2023〕21号.pdf,2023_佛环03环审〔2023〕21号.pdf,0.13,True,2023,,佛环03环审〔2023〕21号.pdf
E:\软件\2023-2026年顺德批复文件\2023_佛环03环审〔2023〕22号.pdf,2023_佛环03环审〔2023〕22号.pdf,0.17,True,2023,,佛环03环审〔2023〕22号.pdf
E:\软件\2023-2026年顺德批复文件\2023_佛环03环审〔2023〕23号.pdf,2023_佛环03环审〔2023〕23号.pdf,0.16,True,2023,,佛环03环审〔2023〕23号.pdf
E:\软件\2023-2026年顺德批复文件\2023_佛环03环审〔2023〕25号.pdf,2023_佛环03环审〔2023〕25号.pdf,0.18,True,2023,,佛环03环审〔2023〕25号.pdf
E:\软件\2023-2026年顺德批复文件\2023_佛环03环审〔2023〕26号.pdf,2023_佛环03环审〔2023〕26号.pdf,0.17,True,2023,,佛环03环审〔2023〕26号.pdf
E:\软件\2023-2026年顺德批复文件\2023_佛环03环审〔2023〕28号.pdf,2023_佛环03环审〔2023〕28号.pdf,0.13,True,2023,,佛环03环审〔2023〕28号.pdf
E:\软件\2023-2026年顺德批复文件\2023_佛环03环审〔2023〕29号.pdf,2023_佛环03环审〔2023〕29号.pdf,0.15,True,2023,,佛环03环审〔2023〕29号.pdf
E:\软件\2023-2026年顺德批复文件\2023_佛环03环审〔2023〕2号.pdf,2023_佛环03环审〔2023〕2号.pdf,0.17,True,2023,,佛环03环审〔2023〕2号.pdf
E:\软件\2023-2026年顺德批复文件\2023_佛环03环审〔2023〕30号.pdf,2023_佛环03环审〔2023〕30号.pdf,0.18,True,2023,,佛环03环审〔2023〕30号.pdf
E:\软件\2023-2026年顺德批复文件\2023_佛环03环审〔2023〕31号.pdf,2023_佛环03环审〔2023〕31号.pdf,0.18,True,2023,,佛环03环审〔2023〕31号.pdf
E:\软件\2023-2026年顺德批复文件\2023_佛环03环审〔2023〕33号.pdf,2023_佛环03环审〔2023〕33号.pdf,0.18,True,2023,,佛环03环审〔2023〕33号.pdf
E:\软件\2023-2026年顺德批复文件\2023_佛环03环审〔2023〕34号.pdf,2023_佛环03环审〔2023〕34号.pdf,0.15,True,2023,,佛环03环审〔2023〕34号.pdf
E:\软件\2023-2026年顺德批复文件\2023_佛环03环审〔2023〕35号佛山市生态环境局关于永创翔亿（佛山）新能源材料技术有限公司新建项目建设项目环境影响报告表的批复.pdf,2023_佛环03环审〔2023〕35号佛山市生态环境局关于永创翔亿（佛山）新能源材料技术有限公司新建项目建设项目环境影响报告表的批复.pdf,0.19,True,2023,永创翔亿（佛山）新能源材料,佛环03环审〔2023〕35号佛山市生态环境
E:\软件\2023-2026年顺德批复文件\2023_佛环03环审〔2023〕37号佛山市生态环境局关于佛山市新铂桥电子有限公司迁扩建项目环境影响报告表的批复.pdf,2023_佛环03环审〔2023〕37号佛山市生态环境局关于佛山市新铂桥电子有限公司迁扩建项目环境影响报告表的批复.pdf,0.12,True,2023,佛山市新铂桥电子有限公司迁,佛环03环审〔2023〕37号佛山市生态环境
E:\软件\2023-2026年顺德批复文件\2023_佛环03环审〔2023〕39号佛山市生态环境局关于蒙太奇（佛山）科技有限公司扩建项目建设项目环境影响报告表的批复.pdf,2023_佛环03环审〔2023〕39号佛山市生态环境局关于蒙太奇（佛山）科技有限公司扩建项目建设项目环境影响报告表的批复.pdf,0.15,True,2023,蒙太奇（佛山）科技有限公司,佛环03环审〔2023〕39号佛山市生态环境
E:\软件\2023-2026年顺德批复文件\2023_佛环03环审〔2023〕3号.pdf,2023_佛环03环审〔2023〕3号.pdf,0.18,True,2023,,佛环03环审〔2023〕3号.pdf
E:\软件\2023-2026年顺德批复文件\2023_佛环03环审〔2023〕40号佛山市生态环境局关于广东阅生活家居科技有限公司总部基地新建项目建设项目环境影响报告表的批复.pdf,2023_佛环03环审〔2023〕40号佛山市生态环境局关于广东阅生活家居科技有限公司总部基地新建项目建设项目环境影响报告表的批复.pdf,0.18,True,2023,广东阅生活家居科技有限公司总部基地,佛环03环审〔2023〕40号佛山市生态环境
E:\软件\2023-2026年顺德批复文件\2023_佛环03环审〔2023〕41号.pdf,2023_佛环03环审〔2023〕41号.pdf,0.17,True,2023,,佛环03环审〔2023〕41号.pdf
E:\软件\2023-2026年顺德批复文件\2023_佛环03环审〔2023〕42号.pdf,2023_佛环03环审〔2023〕42号.pdf,0.15,True,2023,,佛环03环审〔2023〕42号.pdf
E:\软件\2023-2026年顺德批复文件\2023_佛环03环审〔2023〕43号.pdf,2023_佛环03环审〔2023〕43号.pdf,0.15,True,2023,,佛环03环审〔2023〕43号.pdf
E:\软件\2023-2026年顺德批复文件\2023_佛环03环审〔2023〕44号.pdf,2023_佛环03环审〔2023〕44号.pdf,0.15,True,2023,,佛环03环审〔2023〕44号.pdf
E:\软件\2023-2026年顺德批复文件\2023_佛环03环审〔2023〕45号.pdf,2023_佛环03环审〔2023〕45号.pdf,0.15,True,2023,,佛环03环审〔2023〕45号.pdf
E:\软件\2023-2026年顺德批复文件\2023_佛环03环审〔2023〕47号.pdf,2023_佛环03环审〔2023〕47号.pdf,0.12,True,2023,,佛环03环审〔2023〕47号.pdf
E:\软件\2023-2026年顺德批复文件\2023_佛环03环审〔2023〕4号.pdf,2023_佛环03环审〔2023〕4号.pdf,0.17,True,2023,,佛环03环审〔2023〕4号.pdf
E:\软件\2023-2026年顺德批复文件\2023_佛环03环审〔2023〕50号.pdf,2023_佛环03环审〔2023〕50号.pdf,0.17,True,2023,,佛环03环审〔2023〕50号.pdf
E:\软件\2023-2026年顺德批复文件\2023_佛环03环审〔2023〕51号.pdf,2023_佛环03环审〔2023〕51号.pdf,0.17,True,2023,,佛环03环审〔2023〕51号.pdf
E:\软件\2023-2026年顺德批复文件\2023_佛环03环审〔2023〕53号.pdf,2023_佛环03环审〔2023〕53号.pdf,0.17,True,2023,,佛环03环审〔2023〕53号.pdf
E:\软件\2023-2026年顺德批复文件\2023_佛环03环审〔2023〕55号.pdf,2023_佛环03环审〔2023〕55号.pdf,0.17,True,2023,,佛环03环审〔2023〕55号.pdf
E:\软件\2023-2026年顺德批复文件\2023_佛环03环审〔2023〕56号.pdf,2023_佛环03环审〔2023〕56号.pdf,0.17,True,2023,,佛环03环审〔2023〕56号.pdf
E:\软件\2023-2026年顺德批复文件\2023_佛环03环审〔2023〕57号.pdf,2023_佛环03环审〔2023〕57号.pdf,0.17,True,2023,,佛环03环审〔2023〕57号.pdf
E:\软件\2023-2026年顺德批复文件\2023_佛环03环审〔2023〕59号.pdf,2023_佛环03环审〔2023〕59号.pdf,0.12,True,2023,,佛环03环审〔2023〕59号.pdf
E:\软件\2023-2026年顺德批复文件\2023_佛环03环审〔2023〕5号.pdf,2023_佛环03环审〔2023〕5号.pdf,0.19,True,2023,,佛环03环审〔2023〕5号.pdf
E:\软件\2023-2026年顺德批复文件\2023_佛环03环审〔2023〕60号.pdf,2023_佛环03环审〔2023〕60号.pdf,0.17,True,2023,,佛环03环审〔2023〕60号.pdf
E:\软件\2023-2026年顺德批复文件\2023_佛环03环审〔2023〕61号.pdf,2023_佛环03环审〔2023〕61号.pdf,0.16,True,2023,,佛环03环审〔2023〕61号.pdf
E:\软件\2023-2026年顺德批复文件\2023_佛环03环审〔2023〕62号.pdf,2023_佛环03环审〔2023〕62号.pdf,0.17,True,2023,,佛环03环审〔2023〕62号.pdf
E:\软件\2023-2026年顺德批复文件\2023_佛环03环审〔2023〕63号.pdf,2023_佛环03环审〔2023〕63号.pdf,0.17,True,2023,,佛环03环审〔2023〕63号.pdf
E:\软件\2023-2026年顺德批复文件\2023_佛环03环审〔2023〕65号.pdf,2023_佛环03环审〔2023〕65号.pdf,0.19,True,2023,,佛环03环审〔2023〕65号.pdf
E:\软件\2023-2026年顺德批复文件\2023_佛环03环审〔2023〕66号.pdf,2023_佛环03环审〔2023〕66号.pdf,0.17,True,2023,,佛环03环审〔2023〕66号.pdf
E:\软件\2023-2026年顺德批复文件\2023_佛环03环审〔2023〕67号.pdf,2023_佛环03环审〔2023〕67号.pdf,0.13,True,2023,,佛环03环审〔2023〕67号.pdf
E:\软件\2023-2026年顺德批复文件\2023_佛环03环审〔2023〕68号.pdf,2023_佛环03环审〔2023〕68号.pdf,0.13,True,2023,,佛环03环审〔2023〕68号.pdf
E:\软件\2023-2026年顺德批复文件\2023_佛环03环审〔2023〕69号.pdf,2023_佛环03环审〔2023〕69号.pdf,0.13,True,2023,,佛环03环审〔2023〕69号.pdf
E:\软件\2023-2026年顺德批复文件\2023_佛环03环审〔2023〕6号.pdf,2023_佛环03环审〔2023〕6号.pdf,0.19,True,2023,,佛环03环审〔2023〕6号.pdf
E:\软件\2023-2026年顺德批复文件\2023_佛环03环审〔2023〕71号.pdf,2023_佛环03环审〔2023〕71号.pdf,0.18,True,2023,,佛环03环审〔2023〕71号.pdf
E:\软件\2023-2026年顺德批复文件\2023_佛环03环审〔2023〕72号.pdf,2023_佛环03环审〔2023〕72号.pdf,0.17,True,2023,,佛环03环审〔2023〕72号.pdf
E:\软件\2023-2026年顺德批复文件\2023_佛环03环审〔2023〕73号.pdf,2023_佛环03环审〔2023〕73号.pdf,0.13,True,2023,,佛环03环审〔2023〕73号.pdf
E:\软件\2023-2026年顺德批复文件\2023_佛环03环审〔2023〕76号.pdf,2023_佛环03环审〔2023〕76号.pdf,0.16,True,2023,,佛环03环审〔2023〕76号.pdf
E:\软件\2023-2026年顺德批复文件\2023_佛环03环审〔2023〕77号.pdf,2023_佛环03环审〔2023〕77号.pdf,0.17,True,2023,,佛环03环审〔2023〕77号.pdf
E:\软件\2023-2026年顺德批复文件\2023_佛环03环审〔2023〕78号.pdf,2023_佛环03环审〔2023〕78号.pdf,0.17,True,2023,,佛环03环审〔2023〕78号.pdf
E:\软件\2023-2026年顺德批复文件\2023_佛环03环审〔2023〕79号.pdf,2023_佛环03环审〔2023〕79号.pdf,0.18,True,2023,,佛环03环审〔2023〕79号.pdf
E:\软件\2023-2026年顺德批复文件\2023_佛环03环审〔2023〕81号.pdf,2023_佛环03环审〔2023〕81号.pdf,0.17,True,2023,,佛环03环审〔2023〕81号.pdf
E:\软件\2023-2026年顺德批复文件\2023_佛环03环审〔2023〕82号.pdf,2023_佛环03环审〔2023〕82号.pdf,0.18,True,2023,,佛环03环审〔2023〕82号.pdf
E:\软件\2023-2026年顺德批复文件\2023_佛环03环审〔2023〕83号.pdf,2023_佛环03环审〔2023〕83号.pdf,0.18,True,2023,,佛环03环审〔2023〕83号.pdf
E:\软件\2023-2026年顺德批复文件\2023_佛环03环审〔2023〕84号.pdf,2023_佛环03环审〔2023〕84号.pdf,0.14,True,2023,,佛环03环审〔2023〕84号.pdf
E:\软件\2023-2026年顺德批复文件\2023_佛环03环审〔2023〕85号.pdf,2023_佛环03环审〔2023〕85号.pdf,0.13,True,2023,,佛环03环审〔2023〕85号.pdf
E:\软件\2023-2026年顺德批复文件\2023_佛环03环审〔2023〕86号.pdf,2023_佛环03环审〔2023〕86号.pdf,0.16,True,2023,,佛环03环审〔2023〕86号.pdf
E:\软件\2023-2026年顺德批复文件\2023_佛环03环审〔2023〕87号.pdf,2023_佛环03环审〔2023〕87号.pdf,0.18,True,2023,,佛环03环审〔2023〕87号.pdf
E:\软件\2023-2026年顺德批复文件\2023_佛环03环审〔2023〕88号.pdf,2023_佛环03环审〔2023〕88号.pdf,0.17,True,2023,,佛环03环审〔2023〕88号.pdf
E:\软件\2023-2026年顺德批复文件\2023_佛环03环审〔2023〕8号.pdf,2023_佛环03环审〔2023〕8号.pdf,0.17,True,2023,,佛环03环审〔2023〕8号.pdf
E:\软件\2023-2026年顺德批复文件\2023_佛环03环审〔2023〕90号.pdf,2023_佛环03环审〔2023〕90号.pdf,0.18,True,2023,,佛环03环审〔2023〕90号.pdf
E:\软件\2023-2026年顺德批复文件\2023_佛环03环审〔2023〕92号.pdf,2023_佛环03环审〔2023〕92号.pdf,0.1,True,2023,,佛环03环审〔2023〕92号.pdf
E:\软件\2023-2026年顺德批复文件\2023_佛环03环审〔2023〕93号.pdf,2023_佛环03环审〔2023〕93号.pdf,0.17,True,2023,,佛环03环审〔2023〕93号.pdf
E:\软件\2023-2026年顺德批复文件\2023_佛环03环审〔2023〕94号.pdf,2023_佛环03环审〔2023〕94号.pdf,0.16,True,2023,,佛环03环审〔2023〕94号.pdf
E:\软件\2023-2026年顺德批复文件\2023_佛环03环审〔2023〕96号.pdf,2023_佛环03环审〔2023〕96号.pdf,0.13,True,2023,,佛环03环审〔2023〕96号.pdf
E:\软件\2023-2026年顺德批复文件\2023_佛环03环审〔2023〕97号.pdf,2023_佛环03环审〔2023〕97号.pdf,0.18,True,2023,,佛环03环审〔2023〕97号.pdf
E:\软件\2023-2026年顺德批复文件\2023_佛环03环审〔2023〕98号.pdf,2023_佛环03环审〔2023〕98号.pdf,0.16,True,2023,,佛环03环审〔2023〕98号.pdf
E:\软件\2023-2026年顺德批复文件\2023_佛环03环审〔2023〕99号.pdf,2023_佛环03环审〔2023〕99号.pdf,0.18,True,2023,,佛环03环审〔2023〕99号.pdf
E:\软件\2023-2026年顺德批复文件\2023_佛环03环审〔2023〕9号.pdf,2023_佛环03环审〔2023〕9号.pdf,0.19,True,2023,,佛环03环审〔2023〕9号.pdf
E:\软件\2023-2026年顺德批复文件\2023_公示佛山市生态环境局关于佛山市伟农新材料有限公司新建项目环境影响报告表的批复.pdf,2023_公示佛山市生态环境局关于佛山市伟农新材料有限公司新建项目环境影响报告表的批复.pdf,0.1,True,2023,佛山市伟农新材料有限公司,
E:\软件\2023-2026年顺德批复文件\2023_公示佛山市生态环境局关于佛山市塑裕新材料科技有限公司新建项目环境影响报告表的批复.pdf,2023_公示佛山市生态环境局关于佛山市塑裕新材料科技有限公司新建项目环境影响报告表的批复.pdf,0.95,True,2023,佛山市塑裕新材料科技有限公司,
E:\软件\2023-2026年顺德批复文件\2023_公示佛山市生态环境局关于佛山市广汇新材料有限公司搬迁项目环境影响报告表的批复.pdf,2023_公示佛山市生态环境局关于佛山市广汇新材料有限公司搬迁项目环境影响报告表的批复.pdf,0.1,True,2023,,
E:\软件\2023-2026年顺德批复文件\2023_公示佛山市生态环境局关于佛山市恺源电器有限公司年产家电灯饰配件3000万件新建项目环境影响报告表的批复.pdf,2023_公示佛山市生态环境局关于佛山市恺源电器有限公司年产家电灯饰配件3000万件新建项目环境影响报告表的批复.pdf,0.87,True,2023,佛山市恺源电器有限公司年产家电灯饰配件3000万件,
E:\软件\2023-2026年顺德批复文件\2023_公示佛山市生态环境局关于佛山市柏颖塑料电气有限公司新建项目环境影响报告表的批复.pdf,2023_公示佛山市生态环境局关于佛山市柏颖塑料电气有限公司新建项目环境影响报告表的批复.pdf,0.11,True,2023,佛山市柏颖塑料电气有限公司,
E:\软件\2023-2026年顺德批复文件\2023_公示佛山市生态环境局关于佛山市森派德塑料有限公司新建项目环境影响报告表的批复.pdf,2023_公示佛山市生态环境局关于佛山市森派德塑料有限公司新建项目环境影响报告表的批复.pdf,0.13,True,2023,佛山市森派德塑料有限公司,
E:\软件\2023-2026年顺德批复文件\2023_公示佛山市生态环境局关于佛山市沃鑫泰文化创意用品有限公司新建项目环境影响报告表的批复.pdf,2023_公示佛山市生态环境局关于佛山市沃鑫泰文化创意用品有限公司新建项目环境影响报告表的批复.pdf,0.13,True,2023,佛山市沃鑫泰文化创意用品有限公司,
E:\软件\2023-2026年顺德批复文件\2023_公示佛山市生态环境局关于佛山市玉大包装材料有限公司新建项目环境影响报告表的批复.pdf,2023_公示佛山市生态环境局关于佛山市玉大包装材料有限公司新建项目环境影响报告表的批复.pdf,0.97,True,2023,佛山市玉大包装材料有限公司,
E:\软件\2023-2026年顺德批复文件\2023_公示佛山市生态环境局关于佛山市真本包装科技有限公司新建项目环境影响报告表的批复.pdf,2023_公示佛山市生态环境局关于佛山市真本包装科技有限公司新建项目环境影响报告表的批复.pdf,0.93,True,2023,佛山市真本包装科技有限公司,
E:\软件\2023-2026年顺德批复文件\2023_公示佛山市生态环境局关于佛山市粤企强新材料有限公司新建项目环境影响报告表的批复.pdf,2023_公示佛山市生态环境局关于佛山市粤企强新材料有限公司新建项目环境影响报告表的批复.pdf,0.1,True,2023,佛山市粤企强新材料有限公司,
E:\软件\2023-2026年顺德批复文件\2023_公示佛山市生态环境局关于佛山市誉帝新型材料有限公司搬迁扩建项目环境影响报告表的批复.pdf,2023_公示佛山市生态环境局关于佛山市誉帝新型材料有限公司搬迁扩建项目环境影响报告表的批复.pdf,0.95,True,2023,佛山市誉帝新型材料有限公司搬迁,
E:\软件\2023-2026年顺德批复文件\2023_公示佛山市生态环境局关于佛山市资新节能设备有限公司迁建项目环境影响报告表的批复.pdf,2023_公示佛山市生态环境局关于佛山市资新节能设备有限公司迁建项目环境影响报告表的批复.pdf,0.06,True,2023,佛山市资新节能设备有限公司,
E:\软件\2023-2026年顺德批复文件\2023_公示佛山市生态环境局关于佛山市金顺源新材料科技有限公司新建项目环境影响报告表的批复.pdf,2023_公示佛山市生态环境局关于佛山市金顺源新材料科技有限公司新建项目环境影响报告表的批复.pdf,0.11,True,2023,佛山市金顺源新材料科技有限公司,
E:\软件\2023-2026年顺德批复文件\2023_公示佛山市生态环境局关于佛山市鑫聚泰电子科技有限公司新建项目环境影响报告表的批复.pdf,2023_公示佛山市生态环境局关于佛山市鑫聚泰电子科技有限公司新建项目环境影响报告表的批复.pdf,0.11,True,2023,佛山市鑫聚泰电子科技有限公司,
E:\软件\2023-2026年顺德批复文件\2023_公示佛山市生态环境局关于佛山市顺康荣新材料科技有限公司新建项目环境影响报告表的批复.pdf,2023_公示佛山市生态环境局关于佛山市顺康荣新材料科技有限公司新建项目环境影响报告表的批复.pdf,0.99,True,2023,佛山市顺康荣新材料科技有限公司,
E:\软件\2023-2026年顺德批复文件\2023_公示佛山市生态环境局关于佛山市顺德区世环力环保材料科技有限公司迁改扩建项目环境影响报告表的批复.pdf,2023_公示佛山市生态环境局关于佛山市顺德区世环力环保材料科技有限公司迁改扩建项目环境影响报告表的批复.pdf,0.1,True,2023,佛山市顺德区世环力环保材料科技有限公司迁改,
E:\软件\2023-2026年顺德批复文件\2023_公示佛山市生态环境局关于佛山市顺德区优菲电器科技有限公司迁扩建项目环境影响报告表的批复.pdf,2023_公示佛山市生态环境局关于佛山市顺德区优菲电器科技有限公司迁扩建项目环境影响报告表的批复.pdf,0.97,True,2023,佛山市顺德区优菲电器科技有限公司迁,
E:\软件\2023-2026年顺德批复文件\2023_公示佛山市生态环境局关于佛山市顺德区准一电器有限公司造粒车间新建项目环境影响报告表的批复.pdf,2023_公示佛山市生态环境局关于佛山市顺德区准一电器有限公司造粒车间新建项目环境影响报告表的批复.pdf,0.11,True,2023,佛山市顺德区准一电器有限公司造粒车间,
E:\软件\2023-2026年顺德批复文件\2023_公示佛山市生态环境局关于佛山市顺德区创河塑料制品有限公司改扩建项目环境影响报告表的批复.pdf,2023_公示佛山市生态环境局关于佛山市顺德区创河塑料制品有限公司改扩建项目环境影响报告表的批复.pdf,0.11,True,2023,佛山市顺德区创河塑料制品有限公司改,
E:\软件\2023-2026年顺德批复文件\2023_公示佛山市生态环境局关于佛山市顺德区励精装饰材料有限公司重新报批项目环境影响报告表的批复.pdf,2023_公示佛山市生态环境局关于佛山市顺德区励精装饰材料有限公司重新报批项目环境影响报告表的批复.pdf,0.96,True,2023,,
E:\软件\2023-2026年顺德批复文件\2023_公示佛山市生态环境局关于佛山市顺德区华隆宝利材料科技有限公司搬迁扩建项目环境影响报告表的批复.pdf,2023_公示佛山市生态环境局关于佛山市顺德区华隆宝利材料科技有限公司搬迁扩建项目环境影响报告表的批复.pdf,0.11,True,2023,佛山市顺德区华隆宝利材料科技有限公司搬迁,
E:\软件\2023-2026年顺德批复文件\2023_公示佛山市生态环境局关于佛山市顺德区嘉特隆塑料制品有限公司迁扩建项目环境影响报告表的批复.pdf,2023_公示佛山市生态环境局关于佛山市顺德区嘉特隆塑料制品有限公司迁扩建项目环境影响报告表的批复.pdf,0.1,True,2023,佛山市顺德区嘉特隆塑料制品有限公司迁,
E:\软件\2023-2026年顺德批复文件\2023_公示佛山市生态环境局关于佛山市顺德区昊亨建材有限公司新建项目环境影响报告表的批复.pdf,2023_公示佛山市生态环境局关于佛山市顺德区昊亨建材有限公司新建项目环境影响报告表的批复.pdf,0.1,True,2023,佛山市顺德区昊亨建材有限公司,
E:\软件\2023-2026年顺德批复文件\2023_公示佛山市生态环境局关于佛山市顺德区杏坛镇毓盛包装容器制造厂迁扩建项目环境影响报告表的批复.pdf,2023_公示佛山市生态环境局关于佛山市顺德区杏坛镇毓盛包装容器制造厂迁扩建项目环境影响报告表的批复.pdf,0.11,True,2023,佛山市顺德区杏坛镇毓盛包装容器制造厂迁,
E:\软件\2023-2026年顺德批复文件\2023_公示佛山市生态环境局关于佛山市顺德区植俊塑料制品有限公司新建项目环境影响报告表的批复.pdf,2023_公示佛山市生态环境局关于佛山市顺德区植俊塑料制品有限公司新建项目环境影响报告表的批复.pdf,0.11,True,2023,佛山市顺德区植俊塑料制品有限公司,
E:\软件\2023-2026年顺德批复文件\2023_公示佛山市生态环境局关于佛山市顺德区沃朋新材料科技有限公司新建项目环境影响报告表的批复.pdf,2023_公示佛山市生态环境局关于佛山市顺德区沃朋新材料科技有限公司新建项目环境影响报告表的批复.pdf,0.06,True,2023,佛山市顺德区沃朋新材料科技有限公司,
E:\软件\2023-2026年顺德批复文件\2023_公示佛山市生态环境局关于佛山市顺德区贺胜塑料五金有限公司迁扩建项目环境影响报告表的批复.pdf,2023_公示佛山市生态环境局关于佛山市顺德区贺胜塑料五金有限公司迁扩建项目环境影响报告表的批复.pdf,0.13,True,2023,佛山市顺德区贺胜塑料五金有限公司迁,
E:\软件\2023-2026年顺德批复文件\2023_公示佛山市生态环境局关于佛山市顺德区顺盈达塑料五金厂新建项目环境影响报告表的批复.pdf,2023_公示佛山市生态环境局关于佛山市顺德区顺盈达塑料五金厂新建项目环境影响报告表的批复.pdf,1.0,True,2023,佛山市顺德区顺盈达塑料五金厂,
E:\软件\2023-2026年顺德批复文件\2023_公示佛山市生态环境局关于佛山市顺德区骏亨光电科技有限公司迁建项目环境影响报告表的批复.pdf,2023_公示佛山市生态环境局关于佛山市顺德区骏亨光电科技有限公司迁建项目环境影响报告表的批复.pdf,0.1,True,2023,佛山市顺德区骏亨光电科技有限公司,
E:\软件\2023-2026年顺德批复文件\2023_公示佛山市生态环境局关于佛山新大地光电科技有限公司新建项目环境影响报告表的批复.pdf,2023_公示佛山市生态环境局关于佛山新大地光电科技有限公司新建项目环境影响报告表的批复.pdf,0.1,True,2023,佛山新大地光电科技有限公司,
E:\软件\2023-2026年顺德批复文件\2023_公示佛山市生态环境局关于佛山益洛信科技有限公司新建项目环境影响报告表的批复.pdf,2023_公示佛山市生态环境局关于佛山益洛信科技有限公司新建项目环境影响报告表的批复.pdf,0.11,True,2023,佛山益洛信科技有限公司,
E:\软件\2023-2026年顺德批复文件\2023_公示佛山市生态环境局关于广东伟旺新材料有限公司年产热熔胶20000吨新建项目环境影响报告表的批复.pdf,2023_公示佛山市生态环境局关于广东伟旺新材料有限公司年产热熔胶20000吨新建项目环境影响报告表的批复.pdf,1.01,True,2023,广东伟旺新材料有限公司年产热熔胶20000吨,
E:\软件\2023-2026年顺德批复文件\2023_公示佛山市生态环境局关于广东德冠包装材料有限公司中兴科技园新建项目（重新报批）环境影响报告表的批复.pdf,2023_公示佛山市生态环境局关于广东德冠包装材料有限公司中兴科技园新建项目（重新报批）环境影响报告表的批复.pdf,1.07,True,2023,广东德冠包装材料有限公司中兴科技园,
E:\软件\2023-2026年顺德批复文件\2023_公示佛山市生态环境局关于广东普瑞达科技有限公司新建项目环境影响报告表的批复.pdf,2023_公示佛山市生态环境局关于广东普瑞达科技有限公司新建项目环境影响报告表的批复.pdf,0.1,True,2023,广东普瑞达科技有限公司,
E:\软件\2023-2026年顺德批复文件\2023_公示佛山市生态环境局关于广东津亮新材料科技有限公司新建项目环境影响报告表的批复.pdf,2023_公示佛山市生态环境局关于广东津亮新材料科技有限公司新建项目环境影响报告表的批复.pdf,0.94,True,2023,广东津亮新材料科技有限公司,
E:\软件\2023-2026年顺德批复文件\2023_公示佛山市生态环境局关于广东玉熹科技有限公司新建项目环境影响报告表的批复.pdf,2023_公示佛山市生态环境局关于广东玉熹科技有限公司新建项目环境影响报告表的批复.pdf,0.1,True,2023,广东玉熹科技有限公司,
E:\软件\2023-2026年顺德批复文件\2023_公示佛山市生态环境局关于广东顺德顺炎新材料股份有限公司年产改性塑料粒1.5万吨搬迁项目环境影响报告表的批复.pdf,2023_公示佛山市生态环境局关于广东顺德顺炎新材料股份有限公司年产改性塑料粒1.5万吨搬迁项目环境影响报告表的批复.pdf,0.11,True,2023,,
E:\软件\2023-2026年顺德批复文件\2023_公示佛山市生态环境局关于杏坛镇二环路南段道路改造工程环境影响报告表的批复.pdf,2023_公示佛山市生态环境局关于杏坛镇二环路南段道路改造工程环境影响报告表的批复.pdf,0.11,True,2023,,
E:\软件\2023-2026年顺德批复文件\2023_公示佛山市生态环境局关于深圳市优晟照明科技有限公司佛山分公司新建项目环境影响报告表的批复.pdf,2023_公示佛山市生态环境局关于深圳市优晟照明科技有限公司佛山分公司新建项目环境影响报告表的批复.pdf,0.11,True,2023,深圳市优晟照明科技有限公司佛山分公司,
E:\软件\2023-2026年顺德批复文件\2023_关于佛山市中胜亿智能科技有限公司年产小家电控制板300万块新建项目环境影响报告表的批复.pdf,2023_关于佛山市中胜亿智能科技有限公司年产小家电控制板300万块新建项目环境影响报告表的批复.pdf,0.13,True,2023,佛山市中胜亿智能科技有限公司年产小家电控制板300万块,
E:\软件\2023-2026年顺德批复文件\2023_关于佛山市仁国金属制品有限公司年产五金配件100万件建设项目环境影响报告表的批复.pdf,2023_关于佛山市仁国金属制品有限公司年产五金配件100万件建设项目环境影响报告表的批复.pdf,0.13,True,2023,佛山市仁国金属制品有限公司年产五金配件100万件,
E:\软件\2023-2026年顺德批复文件\2023_关于佛山市新焕源塑料制品有限公司年产塑料条40吨新建项目环境影响报告表的批复.pdf,2023_关于佛山市新焕源塑料制品有限公司年产塑料条40吨新建项目环境影响报告表的批复.pdf,0.13,True,2023,佛山市新焕源塑料制品有限公司年产塑料条40吨,
E:\软件\2023-2026年顺德批复文件\2023_关于佛山市星航泰金属制品有限公司新建项目环境影响报告表的批复.pdf,2023_关于佛山市星航泰金属制品有限公司新建项目环境影响报告表的批复.pdf,0.13,True,2023,佛山市星航泰金属制品有限公司,
E:\软件\2023-2026年顺德批复文件\2023_关于佛山市欧帝卡电器有限公司搬迁项目环境影响报告表的批复.pdf,2023_关于佛山市欧帝卡电器有限公司搬迁项目环境影响报告表的批复.pdf,0.13,True,2023,,
E:\软件\2023-2026年顺德批复文件\2023_关于佛山市欧德普电器科技有限公司新建项目环境影响报告表的批复.pdf,2023_关于佛山市欧德普电器科技有限公司新建项目环境影响报告表的批复.pdf,0.11,True,2023,佛山市欧德普电器科技有限公司,
E:\软件\2023-2026年顺德批复文件\2023_关于佛山市顺为智造科技有限公司新建项目环境影响报告表的批复.pdf,2023_关于佛山市顺为智造科技有限公司新建项目环境影响报告表的批复.pdf,0.13,True,2023,佛山市顺为智造科技有限公司,
E:\软件\2023-2026年顺德批复文件\2023_关于佛山市顺德区丰誉喷涂有限公司改扩建项目环境影响报告表的批复.pdf,2023_关于佛山市顺德区丰誉喷涂有限公司改扩建项目环境影响报告表的批复.pdf,0.14,True,2023,佛山市顺德区丰誉喷涂有限公司改,
E:\软件\2023-2026年顺德批复文件\2023_关于佛山市顺德区奥圣塑料五金制品有限公司搬迁扩建项目环境影响报告表的批复.pdf,2023_关于佛山市顺德区奥圣塑料五金制品有限公司搬迁扩建项目环境影响报告表的批复.pdf,0.13,True,2023,佛山市顺德区奥圣塑料五金制品有限公司搬迁,
E:\软件\2023-2026年顺德批复文件\2023_关于佛山市顺德区康琳电器实业有限公司改扩建项目环境影响报告表的批复.pdf,2023_关于佛山市顺德区康琳电器实业有限公司改扩建项目环境影响报告表的批复.pdf,0.13,True,2023,佛山市顺德区康琳电器实业有限公司改,
E:\软件\2023-2026年顺德批复文件\2023_关于佛山市顺德区艺百通五金制品有限公司新建项目环境影响报告表的批复.pdf,2023_关于佛山市顺德区艺百通五金制品有限公司新建项目环境影响报告表的批复.pdf,0.14,True,2023,佛山市顺德区艺百通五金制品有限公司,
E:\软件\2023-2026年顺德批复文件\2023_关于佛山市顺德区诚尔威塑料制品有限公司新建项目环境影响报告表的批复.pdf,2023_关于佛山市顺德区诚尔威塑料制品有限公司新建项目环境影响报告表的批复.pdf,0.13,True,2023,佛山市顺德区诚尔威塑料制品有限公司,
E:\软件\2023-2026年顺德批复文件\2023_关于佛山市顺德区骏悦塑料五金制品有限公司新建项目环境影响报告表的批复.pdf,2023_关于佛山市顺德区骏悦塑料五金制品有限公司新建项目环境影响报告表的批复.pdf,0.09,True,2023,佛山市顺德区骏悦塑料五金制品有限公司,
E:\软件\2023-2026年顺德批复文件\2023_关于广东东亚电器有限公司扩建项目建设项目环境影响报告表的批复.pdf,2023_关于广东东亚电器有限公司扩建项目建设项目环境影响报告表的批复.pdf,0.14,True,2023,广东东亚电器有限公司,
E:\软件\2023-2026年顺德批复文件\2023_关于广东韩创新材料科技有限公司新建项目建设项目环境影响报告表的批复.pdf,2023_关于广东韩创新材料科技有限公司新建项目建设项目环境影响报告表的批复.pdf,0.13,True,2023,广东韩创新材料科技有限公司,
E:\软件\2023-2026年顺德批复文件\2023_关于黄山联固新材料科技有限公司新建项目环境影响报告表的批复.pdf,2023_关于黄山联固新材料科技有限公司新建项目环境影响报告表的批复.pdf,0.13,True,2023,黄山联固新材料科技有限公司,
E:\软件\2023-2026年顺德批复文件\2023_外环路批复.pdf,2023_外环路批复.pdf,0.13,True,2023,,
E:\软件\2023-2026年顺德批复文件\2023_山市生态环境局关于佛山市丰寻科技有限公司迁扩建项目环境影响报告表的批复.pdf,2023_山市生态环境局关于佛山市丰寻科技有限公司迁扩建项目环境影响报告表的批复.pdf,0.1,True,2023,佛山市丰寻科技有限公司迁,
E:\软件\2023-2026年顺德批复文件\2023_广东恒基金属股份有限公司大金管件生产专区新建技术改造项目环境影响报告表的批复.pdf,2023_广东恒基金属股份有限公司大金管件生产专区新建技术改造项目环境影响报告表的批复.pdf,0.13,True,2023,,
E:\软件\2023-2026年顺德批复文件\2023_承诺制公示佛山市生态环境局关于佛山市伊蒙电子科技有限公司搬迁项目环境影响报告表的批复.pdf,2023_承诺制公示佛山市生态环境局关于佛山市伊蒙电子科技有限公司搬迁项目环境影响报告表的批复.pdf,0.06,True,2023,,
E:\软件\2023-2026年顺德批复文件\2023_承诺制公示佛山市生态环境局关于佛山市华典新材料有限公司新建项目环境影响报告表的批复.pdf,2023_承诺制公示佛山市生态环境局关于佛山市华典新材料有限公司新建项目环境影响报告表的批复.pdf,0.06,True,2023,佛山市华典新材料有限公司,
E:\软件\2023-2026年顺德批复文件\2023_承诺制公示佛山市生态环境局关于佛山市戴之乐科技有限公司新建项目环境影响报告表的批复.pdf,2023_承诺制公示佛山市生态环境局关于佛山市戴之乐科技有限公司新建项目环境影响报告表的批复.pdf,0.06,True,2023,佛山市戴之乐科技有限公司,
E:\软件\2023-2026年顺德批复文件\2023_承诺制公示佛山市生态环境局关于佛山市温雨科技有限公司年产塑料配件5000万个新建项目环境影响报告表的批复.pdf,2023_承诺制公示佛山市生态环境局关于佛山市温雨科技有限公司年产塑料配件5000万个新建项目环境影响报告表的批复.pdf,0.06,True,2023,佛山市温雨科技有限公司年产塑料配件5000万个,
E:\软件\2023-2026年顺德批复文件\2023_承诺制公示佛山市生态环境局关于佛山市箱信电气科技有限公司新建项目环境影响报告表的批复.pdf,2023_承诺制公示佛山市生态环境局关于佛山市箱信电气科技有限公司新建项目环境影响报告表的批复.pdf,0.06,True,2023,佛山市箱信电气科技有限公司,
E:\软件\2023-2026年顺德批复文件\2023_承诺制公示佛山市生态环境局关于佛山市金霆通讯科技有限公司扩建项目环境影响报告表的批复.pdf,2023_承诺制公示佛山市生态环境局关于佛山市金霆通讯科技有限公司扩建项目环境影响报告表的批复.pdf,0.13,True,2023,佛山市金霆通讯科技有限公司,
E:\软件\2023-2026年顺德批复文件\2023_承诺制公示佛山市生态环境局关于佛山市铜鑫萱新材料有限公司新建项目环境影响报告表的批复.pdf,2023_承诺制公示佛山市生态环境局关于佛山市铜鑫萱新材料有限公司新建项目环境影响报告表的批复.pdf,0.89,True,2023,佛山市铜鑫萱新材料有限公司,
E:\软件\2023-2026年顺德批复文件\2023_承诺制公示佛山市生态环境局关于佛山市韵雄塑料五金制品有限公司迁扩建项目环境影响报告表的批复.pdf,2023_承诺制公示佛山市生态环境局关于佛山市韵雄塑料五金制品有限公司迁扩建项目环境影响报告表的批复.pdf,0.1,True,2023,佛山市韵雄塑料五金制品有限公司迁,
E:\软件\2023-2026年顺德批复文件\2023_承诺制公示佛山市生态环境局关于佛山市顺德区基诺德电器制造有限公司智富园17栋生产车间新建项目环境影响报告表的批复.pdf,2023_承诺制公示佛山市生态环境局关于佛山市顺德区基诺德电器制造有限公司智富园17栋生产车间新建项目环境影响报告表的批复.pdf,1.02,True,2023,佛山市顺德区基诺德电器制造有限公司智富园17栋生产车间,
E:\软件\2023-2026年顺德批复文件\2023_承诺制公示佛山市生态环境局关于佛山市顺德区寰塑塑料制品有限公司迁建项目环境影响报告表的批复.pdf,2023_承诺制公示佛山市生态环境局关于佛山市顺德区寰塑塑料制品有限公司迁建项目环境影响报告表的批复.pdf,0.08,True,2023,佛山市顺德区寰塑塑料制品有限公司,
E:\软件\2023-2026年顺德批复文件\2023_承诺制公示佛山市生态环境局关于佛山市顺德区德钲电器实业有限公司迁扩建项目环境影响报告表的批复.pdf,2023_承诺制公示佛山市生态环境局关于佛山市顺德区德钲电器实业有限公司迁扩建项目环境影响报告表的批复.pdf,0.06,True,2023,佛山市顺德区德钲电器实业有限公司迁,
E:\软件\2023-2026年顺德批复文件\2023_承诺制公示佛山市生态环境局关于佛山市顺德区智铎模具有限公司新建项目环境影响报告表的批复.pdf,2023_承诺制公示佛山市生态环境局关于佛山市顺德区智铎模具有限公司新建项目环境影响报告表的批复.pdf,0.06,True,2023,佛山市顺德区智铎模具有限公司,
E:\软件\2023-2026年顺德批复文件\2023_承诺制公示佛山市生态环境局关于佛山市顺德区瑾毅新材料有限公司新建项目环境影响报告表的批复.pdf,2023_承诺制公示佛山市生态环境局关于佛山市顺德区瑾毅新材料有限公司新建项目环境影响报告表的批复.pdf,0.92,True,2023,佛山市顺德区瑾毅新材料有限公司,
E:\软件\2023-2026年顺德批复文件\2023_承诺制公示佛山市生态环境局关于佛山市顺德区盖密尔塑料制品有限公司迁建项目环境影响报告表的批复.pdf,2023_承诺制公示佛山市生态环境局关于佛山市顺德区盖密尔塑料制品有限公司迁建项目环境影响报告表的批复.pdf,0.08,True,2023,佛山市顺德区盖密尔塑料制品有限公司,
E:\软件\2023-2026年顺德批复文件\2023_承诺制公示佛山市生态环境局关于佛山市顺德区胜宏鑫新材料有限公司新建项目环境影响报告表的批复.pdf,2023_承诺制公示佛山市生态环境局关于佛山市顺德区胜宏鑫新材料有限公司新建项目环境影响报告表的批复.pdf,0.06,True,2023,佛山市顺德区胜宏鑫新材料有限公司,
E:\软件\2023-2026年顺德批复文件\2023_承诺制公示佛山市生态环境局关于佛山市顺德区进优电器科技有限公司年产绞肉刀40万把新建项目环境影响报告表的批复.pdf,2023_承诺制公示佛山市生态环境局关于佛山市顺德区进优电器科技有限公司年产绞肉刀40万把新建项目环境影响报告表的批复.pdf,0.06,True,2023,佛山市顺德区进优电器科技有限公司年产绞肉刀40万把,
E:\软件\2023-2026年顺德批复文件\2023_承诺制公示佛山市生态环境局关于佛山市顺智元科技有限公司新建项目环境影响报告表的批复.pdf,2023_承诺制公示佛山市生态环境局关于佛山市顺智元科技有限公司新建项目环境影响报告表的批复.pdf,0.06,True,2023,佛山市顺智元科技有限公司,
E:\软件\2023-2026年顺德批复文件\2023_承诺制公示佛山市生态环境局关于广东嘉伟电子科技有限公司新建项目环境影响报告表的批复.pdf,2023_承诺制公示佛山市生态环境局关于广东嘉伟电子科技有限公司新建项目环境影响报告表的批复.pdf,0.06,True,2023,广东嘉伟电子科技有限公司,
E:\软件\2023-2026年顺德批复文件\2023_承诺制公示佛山市生态环境局关于广东日展高温电线有限公司迁改扩建项目环境影响报告表的批复.pdf,2023_承诺制公示佛山市生态环境局关于广东日展高温电线有限公司迁改扩建项目环境影响报告表的批复.pdf,0.06,True,2023,广东日展高温电线有限公司迁改,
E:\软件\2023-2026年顺德批复文件\2023_承诺制公示佛山市生态环境局关于广东粤川香食品科技有限公司建设项目环境影响报告表的批复.pdf,2023_承诺制公示佛山市生态环境局关于广东粤川香食品科技有限公司建设项目环境影响报告表的批复.pdf,0.06,True,2023,广东粤川香食品科技有限公司,
E:\软件\2023-2026年顺德批复文件\2023_承诺制公示佛山市生态环境局关于广东贝视特光电科技有限公司新建项目环境影响报告表的批复.pdf,2023_承诺制公示佛山市生态环境局关于广东贝视特光电科技有限公司新建项目环境影响报告表的批复.pdf,0.88,True,2023,广东贝视特光电科技有限公司,
E:\软件\2023-2026年顺德批复文件\2023_承诺制公示佛山市生态环境局关于广东路茄科技有限公司新建项目环境影响报告表的批复.pdf,2023_承诺制公示佛山市生态环境局关于广东路茄科技有限公司新建项目环境影响报告表的批复.pdf,0.06,True,2023,广东路茄科技有限公司,
E:\软件\2023-2026年顺德批复文件\2023_行政处罚决定书送达公告（佛环0308罚〔2023〕1号之一）.pdf,2023_行政处罚决定书送达公告（佛环0308罚〔2023〕1号之一）.pdf,0.12,False,2023,,佛环0308罚〔2023〕1号之一）.pdf
E:\软件\2023-2026年顺德批复文件\2023_（佛环0304环审〔2023〕10号）佛山市生态环境局关于广东图特家居科技股份有限公司智能制造基地建设项目环境影响报告表的批复.pdf,2023_（佛环0304环审〔2023〕10号）佛山市生态环境局关于广东图特家居科技股份有限公司智能制造基地建设项目环境影响报告表的批复.pdf,0.12,True,2023,广东图特家居科技股份有限公司智能制造基地,佛环0304环审〔2023〕10号）佛山市生
E:\软件\2023-2026年顺德批复文件\2023_（佛环0304环审〔2023〕14号）佛山市生态环境局关于佛山市顺德区粤元素家具配件厂新建项目环境影响报告表的批复.pdf,2023_（佛环0304环审〔2023〕14号）佛山市生态环境局关于佛山市顺德区粤元素家具配件厂新建项目环境影响报告表的批复.pdf,0.12,True,2023,佛山市顺德区粤元素家具配件厂,佛环0304环审〔2023〕14号）佛山市生
E:\软件\2023-2026年顺德批复文件\2023_（佛环0304环审〔2023〕33号）佛山市生态环境局关于佛山市沃尼思通环境电器有限公司新建项目环境影响报告表的批复.pdf,2023_（佛环0304环审〔2023〕33号）佛山市生态环境局关于佛山市沃尼思通环境电器有限公司新建项目环境影响报告表的批复.pdf,0.11,True,2023,佛山市沃尼思通环境电器有限公司,佛环0304环审〔2023〕33号）佛山市生
E:\软件\2023-2026年顺德批复文件\2023_（佛环0304环审〔2023〕34号）佛山市生态环境局关于佛山市亿美高科技有限公司建设项目环境影响报告表的批复.pdf,2023_（佛环0304环审〔2023〕34号）佛山市生态环境局关于佛山市亿美高科技有限公司建设项目环境影响报告表的批复.pdf,0.11,True,2023,佛山市亿美高科技有限公司,佛环0304环审〔2023〕34号）佛山市生
E:\软件\2023-2026年顺德批复文件\2023_（佛环0304环审〔2023〕35号）佛山市生态环境局关于佛山市强劲宝润滑油有限公司新建项目环境影响报告表的批复.pdf,2023_（佛环0304环审〔2023〕35号）佛山市生态环境局关于佛山市强劲宝润滑油有限公司新建项目环境影响报告表的批复.pdf,0.11,True,2023,佛山市强劲宝润滑油有限公司,佛环0304环审〔2023〕35号）佛山市生
E:\软件\2023-2026年顺德批复文件\2023_（佛环0304环审〔2023〕3号）佛山市生态环境局关于佛山市智诺佳创塑料制品有限公司年产塑料薄膜800吨迁建项目环境影响报告表的批复.pdf,2023_（佛环0304环审〔2023〕3号）佛山市生态环境局关于佛山市智诺佳创塑料制品有限公司年产塑料薄膜800吨迁建项目环境影响报告表的批复.pdf,0.12,True,2023,佛山市智诺佳创塑料制品有限公司年产塑料薄膜800吨,佛环0304环审〔2023〕3号）佛山市生态
E:\软件\2023-2026年顺德批复文件\2023_（佛环0304环审〔2023〕4号）佛山市生态环境局关于广东椿岛电控科技有限公司扩建项目环境影响报告表的批复.pdf,2023_（佛环0304环审〔2023〕4号）佛山市生态环境局关于广东椿岛电控科技有限公司扩建项目环境影响报告表的批复.pdf,0.15,True,2023,广东椿岛电控科技有限公司,佛环0304环审〔2023〕4号）佛山市生态
E:\软件\2023-2026年顺德批复文件\2023_（佛环0304环审〔2023〕5号）佛山市生态环境局关于广东钿源科技有限公司新建项目环境影响报告表的批复.pdf,2023_（佛环0304环审〔2023〕5号）佛山市生态环境局关于广东钿源科技有限公司新建项目环境影响报告表的批复.pdf,0.11,True,2023,广东钿源科技有限公司,佛环0304环审〔2023〕5号）佛山市生态
E:\软件\2023-2026年顺德批复文件\2023_（佛环0304环审〔2023〕7号）佛山市生态环境局关于佛山杏邦金属表面处理有限公司新建项目环境影响报告表的批复.pdf,2023_（佛环0304环审〔2023〕7号）佛山市生态环境局关于佛山杏邦金属表面处理有限公司新建项目环境影响报告表的批复.pdf,0.16,True,2023,佛山杏邦金属表面处理有限公司,佛环0304环审〔2023〕7号）佛山市生态
E:\软件\2023-2026年顺德批复文件\2023_（佛环0304环审〔2023〕8号）佛山市生态环境局关于佛山市肽裕金属制品有限公司新建项目环境影响报告表的批复.pdf,2023_（佛环0304环审〔2023〕8号）佛山市生态环境局关于佛山市肽裕金属制品有限公司新建项目环境影响报告表的批复.pdf,0.16,True,2023,佛山市肽裕金属制品有限公司,佛环0304环审〔2023〕8号）佛山市生态
E:\软件\2023-2026年顺德批复文件\2023_（佛环0304环审〔2023〕9号）佛山市生态环境局关于佛山市顺德区久新光电科技有限公司迁扩建项目环境影响报告表的批复.pdf,2023_（佛环0304环审〔2023〕9号）佛山市生态环境局关于佛山市顺德区久新光电科技有限公司迁扩建项目环境影响报告表的批复.pdf,0.11,True,2023,佛山市顺德区久新光电科技有限公司迁,佛环0304环审〔2023〕9号）佛山市生态
E:\软件\2023-2026年顺德批复文件\2024_于顺德区群力围、石龙围水体综合整治工程（2021~2023）-水污染防治工程群力围污水厂改扩建工程（重大变动）环境影响报告表的批复.pdf,2024_于顺德区群力围、石龙围水体综合整治工程（2021~2023）-水污染防治工程群力围污水厂改扩建工程（重大变动）环境影响报告表的批复.pdf,0.21,True,2024,,
E:\软件\2023-2026年顺德批复文件\2024_佛山市生态环境局关于佛山市万朗磁塑制品有限公司顺德分公司新建项目建设项目环境影响报告表的批复.pdf,2024_佛山市生态环境局关于佛山市万朗磁塑制品有限公司顺德分公司新建项目建设项目环境影响报告表的批复.pdf,0.14,True,2024,佛山市万朗磁塑制品有限公司顺德分公司,
E:\软件\2023-2026年顺德批复文件\2024_佛山市生态环境局关于佛山市东来晟塑料制品有限公司新建项目建设项目环境影响报告表的批复.pdf,2024_佛山市生态环境局关于佛山市东来晟塑料制品有限公司新建项目建设项目环境影响报告表的批复.pdf,0.15,True,2024,佛山市东来晟塑料制品有限公司,
E:\软件\2023-2026年顺德批复文件\2024_佛山市生态环境局关于佛山市中境净化设备有限公司建设项目环境影响报告表的批复.pdf,2024_佛山市生态环境局关于佛山市中境净化设备有限公司建设项目环境影响报告表的批复.pdf,0.18,True,2024,佛山市中境净化设备有限公司,
E:\软件\2023-2026年顺德批复文件\2024_佛山市生态环境局关于佛山市云玺科技有限公司建设项目环境影响报告表的批复.pdf,2024_佛山市生态环境局关于佛山市云玺科技有限公司建设项目环境影响报告表的批复.pdf,0.13,True,2024,佛山市云玺科技有限公司,
E:\软件\2023-2026年顺德批复文件\2024_佛山市生态环境局关于佛山市仙钰科技有限公司新建项目建设项目环境影响报告表的批复.pdf,2024_佛山市生态环境局关于佛山市仙钰科技有限公司新建项目建设项目环境影响报告表的批复.pdf,0.15,True,2024,佛山市仙钰科技有限公司,
E:\软件\2023-2026年顺德批复文件\2024_佛山市生态环境局关于佛山市伯思比新材料科技有限公司新建项目环境影响报告表的批复.pdf,2024_佛山市生态环境局关于佛山市伯思比新材料科技有限公司新建项目环境影响报告表的批复.pdf,0.17,True,2024,佛山市伯思比新材料科技有限公司,
E:\软件\2023-2026年顺德批复文件\2024_佛山市生态环境局关于佛山市佳德迩电器有限公司新建项目建设项目环境影响报告表的批复.pdf,2024_佛山市生态环境局关于佛山市佳德迩电器有限公司新建项目建设项目环境影响报告表的批复.pdf,0.14,True,2024,佛山市佳德迩电器有限公司,
E:\软件\2023-2026年顺德批复文件\2024_佛山市生态环境局关于佛山市健乾塑料制品有限公司建设项目环境影响报告表的批复.pdf,2024_佛山市生态环境局关于佛山市健乾塑料制品有限公司建设项目环境影响报告表的批复.pdf,0.17,True,2024,佛山市健乾塑料制品有限公司,
E:\软件\2023-2026年顺德批复文件\2024_佛山市生态环境局关于佛山市力晟塑胶制品有限公司新建项目环境影响报告表的批复-非盖章版.pdf,2024_佛山市生态环境局关于佛山市力晟塑胶制品有限公司新建项目环境影响报告表的批复-非盖章版.pdf,0.17,True,2024,佛山市力晟塑胶制品有限公司,
E:\软件\2023-2026年顺德批复文件\2024_佛山市生态环境局关于佛山市加合新材料有限公司新建项目建设项目环境影响报告表的批复.pdf,2024_佛山市生态环境局关于佛山市加合新材料有限公司新建项目建设项目环境影响报告表的批复.pdf,0.15,True,2024,佛山市加合新材料有限公司,
E:\软件\2023-2026年顺德批复文件\2024_佛山市生态环境局关于佛山市博海森塑料制品有限公司新建项目环境影响报告表的批复.pdf,2024_佛山市生态环境局关于佛山市博海森塑料制品有限公司新建项目环境影响报告表的批复.pdf,0.17,True,2024,佛山市博海森塑料制品有限公司,
E:\软件\2023-2026年顺德批复文件\2024_佛山市生态环境局关于佛山市宏格锋盛塑料有限公司新建项目环境影响报告表的批复.pdf,2024_佛山市生态环境局关于佛山市宏格锋盛塑料有限公司新建项目环境影响报告表的批复.pdf,0.17,True,2024,佛山市宏格锋盛塑料有限公司,
E:\软件\2023-2026年顺德批复文件\2024_佛山市生态环境局关于佛山市富懿塑料制品有限公司新建项目建设项目环境影响报告表的批复.pdf,2024_佛山市生态环境局关于佛山市富懿塑料制品有限公司新建项目建设项目环境影响报告表的批复.pdf,0.15,True,2024,佛山市富懿塑料制品有限公司,
E:\软件\2023-2026年顺德批复文件\2024_佛山市生态环境局关于佛山市掌拓精密科技有限公司建设项目环境影响报告表的批复.pdf,2024_佛山市生态环境局关于佛山市掌拓精密科技有限公司建设项目环境影响报告表的批复.pdf,0.16,True,2024,佛山市掌拓精密科技有限公司,
E:\软件\2023-2026年顺德批复文件\2024_佛山市生态环境局关于佛山市新共发电器有限公司新建项目建设项目环境影响报告表的批复.pdf,2024_佛山市生态环境局关于佛山市新共发电器有限公司新建项目建设项目环境影响报告表的批复.pdf,0.15,True,2024,佛山市新共发电器有限公司,
E:\软件\2023-2026年顺德批复文件\2024_佛山市生态环境局关于佛山市晶莱达玻璃制品有限公司新建项目建设项目环境影响报告表的批复.pdf,2024_佛山市生态环境局关于佛山市晶莱达玻璃制品有限公司新建项目建设项目环境影响报告表的批复.pdf,0.14,True,2024,佛山市晶莱达玻璃制品有限公司,
E:\软件\2023-2026年顺德批复文件\2024_佛山市生态环境局关于佛山市朝升塑料制品有限公司分车间新建项目环境影响报告表的批复.pdf,2024_佛山市生态环境局关于佛山市朝升塑料制品有限公司分车间新建项目环境影响报告表的批复.pdf,0.16,True,2024,佛山市朝升塑料制品有限公司分车间,
E:\软件\2023-2026年顺德批复文件\2024_佛山市生态环境局关于佛山市极威新材料有限公司顺德实验室新建项目环境影响报告表的批复.pdf,2024_佛山市生态环境局关于佛山市极威新材料有限公司顺德实验室新建项目环境影响报告表的批复.pdf,0.15,True,2024,佛山市极威新材料有限公司顺德实验室,
E:\软件\2023-2026年顺德批复文件\2024_佛山市生态环境局关于佛山市榕顺新材料科技有限公司建设项目环境影响报告表的批复.pdf,2024_佛山市生态环境局关于佛山市榕顺新材料科技有限公司建设项目环境影响报告表的批复.pdf,0.18,True,2024,佛山市榕顺新材料科技有限公司,
E:\软件\2023-2026年顺德批复文件\2024_佛山市生态环境局关于佛山市汇千和纸业有限公司新建项目建设项目环境影响报告表的批复.pdf,2024_佛山市生态环境局关于佛山市汇千和纸业有限公司新建项目建设项目环境影响报告表的批复.pdf,0.15,True,2024,佛山市汇千和纸业有限公司,
E:\软件\2023-2026年顺德批复文件\2024_佛山市生态环境局关于佛山市汇浩景塑料制品有限公司新建项目环境影响报告表的批复.pdf,2024_佛山市生态环境局关于佛山市汇浩景塑料制品有限公司新建项目环境影响报告表的批复.pdf,0.13,True,2024,佛山市汇浩景塑料制品有限公司,
E:\软件\2023-2026年顺德批复文件\2024_佛山市生态环境局关于佛山市炎兴塑胶制品有限公司建设项目环境影响报告表的批复.pdf,2024_佛山市生态环境局关于佛山市炎兴塑胶制品有限公司建设项目环境影响报告表的批复.pdf,0.13,True,2024,佛山市炎兴塑胶制品有限公司,
E:\软件\2023-2026年顺德批复文件\2024_佛山市生态环境局关于佛山市瑞派贝希君来宠物医院有限公司新建项目环境影响报告表的批复.pdf,2024_佛山市生态环境局关于佛山市瑞派贝希君来宠物医院有限公司新建项目环境影响报告表的批复.pdf,0.2,True,2024,佛山市瑞派贝希君来宠物医院有限公司,
E:\软件\2023-2026年顺德批复文件\2024_佛山市生态环境局关于佛山市百味佳食品有限公司新建项目环境影响报告表的批复.pdf,2024_佛山市生态环境局关于佛山市百味佳食品有限公司新建项目环境影响报告表的批复.pdf,0.17,True,2024,佛山市百味佳食品有限公司,
E:\软件\2023-2026年顺德批复文件\2024_佛山市生态环境局关于佛山市立浚达塑胶科技有限公司建设项目环境影响报告表的批复.pdf,2024_佛山市生态环境局关于佛山市立浚达塑胶科技有限公司建设项目环境影响报告表的批复.pdf,0.14,True,2024,佛山市立浚达塑胶科技有限公司,
E:\软件\2023-2026年顺德批复文件\2024_佛山市生态环境局关于佛山市美之雪制冷设备有限公司迁扩建项目环境影响报告表的批复.pdf,2024_佛山市生态环境局关于佛山市美之雪制冷设备有限公司迁扩建项目环境影响报告表的批复.pdf,0.12,True,2024,佛山市美之雪制冷设备有限公司迁,
E:\软件\2023-2026年顺德批复文件\2024_佛山市生态环境局关于佛山市致亿塑料制品有限公司新建项目环境影响报告表的批复.pdf,2024_佛山市生态环境局关于佛山市致亿塑料制品有限公司新建项目环境影响报告表的批复.pdf,0.12,True,2024,佛山市致亿塑料制品有限公司,
E:\软件\2023-2026年顺德批复文件\2024_佛山市生态环境局关于佛山市舜科电子有限公司新建项目环境影响报告表的批复.pdf,2024_佛山市生态环境局关于佛山市舜科电子有限公司新建项目环境影响报告表的批复.pdf,0.17,True,2024,佛山市舜科电子有限公司,
E:\软件\2023-2026年顺德批复文件\2024_佛山市生态环境局关于佛山市誉枫塑料制品有限公司新建项目建设项目环境影响报告表的批复.pdf,2024_佛山市生态环境局关于佛山市誉枫塑料制品有限公司新建项目建设项目环境影响报告表的批复.pdf,0.15,True,2024,佛山市誉枫塑料制品有限公司,
E:\软件\2023-2026年顺德批复文件\2024_佛山市生态环境局关于佛山市贝力商用制冷设备有限公司新建项目环境影响报告表的批复.pdf,2024_佛山市生态环境局关于佛山市贝力商用制冷设备有限公司新建项目环境影响报告表的批复.pdf,1.09,True,2024,佛山市贝力商用制冷设备有限公司,
E:\软件\2023-2026年顺德批复文件\2024_佛山市生态环境局关于佛山市赛哲电气有限公司建设项目环境影响报告表的批复.pdf,2024_佛山市生态环境局关于佛山市赛哲电气有限公司建设项目环境影响报告表的批复.pdf,0.12,True,2024,佛山市赛哲电气有限公司,
E:\软件\2023-2026年顺德批复文件\2024_佛山市生态环境局关于佛山市赛罗列生物科技有限公司新建项目环境影响报告表的批复.pdf,2024_佛山市生态环境局关于佛山市赛罗列生物科技有限公司新建项目环境影响报告表的批复.pdf,0.13,True,2024,佛山市赛罗列生物科技有限公司,
E:\软件\2023-2026年顺德批复文件\2024_佛山市生态环境局关于佛山市赫科智能科技有限公司扩建项目建设项目环境影响报告表的批复.pdf,2024_佛山市生态环境局关于佛山市赫科智能科技有限公司扩建项目建设项目环境影响报告表的批复.pdf,0.14,True,2024,佛山市赫科智能科技有限公司,
E:\软件\2023-2026年顺德批复文件\2024_佛山市生态环境局关于佛山市轩民泰科技有限公司新建项目环境影响报告表的批复.pdf,2024_佛山市生态环境局关于佛山市轩民泰科技有限公司新建项目环境影响报告表的批复.pdf,0.2,True,2024,佛山市轩民泰科技有限公司,
E:\软件\2023-2026年顺德批复文件\2024_佛山市生态环境局关于佛山市锐义弹簧精密制造有限公司新建项目建设项目环境影响报告表的批复.pdf,2024_佛山市生态环境局关于佛山市锐义弹簧精密制造有限公司新建项目建设项目环境影响报告表的批复.pdf,0.13,True,2024,佛山市锐义弹簧精密制造有限公司,
E:\软件\2023-2026年顺德批复文件\2024_佛山市生态环境局关于佛山市靓禾厨卫用品有限公司新建项目建设项目环境影响报告表的批复.pdf,2024_佛山市生态环境局关于佛山市靓禾厨卫用品有限公司新建项目建设项目环境影响报告表的批复.pdf,0.13,True,2024,佛山市靓禾厨卫用品有限公司,
E:\软件\2023-2026年顺德批复文件\2024_佛山市生态环境局关于佛山市顺德区佳兴电器实业有限公司容桂分公司新建项目建设项目环境影响报告表的批复.pdf,2024_佛山市生态环境局关于佛山市顺德区佳兴电器实业有限公司容桂分公司新建项目建设项目环境影响报告表的批复.pdf,0.14,True,2024,佛山市顺德区佳兴电器实业有限公司容桂分公司,
E:\软件\2023-2026年顺德批复文件\2024_佛山市生态环境局关于佛山市顺德区信平电器有限公司迁扩建项目建设项目环境影响报告表的批复.pdf,2024_佛山市生态环境局关于佛山市顺德区信平电器有限公司迁扩建项目建设项目环境影响报告表的批复.pdf,0.15,True,2024,佛山市顺德区信平电器有限公司迁,
E:\软件\2023-2026年顺德批复文件\2024_佛山市生态环境局关于佛山市顺德区全华工艺饰品有限公司新建项目建设项目环境影响报告表的批复.pdf,2024_佛山市生态环境局关于佛山市顺德区全华工艺饰品有限公司新建项目建设项目环境影响报告表的批复.pdf,0.15,True,2024,佛山市顺德区全华工艺饰品有限公司,
E:\软件\2023-2026年顺德批复文件\2024_佛山市生态环境局关于佛山市顺德区凯硕精密模具自动化科技有限公司搬迁项目环境影响报告表的批复.pdf,2024_佛山市生态环境局关于佛山市顺德区凯硕精密模具自动化科技有限公司搬迁项目环境影响报告表的批复.pdf,0.17,True,2024,,
E:\软件\2023-2026年顺德批复文件\2024_佛山市生态环境局关于佛山市顺德区北滘镇实验中学新建项目环境影响报告表的批复.pdf,2024_佛山市生态环境局关于佛山市顺德区北滘镇实验中学新建项目环境影响报告表的批复.pdf,0.2,True,2024,佛山市顺德区北滘镇实验中学,
E:\软件\2023-2026年顺德批复文件\2024_佛山市生态环境局关于佛山市顺德区千品赛食品有限公司新建项目环境影响报告表的批复.pdf,2024_佛山市生态环境局关于佛山市顺德区千品赛食品有限公司新建项目环境影响报告表的批复.pdf,0.18,True,2024,佛山市顺德区千品赛食品有限公司,
E:\软件\2023-2026年顺德批复文件\2024_佛山市生态环境局关于佛山市顺德区壹驰五金厂迁改扩建项目建设项目环境影响报告表的批复.pdf,2024_佛山市生态环境局关于佛山市顺德区壹驰五金厂迁改扩建项目建设项目环境影响报告表的批复.pdf,0.15,True,2024,佛山市顺德区壹驰五金厂迁改,
E:\软件\2023-2026年顺德批复文件\2024_佛山市生态环境局关于佛山市顺德区官皇五金塑料有限公司迁改扩建项目建设项目环境影响报告表的批复.pdf,2024_佛山市生态环境局关于佛山市顺德区官皇五金塑料有限公司迁改扩建项目建设项目环境影响报告表的批复.pdf,0.14,True,2024,佛山市顺德区官皇五金塑料有限公司迁改,
E:\软件\2023-2026年顺德批复文件\2024_佛山市生态环境局关于佛山市顺德区峰豪电器有限公司迁改建项目环境影响报告表的批复.pdf,2024_佛山市生态环境局关于佛山市顺德区峰豪电器有限公司迁改建项目环境影响报告表的批复.pdf,0.18,True,2024,,
E:\软件\2023-2026年顺德批复文件\2024_佛山市生态环境局关于佛山市顺德区广挚金属制品厂新建项目建设项目环境影响报告表的批复.pdf,2024_佛山市生态环境局关于佛山市顺德区广挚金属制品厂新建项目建设项目环境影响报告表的批复.pdf,0.14,True,2024,佛山市顺德区广挚金属制品厂,
E:\软件\2023-2026年顺德批复文件\2024_佛山市生态环境局关于佛山市顺德区恒百健塑料制品有限公司第二分公司新建项目环境影响报告表的批复.pdf,2024_佛山市生态环境局关于佛山市顺德区恒百健塑料制品有限公司第二分公司新建项目环境影响报告表的批复.pdf,0.17,True,2024,佛山市顺德区恒百健塑料制品有限公司第二分公司,
E:\软件\2023-2026年顺德批复文件\2024_佛山市生态环境局关于佛山市顺德区恒百健塑料制品有限公司迁扩建项目环境影响报告表的批复5号.pdf,2024_佛山市生态环境局关于佛山市顺德区恒百健塑料制品有限公司迁扩建项目环境影响报告表的批复5号.pdf,0.17,True,2024,佛山市顺德区恒百健塑料制品有限公司迁,
E:\软件\2023-2026年顺德批复文件\2024_佛山市生态环境局关于佛山市顺德区新洪福电子科技有限公司新建项目建设项目环境影响报告表的批复.pdf,2024_佛山市生态环境局关于佛山市顺德区新洪福电子科技有限公司新建项目建设项目环境影响报告表的批复.pdf,0.14,True,2024,佛山市顺德区新洪福电子科技有限公司,
E:\软件\2023-2026年顺德批复文件\2024_佛山市生态环境局关于佛山市顺德区柯云电器有限公司迁改扩建项目环境影响报告表的批复.pdf,2024_佛山市生态环境局关于佛山市顺德区柯云电器有限公司迁改扩建项目环境影响报告表的批复.pdf,0.2,True,2024,佛山市顺德区柯云电器有限公司迁改,
E:\软件\2023-2026年顺德批复文件\2024_佛山市生态环境局关于佛山市顺德区桂南路道路工程建设项目环境影响报告表的批复 (2).pdf,2024_佛山市生态环境局关于佛山市顺德区桂南路道路工程建设项目环境影响报告表的批复 (2).pdf,0.15,True,2024,佛山市顺德区桂南路道路工程,
E:\软件\2023-2026年顺德批复文件\2024_佛山市生态环境局关于佛山市顺德区生海电子科技有限公司建设项目环境影响报告表的批复.pdf,2024_佛山市生态环境局关于佛山市顺德区生海电子科技有限公司建设项目环境影响报告表的批复.pdf,0.12,True,2024,佛山市顺德区生海电子科技有限公司,
E:\软件\2023-2026年顺德批复文件\2024_佛山市生态环境局关于佛山市顺德区睿焙制冷设备有限公司迁建项目环境影响报告表的批复.pdf,2024_佛山市生态环境局关于佛山市顺德区睿焙制冷设备有限公司迁建项目环境影响报告表的批复.pdf,0.2,True,2024,佛山市顺德区睿焙制冷设备有限公司,
E:\软件\2023-2026年顺德批复文件\2024_佛山市生态环境局关于佛山市顺德区睿裕电器制造有限公司扩建项目重新报批环境影响报告表的批复.pdf,2024_佛山市生态环境局关于佛山市顺德区睿裕电器制造有限公司扩建项目重新报批环境影响报告表的批复.pdf,0.18,True,2024,佛山市顺德区睿裕电器制造有限公司,
E:\软件\2023-2026年顺德批复文件\2024_佛山市生态环境局关于佛山市顺德区精睿电子有限公司迁扩建项目建设项目环境影响报告表的批复.pdf,2024_佛山市生态环境局关于佛山市顺德区精睿电子有限公司迁扩建项目建设项目环境影响报告表的批复.pdf,0.14,True,2024,佛山市顺德区精睿电子有限公司迁,
E:\软件\2023-2026年顺德批复文件\2024_佛山市生态环境局关于佛山市顺德区精艺万希铜业有限公司马龙园区年产2万吨铜杆.pdf,2024_佛山市生态环境局关于佛山市顺德区精艺万希铜业有限公司马龙园区年产2万吨铜杆.pdf,0.17,False,2024,,
E:\软件\2023-2026年顺德批复文件\2024_佛山市生态环境局关于佛山市顺德区美德创金属制品厂技改项目建设项目环境影响报告表的批复.pdf,2024_佛山市生态环境局关于佛山市顺德区美德创金属制品厂技改项目建设项目环境影响报告表的批复.pdf,0.14,True,2024,佛山市顺德区美德创金属制品厂,
E:\软件\2023-2026年顺德批复文件\2024_佛山市生态环境局关于佛山市顺德区耀辉阳复合材料有限公司新建项目环境影响报告表的批复.pdf,2024_佛山市生态环境局关于佛山市顺德区耀辉阳复合材料有限公司新建项目环境影响报告表的批复.pdf,0.18,True,2024,佛山市顺德区耀辉阳复合材料有限公司,
E:\软件\2023-2026年顺德批复文件\2024_佛山市生态环境局关于佛山市顺德区耀顺欣模具厂新建项目建设项目环境影响报告表的批复.pdf,2024_佛山市生态环境局关于佛山市顺德区耀顺欣模具厂新建项目建设项目环境影响报告表的批复.pdf,0.14,True,2024,佛山市顺德区耀顺欣模具厂,
E:\软件\2023-2026年顺德批复文件\2024_佛山市生态环境局关于佛山市顺德区荣亿食品有限公司新建项目建设项目环境影响报告表的批复.pdf,2024_佛山市生态环境局关于佛山市顺德区荣亿食品有限公司新建项目建设项目环境影响报告表的批复.pdf,0.14,True,2024,佛山市顺德区荣亿食品有限公司,
E:\软件\2023-2026年顺德批复文件\2024_佛山市生态环境局关于佛山市顺德区迅优美手板模型制造厂迁建项目环境影响报告表的批复.pdf,2024_佛山市生态环境局关于佛山市顺德区迅优美手板模型制造厂迁建项目环境影响报告表的批复.pdf,0.18,True,2024,佛山市顺德区迅优美手板模型制造厂,
E:\软件\2023-2026年顺德批复文件\2024_佛山市生态环境局关于佛山市顺德区迈泺塑料科技有限公司新建项目建设项目环境影响报告表的批复.pdf,2024_佛山市生态环境局关于佛山市顺德区迈泺塑料科技有限公司新建项目建设项目环境影响报告表的批复.pdf,0.15,True,2024,佛山市顺德区迈泺塑料科技有限公司,
E:\软件\2023-2026年顺德批复文件\2024_佛山市生态环境局关于佛山市顺德区金百盈五金厂新建项目建设项目环境影响报告表的批复.pdf,2024_佛山市生态环境局关于佛山市顺德区金百盈五金厂新建项目建设项目环境影响报告表的批复.pdf,0.16,True,2024,佛山市顺德区金百盈五金厂,
E:\软件\2023-2026年顺德批复文件\2024_佛山市生态环境局关于佛山市顺德区长怡五金塑料有限公司迁建项目建设项目环境影响报告表的批复.pdf,2024_佛山市生态环境局关于佛山市顺德区长怡五金塑料有限公司迁建项目建设项目环境影响报告表的批复.pdf,0.15,True,2024,佛山市顺德区长怡五金塑料有限公司,
E:\软件\2023-2026年顺德批复文件\2024_佛山市生态环境局关于佛山市颖颐塑料制品有限公司建设项目环境影响报告表的批复.pdf,2024_佛山市生态环境局关于佛山市颖颐塑料制品有限公司建设项目环境影响报告表的批复.pdf,0.18,True,2024,佛山市颖颐塑料制品有限公司,
E:\软件\2023-2026年顺德批复文件\2024_佛山市生态环境局关于佛山市鸿成拉链有限公司新建项目环境影响报告表的批复.pdf,2024_佛山市生态环境局关于佛山市鸿成拉链有限公司新建项目环境影响报告表的批复.pdf,0.16,True,2024,佛山市鸿成拉链有限公司,
E:\软件\2023-2026年顺德批复文件\2024_佛山市生态环境局关于佛山沃龙科技有限公司建设项目环境影响报告表的批复.pdf,2024_佛山市生态环境局关于佛山沃龙科技有限公司建设项目环境影响报告表的批复.pdf,0.17,True,2024,佛山沃龙科技有限公司,
E:\软件\2023-2026年顺德批复文件\2024_佛山市生态环境局关于佛山牛一塑胶制品有限公司建设项目环境影响报告表的批复.pdf,2024_佛山市生态环境局关于佛山牛一塑胶制品有限公司建设项目环境影响报告表的批复.pdf,0.17,True,2024,佛山牛一塑胶制品有限公司,
E:\软件\2023-2026年顺德批复文件\2024_佛山市生态环境局关于佛山纳膜新材料有限公司新建项目建设项目环境影响报告表的批复.pdf,2024_佛山市生态环境局关于佛山纳膜新材料有限公司新建项目建设项目环境影响报告表的批复.pdf,0.15,True,2024,佛山纳膜新材料有限公司,
E:\软件\2023-2026年顺德批复文件\2024_佛山市生态环境局关于佛山耀冠塑料制品有限公司建设项目环境影响报告表的批复.pdf,2024_佛山市生态环境局关于佛山耀冠塑料制品有限公司建设项目环境影响报告表的批复.pdf,0.18,True,2024,佛山耀冠塑料制品有限公司,
E:\软件\2023-2026年顺德批复文件\2024_佛山市生态环境局关于佛山进润科技有限公司新建项目环境影响报告表的批复1.pdf,2024_佛山市生态环境局关于佛山进润科技有限公司新建项目环境影响报告表的批复1.pdf,0.17,True,2024,佛山进润科技有限公司,
E:\软件\2023-2026年顺德批复文件\2024_佛山市生态环境局关于佛山陀普科技有限公司电池生产及研发线新建项目建设项目环境影响报告表的批复.pdf,2024_佛山市生态环境局关于佛山陀普科技有限公司电池生产及研发线新建项目建设项目环境影响报告表的批复.pdf,0.15,True,2024,佛山陀普科技有限公司电池生产及研发线,
E:\软件\2023-2026年顺德批复文件\2024_佛山市生态环境局关于佛山顺德旭亨电子有限公司建设项目环境影响报告表的批复.pdf,2024_佛山市生态环境局关于佛山顺德旭亨电子有限公司建设项目环境影响报告表的批复.pdf,0.18,True,2024,佛山顺德旭亨电子有限公司,
E:\软件\2023-2026年顺德批复文件\2024_佛山市生态环境局关于华东师范大学第二附属中学美的中学建设项目环境影响报告表的批复.pdf,2024_佛山市生态环境局关于华东师范大学第二附属中学美的中学建设项目环境影响报告表的批复.pdf,0.21,True,2024,华东师范大学第二附属中学美的中学,
E:\软件\2023-2026年顺德批复文件\2024_佛山市生态环境局关于国道G105线顺德桂南路口（原南头路口）立交改造工程建设项目环境影响报告表的批复.pdf,2024_佛山市生态环境局关于国道G105线顺德桂南路口（原南头路口）立交改造工程建设项目环境影响报告表的批复.pdf,0.14,True,2024,国道G105线顺德桂南路口（原南头路口）立交改造工程,
E:\软件\2023-2026年顺德批复文件\2024_佛山市生态环境局关于广东兆之泓电器有限公司迁扩建项目建设项目环境影响报告表的批复.pdf,2024_佛山市生态环境局关于广东兆之泓电器有限公司迁扩建项目建设项目环境影响报告表的批复.pdf,0.15,True,2024,广东兆之泓电器有限公司迁,
E:\软件\2023-2026年顺德批复文件\2024_佛山市生态环境局关于广东利青检测技术有限公司新建项目建设项目环境影响报告表的批复.pdf,2024_佛山市生态环境局关于广东利青检测技术有限公司新建项目建设项目环境影响报告表的批复.pdf,0.1,True,2024,广东利青检测,
E:\软件\2023-2026年顺德批复文件\2024_佛山市生态环境局关于广东千马电子有限公司迁扩建项目建设项目环境影响报告表的批复.pdf,2024_佛山市生态环境局关于广东千马电子有限公司迁扩建项目建设项目环境影响报告表的批复.pdf,0.15,True,2024,广东千马电子有限公司迁,
E:\软件\2023-2026年顺德批复文件\2024_佛山市生态环境局关于广东宝晶新材料有限公司新建项目建设项目环境影响报告表的批复.pdf,2024_佛山市生态环境局关于广东宝晶新材料有限公司新建项目建设项目环境影响报告表的批复.pdf,0.15,True,2024,广东宝晶新材料有限公司,
E:\软件\2023-2026年顺德批复文件\2024_佛山市生态环境局关于广东惠特普科技有限公司迁扩建项目环境影响报告表的批复.pdf,2024_佛山市生态环境局关于广东惠特普科技有限公司迁扩建项目环境影响报告表的批复.pdf,0.2,True,2024,广东惠特普科技有限公司迁,
E:\软件\2023-2026年顺德批复文件\2024_佛山市生态环境局关于广东松下环境系统有限公司P2微生物实验室建设项目建设项目环境影响报告表的批复.pdf,2024_佛山市生态环境局关于广东松下环境系统有限公司P2微生物实验室建设项目建设项目环境影响报告表的批复.pdf,0.15,True,2024,广东松下环境系统有限公司P2微生物实验室,
E:\软件\2023-2026年顺德批复文件\2024_佛山市生态环境局关于广东永利隆电线电缆有限公司新建项目环境影响报告表的批复.pdf,2024_佛山市生态环境局关于广东永利隆电线电缆有限公司新建项目环境影响报告表的批复.pdf,0.16,True,2024,广东永利隆电线电缆有限公司,
E:\软件\2023-2026年顺德批复文件\2024_佛山市生态环境局关于广东泰诺辉实业有限公司建设项目环境影响报告表的批复.pdf,2024_佛山市生态环境局关于广东泰诺辉实业有限公司建设项目环境影响报告表的批复.pdf,0.17,True,2024,广东泰诺辉实业有限公司,
E:\软件\2023-2026年顺德批复文件\2024_佛山市生态环境局关于广东睿博检测顺德检测中心项目环境影响报告表的批复.pdf,2024_佛山市生态环境局关于广东睿博检测顺德检测中心项目环境影响报告表的批复.pdf,0.18,True,2024,,
E:\软件\2023-2026年顺德批复文件\2024_佛山市生态环境局关于广东美的制冷设备有限公司R454B、R290制冷剂供应站建设项目环境影响报告表的批复.pdf,2024_佛山市生态环境局关于广东美的制冷设备有限公司R454B、R290制冷剂供应站建设项目环境影响报告表的批复.pdf,0.14,True,2024,广东美的制冷设备有限公司R454B、R290制冷剂供应站,
E:\软件\2023-2026年顺德批复文件\2024_佛山市生态环境局关于广东美的制冷设备有限公司实验室（美的创新中心）新建项目环境影响报告表的批复.pdf,2024_佛山市生态环境局关于广东美的制冷设备有限公司实验室（美的创新中心）新建项目环境影响报告表的批复.pdf,0.21,True,2024,广东美的制冷设备有限公司实验室（美的创新中心）,
E:\软件\2023-2026年顺德批复文件\2024_佛山市生态环境局关于广东美的暖通设备有限公司扩建项目环境影响报告表的批复.pdf,2024_佛山市生态环境局关于广东美的暖通设备有限公司扩建项目环境影响报告表的批复.pdf,0.21,True,2024,广东美的暖通设备有限公司,
E:\软件\2023-2026年顺德批复文件\2024_佛山市生态环境局关于广东长珠新材料科技有限公司改扩建项目环境影响报告表的批复.pdf,2024_佛山市生态环境局关于广东长珠新材料科技有限公司改扩建项目环境影响报告表的批复.pdf,0.21,True,2024,广东长珠新材料科技有限公司改,
E:\软件\2023-2026年顺德批复文件\2024_佛山市生态环境局关于广东顺德凯格电子实业有限公司扩建项目建设项目环境影响报告表的批复.pdf,2024_佛山市生态环境局关于广东顺德凯格电子实业有限公司扩建项目建设项目环境影响报告表的批复.pdf,0.15,True,2024,广东顺德凯格电子实业有限公司,
E:\软件\2023-2026年顺德批复文件\2024_佛山市生态环境局关于松典科技（广东）有限公司新建项目环境影响报告表的批复.pdf,2024_佛山市生态环境局关于松典科技（广东）有限公司新建项目环境影响报告表的批复.pdf,0.15,True,2024,松典科技（广东）有限公司,
E:\软件\2023-2026年顺德批复文件\2024_佛山市生态环境局关于欢联电子科技（佛山顺德）有限公司新建项目环境影响报告表的批复.pdf,2024_佛山市生态环境局关于欢联电子科技（佛山顺德）有限公司新建项目环境影响报告表的批复.pdf,0.18,True,2024,欢联电子科技（佛山顺德）有限公司,
E:\软件\2023-2026年顺德批复文件\2024_佛山市生态环境局关于泽皓讯联（广东）科技有限公司建设项目环境影响报告表的批复.pdf,2024_佛山市生态环境局关于泽皓讯联（广东）科技有限公司建设项目环境影响报告表的批复.pdf,0.18,True,2024,泽皓讯联（广东）科技有限公司,
E:\软件\2023-2026年顺德批复文件\2024_佛山市生态环境局关于深圳市富旺达精密五金制品有限公司顺德分公司新建项目建设项目环境影响报告表的批复.pdf,2024_佛山市生态环境局关于深圳市富旺达精密五金制品有限公司顺德分公司新建项目建设项目环境影响报告表的批复.pdf,0.14,True,2024,深圳市富旺达精密五金制品有限公司顺德分公司,
E:\软件\2023-2026年顺德批复文件\2024_佛山市生态环境局关于生力（广州）减压阀制造有限公司佛山市分公司新建项目建设项目环境影响报告表的批复.pdf,2024_佛山市生态环境局关于生力（广州）减压阀制造有限公司佛山市分公司新建项目建设项目环境影响报告表的批复.pdf,0.14,True,2024,生力（广州）减压阀制造有限公司佛山市分公司,
E:\软件\2023-2026年顺德批复文件\2024_佛山市生态环境局关于美的集团创新科技园建设项目环境影响报告表的批复.pdf,2024_佛山市生态环境局关于美的集团创新科技园建设项目环境影响报告表的批复.pdf,0.21,True,2024,美的集团创新科技园,
E:\软件\2023-2026年顺德批复文件\2024_佛山市生态环境局关于顺德区容桂水系水环境综合治理工程—水质净化厂建设工程（容桂东部水质净化厂）建设项目环境影响报告表的批复.pdf,2024_佛山市生态环境局关于顺德区容桂水系水环境综合治理工程—水质净化厂建设工程（容桂东部水质净化厂）建设项目环境影响报告表的批复.pdf,0.15,True,2024,顺德区容桂水系水环境综合治理工程—水质净化厂,
E:\软件\2023-2026年顺德批复文件\2024_佛山市生态环境局关于顺德区容桂水系水环境综合治理工程—水质净化厂建设工程（容桂南部水质净化厂）建设项目环境影响报告表的批复.pdf,2024_佛山市生态环境局关于顺德区容桂水系水环境综合治理工程—水质净化厂建设工程（容桂南部水质净化厂）建设项目环境影响报告表的批复.pdf,0.15,True,2024,顺德区容桂水系水环境综合治理工程—水质净化厂,
E:\软件\2023-2026年顺德批复文件\2024_佛山市顺德区睿裕电器制造有限公司扩建项目.pdf,2024_佛山市顺德区睿裕电器制造有限公司扩建项目.pdf,0.96,False,2024,,
E:\软件\2023-2026年顺德批复文件\2024_佛环0301环审〔2024〕43号（佛山市顺德区德盈誉智能制造有限公司新建项目）.pdf,2024_佛环0301环审〔2024〕43号（佛山市顺德区德盈誉智能制造有限公司新建项目）.pdf,0.15,True,2024,,佛环0301环审〔2024〕43号（佛山市顺
E:\软件\2023-2026年顺德批复文件\2024_佛环0304环审〔2024〕4号_佛山市生态环境局关于佛山市鑫正特金属制品有限公司新建项目环境影响报告表的批复.pdf,2024_佛环0304环审〔2024〕4号_佛山市生态环境局关于佛山市鑫正特金属制品有限公司新建项目环境影响报告表的批复.pdf,0.49,True,2024,佛山市鑫正特金属制品有限公司,佛环0304环审〔2024〕4号_佛山市生态
E:\软件\2023-2026年顺德批复文件\2024_佛环0305环审〔2024〕10号【佛山市生态环境局关于佛山市鑫意航金属制品有限公司迁改扩建项目建设项目环境影响报告表的批复】（公示）.pdf,2024_佛环0305环审〔2024〕10号【佛山市生态环境局关于佛山市鑫意航金属制品有限公司迁改扩建项目建设项目环境影响报告表的批复】（公示）.pdf,0.58,True,2024,佛山市鑫意航金属制品有限公司迁改,佛环0305环审〔2024〕10号【佛山市生
E:\软件\2023-2026年顺德批复文件\2024_佛环0305环审〔2024〕11号【佛山市生态环境局关于佛山市鑫金叶发金属制品有限公司建设项目环境影响报告表的批复】（公示）.pdf,2024_佛环0305环审〔2024〕11号【佛山市生态环境局关于佛山市鑫金叶发金属制品有限公司建设项目环境影响报告表的批复】（公示）.pdf,0.53,True,2024,佛山市鑫金叶发金属制品有限公司,佛环0305环审〔2024〕11号【佛山市生
E:\软件\2023-2026年顺德批复文件\2024_佛环0305环审〔2024〕12号【佛山市生态环境局关于佛山市中顺永星金属制品有限公司建设项目环境影响报告表的批复】（公示）.pdf,2024_佛环0305环审〔2024〕12号【佛山市生态环境局关于佛山市中顺永星金属制品有限公司建设项目环境影响报告表的批复】（公示）.pdf,0.52,True,2024,佛山市中顺永星金属制品有限公司,佛环0305环审〔2024〕12号【佛山市生
E:\软件\2023-2026年顺德批复文件\2024_佛环0305环审〔2024〕13号【佛山市生态环境局关于华运通达科技集团有限公司建设项目环境影响报告表的批复】（公示）.pdf,2024_佛环0305环审〔2024〕13号【佛山市生态环境局关于华运通达科技集团有限公司建设项目环境影响报告表的批复】（公示）.pdf,0.51,True,2024,华运通达科技集团有限公司,佛环0305环审〔2024〕13号【佛山市生
E:\软件\2023-2026年顺德批复文件\2024_佛环0305环审〔2024〕14号【佛山市生态环境局关于佛山市众合聚鑫金属制品有限公司新建项目建设项目环境影响报告表的批复】（公示）.pdf,2024_佛环0305环审〔2024〕14号【佛山市生态环境局关于佛山市众合聚鑫金属制品有限公司新建项目建设项目环境影响报告表的批复】（公示）.pdf,0.58,True,2024,佛山市众合聚鑫金属制品有限公司,佛环0305环审〔2024〕14号【佛山市生
E:\软件\2023-2026年顺德批复文件\2024_佛环0305环审〔2024〕15号【佛山市生态环境局关于佛山市镱镱上金属材料有限公司新建项目建设项目环境影响报告表的批复】（公示）.pdf,2024_佛环0305环审〔2024〕15号【佛山市生态环境局关于佛山市镱镱上金属材料有限公司新建项目建设项目环境影响报告表的批复】（公示）.pdf,0.56,True,2024,佛山市镱镱上金属材料有限公司,佛环0305环审〔2024〕15号【佛山市生
E:\软件\2023-2026年顺德批复文件\2024_佛环0305环审〔2024〕16号【佛山市生态环境局关于佛山市洁源顺金属制品有限公司建设项目环境影响报告表的批复】（公示）.pdf,2024_佛环0305环审〔2024〕16号【佛山市生态环境局关于佛山市洁源顺金属制品有限公司建设项目环境影响报告表的批复】（公示）.pdf,0.49,True,2024,佛山市洁源顺金属制品有限公司,佛环0305环审〔2024〕16号【佛山市生
E:\软件\2023-2026年顺德批复文件\2024_佛环0305环审〔2024〕17号【佛山市生态环境局关于佛山帆濡不锈钢制品有限公司新建项目建设项目环境影响报告表的批复】（公示）.pdf,2024_佛环0305环审〔2024〕17号【佛山市生态环境局关于佛山帆濡不锈钢制品有限公司新建项目建设项目环境影响报告表的批复】（公示）.pdf,0.56,True,2024,佛山帆濡不锈钢制品有限公司,佛环0305环审〔2024〕17号【佛山市生
E:\软件\2023-2026年顺德批复文件\2024_佛环0305环审〔2024〕18号【佛山市生态环境局关于佛山市豪宇不锈钢有限公司新建项目环境影响报告表的批复】（公示）.pdf,2024_佛环0305环审〔2024〕18号【佛山市生态环境局关于佛山市豪宇不锈钢有限公司新建项目环境影响报告表的批复】（公示）.pdf,0.54,True,2024,佛山市豪宇不锈钢有限公司,佛环0305环审〔2024〕18号【佛山市生
E:\软件\2023-2026年顺德批复文件\2024_佛环0305环审〔2024〕19号【佛山市生态环境局关于佛山市骏上卫浴制品有限公司新建项目建设项目环境影响报告表的批复】（公示）.pdf,2024_佛环0305环审〔2024〕19号【佛山市生态环境局关于佛山市骏上卫浴制品有限公司新建项目建设项目环境影响报告表的批复】（公示）.pdf,0.51,True,2024,佛山市骏上卫浴制品有限公司,佛环0305环审〔2024〕19号【佛山市生
E:\软件\2023-2026年顺德批复文件\2024_佛环0305环审〔2024〕1号【广东顺德成就机械实业有限公司新建项目】.pdf,2024_佛环0305环审〔2024〕1号【广东顺德成就机械实业有限公司新建项目】.pdf,0.11,True,2024,,佛环0305环审〔2024〕1号【广东顺德成
E:\软件\2023-2026年顺德批复文件\2024_佛环0305环审〔2024〕20号【佛山市生态环境局关于佛山市柏堡鞋材有限公司建设项目环境影响报告表的批复】（公示）.pdf,2024_佛环0305环审〔2024〕20号【佛山市生态环境局关于佛山市柏堡鞋材有限公司建设项目环境影响报告表的批复】（公示）.pdf,0.5,True,2024,佛山市柏堡鞋材有限公司,佛环0305环审〔2024〕20号【佛山市生
E:\软件\2023-2026年顺德批复文件\2024_佛环0305环审〔2024〕21号【佛山市生态环境局关于佛山市顺德区威合信热熔胶有限公司迁扩建项目建设项目环境影响报告表的批复】（公示）.pdf,2024_佛环0305环审〔2024〕21号【佛山市生态环境局关于佛山市顺德区威合信热熔胶有限公司迁扩建项目建设项目环境影响报告表的批复】（公示）.pdf,0.62,True,2024,佛山市顺德区威合信热熔胶有限公司迁,佛环0305环审〔2024〕21号【佛山市生
E:\软件\2023-2026年顺德批复文件\2024_佛环0305环审〔2024〕22号【佛山市生态环境局关于佛山市鑫喜豪金属制品有限公司建设项目环境影响报告表的批复】（公示）.pdf,2024_佛环0305环审〔2024〕22号【佛山市生态环境局关于佛山市鑫喜豪金属制品有限公司建设项目环境影响报告表的批复】（公示）.pdf,0.54,True,2024,佛山市鑫喜豪金属制品有限公司,佛环0305环审〔2024〕22号【佛山市生
E:\软件\2023-2026年顺德批复文件\2024_佛环0305环审〔2024〕23号【佛山市生态环境局关于佛山市欧斯特电器科技有限公司建设项目环境影响报告表的批复】（公示）.pdf,2024_佛环0305环审〔2024〕23号【佛山市生态环境局关于佛山市欧斯特电器科技有限公司建设项目环境影响报告表的批复】（公示）.pdf,0.48,True,2024,佛山市欧斯特电器科技有限公司,佛环0305环审〔2024〕23号【佛山市生
E:\软件\2023-2026年顺德批复文件\2024_佛环0305环审〔2024〕24号【佛山市生态环境局关于佛山市顺展新材料科技有限公司新建生产项目建设项目环境影响报告表的批复】（公示）.pdf,2024_佛环0305环审〔2024〕24号【佛山市生态环境局关于佛山市顺展新材料科技有限公司新建生产项目建设项目环境影响报告表的批复】（公示）.pdf,0.61,True,2024,佛山市顺展新材料科技有限公司,佛环0305环审〔2024〕24号【佛山市生
E:\软件\2023-2026年顺德批复文件\2024_佛环0305环审〔2024〕25号【佛山市生态环境局关于佛山市天成达金属有限公司搬迁及改扩建项目建设项目环境影响报告表的批复】（公示）.pdf,2024_佛环0305环审〔2024〕25号【佛山市生态环境局关于佛山市天成达金属有限公司搬迁及改扩建项目建设项目环境影响报告表的批复】（公示）.pdf,0.58,True,2024,佛山市天成达金属有限公司搬迁及改,佛环0305环审〔2024〕25号【佛山市生
E:\软件\2023-2026年顺德批复文件\2024_佛环0305环审〔2024〕26号【佛山市生态环境局关于佛山市广喜工贸有限公司新建项目建设项目环境影响报告表的批复】（公示）.pdf,2024_佛环0305环审〔2024〕26号【佛山市生态环境局关于佛山市广喜工贸有限公司新建项目建设项目环境影响报告表的批复】（公示）.pdf,0.48,True,2024,佛山市广喜工贸有限公司,佛环0305环审〔2024〕26号【佛山市生
E:\软件\2023-2026年顺德批复文件\2024_佛环0305环审〔2024〕27号【佛山市生态环境局关于陈村镇广隆工业区道路工程—工业大道西建设项目环境影响报告表的批复】（公示）.pdf,2024_佛环0305环审〔2024〕27号【佛山市生态环境局关于陈村镇广隆工业区道路工程—工业大道西建设项目环境影响报告表的批复】（公示）.pdf,0.55,True,2024,陈村镇广隆工业区道路工程—工业大道西,佛环0305环审〔2024〕27号【佛山市生
E:\软件\2023-2026年顺德批复文件\2024_佛环0305环审〔2024〕28号【佛山市生态环境局关于佛山市厚镁金属制品有限公司建设项目环境影响报告表的批复】（公示）.pdf,2024_佛环0305环审〔2024〕28号【佛山市生态环境局关于佛山市厚镁金属制品有限公司建设项目环境影响报告表的批复】（公示）.pdf,0.5,True,2024,佛山市厚镁金属制品有限公司,佛环0305环审〔2024〕28号【佛山市生
E:\软件\2023-2026年顺德批复文件\2024_佛环0305环审〔2024〕29号【佛山市生态环境局关于佛山市普得利金属有限公司建设项目环境影响报告表的批复】（公示）.pdf,2024_佛环0305环审〔2024〕29号【佛山市生态环境局关于佛山市普得利金属有限公司建设项目环境影响报告表的批复】（公示）.pdf,0.49,True,2024,佛山市普得利金属有限公司,佛环0305环审〔2024〕29号【佛山市生
E:\软件\2023-2026年顺德批复文件\2024_佛环0305环审〔2024〕30号【佛山市生态环境局关于佛山市沣洲源不锈钢有限公司新建项目建设项目环境影响报告表的批复】（公示）.pdf,2024_佛环0305环审〔2024〕30号【佛山市生态环境局关于佛山市沣洲源不锈钢有限公司新建项目建设项目环境影响报告表的批复】（公示）.pdf,0.56,True,2024,佛山市沣洲源不锈钢有限公司,佛环0305环审〔2024〕30号【佛山市生
E:\软件\2023-2026年顺德批复文件\2024_佛环0305环审〔2024〕3号【佛山市鑫至旺金属制品有限公司建设项目】（公示）.pdf,2024_佛环0305环审〔2024〕3号【佛山市鑫至旺金属制品有限公司建设项目】（公示）.pdf,0.51,True,2024,,佛环0305环审〔2024〕3号【佛山市鑫至
E:\软件\2023-2026年顺德批复文件\2024_佛环0305环审〔2024〕4号【佛山市益昌粤彩金属有限公司新建项目】（公示）.pdf,2024_佛环0305环审〔2024〕4号【佛山市益昌粤彩金属有限公司新建项目】（公示）.pdf,0.54,True,2024,,佛环0305环审〔2024〕4号【佛山市益昌
E:\软件\2023-2026年顺德批复文件\2024_佛环0305环审〔2024〕5号【佛山市顺佳兴汇金属材料有限公司建设项目】（公示）.pdf,2024_佛环0305环审〔2024〕5号【佛山市顺佳兴汇金属材料有限公司建设项目】（公示）.pdf,0.52,True,2024,,佛环0305环审〔2024〕5号【佛山市顺佳
E:\软件\2023-2026年顺德批复文件\2024_佛环0305环审〔2024〕6号【佛山市生态环境局关于陈村镇垃圾中转站改造工程项目重新报批建设项目环境影响报告表的批复】（公示）.pdf,2024_佛环0305环审〔2024〕6号【佛山市生态环境局关于陈村镇垃圾中转站改造工程项目重新报批建设项目环境影响报告表的批复】（公示）.pdf,0.58,True,2024,陈村镇垃圾中转站改造工程项目重新报批,佛环0305环审〔2024〕6号【佛山市生态
E:\软件\2023-2026年顺德批复文件\2024_佛环0305环审〔2024〕7号【佛山市生态环境局关于佛山市建青包装材料有限公司新建项目建设项目环境影响报告表的批复】（公示）.pdf,2024_佛环0305环审〔2024〕7号【佛山市生态环境局关于佛山市建青包装材料有限公司新建项目建设项目环境影响报告表的批复】（公示）.pdf,0.56,True,2024,佛山市建青包装材料有限公司,佛环0305环审〔2024〕7号【佛山市生态
E:\软件\2023-2026年顺德批复文件\2024_佛环0305环审〔2024〕8号【佛山市生态环境局关于佛山灿石科技有限公司研发实验室建设项目环境影响报告表的批复】（公示）.pdf,2024_佛环0305环审〔2024〕8号【佛山市生态环境局关于佛山灿石科技有限公司研发实验室建设项目环境影响报告表的批复】（公示）.pdf,0.5,True,2024,佛山灿石科技有限公司研发实验室,佛环0305环审〔2024〕8号【佛山市生态
E:\软件\2023-2026年顺德批复文件\2024_佛环0305环审〔2024〕9号【佛山市生态环境局关于佛山市聚创盛五金制品有限公司迁建项目建设项目环境影响报告表的批复】（公示）.pdf,2024_佛环0305环审〔2024〕9号【佛山市生态环境局关于佛山市聚创盛五金制品有限公司迁建项目建设项目环境影响报告表的批复】（公示）.pdf,0.58,True,2024,佛山市聚创盛五金制品有限公司,佛环0305环审〔2024〕9号【佛山市生态
E:\软件\2023-2026年顺德批复文件\2024_佛环0309环审〔2023〕36号（聚道）.pdf,2024_佛环0309环审〔2023〕36号（聚道）.pdf,0.48,True,2024,,佛环0309环审〔2023〕36号（聚道）.
E:\软件\2023-2026年顺德批复文件\2024_佛环0309环审〔2024〕02号（顺通）公示.pdf,2024_佛环0309环审〔2024〕02号（顺通）公示.pdf,0.48,True,2024,,佛环0309环审〔2024〕02号（顺通）公
E:\软件\2023-2026年顺德批复文件\2024_佛环0309环审〔2024〕03号（顺德粮食产业园周边市政道路工程）批复公示.pdf,2024_佛环0309环审〔2024〕03号（顺德粮食产业园周边市政道路工程）批复公示.pdf,0.5,True,2024,,佛环0309环审〔2024〕03号（顺德粮食
E:\软件\2023-2026年顺德批复文件\2024_佛环0309环审〔2024〕04号（昊芸）.pdf,2024_佛环0309环审〔2024〕04号（昊芸）.pdf,0.46,True,2024,,佛环0309环审〔2024〕04号（昊芸）.
E:\软件\2023-2026年顺德批复文件\2024_佛环0309环审〔2024〕05号（格明）.pdf,2024_佛环0309环审〔2024〕05号（格明）.pdf,0.47,True,2024,,佛环0309环审〔2024〕05号（格明）.
E:\软件\2023-2026年顺德批复文件\2024_佛环0309环审〔2024〕06号（铁夫）.pdf,2024_佛环0309环审〔2024〕06号（铁夫）.pdf,0.5,True,2024,,佛环0309环审〔2024〕06号（铁夫）.
E:\软件\2023-2026年顺德批复文件\2024_佛环0309环审〔2024〕07号（新狄）.pdf,2024_佛环0309环审〔2024〕07号（新狄）.pdf,0.49,True,2024,,佛环0309环审〔2024〕07号（新狄）.
E:\软件\2023-2026年顺德批复文件\2024_佛环0309环审〔2024〕08号（顺腾丰）.pdf,2024_佛环0309环审〔2024〕08号（顺腾丰）.pdf,0.48,True,2024,,佛环0309环审〔2024〕08号（顺腾丰）
E:\软件\2023-2026年顺德批复文件\2024_佛环0309环审〔2024〕09号（鑫迪）.pdf,2024_佛环0309环审〔2024〕09号（鑫迪）.pdf,0.51,True,2024,,佛环0309环审〔2024〕09号（鑫迪）.
E:\软件\2023-2026年顺德批复文件\2024_佛环0309环审〔2024〕10号（永涂）.pdf,2024_佛环0309环审〔2024〕10号（永涂）.pdf,0.5,True,2024,,佛环0309环审〔2024〕10号（永涂）.
E:\软件\2023-2026年顺德批复文件\2024_佛环0309环审〔2024〕11号（康禾健）.pdf,2024_佛环0309环审〔2024〕11号（康禾健）.pdf,0.52,True,2024,,佛环0309环审〔2024〕11号（康禾健）
E:\软件\2023-2026年顺德批复文件\2024_佛环0309环审〔2024〕12号（雪特朗）.pdf,2024_佛环0309环审〔2024〕12号（雪特朗）.pdf,0.48,True,2024,,佛环0309环审〔2024〕12号（雪特朗）
E:\软件\2023-2026年顺德批复文件\2024_佛环0309环审〔2024〕13号（本安）.pdf,2024_佛环0309环审〔2024〕13号（本安）.pdf,0.45,True,2024,,佛环0309环审〔2024〕13号（本安）.
E:\软件\2023-2026年顺德批复文件\2024_佛环0309环审〔2024〕15号（小涂手）.pdf,2024_佛环0309环审〔2024〕15号（小涂手）.pdf,0.5,True,2024,,佛环0309环审〔2024〕15号（小涂手）
E:\软件\2023-2026年顺德批复文件\2024_佛环0309环审〔2024〕17号（丰友享）.pdf,2024_佛环0309环审〔2024〕17号（丰友享）.pdf,0.5,True,2024,,佛环0309环审〔2024〕17号（丰友享）
E:\软件\2023-2026年顺德批复文件\2024_佛环0309环审〔2024〕19号（佳兴茂）.pdf,2024_佛环0309环审〔2024〕19号（佳兴茂）.pdf,0.49,True,2024,,佛环0309环审〔2024〕19号（佳兴茂）
E:\软件\2023-2026年顺德批复文件\2024_佛环0309环审〔2024〕21号（振峰）.pdf,2024_佛环0309环审〔2024〕21号（振峰）.pdf,0.57,True,2024,,佛环0309环审〔2024〕21号（振峰）.
E:\软件\2023-2026年顺德批复文件\2024_佛环0309环审〔2024〕22号（梅州磁性材料）.pdf,2024_佛环0309环审〔2024〕22号（梅州磁性材料）.pdf,0.54,True,2024,,佛环0309环审〔2024〕22号（梅州磁性
E:\软件\2023-2026年顺德批复文件\2024_佛环0309环审〔2024〕23号（城豆）.pdf,2024_佛环0309环审〔2024〕23号（城豆）.pdf,0.46,True,2024,,佛环0309环审〔2024〕23号（城豆）.
E:\软件\2023-2026年顺德批复文件\2024_佛环03环审〔2023〕173号.pdf,2024_佛环03环审〔2023〕173号.pdf,0.18,True,2024,,佛环03环审〔2023〕173号.pdf
E:\软件\2023-2026年顺德批复文件\2024_佛环03环审〔2023〕174号.pdf,2024_佛环03环审〔2023〕174号.pdf,0.17,True,2024,,佛环03环审〔2023〕174号.pdf
E:\软件\2023-2026年顺德批复文件\2024_佛环03环审〔2023〕175号.pdf,2024_佛环03环审〔2023〕175号.pdf,0.18,True,2024,,佛环03环审〔2023〕175号.pdf
E:\软件\2023-2026年顺德批复文件\2024_佛环03环审〔2023〕177号.pdf,2024_佛环03环审〔2023〕177号.pdf,0.13,True,2024,,佛环03环审〔2023〕177号.pdf
E:\软件\2023-2026年顺德批复文件\2024_佛环03环审〔2023〕179号.pdf,2024_佛环03环审〔2023〕179号.pdf,0.18,True,2024,,佛环03环审〔2023〕179号.pdf
E:\软件\2023-2026年顺德批复文件\2024_佛环03环审〔2023〕180号.pdf,2024_佛环03环审〔2023〕180号.pdf,0.18,True,2024,,佛环03环审〔2023〕180号.pdf
E:\软件\2023-2026年顺德批复文件\2024_佛环03环审〔2023〕181号.pdf,2024_佛环03环审〔2023〕181号.pdf,0.19,True,2024,,佛环03环审〔2023〕181号.pdf
E:\软件\2023-2026年顺德批复文件\2024_佛环03环审〔2023〕182号.pdf,2024_佛环03环审〔2023〕182号.pdf,0.18,True,2024,,佛环03环审〔2023〕182号.pdf
E:\软件\2023-2026年顺德批复文件\2024_佛环03环审〔2023〕183号.pdf,2024_佛环03环审〔2023〕183号.pdf,0.19,True,2024,,佛环03环审〔2023〕183号.pdf
E:\软件\2023-2026年顺德批复文件\2024_佛环03环审〔2023〕184号.pdf,2024_佛环03环审〔2023〕184号.pdf,0.18,True,2024,,佛环03环审〔2023〕184号.pdf
E:\软件\2023-2026年顺德批复文件\2024_佛环03环审〔2023〕185号.pdf,2024_佛环03环审〔2023〕185号.pdf,0.13,True,2024,,佛环03环审〔2023〕185号.pdf
E:\软件\2023-2026年顺德批复文件\2024_佛环03环审〔2023〕186号.pdf,2024_佛环03环审〔2023〕186号.pdf,0.13,True,2024,,佛环03环审〔2023〕186号.pdf
E:\软件\2023-2026年顺德批复文件\2024_佛环03环审〔2023〕187号.pdf,2024_佛环03环审〔2023〕187号.pdf,0.18,True,2024,,佛环03环审〔2023〕187号.pdf
E:\软件\2023-2026年顺德批复文件\2024_佛环03环审〔2023〕188号.pdf,2024_佛环03环审〔2023〕188号.pdf,0.17,True,2024,,佛环03环审〔2023〕188号.pdf
E:\软件\2023-2026年顺德批复文件\2024_佛环03环审〔2023〕189号.pdf,2024_佛环03环审〔2023〕189号.pdf,0.17,True,2024,,佛环03环审〔2023〕189号.pdf
E:\软件\2023-2026年顺德批复文件\2024_佛环03环审〔2023〕190号.pdf,2024_佛环03环审〔2023〕190号.pdf,0.18,True,2024,,佛环03环审〔2023〕190号.pdf
E:\软件\2023-2026年顺德批复文件\2024_佛环03环审〔2023〕191号.pdf,2024_佛环03环审〔2023〕191号.pdf,0.17,True,2024,,佛环03环审〔2023〕191号.pdf
E:\软件\2023-2026年顺德批复文件\2024_佛环03环审〔2024〕100号.pdf,2024_佛环03环审〔2024〕100号.pdf,0.15,True,2024,,佛环03环审〔2024〕100号.pdf
E:\软件\2023-2026年顺德批复文件\2024_佛环03环审〔2024〕101号.pdf,2024_佛环03环审〔2024〕101号.pdf,0.15,True,2024,,佛环03环审〔2024〕101号.pdf
E:\软件\2023-2026年顺德批复文件\2024_佛环03环审〔2024〕103号.pdf,2024_佛环03环审〔2024〕103号.pdf,0.14,True,2024,,佛环03环审〔2024〕103号.pdf
E:\软件\2023-2026年顺德批复文件\2024_佛环03环审〔2024〕104号.pdf,2024_佛环03环审〔2024〕104号.pdf,0.16,True,2024,,佛环03环审〔2024〕104号.pdf
E:\软件\2023-2026年顺德批复文件\2024_佛环03环审〔2024〕106号.pdf,2024_佛环03环审〔2024〕106号.pdf,0.16,True,2024,,佛环03环审〔2024〕106号.pdf
E:\软件\2023-2026年顺德批复文件\2024_佛环03环审〔2024〕107号.pdf,2024_佛环03环审〔2024〕107号.pdf,0.19,True,2024,,佛环03环审〔2024〕107号.pdf
E:\软件\2023-2026年顺德批复文件\2024_佛环03环审〔2024〕108号.pdf,2024_佛环03环审〔2024〕108号.pdf,0.15,True,2024,,佛环03环审〔2024〕108号.pdf
E:\软件\2023-2026年顺德批复文件\2024_佛环03环审〔2024〕109号.pdf,2024_佛环03环审〔2024〕109号.pdf,0.15,True,2024,,佛环03环审〔2024〕109号.pdf
E:\软件\2023-2026年顺德批复文件\2024_佛环03环审〔2024〕10号佛山市生态环境局关于佛山市顺德区铭锌德塑料实业有限公司迁扩建项目建设项目环境影响报告表的批复.pdf,2024_佛环03环审〔2024〕10号佛山市生态环境局关于佛山市顺德区铭锌德塑料实业有限公司迁扩建项目建设项目环境影响报告表的批复.pdf,0.18,True,2024,佛山市顺德区铭锌德塑料实业有限公司迁,佛环03环审〔2024〕10号佛山市生态环境
E:\软件\2023-2026年顺德批复文件\2024_佛环03环审〔2024〕110号.pdf,2024_佛环03环审〔2024〕110号.pdf,0.15,True,2024,,佛环03环审〔2024〕110号.pdf
E:\软件\2023-2026年顺德批复文件\2024_佛环03环审〔2024〕111号.pdf,2024_佛环03环审〔2024〕111号.pdf,0.17,True,2024,,佛环03环审〔2024〕111号.pdf
E:\软件\2023-2026年顺德批复文件\2024_佛环03环审〔2024〕112号.pdf,2024_佛环03环审〔2024〕112号.pdf,0.17,True,2024,,佛环03环审〔2024〕112号.pdf
E:\软件\2023-2026年顺德批复文件\2024_佛环03环审〔2024〕113号.pdf,2024_佛环03环审〔2024〕113号.pdf,0.17,True,2024,,佛环03环审〔2024〕113号.pdf
E:\软件\2023-2026年顺德批复文件\2024_佛环03环审〔2024〕114号.pdf,2024_佛环03环审〔2024〕114号.pdf,0.18,True,2024,,佛环03环审〔2024〕114号.pdf
E:\软件\2023-2026年顺德批复文件\2024_佛环03环审〔2024〕115号.pdf,2024_佛环03环审〔2024〕115号.pdf,0.16,True,2024,,佛环03环审〔2024〕115号.pdf
E:\软件\2023-2026年顺德批复文件\2024_佛环03环审〔2024〕116号.pdf,2024_佛环03环审〔2024〕116号.pdf,0.15,True,2024,,佛环03环审〔2024〕116号.pdf
E:\软件\2023-2026年顺德批复文件\2024_佛环03环审〔2024〕117号.pdf,2024_佛环03环审〔2024〕117号.pdf,0.15,True,2024,,佛环03环审〔2024〕117号.pdf
E:\软件\2023-2026年顺德批复文件\2024_佛环03环审〔2024〕118号.pdf,2024_佛环03环审〔2024〕118号.pdf,0.15,True,2024,,佛环03环审〔2024〕118号.pdf
E:\软件\2023-2026年顺德批复文件\2024_佛环03环审〔2024〕11号佛山市生态环境局关于佛山市源池金属制品有限公司新建项目建设项目环境影响报告表的批复.pdf,2024_佛环03环审〔2024〕11号佛山市生态环境局关于佛山市源池金属制品有限公司新建项目建设项目环境影响报告表的批复.pdf,0.17,True,2024,佛山市源池金属制品有限公司,佛环03环审〔2024〕11号佛山市生态环境
E:\软件\2023-2026年顺德批复文件\2024_佛环03环审〔2024〕120号.pdf,2024_佛环03环审〔2024〕120号.pdf,0.17,True,2024,,佛环03环审〔2024〕120号.pdf
E:\软件\2023-2026年顺德批复文件\2024_佛环03环审〔2024〕122号.pdf,2024_佛环03环审〔2024〕122号.pdf,0.15,True,2024,,佛环03环审〔2024〕122号.pdf
E:\软件\2023-2026年顺德批复文件\2024_佛环03环审〔2024〕124号.pdf,2024_佛环03环审〔2024〕124号.pdf,0.15,True,2024,,佛环03环审〔2024〕124号.pdf
E:\软件\2023-2026年顺德批复文件\2024_佛环03环审〔2024〕125号.pdf,2024_佛环03环审〔2024〕125号.pdf,0.15,True,2024,,佛环03环审〔2024〕125号.pdf
E:\软件\2023-2026年顺德批复文件\2024_佛环03环审〔2024〕126号.pdf,2024_佛环03环审〔2024〕126号.pdf,0.14,True,2024,,佛环03环审〔2024〕126号.pdf
E:\软件\2023-2026年顺德批复文件\2024_佛环03环审〔2024〕127号.pdf,2024_佛环03环审〔2024〕127号.pdf,0.15,True,2024,,佛环03环审〔2024〕127号.pdf
E:\软件\2023-2026年顺德批复文件\2024_佛环03环审〔2024〕129号.pdf,2024_佛环03环审〔2024〕129号.pdf,0.16,True,2024,,佛环03环审〔2024〕129号.pdf
E:\软件\2023-2026年顺德批复文件\2024_佛环03环审〔2024〕12号佛山市生态环境局关于广东顺德意达电子薄膜器件有限公司新建项目环境影响报告表的批复.pdf,2024_佛环03环审〔2024〕12号佛山市生态环境局关于广东顺德意达电子薄膜器件有限公司新建项目环境影响报告表的批复.pdf,0.18,True,2024,广东顺德意达电子薄膜器件有限公司,佛环03环审〔2024〕12号佛山市生态环境
E:\软件\2023-2026年顺德批复文件\2024_佛环03环审〔2024〕130号.pdf,2024_佛环03环审〔2024〕130号.pdf,0.17,True,2024,,佛环03环审〔2024〕130号.pdf
E:\软件\2023-2026年顺德批复文件\2024_佛环03环审〔2024〕131号.pdf,2024_佛环03环审〔2024〕131号.pdf,0.15,True,2024,,佛环03环审〔2024〕131号.pdf
E:\软件\2023-2026年顺德批复文件\2024_佛环03环审〔2024〕132号.pdf,2024_佛环03环审〔2024〕132号.pdf,0.15,True,2024,,佛环03环审〔2024〕132号.pdf
E:\软件\2023-2026年顺德批复文件\2024_佛环03环审〔2024〕133号.pdf,2024_佛环03环审〔2024〕133号.pdf,0.17,True,2024,,佛环03环审〔2024〕133号.pdf
E:\软件\2023-2026年顺德批复文件\2024_佛环03环审〔2024〕135号.pdf,2024_佛环03环审〔2024〕135号.pdf,0.15,True,2024,,佛环03环审〔2024〕135号.pdf
E:\软件\2023-2026年顺德批复文件\2024_佛环03环审〔2024〕136号.pdf,2024_佛环03环审〔2024〕136号.pdf,0.15,True,2024,,佛环03环审〔2024〕136号.pdf
E:\软件\2023-2026年顺德批复文件\2024_佛环03环审〔2024〕137号.pdf,2024_佛环03环审〔2024〕137号.pdf,0.15,True,2024,,佛环03环审〔2024〕137号.pdf
E:\软件\2023-2026年顺德批复文件\2024_佛环03环审〔2024〕138号.pdf,2024_佛环03环审〔2024〕138号.pdf,0.15,True,2024,,佛环03环审〔2024〕138号.pdf
E:\软件\2023-2026年顺德批复文件\2024_佛环03环审〔2024〕139号.pdf,2024_佛环03环审〔2024〕139号.pdf,0.15,True,2024,,佛环03环审〔2024〕139号.pdf
E:\软件\2023-2026年顺德批复文件\2024_佛环03环审〔2024〕13号佛山市生态环境局关于佛山市华翔橡塑制品有限公司新建项目建设项目环境影响报告表的批复.pdf,2024_佛环03环审〔2024〕13号佛山市生态环境局关于佛山市华翔橡塑制品有限公司新建项目建设项目环境影响报告表的批复.pdf,0.17,True,2024,佛山市华翔橡塑制品有限公司,佛环03环审〔2024〕13号佛山市生态环境
E:\软件\2023-2026年顺德批复文件\2024_佛环03环审〔2024〕140号.pdf,2024_佛环03环审〔2024〕140号.pdf,0.17,True,2024,,佛环03环审〔2024〕140号.pdf
E:\软件\2023-2026年顺德批复文件\2024_佛环03环审〔2024〕142号.pdf,2024_佛环03环审〔2024〕142号.pdf,0.15,True,2024,,佛环03环审〔2024〕142号.pdf
E:\软件\2023-2026年顺德批复文件\2024_佛环03环审〔2024〕143号.pdf,2024_佛环03环审〔2024〕143号.pdf,0.15,True,2024,,佛环03环审〔2024〕143号.pdf
E:\软件\2023-2026年顺德批复文件\2024_佛环03环审〔2024〕144号.pdf,2024_佛环03环审〔2024〕144号.pdf,0.15,True,2024,,佛环03环审〔2024〕144号.pdf
E:\软件\2023-2026年顺德批复文件\2024_佛环03环审〔2024〕145号.pdf,2024_佛环03环审〔2024〕145号.pdf,0.15,True,2024,,佛环03环审〔2024〕145号.pdf
E:\软件\2023-2026年顺德批复文件\2024_佛环03环审〔2024〕146号.pdf,2024_佛环03环审〔2024〕146号.pdf,0.11,True,2024,,佛环03环审〔2024〕146号.pdf
E:\软件\2023-2026年顺德批复文件\2024_佛环03环审〔2024〕147号.pdf,2024_佛环03环审〔2024〕147号.pdf,0.15,True,2024,,佛环03环审〔2024〕147号.pdf
E:\软件\2023-2026年顺德批复文件\2024_佛环03环审〔2024〕149号.pdf,2024_佛环03环审〔2024〕149号.pdf,0.15,True,2024,,佛环03环审〔2024〕149号.pdf
E:\软件\2023-2026年顺德批复文件\2024_佛环03环审〔2024〕14号佛山市生态环境局关于佛山市顺德区美嘉尔电器制造有限公司迁扩建项目环境影响报告表的批复.pdf,2024_佛环03环审〔2024〕14号佛山市生态环境局关于佛山市顺德区美嘉尔电器制造有限公司迁扩建项目环境影响报告表的批复.pdf,0.17,True,2024,佛山市顺德区美嘉尔电器制造有限公司迁,佛环03环审〔2024〕14号佛山市生态环境
E:\软件\2023-2026年顺德批复文件\2024_佛环03环审〔2024〕150号.pdf,2024_佛环03环审〔2024〕150号.pdf,0.15,True,2024,,佛环03环审〔2024〕150号.pdf
E:\软件\2023-2026年顺德批复文件\2024_佛环03环审〔2024〕151号.pdf,2024_佛环03环审〔2024〕151号.pdf,0.16,True,2024,,佛环03环审〔2024〕151号.pdf
E:\软件\2023-2026年顺德批复文件\2024_佛环03环审〔2024〕152号.pdf,2024_佛环03环审〔2024〕152号.pdf,0.15,True,2024,,佛环03环审〔2024〕152号.pdf
E:\软件\2023-2026年顺德批复文件\2024_佛环03环审〔2024〕153号.pdf,2024_佛环03环审〔2024〕153号.pdf,0.15,True,2024,,佛环03环审〔2024〕153号.pdf
E:\软件\2023-2026年顺德批复文件\2024_佛环03环审〔2024〕154号.pdf,2024_佛环03环审〔2024〕154号.pdf,0.15,True,2024,,佛环03环审〔2024〕154号.pdf
E:\软件\2023-2026年顺德批复文件\2024_佛环03环审〔2024〕155号.pdf,2024_佛环03环审〔2024〕155号.pdf,0.15,True,2024,,佛环03环审〔2024〕155号.pdf
E:\软件\2023-2026年顺德批复文件\2024_佛环03环审〔2024〕156号.pdf,2024_佛环03环审〔2024〕156号.pdf,0.17,True,2024,,佛环03环审〔2024〕156号.pdf
E:\软件\2023-2026年顺德批复文件\2024_佛环03环审〔2024〕157号.pdf,2024_佛环03环审〔2024〕157号.pdf,0.15,True,2024,,佛环03环审〔2024〕157号.pdf
E:\软件\2023-2026年顺德批复文件\2024_佛环03环审〔2024〕158号.pdf,2024_佛环03环审〔2024〕158号.pdf,0.11,True,2024,,佛环03环审〔2024〕158号.pdf
E:\软件\2023-2026年顺德批复文件\2024_佛环03环审〔2024〕160号.pdf,2024_佛环03环审〔2024〕160号.pdf,0.15,True,2024,,佛环03环审〔2024〕160号.pdf
E:\软件\2023-2026年顺德批复文件\2024_佛环03环审〔2024〕161号.pdf,2024_佛环03环审〔2024〕161号.pdf,0.15,True,2024,,佛环03环审〔2024〕161号.pdf
E:\软件\2023-2026年顺德批复文件\2024_佛环03环审〔2024〕162号.pdf,2024_佛环03环审〔2024〕162号.pdf,0.16,True,2024,,佛环03环审〔2024〕162号.pdf
E:\软件\2023-2026年顺德批复文件\2024_佛环03环审〔2024〕163号.pdf,2024_佛环03环审〔2024〕163号.pdf,0.15,True,2024,,佛环03环审〔2024〕163号.pdf
E:\软件\2023-2026年顺德批复文件\2024_佛环03环审〔2024〕164号.pdf,2024_佛环03环审〔2024〕164号.pdf,0.15,True,2024,,佛环03环审〔2024〕164号.pdf
E:\软件\2023-2026年顺德批复文件\2024_佛环03环审〔2024〕165号.pdf,2024_佛环03环审〔2024〕165号.pdf,0.15,True,2024,,佛环03环审〔2024〕165号.pdf
E:\软件\2023-2026年顺德批复文件\2024_佛环03环审〔2024〕166号.pdf,2024_佛环03环审〔2024〕166号.pdf,0.15,True,2024,,佛环03环审〔2024〕166号.pdf
E:\软件\2023-2026年顺德批复文件\2024_佛环03环审〔2024〕167号.pdf,2024_佛环03环审〔2024〕167号.pdf,0.15,True,2024,,佛环03环审〔2024〕167号.pdf
E:\软件\2023-2026年顺德批复文件\2024_佛环03环审〔2024〕168号.pdf,2024_佛环03环审〔2024〕168号.pdf,0.15,True,2024,,佛环03环审〔2024〕168号.pdf
E:\软件\2023-2026年顺德批复文件\2024_佛环03环审〔2024〕169号.pdf,2024_佛环03环审〔2024〕169号.pdf,0.18,True,2024,,佛环03环审〔2024〕169号.pdf
E:\软件\2023-2026年顺德批复文件\2024_佛环03环审〔2024〕16号佛山市生态环境局关于佛山市合亨轩科技有限公司迁扩建项目环境影响报告表的批复.pdf,2024_佛环03环审〔2024〕16号佛山市生态环境局关于佛山市合亨轩科技有限公司迁扩建项目环境影响报告表的批复.pdf,0.17,True,2024,佛山市合亨轩科技有限公司迁,佛环03环审〔2024〕16号佛山市生态环境
E:\软件\2023-2026年顺德批复文件\2024_佛环03环审〔2024〕170号.pdf,2024_佛环03环审〔2024〕170号.pdf,0.16,True,2024,,佛环03环审〔2024〕170号.pdf
E:\软件\2023-2026年顺德批复文件\2024_佛环03环审〔2024〕171号.pdf,2024_佛环03环审〔2024〕171号.pdf,0.15,True,2024,,佛环03环审〔2024〕171号.pdf
E:\软件\2023-2026年顺德批复文件\2024_佛环03环审〔2024〕173号.pdf,2024_佛环03环审〔2024〕173号.pdf,0.17,True,2024,,佛环03环审〔2024〕173号.pdf
E:\软件\2023-2026年顺德批复文件\2024_佛环03环审〔2024〕174号.pdf,2024_佛环03环审〔2024〕174号.pdf,0.15,True,2024,,佛环03环审〔2024〕174号.pdf
E:\软件\2023-2026年顺德批复文件\2024_佛环03环审〔2024〕175号.pdf,2024_佛环03环审〔2024〕175号.pdf,0.15,True,2024,,佛环03环审〔2024〕175号.pdf
E:\软件\2023-2026年顺德批复文件\2024_佛环03环审〔2024〕176号.pdf,2024_佛环03环审〔2024〕176号.pdf,0.19,True,2024,,佛环03环审〔2024〕176号.pdf
E:\软件\2023-2026年顺德批复文件\2024_佛环03环审〔2024〕177号.pdf,2024_佛环03环审〔2024〕177号.pdf,0.16,True,2024,,佛环03环审〔2024〕177号.pdf
E:\软件\2023-2026年顺德批复文件\2024_佛环03环审〔2024〕178号.pdf,2024_佛环03环审〔2024〕178号.pdf,1.02,True,2024,,佛环03环审〔2024〕178号.pdf
E:\软件\2023-2026年顺德批复文件\2024_佛环03环审〔2024〕179号.pdf,2024_佛环03环审〔2024〕179号.pdf,0.15,True,2024,,佛环03环审〔2024〕179号.pdf
E:\软件\2023-2026年顺德批复文件\2024_佛环03环审〔2024〕181号.pdf,2024_佛环03环审〔2024〕181号.pdf,0.15,True,2024,,佛环03环审〔2024〕181号.pdf
E:\软件\2023-2026年顺德批复文件\2024_佛环03环审〔2024〕183号.pdf,2024_佛环03环审〔2024〕183号.pdf,0.15,True,2024,,佛环03环审〔2024〕183号.pdf
E:\软件\2023-2026年顺德批复文件\2024_佛环03环审〔2024〕184号.pdf,2024_佛环03环审〔2024〕184号.pdf,0.15,True,2024,,佛环03环审〔2024〕184号.pdf
E:\软件\2023-2026年顺德批复文件\2024_佛环03环审〔2024〕185号.pdf,2024_佛环03环审〔2024〕185号.pdf,0.16,True,2024,,佛环03环审〔2024〕185号.pdf
E:\软件\2023-2026年顺德批复文件\2024_佛环03环审〔2024〕186号.pdf,2024_佛环03环审〔2024〕186号.pdf,0.17,True,2024,,佛环03环审〔2024〕186号.pdf
E:\软件\2023-2026年顺德批复文件\2024_佛环03环审〔2024〕187号.pdf,2024_佛环03环审〔2024〕187号.pdf,0.15,True,2024,,佛环03环审〔2024〕187号.pdf
E:\软件\2023-2026年顺德批复文件\2024_佛环03环审〔2024〕188号.pdf,2024_佛环03环审〔2024〕188号.pdf,0.15,True,2024,,佛环03环审〔2024〕188号.pdf
E:\软件\2023-2026年顺德批复文件\2024_佛环03环审〔2024〕189号.pdf,2024_佛环03环审〔2024〕189号.pdf,0.15,True,2024,,佛环03环审〔2024〕189号.pdf
E:\软件\2023-2026年顺德批复文件\2024_佛环03环审〔2024〕190号.pdf,2024_佛环03环审〔2024〕190号.pdf,0.15,True,2024,,佛环03环审〔2024〕190号.pdf
E:\软件\2023-2026年顺德批复文件\2024_佛环03环审〔2024〕191号.pdf,2024_佛环03环审〔2024〕191号.pdf,0.11,True,2024,,佛环03环审〔2024〕191号.pdf
E:\软件\2023-2026年顺德批复文件\2024_佛环03环审〔2024〕192号.pdf,2024_佛环03环审〔2024〕192号.pdf,0.15,True,2024,,佛环03环审〔2024〕192号.pdf
E:\软件\2023-2026年顺德批复文件\2024_佛环03环审〔2024〕193号.pdf,2024_佛环03环审〔2024〕193号.pdf,0.15,True,2024,,佛环03环审〔2024〕193号.pdf
E:\软件\2023-2026年顺德批复文件\2024_佛环03环审〔2024〕194号.pdf,2024_佛环03环审〔2024〕194号.pdf,0.15,True,2024,,佛环03环审〔2024〕194号.pdf
E:\软件\2023-2026年顺德批复文件\2024_佛环03环审〔2024〕195号.pdf,2024_佛环03环审〔2024〕195号.pdf,0.15,True,2024,,佛环03环审〔2024〕195号.pdf
E:\软件\2023-2026年顺德批复文件\2024_佛环03环审〔2024〕196号.pdf,2024_佛环03环审〔2024〕196号.pdf,0.15,True,2024,,佛环03环审〔2024〕196号.pdf
E:\软件\2023-2026年顺德批复文件\2024_佛环03环审〔2024〕197号.pdf,2024_佛环03环审〔2024〕197号.pdf,0.15,True,2024,,佛环03环审〔2024〕197号.pdf
E:\软件\2023-2026年顺德批复文件\2024_佛环03环审〔2024〕198号.pdf,2024_佛环03环审〔2024〕198号.pdf,0.15,True,2024,,佛环03环审〔2024〕198号.pdf
E:\软件\2023-2026年顺德批复文件\2024_佛环03环审〔2024〕199号.pdf,2024_佛环03环审〔2024〕199号.pdf,0.15,True,2024,,佛环03环审〔2024〕199号.pdf
E:\软件\2023-2026年顺德批复文件\2024_佛环03环审〔2024〕19号佛山市生态环境局关于广东兴融科技有限公司迁扩建项目建设项目环境影响报告表的批复.pdf,2024_佛环03环审〔2024〕19号佛山市生态环境局关于广东兴融科技有限公司迁扩建项目建设项目环境影响报告表的批复.pdf,0.18,True,2024,广东兴融科技有限公司迁,佛环03环审〔2024〕19号佛山市生态环境
E:\软件\2023-2026年顺德批复文件\2024_佛环03环审〔2024〕1号.pdf,2024_佛环03环审〔2024〕1号.pdf,0.18,True,2024,,佛环03环审〔2024〕1号.pdf
E:\软件\2023-2026年顺德批复文件\2024_佛环03环审〔2024〕200号.pdf,2024_佛环03环审〔2024〕200号.pdf,0.16,True,2024,,佛环03环审〔2024〕200号.pdf
E:\软件\2023-2026年顺德批复文件\2024_佛环03环审〔2024〕201号.pdf,2024_佛环03环审〔2024〕201号.pdf,0.17,True,2024,,佛环03环审〔2024〕201号.pdf
E:\软件\2023-2026年顺德批复文件\2024_佛环03环审〔2024〕204号.pdf,2024_佛环03环审〔2024〕204号.pdf,0.18,True,2024,,佛环03环审〔2024〕204号.pdf
E:\软件\2023-2026年顺德批复文件\2024_佛环03环审〔2024〕206号.pdf,2024_佛环03环审〔2024〕206号.pdf,0.16,True,2024,,佛环03环审〔2024〕206号.pdf
E:\软件\2023-2026年顺德批复文件\2024_佛环03环审〔2024〕208号.pdf,2024_佛环03环审〔2024〕208号.pdf,0.17,True,2024,,佛环03环审〔2024〕208号.pdf
E:\软件\2023-2026年顺德批复文件\2024_佛环03环审〔2024〕209号.pdf,2024_佛环03环审〔2024〕209号.pdf,0.15,True,2024,,佛环03环审〔2024〕209号.pdf
E:\软件\2023-2026年顺德批复文件\2024_佛环03环审〔2024〕20号.pdf,2024_佛环03环审〔2024〕20号.pdf,0.17,True,2024,,佛环03环审〔2024〕20号.pdf
E:\软件\2023-2026年顺德批复文件\2024_佛环03环审〔2024〕210号.pdf,2024_佛环03环审〔2024〕210号.pdf,0.15,True,2024,,佛环03环审〔2024〕210号.pdf
E:\软件\2023-2026年顺德批复文件\2024_佛环03环审〔2024〕211号.pdf,2024_佛环03环审〔2024〕211号.pdf,0.15,True,2024,,佛环03环审〔2024〕211号.pdf
E:\软件\2023-2026年顺德批复文件\2024_佛环03环审〔2024〕212号.pdf,2024_佛环03环审〔2024〕212号.pdf,0.15,True,2024,,佛环03环审〔2024〕212号.pdf
E:\软件\2023-2026年顺德批复文件\2024_佛环03环审〔2024〕214号.pdf,2024_佛环03环审〔2024〕214号.pdf,0.15,True,2024,,佛环03环审〔2024〕214号.pdf
E:\软件\2023-2026年顺德批复文件\2024_佛环03环审〔2024〕215号.pdf,2024_佛环03环审〔2024〕215号.pdf,0.17,True,2024,,佛环03环审〔2024〕215号.pdf
E:\软件\2023-2026年顺德批复文件\2024_佛环03环审〔2024〕216号.pdf,2024_佛环03环审〔2024〕216号.pdf,0.11,True,2024,,佛环03环审〔2024〕216号.pdf
E:\软件\2023-2026年顺德批复文件\2024_佛环03环审〔2024〕217号.pdf,2024_佛环03环审〔2024〕217号.pdf,0.11,True,2024,,佛环03环审〔2024〕217号.pdf
E:\软件\2023-2026年顺德批复文件\2024_佛环03环审〔2024〕218号.pdf,2024_佛环03环审〔2024〕218号.pdf,0.15,True,2024,,佛环03环审〔2024〕218号.pdf
E:\软件\2023-2026年顺德批复文件\2024_佛环03环审〔2024〕219号.pdf,2024_佛环03环审〔2024〕219号.pdf,0.16,True,2024,,佛环03环审〔2024〕219号.pdf
E:\软件\2023-2026年顺德批复文件\2024_佛环03环审〔2024〕21号.pdf,2024_佛环03环审〔2024〕21号.pdf,0.18,True,2024,,佛环03环审〔2024〕21号.pdf
E:\软件\2023-2026年顺德批复文件\2024_佛环03环审〔2024〕220号.pdf,2024_佛环03环审〔2024〕220号.pdf,0.15,True,2024,,佛环03环审〔2024〕220号.pdf
E:\软件\2023-2026年顺德批复文件\2024_佛环03环审〔2024〕222号.pdf,2024_佛环03环审〔2024〕222号.pdf,0.15,True,2024,,佛环03环审〔2024〕222号.pdf
E:\软件\2023-2026年顺德批复文件\2024_佛环03环审〔2024〕224号.pdf,2024_佛环03环审〔2024〕224号.pdf,0.17,True,2024,,佛环03环审〔2024〕224号.pdf
E:\软件\2023-2026年顺德批复文件\2024_佛环03环审〔2024〕225号.pdf,2024_佛环03环审〔2024〕225号.pdf,0.15,True,2024,,佛环03环审〔2024〕225号.pdf
E:\软件\2023-2026年顺德批复文件\2024_佛环03环审〔2024〕226号.pdf,2024_佛环03环审〔2024〕226号.pdf,0.15,True,2024,,佛环03环审〔2024〕226号.pdf
E:\软件\2023-2026年顺德批复文件\2024_佛环03环审〔2024〕227号.pdf,2024_佛环03环审〔2024〕227号.pdf,0.15,True,2024,,佛环03环审〔2024〕227号.pdf
E:\软件\2023-2026年顺德批复文件\2024_佛环03环审〔2024〕228号.pdf,2024_佛环03环审〔2024〕228号.pdf,0.14,True,2024,,佛环03环审〔2024〕228号.pdf
E:\软件\2023-2026年顺德批复文件\2024_佛环03环审〔2024〕229号.pdf,2024_佛环03环审〔2024〕229号.pdf,0.15,True,2024,,佛环03环审〔2024〕229号.pdf
E:\软件\2023-2026年顺德批复文件\2024_佛环03环审〔2024〕22号.pdf,2024_佛环03环审〔2024〕22号.pdf,0.18,True,2024,,佛环03环审〔2024〕22号.pdf
E:\软件\2023-2026年顺德批复文件\2024_佛环03环审〔2024〕230号.pdf,2024_佛环03环审〔2024〕230号.pdf,0.15,True,2024,,佛环03环审〔2024〕230号.pdf
E:\软件\2023-2026年顺德批复文件\2024_佛环03环审〔2024〕231号.pdf,2024_佛环03环审〔2024〕231号.pdf,0.1,True,2024,,佛环03环审〔2024〕231号.pdf
E:\软件\2023-2026年顺德批复文件\2024_佛环03环审〔2024〕232号.pdf,2024_佛环03环审〔2024〕232号.pdf,0.15,True,2024,,佛环03环审〔2024〕232号.pdf
E:\软件\2023-2026年顺德批复文件\2024_佛环03环审〔2024〕233号.pdf,2024_佛环03环审〔2024〕233号.pdf,0.15,True,2024,,佛环03环审〔2024〕233号.pdf
E:\软件\2023-2026年顺德批复文件\2024_佛环03环审〔2024〕234号.pdf,2024_佛环03环审〔2024〕234号.pdf,0.15,True,2024,,佛环03环审〔2024〕234号.pdf
E:\软件\2023-2026年顺德批复文件\2024_佛环03环审〔2024〕235号.pdf,2024_佛环03环审〔2024〕235号.pdf,0.15,True,2024,,佛环03环审〔2024〕235号.pdf
E:\软件\2023-2026年顺德批复文件\2024_佛环03环审〔2024〕236号.pdf,2024_佛环03环审〔2024〕236号.pdf,0.15,True,2024,,佛环03环审〔2024〕236号.pdf
E:\软件\2023-2026年顺德批复文件\2024_佛环03环审〔2024〕237号.pdf,2024_佛环03环审〔2024〕237号.pdf,0.15,True,2024,,佛环03环审〔2024〕237号.pdf
E:\软件\2023-2026年顺德批复文件\2024_佛环03环审〔2024〕238号.pdf,2024_佛环03环审〔2024〕238号.pdf,0.15,True,2024,,佛环03环审〔2024〕238号.pdf
E:\软件\2023-2026年顺德批复文件\2024_佛环03环审〔2024〕239号.pdf,2024_佛环03环审〔2024〕239号.pdf,0.15,True,2024,,佛环03环审〔2024〕239号.pdf
E:\软件\2023-2026年顺德批复文件\2024_佛环03环审〔2024〕23号.pdf,2024_佛环03环审〔2024〕23号.pdf,0.18,True,2024,,佛环03环审〔2024〕23号.pdf
E:\软件\2023-2026年顺德批复文件\2024_佛环03环审〔2024〕240号.pdf,2024_佛环03环审〔2024〕240号.pdf,0.15,True,2024,,佛环03环审〔2024〕240号.pdf
E:\软件\2023-2026年顺德批复文件\2024_佛环03环审〔2024〕241号.pdf,2024_佛环03环审〔2024〕241号.pdf,0.15,True,2024,,佛环03环审〔2024〕241号.pdf
E:\软件\2023-2026年顺德批复文件\2024_佛环03环审〔2024〕242号.pdf,2024_佛环03环审〔2024〕242号.pdf,0.15,True,2024,,佛环03环审〔2024〕242号.pdf
E:\软件\2023-2026年顺德批复文件\2024_佛环03环审〔2024〕243号.pdf,2024_佛环03环审〔2024〕243号.pdf,0.11,True,2024,,佛环03环审〔2024〕243号.pdf
E:\软件\2023-2026年顺德批复文件\2024_佛环03环审〔2024〕244号.pdf,2024_佛环03环审〔2024〕244号.pdf,0.15,True,2024,,佛环03环审〔2024〕244号.pdf
E:\软件\2023-2026年顺德批复文件\2024_佛环03环审〔2024〕245号.pdf,2024_佛环03环审〔2024〕245号.pdf,0.15,True,2024,,佛环03环审〔2024〕245号.pdf
E:\软件\2023-2026年顺德批复文件\2024_佛环03环审〔2024〕246号.pdf,2024_佛环03环审〔2024〕246号.pdf,0.15,True,2024,,佛环03环审〔2024〕246号.pdf
E:\软件\2023-2026年顺德批复文件\2024_佛环03环审〔2024〕247号.pdf,2024_佛环03环审〔2024〕247号.pdf,0.15,True,2024,,佛环03环审〔2024〕247号.pdf
E:\软件\2023-2026年顺德批复文件\2024_佛环03环审〔2024〕248号.pdf,2024_佛环03环审〔2024〕248号.pdf,0.15,True,2024,,佛环03环审〔2024〕248号.pdf
E:\软件\2023-2026年顺德批复文件\2024_佛环03环审〔2024〕249号.pdf,2024_佛环03环审〔2024〕249号.pdf,0.15,True,2024,,佛环03环审〔2024〕249号.pdf
E:\软件\2023-2026年顺德批复文件\2024_佛环03环审〔2024〕24号.pdf,2024_佛环03环审〔2024〕24号.pdf,0.18,True,2024,,佛环03环审〔2024〕24号.pdf
E:\软件\2023-2026年顺德批复文件\2024_佛环03环审〔2024〕250号.pdf,2024_佛环03环审〔2024〕250号.pdf,0.15,True,2024,,佛环03环审〔2024〕250号.pdf
E:\软件\2023-2026年顺德批复文件\2024_佛环03环审〔2024〕251号.pdf,2024_佛环03环审〔2024〕251号.pdf,0.15,True,2024,,佛环03环审〔2024〕251号.pdf
E:\软件\2023-2026年顺德批复文件\2024_佛环03环审〔2024〕252号.pdf,2024_佛环03环审〔2024〕252号.pdf,0.15,True,2024,,佛环03环审〔2024〕252号.pdf
E:\软件\2023-2026年顺德批复文件\2024_佛环03环审〔2024〕253号.pdf,2024_佛环03环审〔2024〕253号.pdf,0.15,True,2024,,佛环03环审〔2024〕253号.pdf
E:\软件\2023-2026年顺德批复文件\2024_佛环03环审〔2024〕254号.pdf,2024_佛环03环审〔2024〕254号.pdf,0.16,True,2024,,佛环03环审〔2024〕254号.pdf
E:\软件\2023-2026年顺德批复文件\2024_佛环03环审〔2024〕255号.pdf,2024_佛环03环审〔2024〕255号.pdf,0.15,True,2024,,佛环03环审〔2024〕255号.pdf
E:\软件\2023-2026年顺德批复文件\2024_佛环03环审〔2024〕256号.pdf,2024_佛环03环审〔2024〕256号.pdf,0.17,True,2024,,佛环03环审〔2024〕256号.pdf
E:\软件\2023-2026年顺德批复文件\2024_佛环03环审〔2024〕257号.pdf,2024_佛环03环审〔2024〕257号.pdf,0.16,True,2024,,佛环03环审〔2024〕257号.pdf
E:\软件\2023-2026年顺德批复文件\2024_佛环03环审〔2024〕258号.pdf,2024_佛环03环审〔2024〕258号.pdf,0.11,True,2024,,佛环03环审〔2024〕258号.pdf
E:\软件\2023-2026年顺德批复文件\2024_佛环03环审〔2024〕259号.pdf,2024_佛环03环审〔2024〕259号.pdf,0.15,True,2024,,佛环03环审〔2024〕259号.pdf
E:\软件\2023-2026年顺德批复文件\2024_佛环03环审〔2024〕25号.pdf,2024_佛环03环审〔2024〕25号.pdf,0.18,True,2024,,佛环03环审〔2024〕25号.pdf
E:\软件\2023-2026年顺德批复文件\2024_佛环03环审〔2024〕262号.pdf,2024_佛环03环审〔2024〕262号.pdf,0.15,True,2024,,佛环03环审〔2024〕262号.pdf
E:\软件\2023-2026年顺德批复文件\2024_佛环03环审〔2024〕263号.pdf,2024_佛环03环审〔2024〕263号.pdf,0.15,True,2024,,佛环03环审〔2024〕263号.pdf
E:\软件\2023-2026年顺德批复文件\2024_佛环03环审〔2024〕264号.pdf,2024_佛环03环审〔2024〕264号.pdf,0.15,True,2024,,佛环03环审〔2024〕264号.pdf
E:\软件\2023-2026年顺德批复文件\2024_佛环03环审〔2024〕265号.pdf,2024_佛环03环审〔2024〕265号.pdf,0.15,True,2024,,佛环03环审〔2024〕265号.pdf
E:\软件\2023-2026年顺德批复文件\2024_佛环03环审〔2024〕266号.pdf,2024_佛环03环审〔2024〕266号.pdf,0.16,True,2024,,佛环03环审〔2024〕266号.pdf
E:\软件\2023-2026年顺德批复文件\2024_佛环03环审〔2024〕267号.pdf,2024_佛环03环审〔2024〕267号.pdf,0.16,True,2024,,佛环03环审〔2024〕267号.pdf
E:\软件\2023-2026年顺德批复文件\2024_佛环03环审〔2024〕268号.pdf,2024_佛环03环审〔2024〕268号.pdf,0.16,True,2024,,佛环03环审〔2024〕268号.pdf
E:\软件\2023-2026年顺德批复文件\2024_佛环03环审〔2024〕26号.pdf,2024_佛环03环审〔2024〕26号.pdf,0.17,True,2024,,佛环03环审〔2024〕26号.pdf
E:\软件\2023-2026年顺德批复文件\2024_佛环03环审〔2024〕270号.pdf,2024_佛环03环审〔2024〕270号.pdf,0.15,True,2024,,佛环03环审〔2024〕270号.pdf
E:\软件\2023-2026年顺德批复文件\2024_佛环03环审〔2024〕271号.pdf,2024_佛环03环审〔2024〕271号.pdf,0.15,True,2024,,佛环03环审〔2024〕271号.pdf
E:\软件\2023-2026年顺德批复文件\2024_佛环03环审〔2024〕272号.pdf,2024_佛环03环审〔2024〕272号.pdf,0.16,True,2024,,佛环03环审〔2024〕272号.pdf
E:\软件\2023-2026年顺德批复文件\2024_佛环03环审〔2024〕273号.pdf,2024_佛环03环审〔2024〕273号.pdf,0.11,True,2024,,佛环03环审〔2024〕273号.pdf
E:\软件\2023-2026年顺德批复文件\2024_佛环03环审〔2024〕274号.pdf,2024_佛环03环审〔2024〕274号.pdf,0.11,True,2024,,佛环03环审〔2024〕274号.pdf
E:\软件\2023-2026年顺德批复文件\2024_佛环03环审〔2024〕275号.pdf,2024_佛环03环审〔2024〕275号.pdf,0.11,True,2024,,佛环03环审〔2024〕275号.pdf
E:\软件\2023-2026年顺德批复文件\2024_佛环03环审〔2024〕276号.pdf,2024_佛环03环审〔2024〕276号.pdf,0.15,True,2024,,佛环03环审〔2024〕276号.pdf
E:\软件\2023-2026年顺德批复文件\2024_佛环03环审〔2024〕278号.pdf,2024_佛环03环审〔2024〕278号.pdf,0.15,True,2024,,佛环03环审〔2024〕278号.pdf
E:\软件\2023-2026年顺德批复文件\2024_佛环03环审〔2024〕279号.pdf,2024_佛环03环审〔2024〕279号.pdf,0.15,True,2024,,佛环03环审〔2024〕279号.pdf
E:\软件\2023-2026年顺德批复文件\2024_佛环03环审〔2024〕27号.pdf,2024_佛环03环审〔2024〕27号.pdf,0.18,True,2024,,佛环03环审〔2024〕27号.pdf
E:\软件\2023-2026年顺德批复文件\2024_佛环03环审〔2024〕280号.pdf,2024_佛环03环审〔2024〕280号.pdf,0.11,True,2024,,佛环03环审〔2024〕280号.pdf
E:\软件\2023-2026年顺德批复文件\2024_佛环03环审〔2024〕281号.pdf,2024_佛环03环审〔2024〕281号.pdf,0.15,True,2024,,佛环03环审〔2024〕281号.pdf
E:\软件\2023-2026年顺德批复文件\2024_佛环03环审〔2024〕282号.pdf,2024_佛环03环审〔2024〕282号.pdf,0.16,True,2024,,佛环03环审〔2024〕282号.pdf
E:\软件\2023-2026年顺德批复文件\2024_佛环03环审〔2024〕283号.pdf,2024_佛环03环审〔2024〕283号.pdf,0.16,True,2024,,佛环03环审〔2024〕283号.pdf
E:\软件\2023-2026年顺德批复文件\2024_佛环03环审〔2024〕284号.pdf,2024_佛环03环审〔2024〕284号.pdf,0.15,True,2024,,佛环03环审〔2024〕284号.pdf
E:\软件\2023-2026年顺德批复文件\2024_佛环03环审〔2024〕285号.pdf,2024_佛环03环审〔2024〕285号.pdf,0.15,True,2024,,佛环03环审〔2024〕285号.pdf
E:\软件\2023-2026年顺德批复文件\2024_佛环03环审〔2024〕289号.pdf,2024_佛环03环审〔2024〕289号.pdf,0.11,True,2024,,佛环03环审〔2024〕289号.pdf
E:\软件\2023-2026年顺德批复文件\2024_佛环03环审〔2024〕290号.pdf,2024_佛环03环审〔2024〕290号.pdf,0.16,True,2024,,佛环03环审〔2024〕290号.pdf
E:\软件\2023-2026年顺德批复文件\2024_佛环03环审〔2024〕291号.pdf,2024_佛环03环审〔2024〕291号.pdf,0.15,True,2024,,佛环03环审〔2024〕291号.pdf
E:\软件\2023-2026年顺德批复文件\2024_佛环03环审〔2024〕292号.pdf,2024_佛环03环审〔2024〕292号.pdf,0.16,True,2024,,佛环03环审〔2024〕292号.pdf
E:\软件\2023-2026年顺德批复文件\2024_佛环03环审〔2024〕293号.pdf,2024_佛环03环审〔2024〕293号.pdf,0.14,True,2024,,佛环03环审〔2024〕293号.pdf
E:\软件\2023-2026年顺德批复文件\2024_佛环03环审〔2024〕294号.pdf,2024_佛环03环审〔2024〕294号.pdf,0.15,True,2024,,佛环03环审〔2024〕294号.pdf
E:\软件\2023-2026年顺德批复文件\2024_佛环03环审〔2024〕295号.pdf,2024_佛环03环审〔2024〕295号.pdf,0.11,True,2024,,佛环03环审〔2024〕295号.pdf
E:\软件\2023-2026年顺德批复文件\2024_佛环03环审〔2024〕296号.pdf,2024_佛环03环审〔2024〕296号.pdf,0.11,True,2024,,佛环03环审〔2024〕296号.pdf
E:\软件\2023-2026年顺德批复文件\2024_佛环03环审〔2024〕297号.pdf,2024_佛环03环审〔2024〕297号.pdf,0.11,True,2024,,佛环03环审〔2024〕297号.pdf
E:\软件\2023-2026年顺德批复文件\2024_佛环03环审〔2024〕298号.pdf,2024_佛环03环审〔2024〕298号.pdf,0.14,True,2024,,佛环03环审〔2024〕298号.pdf
E:\软件\2023-2026年顺德批复文件\2024_佛环03环审〔2024〕299号.pdf,2024_佛环03环审〔2024〕299号.pdf,0.15,True,2024,,佛环03环审〔2024〕299号.pdf
E:\软件\2023-2026年顺德批复文件\2024_佛环03环审〔2024〕29号.pdf,2024_佛环03环审〔2024〕29号.pdf,0.21,True,2024,,佛环03环审〔2024〕29号.pdf
E:\软件\2023-2026年顺德批复文件\2024_佛环03环审〔2024〕2号.pdf,2024_佛环03环审〔2024〕2号.pdf,0.18,True,2024,,佛环03环审〔2024〕2号.pdf
E:\软件\2023-2026年顺德批复文件\2024_佛环03环审〔2024〕300号.pdf,2024_佛环03环审〔2024〕300号.pdf,0.14,True,2024,,佛环03环审〔2024〕300号.pdf
E:\软件\2023-2026年顺德批复文件\2024_佛环03环审〔2024〕301号.pdf,2024_佛环03环审〔2024〕301号.pdf,0.15,True,2024,,佛环03环审〔2024〕301号.pdf
E:\软件\2023-2026年顺德批复文件\2024_佛环03环审〔2024〕303号.pdf,2024_佛环03环审〔2024〕303号.pdf,0.16,True,2024,,佛环03环审〔2024〕303号.pdf
E:\软件\2023-2026年顺德批复文件\2024_佛环03环审〔2024〕304号.pdf,2024_佛环03环审〔2024〕304号.pdf,0.15,True,2024,,佛环03环审〔2024〕304号.pdf
E:\软件\2023-2026年顺德批复文件\2024_佛环03环审〔2024〕305号.pdf,2024_佛环03环审〔2024〕305号.pdf,0.14,True,2024,,佛环03环审〔2024〕305号.pdf
E:\软件\2023-2026年顺德批复文件\2024_佛环03环审〔2024〕306号.pdf,2024_佛环03环审〔2024〕306号.pdf,0.15,True,2024,,佛环03环审〔2024〕306号.pdf
E:\软件\2023-2026年顺德批复文件\2024_佛环03环审〔2024〕307号.pdf,2024_佛环03环审〔2024〕307号.pdf,0.15,True,2024,,佛环03环审〔2024〕307号.pdf
E:\软件\2023-2026年顺德批复文件\2024_佛环03环审〔2024〕308号.pdf,2024_佛环03环审〔2024〕308号.pdf,0.15,True,2024,,佛环03环审〔2024〕308号.pdf
E:\软件\2023-2026年顺德批复文件\2024_佛环03环审〔2024〕309号.pdf,2024_佛环03环审〔2024〕309号.pdf,0.15,True,2024,,佛环03环审〔2024〕309号.pdf
E:\软件\2023-2026年顺德批复文件\2024_佛环03环审〔2024〕310号.pdf,2024_佛环03环审〔2024〕310号.pdf,0.15,True,2024,,佛环03环审〔2024〕310号.pdf
E:\软件\2023-2026年顺德批复文件\2024_佛环03环审〔2024〕311号.pdf,2024_佛环03环审〔2024〕311号.pdf,0.15,True,2024,,佛环03环审〔2024〕311号.pdf
E:\软件\2023-2026年顺德批复文件\2024_佛环03环审〔2024〕313号.pdf,2024_佛环03环审〔2024〕313号.pdf,0.15,True,2024,,佛环03环审〔2024〕313号.pdf
E:\软件\2023-2026年顺德批复文件\2024_佛环03环审〔2024〕314号.pdf,2024_佛环03环审〔2024〕314号.pdf,0.15,True,2024,,佛环03环审〔2024〕314号.pdf
E:\软件\2023-2026年顺德批复文件\2024_佛环03环审〔2024〕315号.pdf,2024_佛环03环审〔2024〕315号.pdf,0.15,True,2024,,佛环03环审〔2024〕315号.pdf
E:\软件\2023-2026年顺德批复文件\2024_佛环03环审〔2024〕316号.pdf,2024_佛环03环审〔2024〕316号.pdf,0.15,True,2024,,佛环03环审〔2024〕316号.pdf
E:\软件\2023-2026年顺德批复文件\2024_佛环03环审〔2024〕318号.pdf,2024_佛环03环审〔2024〕318号.pdf,0.16,True,2024,,佛环03环审〔2024〕318号.pdf
E:\软件\2023-2026年顺德批复文件\2024_佛环03环审〔2024〕319号.pdf,2024_佛环03环审〔2024〕319号.pdf,0.16,True,2024,,佛环03环审〔2024〕319号.pdf
E:\软件\2023-2026年顺德批复文件\2024_佛环03环审〔2024〕31号.pdf,2024_佛环03环审〔2024〕31号.pdf,0.18,True,2024,,佛环03环审〔2024〕31号.pdf
E:\软件\2023-2026年顺德批复文件\2024_佛环03环审〔2024〕320号.pdf,2024_佛环03环审〔2024〕320号.pdf,0.15,True,2024,,佛环03环审〔2024〕320号.pdf
E:\软件\2023-2026年顺德批复文件\2024_佛环03环审〔2024〕321号.pdf,2024_佛环03环审〔2024〕321号.pdf,0.15,True,2024,,佛环03环审〔2024〕321号.pdf
E:\软件\2023-2026年顺德批复文件\2024_佛环03环审〔2024〕322号.pdf,2024_佛环03环审〔2024〕322号.pdf,0.15,True,2024,,佛环03环审〔2024〕322号.pdf
E:\软件\2023-2026年顺德批复文件\2024_佛环03环审〔2024〕323号.pdf,2024_佛环03环审〔2024〕323号.pdf,0.15,True,2024,,佛环03环审〔2024〕323号.pdf
E:\软件\2023-2026年顺德批复文件\2024_佛环03环审〔2024〕324号.pdf,2024_佛环03环审〔2024〕324号.pdf,0.17,True,2024,,佛环03环审〔2024〕324号.pdf
E:\软件\2023-2026年顺德批复文件\2024_佛环03环审〔2024〕325号.pdf,2024_佛环03环审〔2024〕325号.pdf,0.15,True,2024,,佛环03环审〔2024〕325号.pdf
E:\软件\2023-2026年顺德批复文件\2024_佛环03环审〔2024〕326号.pdf,2024_佛环03环审〔2024〕326号.pdf,0.15,True,2024,,佛环03环审〔2024〕326号.pdf
E:\软件\2023-2026年顺德批复文件\2024_佛环03环审〔2024〕327号.pdf,2024_佛环03环审〔2024〕327号.pdf,0.16,True,2024,,佛环03环审〔2024〕327号.pdf
E:\软件\2023-2026年顺德批复文件\2024_佛环03环审〔2024〕328号.pdf,2024_佛环03环审〔2024〕328号.pdf,0.16,True,2024,,佛环03环审〔2024〕328号.pdf
E:\软件\2023-2026年顺德批复文件\2024_佛环03环审〔2024〕329号.pdf,2024_佛环03环审〔2024〕329号.pdf,0.14,True,2024,,佛环03环审〔2024〕329号.pdf
E:\软件\2023-2026年顺德批复文件\2024_佛环03环审〔2024〕32号.pdf,2024_佛环03环审〔2024〕32号.pdf,0.19,True,2024,,佛环03环审〔2024〕32号.pdf
E:\软件\2023-2026年顺德批复文件\2024_佛环03环审〔2024〕330号.pdf,2024_佛环03环审〔2024〕330号.pdf,0.15,True,2024,,佛环03环审〔2024〕330号.pdf
E:\软件\2023-2026年顺德批复文件\2024_佛环03环审〔2024〕331号.pdf,2024_佛环03环审〔2024〕331号.pdf,0.15,True,2024,,佛环03环审〔2024〕331号.pdf
E:\软件\2023-2026年顺德批复文件\2024_佛环03环审〔2024〕332号.pdf,2024_佛环03环审〔2024〕332号.pdf,0.15,True,2024,,佛环03环审〔2024〕332号.pdf
E:\软件\2023-2026年顺德批复文件\2024_佛环03环审〔2024〕333号.pdf,2024_佛环03环审〔2024〕333号.pdf,0.15,True,2024,,佛环03环审〔2024〕333号.pdf
E:\软件\2023-2026年顺德批复文件\2024_佛环03环审〔2024〕334号.pdf,2024_佛环03环审〔2024〕334号.pdf,0.15,True,2024,,佛环03环审〔2024〕334号.pdf
E:\软件\2023-2026年顺德批复文件\2024_佛环03环审〔2024〕335号.pdf,2024_佛环03环审〔2024〕335号.pdf,0.15,True,2024,,佛环03环审〔2024〕335号.pdf
E:\软件\2023-2026年顺德批复文件\2024_佛环03环审〔2024〕337号.pdf,2024_佛环03环审〔2024〕337号.pdf,0.18,True,2024,,佛环03环审〔2024〕337号.pdf
E:\软件\2023-2026年顺德批复文件\2024_佛环03环审〔2024〕33号.pdf,2024_佛环03环审〔2024〕33号.pdf,0.18,True,2024,,佛环03环审〔2024〕33号.pdf
E:\软件\2023-2026年顺德批复文件\2024_佛环03环审〔2024〕340号.pdf,2024_佛环03环审〔2024〕340号.pdf,0.15,True,2024,,佛环03环审〔2024〕340号.pdf
E:\软件\2023-2026年顺德批复文件\2024_佛环03环审〔2024〕341号.pdf,2024_佛环03环审〔2024〕341号.pdf,0.16,True,2024,,佛环03环审〔2024〕341号.pdf
E:\软件\2023-2026年顺德批复文件\2024_佛环03环审〔2024〕342号.pdf,2024_佛环03环审〔2024〕342号.pdf,0.16,True,2024,,佛环03环审〔2024〕342号.pdf
E:\软件\2023-2026年顺德批复文件\2024_佛环03环审〔2024〕343号.pdf,2024_佛环03环审〔2024〕343号.pdf,0.11,True,2024,,佛环03环审〔2024〕343号.pdf
E:\软件\2023-2026年顺德批复文件\2024_佛环03环审〔2024〕344号.pdf,2024_佛环03环审〔2024〕344号.pdf,0.14,True,2024,,佛环03环审〔2024〕344号.pdf
E:\软件\2023-2026年顺德批复文件\2024_佛环03环审〔2024〕345号.pdf,2024_佛环03环审〔2024〕345号.pdf,0.15,True,2024,,佛环03环审〔2024〕345号.pdf
E:\软件\2023-2026年顺德批复文件\2024_佛环03环审〔2024〕346号.pdf,2024_佛环03环审〔2024〕346号.pdf,0.15,True,2024,,佛环03环审〔2024〕346号.pdf
E:\软件\2023-2026年顺德批复文件\2024_佛环03环审〔2024〕348号.pdf,2024_佛环03环审〔2024〕348号.pdf,0.15,True,2024,,佛环03环审〔2024〕348号.pdf
E:\软件\2023-2026年顺德批复文件\2024_佛环03环审〔2024〕349号.pdf,2024_佛环03环审〔2024〕349号.pdf,0.16,True,2024,,佛环03环审〔2024〕349号.pdf
E:\软件\2023-2026年顺德批复文件\2024_佛环03环审〔2024〕34号.pdf,2024_佛环03环审〔2024〕34号.pdf,0.17,True,2024,,佛环03环审〔2024〕34号.pdf
E:\软件\2023-2026年顺德批复文件\2024_佛环03环审〔2024〕350号.pdf,2024_佛环03环审〔2024〕350号.pdf,0.15,True,2024,,佛环03环审〔2024〕350号.pdf
E:\软件\2023-2026年顺德批复文件\2024_佛环03环审〔2024〕351号.pdf,2024_佛环03环审〔2024〕351号.pdf,0.15,True,2024,,佛环03环审〔2024〕351号.pdf
E:\软件\2023-2026年顺德批复文件\2024_佛环03环审〔2024〕352号.pdf,2024_佛环03环审〔2024〕352号.pdf,0.11,True,2024,,佛环03环审〔2024〕352号.pdf
E:\软件\2023-2026年顺德批复文件\2024_佛环03环审〔2024〕353号.pdf,2024_佛环03环审〔2024〕353号.pdf,0.15,True,2024,,佛环03环审〔2024〕353号.pdf
E:\软件\2023-2026年顺德批复文件\2024_佛环03环审〔2024〕355号.pdf,2024_佛环03环审〔2024〕355号.pdf,0.15,True,2024,,佛环03环审〔2024〕355号.pdf
E:\软件\2023-2026年顺德批复文件\2024_佛环03环审〔2024〕356号.pdf,2024_佛环03环审〔2024〕356号.pdf,0.15,True,2024,,佛环03环审〔2024〕356号.pdf
E:\软件\2023-2026年顺德批复文件\2024_佛环03环审〔2024〕357号.pdf,2024_佛环03环审〔2024〕357号.pdf,0.16,True,2024,,佛环03环审〔2024〕357号.pdf
E:\软件\2023-2026年顺德批复文件\2024_佛环03环审〔2024〕358号.pdf,2024_佛环03环审〔2024〕358号.pdf,0.11,True,2024,,佛环03环审〔2024〕358号.pdf
E:\软件\2023-2026年顺德批复文件\2024_佛环03环审〔2024〕359号.pdf,2024_佛环03环审〔2024〕359号.pdf,0.15,True,2024,,佛环03环审〔2024〕359号.pdf
E:\软件\2023-2026年顺德批复文件\2024_佛环03环审〔2024〕35号.pdf,2024_佛环03环审〔2024〕35号.pdf,0.18,True,2024,,佛环03环审〔2024〕35号.pdf
E:\软件\2023-2026年顺德批复文件\2024_佛环03环审〔2024〕360号.pdf,2024_佛环03环审〔2024〕360号.pdf,0.15,True,2024,,佛环03环审〔2024〕360号.pdf
E:\软件\2023-2026年顺德批复文件\2024_佛环03环审〔2024〕361号.pdf,2024_佛环03环审〔2024〕361号.pdf,0.16,True,2024,,佛环03环审〔2024〕361号.pdf
E:\软件\2023-2026年顺德批复文件\2024_佛环03环审〔2024〕362号.pdf,2024_佛环03环审〔2024〕362号.pdf,0.11,True,2024,,佛环03环审〔2024〕362号.pdf
E:\软件\2023-2026年顺德批复文件\2024_佛环03环审〔2024〕363号.pdf,2024_佛环03环审〔2024〕363号.pdf,0.15,True,2024,,佛环03环审〔2024〕363号.pdf
E:\软件\2023-2026年顺德批复文件\2024_佛环03环审〔2024〕365号.pdf,2024_佛环03环审〔2024〕365号.pdf,0.15,True,2024,,佛环03环审〔2024〕365号.pdf
E:\软件\2023-2026年顺德批复文件\2024_佛环03环审〔2024〕366号.pdf,2024_佛环03环审〔2024〕366号.pdf,0.15,True,2024,,佛环03环审〔2024〕366号.pdf
E:\软件\2023-2026年顺德批复文件\2024_佛环03环审〔2024〕367号.pdf,2024_佛环03环审〔2024〕367号.pdf,0.15,True,2024,,佛环03环审〔2024〕367号.pdf
E:\软件\2023-2026年顺德批复文件\2024_佛环03环审〔2024〕368号.pdf,2024_佛环03环审〔2024〕368号.pdf,0.15,True,2024,,佛环03环审〔2024〕368号.pdf
E:\软件\2023-2026年顺德批复文件\2024_佛环03环审〔2024〕369号.pdf,2024_佛环03环审〔2024〕369号.pdf,0.15,True,2024,,佛环03环审〔2024〕369号.pdf
E:\软件\2023-2026年顺德批复文件\2024_佛环03环审〔2024〕36号.pdf,2024_佛环03环审〔2024〕36号.pdf,0.19,True,2024,,佛环03环审〔2024〕36号.pdf
E:\软件\2023-2026年顺德批复文件\2024_佛环03环审〔2024〕370号.pdf,2024_佛环03环审〔2024〕370号.pdf,0.15,True,2024,,佛环03环审〔2024〕370号.pdf
E:\软件\2023-2026年顺德批复文件\2024_佛环03环审〔2024〕371号.pdf,2024_佛环03环审〔2024〕371号.pdf,0.14,True,2024,,佛环03环审〔2024〕371号.pdf
E:\软件\2023-2026年顺德批复文件\2024_佛环03环审〔2024〕372号.pdf,2024_佛环03环审〔2024〕372号.pdf,0.15,True,2024,,佛环03环审〔2024〕372号.pdf
E:\软件\2023-2026年顺德批复文件\2024_佛环03环审〔2024〕373号.pdf,2024_佛环03环审〔2024〕373号.pdf,0.16,True,2024,,佛环03环审〔2024〕373号.pdf
E:\软件\2023-2026年顺德批复文件\2024_佛环03环审〔2024〕375号.pdf,2024_佛环03环审〔2024〕375号.pdf,0.16,True,2024,,佛环03环审〔2024〕375号.pdf
E:\软件\2023-2026年顺德批复文件\2024_佛环03环审〔2024〕376号.pdf,2024_佛环03环审〔2024〕376号.pdf,0.15,True,2024,,佛环03环审〔2024〕376号.pdf
E:\软件\2023-2026年顺德批复文件\2024_佛环03环审〔2024〕377号.pdf,2024_佛环03环审〔2024〕377号.pdf,0.17,True,2024,,佛环03环审〔2024〕377号.pdf
E:\软件\2023-2026年顺德批复文件\2024_佛环03环审〔2024〕378号.pdf,2024_佛环03环审〔2024〕378号.pdf,0.11,True,2024,,佛环03环审〔2024〕378号.pdf
E:\软件\2023-2026年顺德批复文件\2024_佛环03环审〔2024〕379号.pdf,2024_佛环03环审〔2024〕379号.pdf,0.15,True,2024,,佛环03环审〔2024〕379号.pdf
E:\软件\2023-2026年顺德批复文件\2024_佛环03环审〔2024〕37号.pdf,2024_佛环03环审〔2024〕37号.pdf,0.15,True,2024,,佛环03环审〔2024〕37号.pdf
E:\软件\2023-2026年顺德批复文件\2024_佛环03环审〔2024〕380号.pdf,2024_佛环03环审〔2024〕380号.pdf,0.15,True,2024,,佛环03环审〔2024〕380号.pdf
E:\软件\2023-2026年顺德批复文件\2024_佛环03环审〔2024〕381号.pdf,2024_佛环03环审〔2024〕381号.pdf,0.15,True,2024,,佛环03环审〔2024〕381号.pdf
E:\软件\2023-2026年顺德批复文件\2024_佛环03环审〔2024〕382号.pdf,2024_佛环03环审〔2024〕382号.pdf,0.15,True,2024,,佛环03环审〔2024〕382号.pdf
E:\软件\2023-2026年顺德批复文件\2024_佛环03环审〔2024〕383号.pdf,2024_佛环03环审〔2024〕383号.pdf,0.15,True,2024,,佛环03环审〔2024〕383号.pdf
E:\软件\2023-2026年顺德批复文件\2024_佛环03环审〔2024〕384号.pdf,2024_佛环03环审〔2024〕384号.pdf,0.11,True,2024,,佛环03环审〔2024〕384号.pdf
E:\软件\2023-2026年顺德批复文件\2024_佛环03环审〔2024〕385号.pdf,2024_佛环03环审〔2024〕385号.pdf,0.15,True,2024,,佛环03环审〔2024〕385号.pdf
E:\软件\2023-2026年顺德批复文件\2024_佛环03环审〔2024〕386号.pdf,2024_佛环03环审〔2024〕386号.pdf,0.15,True,2024,,佛环03环审〔2024〕386号.pdf
E:\软件\2023-2026年顺德批复文件\2024_佛环03环审〔2024〕387号.pdf,2024_佛环03环审〔2024〕387号.pdf,0.17,True,2024,,佛环03环审〔2024〕387号.pdf
E:\软件\2023-2026年顺德批复文件\2024_佛环03环审〔2024〕388号.pdf,2024_佛环03环审〔2024〕388号.pdf,0.15,True,2024,,佛环03环审〔2024〕388号.pdf
E:\软件\2023-2026年顺德批复文件\2024_佛环03环审〔2024〕389号.pdf,2024_佛环03环审〔2024〕389号.pdf,0.14,True,2024,,佛环03环审〔2024〕389号.pdf
E:\软件\2023-2026年顺德批复文件\2024_佛环03环审〔2024〕38号.pdf,2024_佛环03环审〔2024〕38号.pdf,0.14,True,2024,,佛环03环审〔2024〕38号.pdf
E:\软件\2023-2026年顺德批复文件\2024_佛环03环审〔2024〕390号.pdf,2024_佛环03环审〔2024〕390号.pdf,0.14,True,2024,,佛环03环审〔2024〕390号.pdf
E:\软件\2023-2026年顺德批复文件\2024_佛环03环审〔2024〕391号.pdf,2024_佛环03环审〔2024〕391号.pdf,0.16,True,2024,,佛环03环审〔2024〕391号.pdf
E:\软件\2023-2026年顺德批复文件\2024_佛环03环审〔2024〕392号.pdf,2024_佛环03环审〔2024〕392号.pdf,0.15,True,2024,,佛环03环审〔2024〕392号.pdf
E:\软件\2023-2026年顺德批复文件\2024_佛环03环审〔2024〕393号.pdf,2024_佛环03环审〔2024〕393号.pdf,0.16,True,2024,,佛环03环审〔2024〕393号.pdf
E:\软件\2023-2026年顺德批复文件\2024_佛环03环审〔2024〕394号.pdf,2024_佛环03环审〔2024〕394号.pdf,0.15,True,2024,,佛环03环审〔2024〕394号.pdf
E:\软件\2023-2026年顺德批复文件\2024_佛环03环审〔2024〕395号.pdf,2024_佛环03环审〔2024〕395号.pdf,0.16,True,2024,,佛环03环审〔2024〕395号.pdf
E:\软件\2023-2026年顺德批复文件\2024_佛环03环审〔2024〕396号.pdf,2024_佛环03环审〔2024〕396号.pdf,0.16,True,2024,,佛环03环审〔2024〕396号.pdf
E:\软件\2023-2026年顺德批复文件\2024_佛环03环审〔2024〕397号.pdf,2024_佛环03环审〔2024〕397号.pdf,0.15,True,2024,,佛环03环审〔2024〕397号.pdf
E:\软件\2023-2026年顺德批复文件\2024_佛环03环审〔2024〕398号.pdf,2024_佛环03环审〔2024〕398号.pdf,0.15,True,2024,,佛环03环审〔2024〕398号.pdf
E:\软件\2023-2026年顺德批复文件\2024_佛环03环审〔2024〕399号.pdf,2024_佛环03环审〔2024〕399号.pdf,0.19,True,2024,,佛环03环审〔2024〕399号.pdf
E:\软件\2023-2026年顺德批复文件\2024_佛环03环审〔2024〕39号.pdf,2024_佛环03环审〔2024〕39号.pdf,0.19,True,2024,,佛环03环审〔2024〕39号.pdf
E:\软件\2023-2026年顺德批复文件\2024_佛环03环审〔2024〕3号.pdf,2024_佛环03环审〔2024〕3号.pdf,0.18,True,2024,,佛环03环审〔2024〕3号.pdf
E:\软件\2023-2026年顺德批复文件\2024_佛环03环审〔2024〕400号.pdf,2024_佛环03环审〔2024〕400号.pdf,0.15,True,2024,,佛环03环审〔2024〕400号.pdf
E:\软件\2023-2026年顺德批复文件\2024_佛环03环审〔2024〕401号.pdf,2024_佛环03环审〔2024〕401号.pdf,0.15,True,2024,,佛环03环审〔2024〕401号.pdf
E:\软件\2023-2026年顺德批复文件\2024_佛环03环审〔2024〕403号.pdf,2024_佛环03环审〔2024〕403号.pdf,0.16,True,2024,,佛环03环审〔2024〕403号.pdf
E:\软件\2023-2026年顺德批复文件\2024_佛环03环审〔2024〕406号.pdf,2024_佛环03环审〔2024〕406号.pdf,0.16,True,2024,,佛环03环审〔2024〕406号.pdf
E:\软件\2023-2026年顺德批复文件\2024_佛环03环审〔2024〕407号.pdf,2024_佛环03环审〔2024〕407号.pdf,0.14,True,2024,,佛环03环审〔2024〕407号.pdf
E:\软件\2023-2026年顺德批复文件\2024_佛环03环审〔2024〕408号.pdf,2024_佛环03环审〔2024〕408号.pdf,0.16,True,2024,,佛环03环审〔2024〕408号.pdf
E:\软件\2023-2026年顺德批复文件\2024_佛环03环审〔2024〕409号.pdf,2024_佛环03环审〔2024〕409号.pdf,0.16,True,2024,,佛环03环审〔2024〕409号.pdf
E:\软件\2023-2026年顺德批复文件\2024_佛环03环审〔2024〕40号.pdf,2024_佛环03环审〔2024〕40号.pdf,0.15,True,2024,,佛环03环审〔2024〕40号.pdf
E:\软件\2023-2026年顺德批复文件\2024_佛环03环审〔2024〕410号.pdf,2024_佛环03环审〔2024〕410号.pdf,0.15,True,2024,,佛环03环审〔2024〕410号.pdf
E:\软件\2023-2026年顺德批复文件\2024_佛环03环审〔2024〕411号.pdf,2024_佛环03环审〔2024〕411号.pdf,0.17,True,2024,,佛环03环审〔2024〕411号.pdf
E:\软件\2023-2026年顺德批复文件\2024_佛环03环审〔2024〕412号.pdf,2024_佛环03环审〔2024〕412号.pdf,0.15,True,2024,,佛环03环审〔2024〕412号.pdf
E:\软件\2023-2026年顺德批复文件\2024_佛环03环审〔2024〕413号.pdf,2024_佛环03环审〔2024〕413号.pdf,0.15,True,2024,,佛环03环审〔2024〕413号.pdf
E:\软件\2023-2026年顺德批复文件\2024_佛环03环审〔2024〕414号.pdf,2024_佛环03环审〔2024〕414号.pdf,0.15,True,2024,,佛环03环审〔2024〕414号.pdf
E:\软件\2023-2026年顺德批复文件\2024_佛环03环审〔2024〕415号.pdf,2024_佛环03环审〔2024〕415号.pdf,0.15,True,2024,,佛环03环审〔2024〕415号.pdf
E:\软件\2023-2026年顺德批复文件\2024_佛环03环审〔2024〕417号.pdf,2024_佛环03环审〔2024〕417号.pdf,0.15,True,2024,,佛环03环审〔2024〕417号.pdf
E:\软件\2023-2026年顺德批复文件\2024_佛环03环审〔2024〕418号.pdf,2024_佛环03环审〔2024〕418号.pdf,0.15,True,2024,,佛环03环审〔2024〕418号.pdf
E:\软件\2023-2026年顺德批复文件\2024_佛环03环审〔2024〕419号.pdf,2024_佛环03环审〔2024〕419号.pdf,0.15,True,2024,,佛环03环审〔2024〕419号.pdf
E:\软件\2023-2026年顺德批复文件\2024_佛环03环审〔2024〕41号.pdf,2024_佛环03环审〔2024〕41号.pdf,0.14,True,2024,,佛环03环审〔2024〕41号.pdf
E:\软件\2023-2026年顺德批复文件\2024_佛环03环审〔2024〕420号.pdf,2024_佛环03环审〔2024〕420号.pdf,0.15,True,2024,,佛环03环审〔2024〕420号.pdf
E:\软件\2023-2026年顺德批复文件\2024_佛环03环审〔2024〕421号.pdf,2024_佛环03环审〔2024〕421号.pdf,0.15,True,2024,,佛环03环审〔2024〕421号.pdf
E:\软件\2023-2026年顺德批复文件\2024_佛环03环审〔2024〕422号.pdf,2024_佛环03环审〔2024〕422号.pdf,0.15,True,2024,,佛环03环审〔2024〕422号.pdf
E:\软件\2023-2026年顺德批复文件\2024_佛环03环审〔2024〕423号.pdf,2024_佛环03环审〔2024〕423号.pdf,0.14,True,2024,,佛环03环审〔2024〕423号.pdf
E:\软件\2023-2026年顺德批复文件\2024_佛环03环审〔2024〕42号.pdf,2024_佛环03环审〔2024〕42号.pdf,1.01,True,2024,,佛环03环审〔2024〕42号.pdf
E:\软件\2023-2026年顺德批复文件\2024_佛环03环审〔2024〕45号.pdf,2024_佛环03环审〔2024〕45号.pdf,1.02,True,2024,,佛环03环审〔2024〕45号.pdf
E:\软件\2023-2026年顺德批复文件\2024_佛环03环审〔2024〕47号.pdf,2024_佛环03环审〔2024〕47号.pdf,0.15,True,2024,,佛环03环审〔2024〕47号.pdf
E:\软件\2023-2026年顺德批复文件\2024_佛环03环审〔2024〕48号.pdf,2024_佛环03环审〔2024〕48号.pdf,0.15,True,2024,,佛环03环审〔2024〕48号.pdf
E:\软件\2023-2026年顺德批复文件\2024_佛环03环审〔2024〕49号.pdf,2024_佛环03环审〔2024〕49号.pdf,0.15,True,2024,,佛环03环审〔2024〕49号.pdf
E:\软件\2023-2026年顺德批复文件\2024_佛环03环审〔2024〕50号.pdf,2024_佛环03环审〔2024〕50号.pdf,0.18,True,2024,,佛环03环审〔2024〕50号.pdf
E:\软件\2023-2026年顺德批复文件\2024_佛环03环审〔2024〕51号.pdf,2024_佛环03环审〔2024〕51号.pdf,0.15,True,2024,,佛环03环审〔2024〕51号.pdf
E:\软件\2023-2026年顺德批复文件\2024_佛环03环审〔2024〕52号.pdf,2024_佛环03环审〔2024〕52号.pdf,0.15,True,2024,,佛环03环审〔2024〕52号.pdf
E:\软件\2023-2026年顺德批复文件\2024_佛环03环审〔2024〕53号.pdf,2024_佛环03环审〔2024〕53号.pdf,0.15,True,2024,,佛环03环审〔2024〕53号.pdf
E:\软件\2023-2026年顺德批复文件\2024_佛环03环审〔2024〕55号.pdf,2024_佛环03环审〔2024〕55号.pdf,0.11,True,2024,,佛环03环审〔2024〕55号.pdf
E:\软件\2023-2026年顺德批复文件\2024_佛环03环审〔2024〕56号.pdf,2024_佛环03环审〔2024〕56号.pdf,0.15,True,2024,,佛环03环审〔2024〕56号.pdf
E:\软件\2023-2026年顺德批复文件\2024_佛环03环审〔2024〕57号.pdf,2024_佛环03环审〔2024〕57号.pdf,0.16,True,2024,,佛环03环审〔2024〕57号.pdf
E:\软件\2023-2026年顺德批复文件\2024_佛环03环审〔2024〕59号.pdf,2024_佛环03环审〔2024〕59号.pdf,0.15,True,2024,,佛环03环审〔2024〕59号.pdf
E:\软件\2023-2026年顺德批复文件\2024_佛环03环审〔2024〕5号佛山市生态环境局关于佛山市倍司塔新材料有限公司新建项目建设项目环境影响报告表的批复.pdf,2024_佛环03环审〔2024〕5号佛山市生态环境局关于佛山市倍司塔新材料有限公司新建项目建设项目环境影响报告表的批复.pdf,0.18,True,2024,佛山市倍司塔新材料有限公司,佛环03环审〔2024〕5号佛山市生态环境局
E:\软件\2023-2026年顺德批复文件\2024_佛环03环审〔2024〕60号.pdf,2024_佛环03环审〔2024〕60号.pdf,0.18,True,2024,,佛环03环审〔2024〕60号.pdf
E:\软件\2023-2026年顺德批复文件\2024_佛环03环审〔2024〕61号.pdf,2024_佛环03环审〔2024〕61号.pdf,0.15,True,2024,,佛环03环审〔2024〕61号.pdf
E:\软件\2023-2026年顺德批复文件\2024_佛环03环审〔2024〕62号佛山市生态环境局关于佛山汇诚科技有限公司新建项目建设项目环境影响报告表的批复.pdf,2024_佛环03环审〔2024〕62号佛山市生态环境局关于佛山汇诚科技有限公司新建项目建设项目环境影响报告表的批复.pdf,0.16,True,2024,佛山汇诚科技有限公司,佛环03环审〔2024〕62号佛山市生态环境
E:\软件\2023-2026年顺德批复文件\2024_佛环03环审〔2024〕63号佛山市生态环境局关于佛山市星舰智能装备有限公司新建项目建设项目环境影响报告表的批复.pdf,2024_佛环03环审〔2024〕63号佛山市生态环境局关于佛山市星舰智能装备有限公司新建项目建设项目环境影响报告表的批复.pdf,0.16,True,2024,佛山市星舰智能装备有限公司,佛环03环审〔2024〕63号佛山市生态环境
E:\软件\2023-2026年顺德批复文件\2024_佛环03环审〔2024〕64号佛山市生态环境局关于佛山市鑫金宝金属制品有限公司新建项目建设项目环境影响报告表的批复.pdf,2024_佛环03环审〔2024〕64号佛山市生态环境局关于佛山市鑫金宝金属制品有限公司新建项目建设项目环境影响报告表的批复.pdf,0.15,True,2024,佛山市鑫金宝金属制品有限公司,佛环03环审〔2024〕64号佛山市生态环境
E:\软件\2023-2026年顺德批复文件\2024_佛环03环审〔2024〕65号佛山市生态环境局关于广东顺德迪迅电器有限公司迁扩建项目建设项目环境影响报告表的批复.pdf,2024_佛环03环审〔2024〕65号佛山市生态环境局关于广东顺德迪迅电器有限公司迁扩建项目建设项目环境影响报告表的批复.pdf,0.11,True,2024,广东顺德迪迅电器有限公司迁,佛环03环审〔2024〕65号佛山市生态环境
E:\软件\2023-2026年顺德批复文件\2024_佛环03环审〔2024〕67号佛山市生态环境局关于佛山市创壳科技有限公司新建项目建设项目环境影响报告表的批复.pdf,2024_佛环03环审〔2024〕67号佛山市生态环境局关于佛山市创壳科技有限公司新建项目建设项目环境影响报告表的批复.pdf,0.15,True,2024,佛山市创壳科技有限公司,佛环03环审〔2024〕67号佛山市生态环境
E:\软件\2023-2026年顺德批复文件\2024_佛环03环审〔2024〕68号佛山市生态环境局关于佛山市宝尔德电机制造有限公司搬迁项目建设项目环境影响报告表的批复.pdf,2024_佛环03环审〔2024〕68号佛山市生态环境局关于佛山市宝尔德电机制造有限公司搬迁项目建设项目环境影响报告表的批复.pdf,0.16,True,2024,佛山市宝尔德电机制造有限公司搬迁项目,佛环03环审〔2024〕68号佛山市生态环境
E:\软件\2023-2026年顺德批复文件\2024_佛环03环审〔2024〕69号佛山市生态环境局关于佛山市艾心日用品有限公司新建项目建设项目环境影响报告表的批复.pdf,2024_佛环03环审〔2024〕69号佛山市生态环境局关于佛山市艾心日用品有限公司新建项目建设项目环境影响报告表的批复.pdf,0.16,True,2024,佛山市艾心日用品有限公司,佛环03环审〔2024〕69号佛山市生态环境
E:\软件\2023-2026年顺德批复文件\2024_佛环03环审〔2024〕6号佛山市生态环境局关于佛山市启丰塑料包装有限公司年产塑料袋400吨建设项目环境影响报告书的批复.pdf,2024_佛环03环审〔2024〕6号佛山市生态环境局关于佛山市启丰塑料包装有限公司年产塑料袋400吨建设项目环境影响报告书的批复.pdf,0.18,True,2024,佛山市启丰塑料包装有限公司年产塑料袋400吨,佛环03环审〔2024〕6号佛山市生态环境局
E:\软件\2023-2026年顺德批复文件\2024_佛环03环审〔2024〕70号佛山市生态环境局关于佛山市钊赢食品科技有限公司新建项目建设项目环境影响报告表的批复.pdf,2024_佛环03环审〔2024〕70号佛山市生态环境局关于佛山市钊赢食品科技有限公司新建项目建设项目环境影响报告表的批复.pdf,0.11,True,2024,佛山市钊赢食品科技有限公司,佛环03环审〔2024〕70号佛山市生态环境
E:\软件\2023-2026年顺德批复文件\2024_佛环03环审〔2024〕71号佛山市生态环境局关于佛山市德力士特种油品有限公司迁建项目建设项目环境影响报告表的批复.pdf,2024_佛环03环审〔2024〕71号佛山市生态环境局关于佛山市德力士特种油品有限公司迁建项目建设项目环境影响报告表的批复.pdf,0.11,True,2024,佛山市德力士特种油品有限公司,佛环03环审〔2024〕71号佛山市生态环境
E:\软件\2023-2026年顺德批复文件\2024_佛环03环审〔2024〕73号.pdf,2024_佛环03环审〔2024〕73号.pdf,0.16,True,2024,,佛环03环审〔2024〕73号.pdf
E:\软件\2023-2026年顺德批复文件\2024_佛环03环审〔2024〕74号.pdf,2024_佛环03环审〔2024〕74号.pdf,0.15,True,2024,,佛环03环审〔2024〕74号.pdf
E:\软件\2023-2026年顺德批复文件\2024_佛环03环审〔2024〕76号.pdf,2024_佛环03环审〔2024〕76号.pdf,0.11,True,2024,,佛环03环审〔2024〕76号.pdf
E:\软件\2023-2026年顺德批复文件\2024_佛环03环审〔2024〕77号.pdf,2024_佛环03环审〔2024〕77号.pdf,0.16,True,2024,,佛环03环审〔2024〕77号.pdf
E:\软件\2023-2026年顺德批复文件\2024_佛环03环审〔2024〕78号.pdf,2024_佛环03环审〔2024〕78号.pdf,0.14,True,2024,,佛环03环审〔2024〕78号.pdf
E:\软件\2023-2026年顺德批复文件\2024_佛环03环审〔2024〕79号.pdf,2024_佛环03环审〔2024〕79号.pdf,0.15,True,2024,,佛环03环审〔2024〕79号.pdf
E:\软件\2023-2026年顺德批复文件\2024_佛环03环审〔2024〕80号.pdf,2024_佛环03环审〔2024〕80号.pdf,0.15,True,2024,,佛环03环审〔2024〕80号.pdf
E:\软件\2023-2026年顺德批复文件\2024_佛环03环审〔2024〕81号.pdf,2024_佛环03环审〔2024〕81号.pdf,0.14,True,2024,,佛环03环审〔2024〕81号.pdf
E:\软件\2023-2026年顺德批复文件\2024_佛环03环审〔2024〕82号.pdf,2024_佛环03环审〔2024〕82号.pdf,0.15,True,2024,,佛环03环审〔2024〕82号.pdf
E:\软件\2023-2026年顺德批复文件\2024_佛环03环审〔2024〕83号.pdf,2024_佛环03环审〔2024〕83号.pdf,0.11,True,2024,,佛环03环审〔2024〕83号.pdf
E:\软件\2023-2026年顺德批复文件\2024_佛环03环审〔2024〕84号.pdf,2024_佛环03环审〔2024〕84号.pdf,0.11,True,2024,,佛环03环审〔2024〕84号.pdf
E:\软件\2023-2026年顺德批复文件\2024_佛环03环审〔2024〕85号.pdf,2024_佛环03环审〔2024〕85号.pdf,0.11,True,2024,,佛环03环审〔2024〕85号.pdf
E:\软件\2023-2026年顺德批复文件\2024_佛环03环审〔2024〕86号.pdf,2024_佛环03环审〔2024〕86号.pdf,0.16,True,2024,,佛环03环审〔2024〕86号.pdf
E:\软件\2023-2026年顺德批复文件\2024_佛环03环审〔2024〕88号.pdf,2024_佛环03环审〔2024〕88号.pdf,0.15,True,2024,,佛环03环审〔2024〕88号.pdf
E:\软件\2023-2026年顺德批复文件\2024_佛环03环审〔2024〕89号.pdf,2024_佛环03环审〔2024〕89号.pdf,0.15,True,2024,,佛环03环审〔2024〕89号.pdf
E:\软件\2023-2026年顺德批复文件\2024_佛环03环审〔2024〕8号佛山市生态环境局关于佛山市湘浩电气有限公司迁扩建项目环境影响报告表的批复.pdf,2024_佛环03环审〔2024〕8号佛山市生态环境局关于佛山市湘浩电气有限公司迁扩建项目环境影响报告表的批复.pdf,0.17,True,2024,佛山市湘浩电气有限公司迁,佛环03环审〔2024〕8号佛山市生态环境局
E:\软件\2023-2026年顺德批复文件\2024_佛环03环审〔2024〕90号.pdf,2024_佛环03环审〔2024〕90号.pdf,0.15,True,2024,,佛环03环审〔2024〕90号.pdf
E:\软件\2023-2026年顺德批复文件\2024_佛环03环审〔2024〕91号.pdf,2024_佛环03环审〔2024〕91号.pdf,0.15,True,2024,,佛环03环审〔2024〕91号.pdf
E:\软件\2023-2026年顺德批复文件\2024_佛环03环审〔2024〕92号.pdf,2024_佛环03环审〔2024〕92号.pdf,0.16,True,2024,,佛环03环审〔2024〕92号.pdf
E:\软件\2023-2026年顺德批复文件\2024_佛环03环审〔2024〕93号.pdf,2024_佛环03环审〔2024〕93号.pdf,0.15,True,2024,,佛环03环审〔2024〕93号.pdf
E:\软件\2023-2026年顺德批复文件\2024_佛环03环审〔2024〕94号.pdf,2024_佛环03环审〔2024〕94号.pdf,0.15,True,2024,,佛环03环审〔2024〕94号.pdf
E:\软件\2023-2026年顺德批复文件\2024_佛环03环审〔2024〕95号.pdf,2024_佛环03环审〔2024〕95号.pdf,0.15,True,2024,,佛环03环审〔2024〕95号.pdf
E:\软件\2023-2026年顺德批复文件\2024_佛环03环审〔2024〕97号.pdf,2024_佛环03环审〔2024〕97号.pdf,0.15,True,2024,,佛环03环审〔2024〕97号.pdf
E:\软件\2023-2026年顺德批复文件\2024_佛环03环审〔2024〕98号.pdf,2024_佛环03环审〔2024〕98号.pdf,0.15,True,2024,,佛环03环审〔2024〕98号.pdf
E:\软件\2023-2026年顺德批复文件\2024_佛环03环审〔2024〕99号.pdf,2024_佛环03环审〔2024〕99号.pdf,0.15,True,2024,,佛环03环审〔2024〕99号.pdf
E:\软件\2023-2026年顺德批复文件\2024_佛环03环审〔2024〕9号佛山市生态环境局关于佛山市鑫潮隆金属制品有限公司迁扩建项目建设项目环境影响报告表的批复.pdf,2024_佛环03环审〔2024〕9号佛山市生态环境局关于佛山市鑫潮隆金属制品有限公司迁扩建项目建设项目环境影响报告表的批复.pdf,0.16,True,2024,佛山市鑫潮隆金属制品有限公司迁,佛环03环审〔2024〕9号佛山市生态环境局
E:\软件\2023-2026年顺德批复文件\2024_公示佛山市生态环境局关于佛山市伊蒙电子科技有限公司重新报批环境影响报告表的批复.pdf,2024_公示佛山市生态环境局关于佛山市伊蒙电子科技有限公司重新报批环境影响报告表的批复.pdf,0.91,True,2024,,
E:\软件\2023-2026年顺德批复文件\2024_公示佛山市生态环境局关于佛山市塑德顺新材料科技有限公司新建项目环境影响报告表的批复.pdf,2024_公示佛山市生态环境局关于佛山市塑德顺新材料科技有限公司新建项目环境影响报告表的批复.pdf,1.0,True,2024,佛山市塑德顺新材料科技有限公司,
E:\软件\2023-2026年顺德批复文件\2024_公示佛山市生态环境局关于佛山市大隅新材料有限公司新建项目环境影响报告表的批复.pdf,2024_公示佛山市生态环境局关于佛山市大隅新材料有限公司新建项目环境影响报告表的批复.pdf,0.92,True,2024,佛山市大隅新材料有限公司,
E:\软件\2023-2026年顺德批复文件\2024_公示佛山市生态环境局关于佛山市顺德区创汇塑料有限公司迁改建项目环境影响报告表的批复.pdf,2024_公示佛山市生态环境局关于佛山市顺德区创汇塑料有限公司迁改建项目环境影响报告表的批复.pdf,0.9,True,2024,,
E:\软件\2023-2026年顺德批复文件\2024_公示佛山市生态环境局关于佛山市顺德区山泰金属制品有限公司迁建项目环境影响报告表的批复.pdf,2024_公示佛山市生态环境局关于佛山市顺德区山泰金属制品有限公司迁建项目环境影响报告表的批复.pdf,0.96,True,2024,佛山市顺德区山泰金属制品有限公司,
E:\软件\2023-2026年顺德批复文件\2024_公示佛山市生态环境局关于佛山市顺德区鑫达通洁具配件厂新建项目环境影响报告表的批复.pdf,2024_公示佛山市生态环境局关于佛山市顺德区鑫达通洁具配件厂新建项目环境影响报告表的批复.pdf,0.94,True,2024,佛山市顺德区鑫达通洁具配件厂,
E:\软件\2023-2026年顺德批复文件\2024_关于佛山久宜佳精密模具有限公司新建项目建设项目环境影响报告表的批复.pdf,2024_关于佛山久宜佳精密模具有限公司新建项目建设项目环境影响报告表的批复.pdf,0.15,True,2024,佛山久宜佳精密模具有限公司,
E:\软件\2023-2026年顺德批复文件\2024_关于佛山市壹封塑料制品有限公司迁改建项目建设项目环境影响报告表的批复.pdf,2024_关于佛山市壹封塑料制品有限公司迁改建项目建设项目环境影响报告表的批复.pdf,0.14,True,2024,佛山市壹封塑料制品有限公司迁改建项目,
E:\软件\2023-2026年顺德批复文件\2024_关于佛山市顺德区兆博塑料制品有限公司新建项目建设项目环境影响报告表的批复.pdf,2024_关于佛山市顺德区兆博塑料制品有限公司新建项目建设项目环境影响报告表的批复.pdf,0.14,True,2024,佛山市顺德区兆博塑料制品有限公司,
E:\软件\2023-2026年顺德批复文件\2024_关于佛山市顺德区匡工精密模具有限公司搬迁项目建设项目环境影响报告表的批复.pdf,2024_关于佛山市顺德区匡工精密模具有限公司搬迁项目建设项目环境影响报告表的批复.pdf,0.13,True,2024,佛山市顺德区匡工精密模具有限公司搬迁项目,
E:\软件\2023-2026年顺德批复文件\2024_关于佛山市顺德区天聚电器实业有限公司扩建项目建设项目环境影响报告表的批复.pdf,2024_关于佛山市顺德区天聚电器实业有限公司扩建项目建设项目环境影响报告表的批复.pdf,0.14,True,2024,佛山市顺德区天聚电器实业有限公司,
E:\软件\2023-2026年顺德批复文件\2024_关于佛山市顺德区瑞卓越电子厂新建项目建设项目环境影响报告表的批复.pdf,2024_关于佛山市顺德区瑞卓越电子厂新建项目建设项目环境影响报告表的批复.pdf,0.13,True,2024,佛山市顺德区瑞卓越电子厂,
E:\软件\2023-2026年顺德批复文件\2024_关于广东省驰瑞合成汽车零部件制造有限公司新建项目建设项目环境影响报告表的批复.pdf,2024_关于广东省驰瑞合成汽车零部件制造有限公司新建项目建设项目环境影响报告表的批复.pdf,0.13,True,2024,广东省驰瑞合成汽车零部件制造有限公司,
E:\软件\2023-2026年顺德批复文件\2024_承诺制公示佛山市生态环境局关于佛山市天隼五金有限公司新建项目环境影响报告表的批复.pdf,2024_承诺制公示佛山市生态环境局关于佛山市天隼五金有限公司新建项目环境影响报告表的批复.pdf,0.88,True,2024,佛山市天隼五金有限公司,
E:\软件\2023-2026年顺德批复文件\2024_承诺制公示佛山市生态环境局关于佛山市顺德区金福华包装实业有限公司扩建项目环境影响报告表的批复.pdf,2024_承诺制公示佛山市生态环境局关于佛山市顺德区金福华包装实业有限公司扩建项目环境影响报告表的批复.pdf,0.92,True,2024,佛山市顺德区金福华包装实业有限公司,
E:\软件\2023-2026年顺德批复文件\2024_（佛环0304环审〔2024〕3号）佛山市生态环境局关于佛山市圣丝宝新材料有限公司新建项目环境影响报告表的批复.pdf,2024_（佛环0304环审〔2024〕3号）佛山市生态环境局关于佛山市圣丝宝新材料有限公司新建项目环境影响报告表的批复.pdf,0.17,True,2024,佛山市圣丝宝新材料有限公司,佛环0304环审〔2024〕3号）佛山市生态
E:\软件\2023-2026年顺德批复文件\2024_（佛环0304环审〔2024〕5号） 佛山市生态环境局关于佛山市顺德区华标塑胶科技有限公司新建项目环境影响报告表的批复.pdf,2024_（佛环0304环审〔2024〕5号） 佛山市生态环境局关于佛山市顺德区华标塑胶科技有限公司新建项目环境影响报告表的批复.pdf,0.17,True,2024,佛山市顺德区华标塑胶科技有限公司,佛环0304环审〔2024〕5号）
E:\软件\2023-2026年顺德批复文件\2024_（佛环0304环审〔2024〕6号）佛山市生态环境局关于佛山市晧晔精密五金有限公司新建项目环境影响报告表的批复.pdf,2024_（佛环0304环审〔2024〕6号）佛山市生态环境局关于佛山市晧晔精密五金有限公司新建项目环境影响报告表的批复.pdf,0.05,True,2024,佛山市晧晔精密五金有限公司,佛环0304环审〔2024〕6号）佛山市生态
E:\软件\2023-2026年顺德批复文件\2024_（佛环0304环审〔2024〕7号）佛山市生态环境局关于佛山市顺德区明森佳五金弹簧有限公司新建项目环境影响报告表的批复.pdf,2024_（佛环0304环审〔2024〕7号）佛山市生态环境局关于佛山市顺德区明森佳五金弹簧有限公司新建项目环境影响报告表的批复.pdf,0.05,True,2024,佛山市顺德区明森佳五金弹簧有限公司,佛环0304环审〔2024〕7号）佛山市生态
E:\软件\2023-2026年顺德批复文件\2025_20250320-佛山市生态环境局关于佛山市宏略包装材料有限公司新建项目环境影响报告表的批复.pdf,2025_20250320-佛山市生态环境局关于佛山市宏略包装材料有限公司新建项目环境影响报告表的批复.pdf,0.13,True,2025,佛山市宏略包装材料有限公司,
E:\软件\2023-2026年顺德批复文件\2025_20250320-佛山市生态环境局关于佛山市顺德区良钿电器有限公司迁改扩建项目环境影响报告表的批复.pdf,2025_20250320-佛山市生态环境局关于佛山市顺德区良钿电器有限公司迁改扩建项目环境影响报告表的批复.pdf,0.19,True,2025,佛山市顺德区良钿电器有限公司迁改,
E:\软件\2023-2026年顺德批复文件\2025_20250326-佛山市生态环境局关于佛山市伯利菲精密模具有限公司建设项目环境影响报告表的批复（无红头）.pdf,2025_20250326-佛山市生态环境局关于佛山市伯利菲精密模具有限公司建设项目环境影响报告表的批复（无红头）.pdf,0.18,True,2025,佛山市伯利菲精密模具有限公司,
E:\软件\2023-2026年顺德批复文件\2025_20250521-佛山市生态环境局关于佛山市顺德区金凌厨具设备有限公司迁建项目环境影响报告表的批复.pdf,2025_20250521-佛山市生态环境局关于佛山市顺德区金凌厨具设备有限公司迁建项目环境影响报告表的批复.pdf,0.17,True,2025,佛山市顺德区金凌厨具设备有限公司,
E:\软件\2023-2026年顺德批复文件\2025_20250521-佛山市生态环境局关于广东顺德日清食品有限公司第三工厂扩产增效技术改造项目环境影响报告表的批复.pdf,2025_20250521-佛山市生态环境局关于广东顺德日清食品有限公司第三工厂扩产增效技术改造项目环境影响报告表的批复.pdf,0.2,True,2025,广东顺德日清食品有限公司第三工厂扩产增效,
E:\软件\2023-2026年顺德批复文件\2025_2025_6543132_1.pdf,2025_2025_6543132_1.pdf,0.13,False,2025,,
E:\软件\2023-2026年顺德批复文件\2025_佛山市生态环境局关于佛山110千伏南水输变电工程环境影响报告表的批复.pdf,2025_佛山市生态环境局关于佛山110千伏南水输变电工程环境影响报告表的批复.pdf,0.13,True,2025,,
E:\软件\2023-2026年顺德批复文件\2025_佛山市生态环境局关于佛山110千伏嘉勉输变电工程（重大变动）环境影响报告表的批复.pdf,2025_佛山市生态环境局关于佛山110千伏嘉勉输变电工程（重大变动）环境影响报告表的批复.pdf,0.13,True,2025,,
E:\软件\2023-2026年顺德批复文件\2025_佛山市生态环境局关于佛山110千伏晟世输变电工程环境影响报告表的批复.pdf,2025_佛山市生态环境局关于佛山110千伏晟世输变电工程环境影响报告表的批复.pdf,0.13,True,2025,,
E:\软件\2023-2026年顺德批复文件\2025_佛山市生态环境局关于佛山220千伏德和（大良II）输变电工程环境影响报告表的批复.pdf,2025_佛山市生态环境局关于佛山220千伏德和（大良II）输变电工程环境影响报告表的批复.pdf,0.13,True,2025,,
E:\软件\2023-2026年顺德批复文件\2025_佛山市生态环境局关于佛山东瑜塑料制品有限公司新建项目环境影响报告表的批复.pdf,2025_佛山市生态环境局关于佛山东瑜塑料制品有限公司新建项目环境影响报告表的批复.pdf,0.18,True,2025,佛山东瑜塑料制品有限公司,
E:\软件\2023-2026年顺德批复文件\2025_佛山市生态环境局关于佛山冰雪匠制冷设备有限公司新建项目环境影响报告表的批复.pdf,2025_佛山市生态环境局关于佛山冰雪匠制冷设备有限公司新建项目环境影响报告表的批复.pdf,0.18,True,2025,佛山冰雪匠制冷设备有限公司,
E:\软件\2023-2026年顺德批复文件\2025_佛山市生态环境局关于佛山启曜新材料有限公司新建项目建设项目环境影响报告表的批复.pdf,2025_佛山市生态环境局关于佛山启曜新材料有限公司新建项目建设项目环境影响报告表的批复.pdf,0.15,True,2025,佛山启曜新材料有限公司,
E:\软件\2023-2026年顺德批复文件\2025_佛山市生态环境局关于佛山塑晟科技有限公司（迁扩建）建设项目环境影响报告表的批复.pdf,2025_佛山市生态环境局关于佛山塑晟科技有限公司（迁扩建）建设项目环境影响报告表的批复.pdf,0.17,True,2025,佛山塑晟科技有限公司（迁,
E:\软件\2023-2026年顺德批复文件\2025_佛山市生态环境局关于佛山市久苏电器科技有限公司建设项目环境影响报告表的批复.pdf,2025_佛山市生态环境局关于佛山市久苏电器科技有限公司建设项目环境影响报告表的批复.pdf,0.13,True,2025,佛山市久苏电器科技有限公司,
E:\软件\2023-2026年顺德批复文件\2025_佛山市生态环境局关于佛山市云马电器实业有限公司迁改建项目环境影响报告表的批复.pdf,2025_佛山市生态环境局关于佛山市云马电器实业有限公司迁改建项目环境影响报告表的批复.pdf,0.14,True,2025,,
E:\软件\2023-2026年顺德批复文件\2025_佛山市生态环境局关于佛山市优稀帝音响有限公司新建项目环境影响报告表的批复.pdf,2025_佛山市生态环境局关于佛山市优稀帝音响有限公司新建项目环境影响报告表的批复.pdf,0.18,True,2025,佛山市优稀帝音响有限公司,
E:\软件\2023-2026年顺德批复文件\2025_佛山市生态环境局关于佛山市凯泰诺塑料制品有限公司迁扩建项目建设项目环境影响报告表的批复.pdf,2025_佛山市生态环境局关于佛山市凯泰诺塑料制品有限公司迁扩建项目建设项目环境影响报告表的批复.pdf,0.15,True,2025,佛山市凯泰诺塑料制品有限公司迁,
E:\软件\2023-2026年顺德批复文件\2025_佛山市生态环境局关于佛山市吉煌卓越五金制品有限公司新建项目建设项目环境影响报告表的批复.pdf,2025_佛山市生态环境局关于佛山市吉煌卓越五金制品有限公司新建项目建设项目环境影响报告表的批复.pdf,0.14,True,2025,佛山市吉煌卓越五金制品有限公司,
E:\软件\2023-2026年顺德批复文件\2025_佛山市生态环境局关于佛山市天泽丰五金有限公司新建项目建设项目环境影响报告表的批复.pdf,2025_佛山市生态环境局关于佛山市天泽丰五金有限公司新建项目建设项目环境影响报告表的批复.pdf,0.15,True,2025,佛山市天泽丰五金有限公司,
E:\软件\2023-2026年顺德批复文件\2025_佛山市生态环境局关于佛山市富潮盈电子有限公司建设项目环境影响报告表的批复（无章）.pdf,2025_佛山市生态环境局关于佛山市富潮盈电子有限公司建设项目环境影响报告表的批复（无章）.pdf,0.17,True,2025,佛山市富潮盈电子有限公司,
E:\软件\2023-2026年顺德批复文件\2025_佛山市生态环境局关于佛山市康而康家用电器有限公司建设项目环境影响报告表的批复.pdf,2025_佛山市生态环境局关于佛山市康而康家用电器有限公司建设项目环境影响报告表的批复.pdf,0.18,True,2025,佛山市康而康家用电器有限公司,
E:\软件\2023-2026年顺德批复文件\2025_佛山市生态环境局关于佛山市建超金属制品有限公司新建项目环境影响报告表的批复（无章）.pdf,2025_佛山市生态环境局关于佛山市建超金属制品有限公司新建项目环境影响报告表的批复（无章）.pdf,0.14,True,2025,佛山市建超金属制品有限公司,
E:\软件\2023-2026年顺德批复文件\2025_佛山市生态环境局关于佛山市志佑塑料制品有限公司新建项目建设项目环境影响报告表的批复.pdf,2025_佛山市生态环境局关于佛山市志佑塑料制品有限公司新建项目建设项目环境影响报告表的批复.pdf,0.15,True,2025,佛山市志佑塑料制品有限公司,
E:\软件\2023-2026年顺德批复文件\2025_佛山市生态环境局关于佛山市搏鸿塑料模具有限公司搬迁扩建项目建设项目环境影响报告表的批复.pdf,2025_佛山市生态环境局关于佛山市搏鸿塑料模具有限公司搬迁扩建项目建设项目环境影响报告表的批复.pdf,0.2,True,2025,佛山市搏鸿塑料模具有限公司搬迁,
E:\软件\2023-2026年顺德批复文件\2025_佛山市生态环境局关于佛山市新雨润食品有限公司总部产业基地项目新建项目环境影响报告表的批复.pdf,2025_佛山市生态环境局关于佛山市新雨润食品有限公司总部产业基地项目新建项目环境影响报告表的批复.pdf,0.18,True,2025,佛山市新雨润食品有限公司总部产业基地项目,
E:\软件\2023-2026年顺德批复文件\2025_佛山市生态环境局关于佛山市昭景环保科技有限公司新建项目建设项目环境影响报告表的批复.pdf,2025_佛山市生态环境局关于佛山市昭景环保科技有限公司新建项目建设项目环境影响报告表的批复.pdf,0.15,True,2025,佛山市昭景环保科技有限公司,
E:\软件\2023-2026年顺德批复文件\2025_佛山市生态环境局关于佛山市柏川日用品制造有限公司改扩建项目环境影响报告表的批复（无章）.pdf,2025_佛山市生态环境局关于佛山市柏川日用品制造有限公司改扩建项目环境影响报告表的批复（无章）.pdf,0.17,True,2025,佛山市柏川日用品制造有限公司改,
E:\软件\2023-2026年顺德批复文件\2025_佛山市生态环境局关于佛山市楹赛电器有限公司搬迁项目环境影响报告表的批复.pdf,2025_佛山市生态环境局关于佛山市楹赛电器有限公司搬迁项目环境影响报告表的批复.pdf,0.18,True,2025,,
E:\软件\2023-2026年顺德批复文件\2025_佛山市生态环境局关于佛山市正泉科技有限公司新建项目建设项目环境影响报告表的批复.pdf,2025_佛山市生态环境局关于佛山市正泉科技有限公司新建项目建设项目环境影响报告表的批复.pdf,0.21,True,2025,佛山市正泉科技有限公司,
E:\软件\2023-2026年顺德批复文件\2025_佛山市生态环境局关于佛山市沃茨节能设备有限公司二次迁扩建项目建设项目环境影响报告表的批复_(1).pdf,2025_佛山市生态环境局关于佛山市沃茨节能设备有限公司二次迁扩建项目建设项目环境影响报告表的批复_(1).pdf,0.15,True,2025,佛山市沃茨节能设备有限公司二次迁,
E:\软件\2023-2026年顺德批复文件\2025_佛山市生态环境局关于佛山市源江鑫塑料有限公司搬迁扩建项目建设项目环境影响报告表的批复.pdf,2025_佛山市生态环境局关于佛山市源江鑫塑料有限公司搬迁扩建项目建设项目环境影响报告表的批复.pdf,0.15,True,2025,佛山市源江鑫塑料有限公司搬迁,
E:\软件\2023-2026年顺德批复文件\2025_佛山市生态环境局关于佛山市潮广味食品有限公司新建项目环境影响报告表的批复（无章）.pdf,2025_佛山市生态环境局关于佛山市潮广味食品有限公司新建项目环境影响报告表的批复（无章）.pdf,0.15,True,2025,佛山市潮广味食品有限公司,
E:\软件\2023-2026年顺德批复文件\2025_佛山市生态环境局关于佛山市焕亿旺科技有限公司新建项目建设项目环境影响报告表的批复.pdf,2025_佛山市生态环境局关于佛山市焕亿旺科技有限公司新建项目建设项目环境影响报告表的批复.pdf,0.14,True,2025,佛山市焕亿旺科技有限公司,
E:\软件\2023-2026年顺德批复文件\2025_佛山市生态环境局关于佛山市煜敏杰光电科技有限公司新建项目建设项目环境影响报告表的批复.pdf,2025_佛山市生态环境局关于佛山市煜敏杰光电科技有限公司新建项目建设项目环境影响报告表的批复.pdf,0.15,True,2025,佛山市煜敏杰光电科技有限公司,
E:\软件\2023-2026年顺德批复文件\2025_佛山市生态环境局关于佛山市益田五金塑料制品有限公司迁扩建项目建设项目环境影响报告表的批复.pdf,2025_佛山市生态环境局关于佛山市益田五金塑料制品有限公司迁扩建项目建设项目环境影响报告表的批复.pdf,0.15,True,2025,佛山市益田五金塑料制品有限公司迁,
E:\软件\2023-2026年顺德批复文件\2025_佛山市生态环境局关于佛山市盛泰合创科技有限公司建设项目建设项目环境影响报告表的批复.pdf,2025_佛山市生态环境局关于佛山市盛泰合创科技有限公司建设项目建设项目环境影响报告表的批复.pdf,0.15,True,2025,佛山市盛泰合创科技有限公司,
E:\软件\2023-2026年顺德批复文件\2025_佛山市生态环境局关于佛山市美斯达光电科技有限公司新建项目环境影响报告表的批复（无章）.pdf,2025_佛山市生态环境局关于佛山市美斯达光电科技有限公司新建项目环境影响报告表的批复（无章）.pdf,0.18,True,2025,佛山市美斯达光电科技有限公司,
E:\软件\2023-2026年顺德批复文件\2025_佛山市生态环境局关于佛山市翔正天塑料有限公司新建项目建设项目环境影响报告表的批复.pdf,2025_佛山市生态环境局关于佛山市翔正天塑料有限公司新建项目建设项目环境影响报告表的批复.pdf,0.15,True,2025,佛山市翔正天塑料有限公司,
E:\软件\2023-2026年顺德批复文件\2025_佛山市生态环境局关于佛山市衍源塑胶制品有限公司扩建项目环境影响报告表的批复.pdf,2025_佛山市生态环境局关于佛山市衍源塑胶制品有限公司扩建项目环境影响报告表的批复.pdf,0.17,True,2025,佛山市衍源塑胶制品有限公司,
E:\软件\2023-2026年顺德批复文件\2025_佛山市生态环境局关于佛山市贤彩新材料科技有限公司新建项目建设项目环境影响报告表的批复.pdf,2025_佛山市生态环境局关于佛山市贤彩新材料科技有限公司新建项目建设项目环境影响报告表的批复.pdf,0.2,True,2025,佛山市贤彩新材料科技有限公司,
E:\软件\2023-2026年顺德批复文件\2025_佛山市生态环境局关于佛山市铂鸿金属制品有限公司迁扩建项目建设项目环境影响报告表的批复.pdf,2025_佛山市生态环境局关于佛山市铂鸿金属制品有限公司迁扩建项目建设项目环境影响报告表的批复.pdf,0.14,True,2025,佛山市铂鸿金属制品有限公司迁,
E:\软件\2023-2026年顺德批复文件\2025_佛山市生态环境局关于佛山市银泓燃具电器有限公司新建项目建设项目环境影响报告表的批复.pdf,2025_佛山市生态环境局关于佛山市银泓燃具电器有限公司新建项目建设项目环境影响报告表的批复.pdf,0.15,True,2025,佛山市银泓燃具电器有限公司,
E:\软件\2023-2026年顺德批复文件\2025_佛山市生态环境局关于佛山市顺天航科技有限公司新建项目建设项目环境影响报告表的批复.pdf,2025_佛山市生态环境局关于佛山市顺天航科技有限公司新建项目建设项目环境影响报告表的批复.pdf,0.15,True,2025,佛山市顺天航科技有限公司,
E:\软件\2023-2026年顺德批复文件\2025_佛山市生态环境局关于佛山市顺德区云起龙骧模具有限公司迁改扩建项目建设项目环境影响报告表的批复.pdf,2025_佛山市生态环境局关于佛山市顺德区云起龙骧模具有限公司迁改扩建项目建设项目环境影响报告表的批复.pdf,0.15,True,2025,佛山市顺德区云起龙骧模具有限公司迁改,
E:\软件\2023-2026年顺德批复文件\2025_佛山市生态环境局关于佛山市顺德区伟联塑料制品厂新建项目建设项目环境影响报告表的批复.pdf,2025_佛山市生态环境局关于佛山市顺德区伟联塑料制品厂新建项目建设项目环境影响报告表的批复.pdf,0.15,True,2025,佛山市顺德区伟联塑料制品厂,
E:\软件\2023-2026年顺德批复文件\2025_佛山市生态环境局关于佛山市顺德区北滘镇联达实业有限公司搬迁项目环境影响报告表的批复（无章））.pdf,2025_佛山市生态环境局关于佛山市顺德区北滘镇联达实业有限公司搬迁项目环境影响报告表的批复（无章））.pdf,0.14,True,2025,,
E:\软件\2023-2026年顺德批复文件\2025_佛山市生态环境局关于佛山市顺德区华方电器实业有限公司迁扩建项目建设项目环境影响报告表的批复.pdf,2025_佛山市生态环境局关于佛山市顺德区华方电器实业有限公司迁扩建项目建设项目环境影响报告表的批复.pdf,0.15,True,2025,佛山市顺德区华方电器实业有限公司迁,
E:\软件\2023-2026年顺德批复文件\2025_佛山市生态环境局关于佛山市顺德区南乔纸品有限公司迁改扩建项目建设项目环境影响报告表的批复.pdf,2025_佛山市生态环境局关于佛山市顺德区南乔纸品有限公司迁改扩建项目建设项目环境影响报告表的批复.pdf,0.15,True,2025,佛山市顺德区南乔纸品有限公司迁改,
E:\软件\2023-2026年顺德批复文件\2025_佛山市生态环境局关于佛山市顺德区嘉保洁具有限公司迁建项目建设项目环境影响报告表的批复.pdf,2025_佛山市生态环境局关于佛山市顺德区嘉保洁具有限公司迁建项目建设项目环境影响报告表的批复.pdf,0.15,True,2025,佛山市顺德区嘉保洁具有限公司,
E:\软件\2023-2026年顺德批复文件\2025_佛山市生态环境局关于佛山市顺德区大疆创新科技有限公司实验室新建项目环境影响报告表的批复（无章）.pdf,2025_佛山市生态环境局关于佛山市顺德区大疆创新科技有限公司实验室新建项目环境影响报告表的批复（无章）.pdf,0.15,True,2025,佛山市顺德区大疆创新科技有限公司实验室,
E:\软件\2023-2026年顺德批复文件\2025_佛山市生态环境局关于佛山市顺德区容声塑胶有限公司年增0.8万吨塑料制品扩建项目建设项目环境影响报告表的批复.pdf,2025_佛山市生态环境局关于佛山市顺德区容声塑胶有限公司年增0.8万吨塑料制品扩建项目建设项目环境影响报告表的批复.pdf,0.15,True,2025,佛山市顺德区容声塑胶有限公司年增0.8万吨塑料制品,
E:\软件\2023-2026年顺德批复文件\2025_佛山市生态环境局关于佛山市顺德区尧航五金塑料实业有限公司建设项目环境影响报告表的批复（无章）.pdf,2025_佛山市生态环境局关于佛山市顺德区尧航五金塑料实业有限公司建设项目环境影响报告表的批复（无章）.pdf,0.17,True,2025,佛山市顺德区尧航五金塑料实业有限公司,
E:\软件\2023-2026年顺德批复文件\2025_佛山市生态环境局关于佛山市顺德区德伟创科技有限公司实验室新建项目建设项目环境影响报告表的批复.pdf,2025_佛山市生态环境局关于佛山市顺德区德伟创科技有限公司实验室新建项目建设项目环境影响报告表的批复.pdf,0.2,True,2025,佛山市顺德区德伟创科技有限公司实验室,
E:\软件\2023-2026年顺德批复文件\2025_佛山市生态环境局关于佛山市顺德区泓兴达塑料制品有限公司厂房迁建项目环境影响报告表的批复（无章）.pdf,2025_佛山市生态环境局关于佛山市顺德区泓兴达塑料制品有限公司厂房迁建项目环境影响报告表的批复（无章）.pdf,0.18,True,2025,佛山市顺德区泓兴达塑料制品有限公司厂房,
E:\软件\2023-2026年顺德批复文件\2025_佛山市生态环境局关于佛山市顺德区法拉第电器制造有限公司新建项目建设项目环境影响报告表的批复.pdf,2025_佛山市生态环境局关于佛山市顺德区法拉第电器制造有限公司新建项目建设项目环境影响报告表的批复.pdf,0.15,True,2025,佛山市顺德区法拉第电器制造有限公司,
E:\软件\2023-2026年顺德批复文件\2025_佛山市生态环境局关于佛山市顺德区泰启来塑料模具厂新建项目建设项目环境影响报告表的批复.pdf,2025_佛山市生态环境局关于佛山市顺德区泰启来塑料模具厂新建项目建设项目环境影响报告表的批复.pdf,0.15,True,2025,佛山市顺德区泰启来塑料模具厂,
E:\软件\2023-2026年顺德批复文件\2025_佛山市生态环境局关于佛山市顺德区瑞鼎俪铜业有限公司新建项目建设项目环境影响报告表的批复.pdf,2025_佛山市生态环境局关于佛山市顺德区瑞鼎俪铜业有限公司新建项目建设项目环境影响报告表的批复.pdf,0.14,True,2025,佛山市顺德区瑞鼎俪铜业有限公司,
E:\软件\2023-2026年顺德批复文件\2025_佛山市生态环境局关于佛山市顺德区盈立方五金塑料制品有限公司迁扩建项目（重新报批)建设项目环境影响报告表的批复.pdf,2025_佛山市生态环境局关于佛山市顺德区盈立方五金塑料制品有限公司迁扩建项目（重新报批)建设项目环境影响报告表的批复.pdf,0.15,True,2025,佛山市顺德区盈立方五金塑料制品有限公司迁,
E:\软件\2023-2026年顺德批复文件\2025_佛山市生态环境局关于佛山市顺德区芯信电子厂新建项目建设项目环境影响报告表的批复.pdf,2025_佛山市生态环境局关于佛山市顺德区芯信电子厂新建项目建设项目环境影响报告表的批复.pdf,0.14,True,2025,佛山市顺德区芯信电子厂,
E:\软件\2023-2026年顺德批复文件\2025_佛山市生态环境局关于佛山市顺德区蒂锦电器有限公司迁建项目建设项目环境影响报告表的批复.pdf,2025_佛山市生态环境局关于佛山市顺德区蒂锦电器有限公司迁建项目建设项目环境影响报告表的批复.pdf,0.15,True,2025,佛山市顺德区蒂锦电器有限公司,
E:\软件\2023-2026年顺德批复文件\2025_佛山市生态环境局关于佛山市顺德区鸿贵城塑料制品有限公司搬迁扩建项目建设项目环境影响报告表的批复.pdf,2025_佛山市生态环境局关于佛山市顺德区鸿贵城塑料制品有限公司搬迁扩建项目建设项目环境影响报告表的批复.pdf,0.14,True,2025,佛山市顺德区鸿贵城塑料制品有限公司搬迁,
E:\软件\2023-2026年顺德批复文件\2025_佛山市生态环境局关于佛山浩石电子材料有限公司新建实验室项目环境影响报告表的批复.pdf,2025_佛山市生态环境局关于佛山浩石电子材料有限公司新建实验室项目环境影响报告表的批复.pdf,0.14,True,2025,佛山浩石电子材料有限公司,
E:\软件\2023-2026年顺德批复文件\2025_佛山市生态环境局关于广东丰明电子科技有限公司扩建项目环境影响报告表的批复（无章）.pdf,2025_佛山市生态环境局关于广东丰明电子科技有限公司扩建项目环境影响报告表的批复（无章）.pdf,0.14,True,2025,广东丰明电子科技有限公司,
E:\软件\2023-2026年顺德批复文件\2025_佛山市生态环境局关于广东信诺纤维科技有限公司新建项目环境影响报告表的批复（无章）.pdf,2025_佛山市生态环境局关于广东信诺纤维科技有限公司新建项目环境影响报告表的批复（无章）.pdf,0.13,True,2025,广东信诺纤维科技有限公司,
E:\软件\2023-2026年顺德批复文件\2025_佛山市生态环境局关于广东富信科技股份有限公司技改项目建设项目环境影响报告表的批复.pdf,2025_佛山市生态环境局关于广东富信科技股份有限公司技改项目建设项目环境影响报告表的批复.pdf,0.15,True,2025,广东富信科技股份有限公司,
E:\软件\2023-2026年顺德批复文件\2025_佛山市生态环境局关于广东岚汇激光科技有限公司年产光学玻璃镜片48吨建设项目建设项目环境影响报告表的批复.pdf,2025_佛山市生态环境局关于广东岚汇激光科技有限公司年产光学玻璃镜片48吨建设项目建设项目环境影响报告表的批复.pdf,0.16,True,2025,广东岚汇激光科技有限公司年产光学玻璃镜片48吨,
E:\软件\2023-2026年顺德批复文件\2025_佛山市生态环境局关于广东斯柯纳电器制造有限公司建设项目环境影响报告表的批复.pdf,2025_佛山市生态环境局关于广东斯柯纳电器制造有限公司建设项目环境影响报告表的批复.pdf,0.13,True,2025,广东斯柯纳电器制造有限公司,
E:\软件\2023-2026年顺德批复文件\2025_佛山市生态环境局关于广东美的制冷设备有限公司两器库卡车间新建项目环境影响报告表的批复（无章）.pdf,2025_佛山市生态环境局关于广东美的制冷设备有限公司两器库卡车间新建项目环境影响报告表的批复（无章）.pdf,0.18,True,2025,广东美的制冷设备有限公司两器库卡车间,
E:\软件\2023-2026年顺德批复文件\2025_佛山市生态环境局关于广东联柏科技集团有限公司扩建项目建设项目环境影响报告表的批复.pdf,2025_佛山市生态环境局关于广东联柏科技集团有限公司扩建项目建设项目环境影响报告表的批复.pdf,0.15,True,2025,广东联柏科技集团有限公司,
E:\软件\2023-2026年顺德批复文件\2025_佛山市生态环境局关于广东遨华电器有限公司年产冰箱20万台迁扩建项目建设项目环境影响报告表的批复.pdf,2025_佛山市生态环境局关于广东遨华电器有限公司年产冰箱20万台迁扩建项目建设项目环境影响报告表的批复.pdf,0.14,True,2025,广东遨华电器有限公司年产冰箱20万台迁,
E:\软件\2023-2026年顺德批复文件\2025_佛山市生态环境局关于广东顺德容桂爱尔眼科医院有限公司新建项目建设项目环境影响报告表的批复.pdf,2025_佛山市生态环境局关于广东顺德容桂爱尔眼科医院有限公司新建项目建设项目环境影响报告表的批复.pdf,0.14,True,2025,广东顺德容桂爱尔眼科医院有限公司,
E:\软件\2023-2026年顺德批复文件\2025_佛山市生态环境局关于广东顺德川崎汽车零部件有限公司注塑分车间建设项目建设项目环境影响报告表的批复 (2).pdf,2025_佛山市生态环境局关于广东顺德川崎汽车零部件有限公司注塑分车间建设项目建设项目环境影响报告表的批复 (2).pdf,0.15,True,2025,广东顺德川崎汽车零部件有限公司注塑分车间,
E:\软件\2023-2026年顺德批复文件\2025_佛山市生态环境局关于广东顺控水务投资建设有限公司水质检测站新建项目环境影响报告表的批复（无章）.pdf,2025_佛山市生态环境局关于广东顺控水务投资建设有限公司水质检测站新建项目环境影响报告表的批复（无章）.pdf,0.15,True,2025,广东顺控水务投资,
E:\软件\2023-2026年顺德批复文件\2025_佛山市生态环境局关于广东顺风岛热带植物引种园隔离区实验室建设项目环境影响报告表的批复.pdf,2025_佛山市生态环境局关于广东顺风岛热带植物引种园隔离区实验室建设项目环境影响报告表的批复.pdf,0.14,True,2025,广东顺风岛热带植物引种园隔离区实验室,
E:\软件\2023-2026年顺德批复文件\2025_佛山市生态环境局关于杏坛镇南城区路网（杏坛横九路、杏坛纵十一路（北段）、杏坛纵十一路（南段））建设工程建设项目环境影响报告表的批复.pdf,2025_佛山市生态环境局关于杏坛镇南城区路网（杏坛横九路、杏坛纵十一路（北段）、杏坛纵十一路（南段））建设工程建设项目环境影响报告表的批复.pdf,0.15,True,2025,杏坛镇南城区路网（杏坛横九路、杏坛纵十一路（北段）、杏坛纵十一路（南段））,
E:\软件\2023-2026年顺德批复文件\2025_佛山市生态环境局关于顺德区容桂龙氏五金塑料厂新建项目建设项目环境影响报告表的批复.pdf,2025_佛山市生态环境局关于顺德区容桂龙氏五金塑料厂新建项目建设项目环境影响报告表的批复.pdf,0.15,True,2025,顺德区容桂龙氏五金塑料厂,
E:\软件\2023-2026年顺德批复文件\2025_佛山市生态环境局关于高普达（广东）充电有限公司迁改扩建项目建设项目环境影响报告表的批复.pdf,2025_佛山市生态环境局关于高普达（广东）充电有限公司迁改扩建项目建设项目环境影响报告表的批复.pdf,0.15,True,2025,高普达（广东）充电有限公司迁改,
E:\软件\2023-2026年顺德批复文件\2025_佛山市生态环境局复函（佛山市生态环境局关于佛山市顺德区德力高纸类包装有限公司迁扩建项目环境影响报告表的批复）无章.pdf,2025_佛山市生态环境局复函（佛山市生态环境局关于佛山市顺德区德力高纸类包装有限公司迁扩建项目环境影响报告表的批复）无章.pdf,0.15,True,2025,佛山市顺德区德力高纸类包装有限公司迁,
E:\软件\2023-2026年顺德批复文件\2025_佛环0303环审[2025]33号（佛山市生态环境局关于佛山市渝龙塑料制品有限公司新建项目建设项目环境影响报告表的批复）.pdf,2025_佛环0303环审[2025]33号（佛山市生态环境局关于佛山市渝龙塑料制品有限公司新建项目建设项目环境影响报告表的批复）.pdf,0.16,True,2025,佛山市渝龙塑料制品有限公司,佛环0303环审[2025]33号（佛山市生
E:\软件\2023-2026年顺德批复文件\2025_佛环0303环审[2025]34号（佛山市生态环境局关于佛山市凯瑞通管业有限公司变更项目建设项目环境影响报告表的批复）.pdf,2025_佛环0303环审[2025]34号（佛山市生态环境局关于佛山市凯瑞通管业有限公司变更项目建设项目环境影响报告表的批复）.pdf,0.16,True,2025,佛山市凯瑞通管业有限公司变更项目,佛环0303环审[2025]34号（佛山市生
E:\软件\2023-2026年顺德批复文件\2025_佛环0305环审〔2025〕10号【佛山市生态环境局关于佛山市盛康汇金属制品有限公司建设项目环境影响报告表的批复】（公示）.pdf,2025_佛环0305环审〔2025〕10号【佛山市生态环境局关于佛山市盛康汇金属制品有限公司建设项目环境影响报告表的批复】（公示）.pdf,0.51,True,2025,佛山市盛康汇金属制品有限公司,佛环0305环审〔2025〕10号【佛山市生
E:\软件\2023-2026年顺德批复文件\2025_佛环0305环审〔2025〕11号【佛山市生态环境局关于佛山华高研磨科技有限公司迁扩建项目建设项目环境影响报告表的批复】（公示）.pdf,2025_佛环0305环审〔2025〕11号【佛山市生态环境局关于佛山华高研磨科技有限公司迁扩建项目建设项目环境影响报告表的批复】（公示）.pdf,0.51,True,2025,佛山华高研磨科技有限公司迁,佛环0305环审〔2025〕11号【佛山市生
E:\软件\2023-2026年顺德批复文件\2025_佛环0305环审〔2025〕12号【佛山市生态环境局关于佛山市智越天成不锈钢有限公司新建项目建设项目环境影响报告表的批复】（公示）.pdf,2025_佛环0305环审〔2025〕12号【佛山市生态环境局关于佛山市智越天成不锈钢有限公司新建项目建设项目环境影响报告表的批复】（公示）.pdf,0.56,True,2025,佛山市智越天成不锈钢有限公司,佛环0305环审〔2025〕12号【佛山市生
E:\软件\2023-2026年顺德批复文件\2025_佛环0305环审〔2025〕13号【佛山市生态环境局关于广东大明拉斐电气有限公司迁扩建项目建设项目环境影响报告表的批复】（公示）.pdf,2025_佛环0305环审〔2025〕13号【佛山市生态环境局关于广东大明拉斐电气有限公司迁扩建项目建设项目环境影响报告表的批复】（公示）.pdf,0.51,True,2025,广东大明拉斐电气有限公司迁,佛环0305环审〔2025〕13号【佛山市生
E:\软件\2023-2026年顺德批复文件\2025_佛环0305环审〔2025〕14号【佛山市生态环境局关于佛山市奥盈彩印包装有限公司新建项目建设项目环境影响报告表的批复】（公示）.pdf,2025_佛环0305环审〔2025〕14号【佛山市生态环境局关于佛山市奥盈彩印包装有限公司新建项目建设项目环境影响报告表的批复】（公示）.pdf,0.56,True,2025,佛山市奥盈彩印包装有限公司,佛环0305环审〔2025〕14号【佛山市生
E:\软件\2023-2026年顺德批复文件\2025_佛环0305环审〔2025〕15号【佛山市生态环境局关于佛山市顺德区黔粤兴五金有限公司迁扩建项目建设项目环境影响报告表的批复】（公示）.pdf,2025_佛环0305环审〔2025〕15号【佛山市生态环境局关于佛山市顺德区黔粤兴五金有限公司迁扩建项目建设项目环境影响报告表的批复】（公示）.pdf,0.6,True,2025,佛山市顺德区黔粤兴五金有限公司迁,佛环0305环审〔2025〕15号【佛山市生
E:\软件\2023-2026年顺德批复文件\2025_佛环0305环审〔2025〕1号【佛山市生态环境局关于广东康立泰新材料有限公司研发中心建设项目环境影响报告表的批复】.pdf,2025_佛环0305环审〔2025〕1号【佛山市生态环境局关于广东康立泰新材料有限公司研发中心建设项目环境影响报告表的批复】.pdf,0.55,True,2025,广东康立泰新材料有限公司研发中心,佛环0305环审〔2025〕1号【佛山市生态
E:\软件\2023-2026年顺德批复文件\2025_佛环0305环审〔2025〕2号【佛山市生态环境局关于君子务本新材料科技（佛山）有限责任公司建设项目环境影响报告表的批复】（公示）.pdf,2025_佛环0305环审〔2025〕2号【佛山市生态环境局关于君子务本新材料科技（佛山）有限责任公司建设项目环境影响报告表的批复】（公示）.pdf,0.55,True,2025,君子务本新材料科技（佛山）有限责任公司,佛环0305环审〔2025〕2号【佛山市生态
E:\软件\2023-2026年顺德批复文件\2025_佛环0305环审〔2025〕3号【佛山市生态环境局关于佛山市顺德区鸿明胜兴金属加工厂新建项目建设项目环境影响报告表的批复】（公示）.pdf,2025_佛环0305环审〔2025〕3号【佛山市生态环境局关于佛山市顺德区鸿明胜兴金属加工厂新建项目建设项目环境影响报告表的批复】（公示）.pdf,0.57,True,2025,佛山市顺德区鸿明胜兴金属加工厂,佛环0305环审〔2025〕3号【佛山市生态
E:\软件\2023-2026年顺德批复文件\2025_佛环0305环审〔2025〕4号【佛山市生态环境局关于广东海珍宝食品开发有限公司新建项目建设项目环境影响报告表的批复】（公示）.pdf,2025_佛环0305环审〔2025〕4号【佛山市生态环境局关于广东海珍宝食品开发有限公司新建项目建设项目环境影响报告表的批复】（公示）.pdf,0.56,True,2025,广东海珍宝食品开发有限公司,佛环0305环审〔2025〕4号【佛山市生态
E:\软件\2023-2026年顺德批复文件\2025_佛环0305环审〔2025〕5号【佛山市生态环境局关于佛山市中龙国胜五金制品有限公司建设项目环境影响报告表的批复】（公示）.pdf,2025_佛环0305环审〔2025〕5号【佛山市生态环境局关于佛山市中龙国胜五金制品有限公司建设项目环境影响报告表的批复】（公示）.pdf,0.52,True,2025,佛山市中龙国胜五金制品有限公司,佛环0305环审〔2025〕5号【佛山市生态
E:\软件\2023-2026年顺德批复文件\2025_佛环0305环审〔2025〕6号【佛山市生态环境局关于佛山市泽瑞宏金属制品有限公司建设项目环境影响报告表的批复】（公示）.pdf,2025_佛环0305环审〔2025〕6号【佛山市生态环境局关于佛山市泽瑞宏金属制品有限公司建设项目环境影响报告表的批复】（公示）.pdf,0.52,True,2025,佛山市泽瑞宏金属制品有限公司,佛环0305环审〔2025〕6号【佛山市生态
E:\软件\2023-2026年顺德批复文件\2025_佛环0305环审〔2025〕7号【佛山市生态环境局关于佛山金欧塑料制品有限公司新建项目建设项目环境影响报告表的批复】（公示）.pdf,2025_佛环0305环审〔2025〕7号【佛山市生态环境局关于佛山金欧塑料制品有限公司新建项目建设项目环境影响报告表的批复】（公示）.pdf,0.55,True,2025,佛山金欧塑料制品有限公司,佛环0305环审〔2025〕7号【佛山市生态
E:\软件\2023-2026年顺德批复文件\2025_佛环0305环审〔2025〕8号【佛山市生态环境局关于佛山市芸翔不锈钢有限公司建设项目环境影响报告表的批复】（公示）.pdf,2025_佛环0305环审〔2025〕8号【佛山市生态环境局关于佛山市芸翔不锈钢有限公司建设项目环境影响报告表的批复】（公示）.pdf,0.5,True,2025,佛山市芸翔不锈钢有限公司,佛环0305环审〔2025〕8号【佛山市生态
E:\软件\2023-2026年顺德批复文件\2025_佛环0305环审〔2025〕9号【佛山市生态环境局关于佛山市凯琪威电子有限公司新建项目建设项目环境影响报告表的批复】（公示）.pdf,2025_佛环0305环审〔2025〕9号【佛山市生态环境局关于佛山市凯琪威电子有限公司新建项目建设项目环境影响报告表的批复】（公示）.pdf,0.54,True,2025,佛山市凯琪威电子有限公司,佛环0305环审〔2025〕9号【佛山市生态
E:\软件\2023-2026年顺德批复文件\2025_佛环0309环审〔2025〕10号（基地灯饰）公示版.pdf,2025_佛环0309环审〔2025〕10号（基地灯饰）公示版.pdf,0.12,True,2025,,佛环0309环审〔2025〕10号（基地灯饰
E:\软件\2023-2026年顺德批复文件\2025_佛环0309环审〔2025〕11号（源启）公示.pdf,2025_佛环0309环审〔2025〕11号（源启）公示.pdf,0.56,True,2025,,佛环0309环审〔2025〕11号（源启）公
E:\软件\2023-2026年顺德批复文件\2025_佛环0309环审〔2025〕12号（金禾）.pdf,2025_佛环0309环审〔2025〕12号（金禾）.pdf,0.11,True,2025,,佛环0309环审〔2025〕12号（金禾）.
E:\软件\2023-2026年顺德批复文件\2025_佛环0309环审〔2025〕13号（欧科）公示.pdf,2025_佛环0309环审〔2025〕13号（欧科）公示.pdf,0.51,True,2025,,佛环0309环审〔2025〕13号（欧科）公
E:\软件\2023-2026年顺德批复文件\2025_佛环0309环审〔2025〕14号（炜纳）.pdf,2025_佛环0309环审〔2025〕14号（炜纳）.pdf,0.11,True,2025,,佛环0309环审〔2025〕14号（炜纳）.
E:\软件\2023-2026年顺德批复文件\2025_佛环0309环审〔2025〕16号（匠沣）.pdf,2025_佛环0309环审〔2025〕16号（匠沣）.pdf,0.48,True,2025,,佛环0309环审〔2025〕16号（匠沣）.
E:\软件\2023-2026年顺德批复文件\2025_佛环0309环审〔2025〕17号（信德）.pdf,2025_佛环0309环审〔2025〕17号（信德）.pdf,0.48,True,2025,,佛环0309环审〔2025〕17号（信德）.
E:\软件\2023-2026年顺德批复文件\2025_佛环0309环审〔2025〕19号（泰美徽）.pdf,2025_佛环0309环审〔2025〕19号（泰美徽）.pdf,0.46,True,2025,,佛环0309环审〔2025〕19号（泰美徽）
E:\软件\2023-2026年顺德批复文件\2025_佛环0309环审〔2025〕20号（家得）.pdf,2025_佛环0309环审〔2025〕20号（家得）.pdf,0.47,True,2025,,佛环0309环审〔2025〕20号（家得）.
E:\软件\2023-2026年顺德批复文件\2025_佛环0309环审〔2025〕21号（润栋）.pdf,2025_佛环0309环审〔2025〕21号（润栋）.pdf,0.49,True,2025,,佛环0309环审〔2025〕21号（润栋）.
E:\软件\2023-2026年顺德批复文件\2025_佛环0309环审〔2025〕22号（金豆）.pdf,2025_佛环0309环审〔2025〕22号（金豆）.pdf,0.49,True,2025,,佛环0309环审〔2025〕22号（金豆）.
E:\软件\2023-2026年顺德批复文件\2025_佛环0309环审〔2025〕24号（复特）.pdf,2025_佛环0309环审〔2025〕24号（复特）.pdf,0.49,True,2025,,佛环0309环审〔2025〕24号（复特）.
E:\软件\2023-2026年顺德批复文件\2025_佛环0309环审〔2025〕25号（泽鼎）.pdf,2025_佛环0309环审〔2025〕25号（泽鼎）.pdf,0.5,True,2025,,佛环0309环审〔2025〕25号（泽鼎）.
E:\软件\2023-2026年顺德批复文件\2025_佛环0309环审〔2025〕26号（德恒鑫）.pdf,2025_佛环0309环审〔2025〕26号（德恒鑫）.pdf,0.52,True,2025,,佛环0309环审〔2025〕26号（德恒鑫）
E:\软件\2023-2026年顺德批复文件\2025_佛环0309环审〔2025〕27号（源品味）.pdf,2025_佛环0309环审〔2025〕27号（源品味）.pdf,0.47,True,2025,,佛环0309环审〔2025〕27号（源品味）
E:\软件\2023-2026年顺德批复文件\2025_佛环0309环审〔2025〕28号（库马斯）.pdf,2025_佛环0309环审〔2025〕28号（库马斯）.pdf,0.47,True,2025,,佛环0309环审〔2025〕28号（库马斯）
E:\软件\2023-2026年顺德批复文件\2025_佛环0309环审〔2025〕29号（金恺）.pdf,2025_佛环0309环审〔2025〕29号（金恺）.pdf,0.54,True,2025,,佛环0309环审〔2025〕29号（金恺）.
E:\软件\2023-2026年顺德批复文件\2025_佛环0309环审〔2025〕2号（旭荣）.pdf,2025_佛环0309环审〔2025〕2号（旭荣）.pdf,0.49,True,2025,,佛环0309环审〔2025〕2号（旭荣）.p
E:\软件\2023-2026年顺德批复文件\2025_佛环0309环审〔2025〕30号（美科思）.pdf,2025_佛环0309环审〔2025〕30号（美科思）.pdf,0.55,True,2025,,佛环0309环审〔2025〕30号（美科思）
E:\软件\2023-2026年顺德批复文件\2025_佛环0309环审〔2025〕32号（罗美庭）.pdf,2025_佛环0309环审〔2025〕32号（罗美庭）.pdf,0.52,True,2025,,佛环0309环审〔2025〕32号（罗美庭）
E:\软件\2023-2026年顺德批复文件\2025_佛环0309环审〔2025〕33号（泓协）.pdf,2025_佛环0309环审〔2025〕33号（泓协）.pdf,0.46,True,2025,,佛环0309环审〔2025〕33号（泓协）.
E:\软件\2023-2026年顺德批复文件\2025_佛环0309环审〔2025〕34号（鑫森林）.pdf,2025_佛环0309环审〔2025〕34号（鑫森林）.pdf,0.5,True,2025,,佛环0309环审〔2025〕34号（鑫森林）
E:\软件\2023-2026年顺德批复文件\2025_佛环0309环审〔2025〕35号（冠擎）.pdf,2025_佛环0309环审〔2025〕35号（冠擎）.pdf,0.46,True,2025,,佛环0309环审〔2025〕35号（冠擎）.
E:\软件\2023-2026年顺德批复文件\2025_佛环0309环审〔2025〕36号（和汇）.pdf,2025_佛环0309环审〔2025〕36号（和汇）.pdf,0.51,True,2025,,佛环0309环审〔2025〕36号（和汇）.
E:\软件\2023-2026年顺德批复文件\2025_佛环0309环审〔2025〕37号（安乔）公示版.pdf,2025_佛环0309环审〔2025〕37号（安乔）公示版.pdf,0.47,True,2025,,佛环0309环审〔2025〕37号（安乔）公
E:\软件\2023-2026年顺德批复文件\2025_佛环0309环审〔2025〕3号（佳辰鑫）.pdf,2025_佛环0309环审〔2025〕3号（佳辰鑫）.pdf,0.48,True,2025,,佛环0309环审〔2025〕3号（佳辰鑫）.
E:\软件\2023-2026年顺德批复文件\2025_佛环0309环审〔2025〕4号（驰冠）公示.pdf,2025_佛环0309环审〔2025〕4号（驰冠）公示.pdf,0.46,True,2025,,佛环0309环审〔2025〕4号（驰冠）公示
E:\软件\2023-2026年顺德批复文件\2025_佛环0309环审〔2025〕6号（乐顺）.pdf,2025_佛环0309环审〔2025〕6号（乐顺）.pdf,0.12,True,2025,,佛环0309环审〔2025〕6号（乐顺）.p
E:\软件\2023-2026年顺德批复文件\2025_佛环0309环审〔2025〕7号（新熠）.pdf,2025_佛环0309环审〔2025〕7号（新熠）.pdf,0.48,True,2025,,佛环0309环审〔2025〕7号（新熠）.p
E:\软件\2023-2026年顺德批复文件\2025_佛环0309环审〔2025〕8号（凯景盛）.pdf,2025_佛环0309环审〔2025〕8号（凯景盛）.pdf,0.12,True,2025,,佛环0309环审〔2025〕8号（凯景盛）.
E:\软件\2023-2026年顺德批复文件\2025_佛环03环审〔2025〕101号.pdf,2025_佛环03环审〔2025〕101号.pdf,0.15,True,2025,,佛环03环审〔2025〕101号.pdf
E:\软件\2023-2026年顺德批复文件\2025_佛环03环审〔2025〕103号.pdf,2025_佛环03环审〔2025〕103号.pdf,0.15,True,2025,,佛环03环审〔2025〕103号.pdf
E:\软件\2023-2026年顺德批复文件\2025_佛环03环审〔2025〕104号.pdf,2025_佛环03环审〔2025〕104号.pdf,0.15,True,2025,,佛环03环审〔2025〕104号.pdf
E:\软件\2023-2026年顺德批复文件\2025_佛环03环审〔2025〕105号.pdf,2025_佛环03环审〔2025〕105号.pdf,0.15,True,2025,,佛环03环审〔2025〕105号.pdf
E:\软件\2023-2026年顺德批复文件\2025_佛环03环审〔2025〕106号.pdf,2025_佛环03环审〔2025〕106号.pdf,0.15,True,2025,,佛环03环审〔2025〕106号.pdf
E:\软件\2023-2026年顺德批复文件\2025_佛环03环审〔2025〕10号.pdf,2025_佛环03环审〔2025〕10号.pdf,0.16,True,2025,,佛环03环审〔2025〕10号.pdf
E:\软件\2023-2026年顺德批复文件\2025_佛环03环审〔2025〕114号.pdf,2025_佛环03环审〔2025〕114号.pdf,0.14,True,2025,,佛环03环审〔2025〕114号.pdf
E:\软件\2023-2026年顺德批复文件\2025_佛环03环审〔2025〕115号.pdf,2025_佛环03环审〔2025〕115号.pdf,0.16,True,2025,,佛环03环审〔2025〕115号.pdf
E:\软件\2023-2026年顺德批复文件\2025_佛环03环审〔2025〕116号.pdf,2025_佛环03环审〔2025〕116号.pdf,0.15,True,2025,,佛环03环审〔2025〕116号.pdf
E:\软件\2023-2026年顺德批复文件\2025_佛环03环审〔2025〕117号.pdf,2025_佛环03环审〔2025〕117号.pdf,0.15,True,2025,,佛环03环审〔2025〕117号.pdf
E:\软件\2023-2026年顺德批复文件\2025_佛环03环审〔2025〕118号.pdf,2025_佛环03环审〔2025〕118号.pdf,0.16,True,2025,,佛环03环审〔2025〕118号.pdf
E:\软件\2023-2026年顺德批复文件\2025_佛环03环审〔2025〕119号.pdf,2025_佛环03环审〔2025〕119号.pdf,0.15,True,2025,,佛环03环审〔2025〕119号.pdf
E:\软件\2023-2026年顺德批复文件\2025_佛环03环审〔2025〕11号.pdf,2025_佛环03环审〔2025〕11号.pdf,0.15,True,2025,,佛环03环审〔2025〕11号.pdf
E:\软件\2023-2026年顺德批复文件\2025_佛环03环审〔2025〕120号.pdf,2025_佛环03环审〔2025〕120号.pdf,0.14,True,2025,,佛环03环审〔2025〕120号.pdf
E:\软件\2023-2026年顺德批复文件\2025_佛环03环审〔2025〕123号.pdf,2025_佛环03环审〔2025〕123号.pdf,0.14,True,2025,,佛环03环审〔2025〕123号.pdf
E:\软件\2023-2026年顺德批复文件\2025_佛环03环审〔2025〕124号.pdf,2025_佛环03环审〔2025〕124号.pdf,0.14,True,2025,,佛环03环审〔2025〕124号.pdf
E:\软件\2023-2026年顺德批复文件\2025_佛环03环审〔2025〕126号.pdf,2025_佛环03环审〔2025〕126号.pdf,0.11,True,2025,,佛环03环审〔2025〕126号.pdf
E:\软件\2023-2026年顺德批复文件\2025_佛环03环审〔2025〕127号.pdf,2025_佛环03环审〔2025〕127号.pdf,0.15,True,2025,,佛环03环审〔2025〕127号.pdf
E:\软件\2023-2026年顺德批复文件\2025_佛环03环审〔2025〕128号.pdf,2025_佛环03环审〔2025〕128号.pdf,0.16,True,2025,,佛环03环审〔2025〕128号.pdf
E:\软件\2023-2026年顺德批复文件\2025_佛环03环审〔2025〕129号.pdf,2025_佛环03环审〔2025〕129号.pdf,0.15,True,2025,,佛环03环审〔2025〕129号.pdf
E:\软件\2023-2026年顺德批复文件\2025_佛环03环审〔2025〕12号.pdf,2025_佛环03环审〔2025〕12号.pdf,0.16,True,2025,,佛环03环审〔2025〕12号.pdf
E:\软件\2023-2026年顺德批复文件\2025_佛环03环审〔2025〕130号.pdf,2025_佛环03环审〔2025〕130号.pdf,0.15,True,2025,,佛环03环审〔2025〕130号.pdf
E:\软件\2023-2026年顺德批复文件\2025_佛环03环审〔2025〕131号.pdf,2025_佛环03环审〔2025〕131号.pdf,0.15,True,2025,,佛环03环审〔2025〕131号.pdf
E:\软件\2023-2026年顺德批复文件\2025_佛环03环审〔2025〕132号.pdf,2025_佛环03环审〔2025〕132号.pdf,0.15,True,2025,,佛环03环审〔2025〕132号.pdf
E:\软件\2023-2026年顺德批复文件\2025_佛环03环审〔2025〕133号.pdf,2025_佛环03环审〔2025〕133号.pdf,0.15,True,2025,,佛环03环审〔2025〕133号.pdf
E:\软件\2023-2026年顺德批复文件\2025_佛环03环审〔2025〕134号.pdf,2025_佛环03环审〔2025〕134号.pdf,0.15,True,2025,,佛环03环审〔2025〕134号.pdf
E:\软件\2023-2026年顺德批复文件\2025_佛环03环审〔2025〕135号.pdf,2025_佛环03环审〔2025〕135号.pdf,0.15,True,2025,,佛环03环审〔2025〕135号.pdf
E:\软件\2023-2026年顺德批复文件\2025_佛环03环审〔2025〕136号.pdf,2025_佛环03环审〔2025〕136号.pdf,0.16,True,2025,,佛环03环审〔2025〕136号.pdf
E:\软件\2023-2026年顺德批复文件\2025_佛环03环审〔2025〕139号.pdf,2025_佛环03环审〔2025〕139号.pdf,0.15,True,2025,,佛环03环审〔2025〕139号.pdf
E:\软件\2023-2026年顺德批复文件\2025_佛环03环审〔2025〕13号.pdf,2025_佛环03环审〔2025〕13号.pdf,0.16,True,2025,,佛环03环审〔2025〕13号.pdf
E:\软件\2023-2026年顺德批复文件\2025_佛环03环审〔2025〕140号.pdf,2025_佛环03环审〔2025〕140号.pdf,0.15,True,2025,,佛环03环审〔2025〕140号.pdf
E:\软件\2023-2026年顺德批复文件\2025_佛环03环审〔2025〕141号.pdf,2025_佛环03环审〔2025〕141号.pdf,0.16,True,2025,,佛环03环审〔2025〕141号.pdf
E:\软件\2023-2026年顺德批复文件\2025_佛环03环审〔2025〕142号.pdf,2025_佛环03环审〔2025〕142号.pdf,0.15,True,2025,,佛环03环审〔2025〕142号.pdf
E:\软件\2023-2026年顺德批复文件\2025_佛环03环审〔2025〕143号.pdf,2025_佛环03环审〔2025〕143号.pdf,0.15,True,2025,,佛环03环审〔2025〕143号.pdf
E:\软件\2023-2026年顺德批复文件\2025_佛环03环审〔2025〕144号佛山市生态环境局关于广东海协实业有限公司厂房八新建项目建设项目环境影响报告表的批复.pdf,2025_佛环03环审〔2025〕144号佛山市生态环境局关于广东海协实业有限公司厂房八新建项目建设项目环境影响报告表的批复.pdf,0.17,True,2025,广东海协实业有限公司厂房八,佛环03环审〔2025〕144号佛山市生态环
E:\软件\2023-2026年顺德批复文件\2025_佛环03环审〔2025〕145号.pdf,2025_佛环03环审〔2025〕145号.pdf,0.15,True,2025,,佛环03环审〔2025〕145号.pdf
E:\软件\2023-2026年顺德批复文件\2025_佛环03环审〔2025〕146号.pdf,2025_佛环03环审〔2025〕146号.pdf,0.15,True,2025,,佛环03环审〔2025〕146号.pdf
E:\软件\2023-2026年顺德批复文件\2025_佛环03环审〔2025〕148号.pdf,2025_佛环03环审〔2025〕148号.pdf,0.15,True,2025,,佛环03环审〔2025〕148号.pdf
E:\软件\2023-2026年顺德批复文件\2025_佛环03环审〔2025〕149号.pdf,2025_佛环03环审〔2025〕149号.pdf,0.15,True,2025,,佛环03环审〔2025〕149号.pdf
E:\软件\2023-2026年顺德批复文件\2025_佛环03环审〔2025〕14号.pdf,2025_佛环03环审〔2025〕14号.pdf,0.15,True,2025,,佛环03环审〔2025〕14号.pdf
E:\软件\2023-2026年顺德批复文件\2025_佛环03环审〔2025〕150号.pdf,2025_佛环03环审〔2025〕150号.pdf,0.15,True,2025,,佛环03环审〔2025〕150号.pdf
E:\软件\2023-2026年顺德批复文件\2025_佛环03环审〔2025〕151号.pdf,2025_佛环03环审〔2025〕151号.pdf,0.15,True,2025,,佛环03环审〔2025〕151号.pdf
E:\软件\2023-2026年顺德批复文件\2025_佛环03环审〔2025〕152号.pdf,2025_佛环03环审〔2025〕152号.pdf,0.16,True,2025,,佛环03环审〔2025〕152号.pdf
E:\软件\2023-2026年顺德批复文件\2025_佛环03环审〔2025〕153号.pdf,2025_佛环03环审〔2025〕153号.pdf,0.15,True,2025,,佛环03环审〔2025〕153号.pdf
E:\软件\2023-2026年顺德批复文件\2025_佛环03环审〔2025〕154号.pdf,2025_佛环03环审〔2025〕154号.pdf,0.15,True,2025,,佛环03环审〔2025〕154号.pdf
E:\软件\2023-2026年顺德批复文件\2025_佛环03环审〔2025〕155号佛山市生态环境局关于佛山市德顺兴金属科技有限公司新建项目建设项目环境影响报告表的批复.pdf,2025_佛环03环审〔2025〕155号佛山市生态环境局关于佛山市德顺兴金属科技有限公司新建项目建设项目环境影响报告表的批复.pdf,0.14,True,2025,佛山市德顺兴金属科技有限公司,佛环03环审〔2025〕155号佛山市生态环
E:\软件\2023-2026年顺德批复文件\2025_佛环03环审〔2025〕156号佛山市生态环境局关于佛山市顺德区伦教华盛真空镀膜厂建设项目-建设项目环境影响报告表的批复.pdf,2025_佛环03环审〔2025〕156号佛山市生态环境局关于佛山市顺德区伦教华盛真空镀膜厂建设项目-建设项目环境影响报告表的批复.pdf,0.15,True,2025,佛山市顺德区伦教华盛真空镀膜厂,佛环03环审〔2025〕156号佛山市生态环
E:\软件\2023-2026年顺德批复文件\2025_佛环03环审〔2025〕157号佛山市生态环境局关于佛山市众泽塑料制品有限公司新建项目-建设项目环境影响报告表的批复.pdf,2025_佛环03环审〔2025〕157号佛山市生态环境局关于佛山市众泽塑料制品有限公司新建项目-建设项目环境影响报告表的批复.pdf,0.15,True,2025,佛山市众泽塑料制品有限公司,佛环03环审〔2025〕157号佛山市生态环
E:\软件\2023-2026年顺德批复文件\2025_佛环03环审〔2025〕160号佛山市生态环境局关于佛山市创有电器有限公司扩建项目建设项目环境影响报告表的批复.pdf,2025_佛环03环审〔2025〕160号佛山市生态环境局关于佛山市创有电器有限公司扩建项目建设项目环境影响报告表的批复.pdf,0.15,True,2025,佛山市创有电器有限公司,佛环03环审〔2025〕160号佛山市生态环
E:\软件\2023-2026年顺德批复文件\2025_佛环03环审〔2025〕161号佛山市生态环境局关于佛山市顺德区精源丰硅胶科技有限公司新建项目-建设项目环境影响报告表的批复.pdf,2025_佛环03环审〔2025〕161号佛山市生态环境局关于佛山市顺德区精源丰硅胶科技有限公司新建项目-建设项目环境影响报告表的批复.pdf,0.15,True,2025,佛山市顺德区精源丰硅胶科技有限公司,佛环03环审〔2025〕161号佛山市生态环
E:\软件\2023-2026年顺德批复文件\2025_佛环03环审〔2025〕162号佛山市生态环境局关于佛山市欣煜科技有限公司新建项目建设项目环境影响报告表的批复.pdf,2025_佛环03环审〔2025〕162号佛山市生态环境局关于佛山市欣煜科技有限公司新建项目建设项目环境影响报告表的批复.pdf,0.11,True,2025,佛山市欣煜科技有限公司,佛环03环审〔2025〕162号佛山市生态环
E:\软件\2023-2026年顺德批复文件\2025_佛环03环审〔2025〕163号佛山市生态环境局关于佛山市林卓科技有限公司新建项目建设项目环境影响报告表的批复.pdf,2025_佛环03环审〔2025〕163号佛山市生态环境局关于佛山市林卓科技有限公司新建项目建设项目环境影响报告表的批复.pdf,0.15,True,2025,佛山市林卓科技有限公司,佛环03环审〔2025〕163号佛山市生态环
E:\软件\2023-2026年顺德批复文件\2025_佛环03环审〔2025〕164号佛山市生态环境局关于佛山睿琪琳塑料制品有限公司年产塑料杯300吨建设项目-建设项目环境影响报告表的批复.pdf,2025_佛环03环审〔2025〕164号佛山市生态环境局关于佛山睿琪琳塑料制品有限公司年产塑料杯300吨建设项目-建设项目环境影响报告表的批复.pdf,0.15,True,2025,佛山睿琪琳塑料制品有限公司年产塑料杯300吨,佛环03环审〔2025〕164号佛山市生态环
E:\软件\2023-2026年顺德批复文件\2025_佛环03环审〔2025〕165号佛山市生态环境局关于佛山市大寰谱和新材料有限公司新建项目建设项目环境影响报告表的批复.pdf,2025_佛环03环审〔2025〕165号佛山市生态环境局关于佛山市大寰谱和新材料有限公司新建项目建设项目环境影响报告表的批复.pdf,0.15,True,2025,佛山市大寰谱和新材料有限公司,佛环03环审〔2025〕165号佛山市生态环
E:\软件\2023-2026年顺德批复文件\2025_佛环03环审〔2025〕166号佛山市生态环境局关于佛山市壹辉纸制品有限公司建设项目-建设项目环境影响报告表的批复.pdf,2025_佛环03环审〔2025〕166号佛山市生态环境局关于佛山市壹辉纸制品有限公司建设项目-建设项目环境影响报告表的批复.pdf,0.15,True,2025,佛山市壹辉纸制品有限公司,佛环03环审〔2025〕166号佛山市生态环
E:\软件\2023-2026年顺德批复文件\2025_佛环03环审〔2025〕167号佛山市生态环境局关于佛山市顺德区友成金属制品厂有限公司改扩建项目建设项目环境影响报告表的批复.pdf,2025_佛环03环审〔2025〕167号佛山市生态环境局关于佛山市顺德区友成金属制品厂有限公司改扩建项目建设项目环境影响报告表的批复.pdf,0.15,True,2025,佛山市顺德区友成金属制品厂有限公司改,佛环03环审〔2025〕167号佛山市生态环
E:\软件\2023-2026年顺德批复文件\2025_佛环03环审〔2025〕168号佛山市生态环境局关于佛山市顺德区精昂模具有限公司新建项目建设项目环境影响报告表的批复.pdf,2025_佛环03环审〔2025〕168号佛山市生态环境局关于佛山市顺德区精昂模具有限公司新建项目建设项目环境影响报告表的批复.pdf,0.15,True,2025,佛山市顺德区精昂模具有限公司,佛环03环审〔2025〕168号佛山市生态环
E:\软件\2023-2026年顺德批复文件\2025_佛环03环审〔2025〕169号佛山市生态环境局关于佛山市顺德区奥卓电器有限公司迁扩建项目建设项目环境影响报告表的批复.pdf,2025_佛环03环审〔2025〕169号佛山市生态环境局关于佛山市顺德区奥卓电器有限公司迁扩建项目建设项目环境影响报告表的批复.pdf,0.15,True,2025,佛山市顺德区奥卓电器有限公司迁,佛环03环审〔2025〕169号佛山市生态环
E:\软件\2023-2026年顺德批复文件\2025_佛环03环审〔2025〕16号.pdf,2025_佛环03环审〔2025〕16号.pdf,0.15,True,2025,,佛环03环审〔2025〕16号.pdf
E:\软件\2023-2026年顺德批复文件\2025_佛环03环审〔2025〕170号佛山市生态环境局关于广东力升电器有限公司改扩建项目建设项目环境影响报告表的批复.pdf,2025_佛环03环审〔2025〕170号佛山市生态环境局关于广东力升电器有限公司改扩建项目建设项目环境影响报告表的批复.pdf,0.15,True,2025,广东力升电器有限公司改,佛环03环审〔2025〕170号佛山市生态环
E:\软件\2023-2026年顺德批复文件\2025_佛环03环审〔2025〕171号佛山市生态环境局关于佛山市海进塑胶制品有限公司新建项目建设项目环境影响报告表的批复 (2).pdf,2025_佛环03环审〔2025〕171号佛山市生态环境局关于佛山市海进塑胶制品有限公司新建项目建设项目环境影响报告表的批复 (2).pdf,0.15,True,2025,佛山市海进塑胶制品有限公司,佛环03环审〔2025〕171号佛山市生态环
E:\软件\2023-2026年顺德批复文件\2025_佛环03环审〔2025〕172号佛山市生态环境局关于佛山市标挺电器有限公司迁扩建项目建设项目环境影响报告表的批复.pdf,2025_佛环03环审〔2025〕172号佛山市生态环境局关于佛山市标挺电器有限公司迁扩建项目建设项目环境影响报告表的批复.pdf,0.15,True,2025,佛山市标挺电器有限公司迁,佛环03环审〔2025〕172号佛山市生态环
E:\软件\2023-2026年顺德批复文件\2025_佛环03环审〔2025〕173号佛山市生态环境局关于佛山市圣来科技有限公司新建项目建设项目环境影响报告表的批复.pdf,2025_佛环03环审〔2025〕173号佛山市生态环境局关于佛山市圣来科技有限公司新建项目建设项目环境影响报告表的批复.pdf,0.11,True,2025,佛山市圣来科技有限公司,佛环03环审〔2025〕173号佛山市生态环
E:\软件\2023-2026年顺德批复文件\2025_佛环03环审〔2025〕174号佛山市生态环境局关于佛山市兆景天包装材料有限公司新建项目建设项目环境影响报告表的批复.pdf,2025_佛环03环审〔2025〕174号佛山市生态环境局关于佛山市兆景天包装材料有限公司新建项目建设项目环境影响报告表的批复.pdf,0.15,True,2025,佛山市兆景天包装材料有限公司,佛环03环审〔2025〕174号佛山市生态环
E:\软件\2023-2026年顺德批复文件\2025_佛环03环审〔2025〕175号佛山市生态环境局关于佛山新卡城润滑油有限公司新建项目建设项目环境影响报告表的批复.pdf,2025_佛环03环审〔2025〕175号佛山市生态环境局关于佛山新卡城润滑油有限公司新建项目建设项目环境影响报告表的批复.pdf,0.15,True,2025,佛山新卡城润滑油有限公司,佛环03环审〔2025〕175号佛山市生态环
E:\软件\2023-2026年顺德批复文件\2025_佛环03环审〔2025〕176号佛山市生态环境局关于佛山市顺德区哥博电器有限公司改扩建项目建设项目环境影响报告表的批复.pdf,2025_佛环03环审〔2025〕176号佛山市生态环境局关于佛山市顺德区哥博电器有限公司改扩建项目建设项目环境影响报告表的批复.pdf,0.16,True,2025,佛山市顺德区哥博电器有限公司改,佛环03环审〔2025〕176号佛山市生态环
E:\软件\2023-2026年顺德批复文件\2025_佛环03环审〔2025〕177号佛山市生态环境局关于佛山市顺德区罗氏五金制品实业有限公司迁改扩建项目建设项目环境影响报告表的批复.pdf,2025_佛环03环审〔2025〕177号佛山市生态环境局关于佛山市顺德区罗氏五金制品实业有限公司迁改扩建项目建设项目环境影响报告表的批复.pdf,0.16,True,2025,佛山市顺德区罗氏五金制品实业有限公司迁改,佛环03环审〔2025〕177号佛山市生态环
E:\软件\2023-2026年顺德批复文件\2025_佛环03环审〔2025〕179号佛山市生态环境局关于佛山市鑫昊轩和不锈钢有限公司建设项目建设项目环境影响报告表的批复.pdf,2025_佛环03环审〔2025〕179号佛山市生态环境局关于佛山市鑫昊轩和不锈钢有限公司建设项目建设项目环境影响报告表的批复.pdf,0.14,True,2025,佛山市鑫昊轩和不锈钢有限公司,佛环03环审〔2025〕179号佛山市生态环
E:\软件\2023-2026年顺德批复文件\2025_佛环03环审〔2025〕17号.pdf,2025_佛环03环审〔2025〕17号.pdf,0.15,True,2025,,佛环03环审〔2025〕17号.pdf
E:\软件\2023-2026年顺德批复文件\2025_佛环03环审〔2025〕180号佛山市生态环境局关于广东铠仕康金属制品有限公司建设项目建设项目环境影响报告表的批复.pdf,2025_佛环03环审〔2025〕180号佛山市生态环境局关于广东铠仕康金属制品有限公司建设项目建设项目环境影响报告表的批复.pdf,0.16,True,2025,广东铠仕康金属制品有限公司,佛环03环审〔2025〕180号佛山市生态环
E:\软件\2023-2026年顺德批复文件\2025_佛环03环审〔2025〕181号佛山市生态环境局关于佛山市顺德区福利来酒店傢具有限公司扩建项目建设项目环境影响报告书的批复.pdf,2025_佛环03环审〔2025〕181号佛山市生态环境局关于佛山市顺德区福利来酒店傢具有限公司扩建项目建设项目环境影响报告书的批复.pdf,0.18,True,2025,佛山市顺德区福利来酒店傢具有限公司,佛环03环审〔2025〕181号佛山市生态环
E:\软件\2023-2026年顺德批复文件\2025_佛环03环审〔2025〕182号佛山市生态环境局关于佛山市顺德区万怡家居用品有限公司新建项目建设项目环境影响报告表的批复.pdf,2025_佛环03环审〔2025〕182号佛山市生态环境局关于佛山市顺德区万怡家居用品有限公司新建项目建设项目环境影响报告表的批复.pdf,0.17,True,2025,佛山市顺德区万怡家居用品有限公司,佛环03环审〔2025〕182号佛山市生态环
E:\软件\2023-2026年顺德批复文件\2025_佛环03环审〔2025〕183号佛山市生态环境局关于广东三朗家具有限公司新建项目建设项目环境影响报告书的批复.pdf,2025_佛环03环审〔2025〕183号佛山市生态环境局关于广东三朗家具有限公司新建项目建设项目环境影响报告书的批复.pdf,0.17,True,2025,广东三朗家具有限公司,佛环03环审〔2025〕183号佛山市生态环
E:\软件\2023-2026年顺德批复文件\2025_佛环03环审〔2025〕184号佛山市生态环境局关于广东联迪科电器实业有限公司新建项目建设项目环境影响报告表的批复.pdf,2025_佛环03环审〔2025〕184号佛山市生态环境局关于广东联迪科电器实业有限公司新建项目建设项目环境影响报告表的批复.pdf,0.15,True,2025,广东联迪科电器实业有限公司,佛环03环审〔2025〕184号佛山市生态环
E:\软件\2023-2026年顺德批复文件\2025_佛环03环审〔2025〕185号佛山市生态环境局关于佛山市顺德区冠明希科技有限公司建设项目建设项目环境影响报告表的批复.pdf,2025_佛环03环审〔2025〕185号佛山市生态环境局关于佛山市顺德区冠明希科技有限公司建设项目建设项目环境影响报告表的批复.pdf,0.11,True,2025,佛山市顺德区冠明希科技有限公司,佛环03环审〔2025〕185号佛山市生态环
E:\软件\2023-2026年顺德批复文件\2025_佛环03环审〔2025〕186号佛山市生态环境局关于广东赛那新材料科技有限公司新建项目建设项目环境影响报告表的批复.pdf,2025_佛环03环审〔2025〕186号佛山市生态环境局关于广东赛那新材料科技有限公司新建项目建设项目环境影响报告表的批复.pdf,0.15,True,2025,广东赛那新材料科技有限公司,佛环03环审〔2025〕186号佛山市生态环
E:\软件\2023-2026年顺德批复文件\2025_佛环03环审〔2025〕187号佛山市生态环境局关于佛山市顺德区勒流利博电器五金厂搬迁项目建设项目环境影响报告表的批复.pdf,2025_佛环03环审〔2025〕187号佛山市生态环境局关于佛山市顺德区勒流利博电器五金厂搬迁项目建设项目环境影响报告表的批复.pdf,0.15,True,2025,佛山市顺德区勒流利博电器五金厂搬迁项目,佛环03环审〔2025〕187号佛山市生态环
E:\软件\2023-2026年顺德批复文件\2025_佛环03环审〔2025〕188号佛山市生态环境局关于广东今凯电子科技有限公司新建项目建设项目环境影响报告表的批复.pdf,2025_佛环03环审〔2025〕188号佛山市生态环境局关于广东今凯电子科技有限公司新建项目建设项目环境影响报告表的批复.pdf,0.16,True,2025,广东今凯电子科技有限公司,佛环03环审〔2025〕188号佛山市生态环
E:\软件\2023-2026年顺德批复文件\2025_佛环03环审〔2025〕189号佛山市生态环境局关于广东日钢机械有限公司哥林柱智能装备研发制造基地建设项目建设项目环境影响报告表的批复.pdf,2025_佛环03环审〔2025〕189号佛山市生态环境局关于广东日钢机械有限公司哥林柱智能装备研发制造基地建设项目建设项目环境影响报告表的批复.pdf,0.16,True,2025,广东日钢机械有限公司哥林柱智能装备研发制造基地,佛环03环审〔2025〕189号佛山市生态环
E:\软件\2023-2026年顺德批复文件\2025_佛环03环审〔2025〕18号.pdf,2025_佛环03环审〔2025〕18号.pdf,0.16,True,2025,,佛环03环审〔2025〕18号.pdf
E:\软件\2023-2026年顺德批复文件\2025_佛环03环审〔2025〕190号佛山市生态环境局关于佛山市合盈丰新材料科技有限公司新建项目建设项目环境影响报告表的批复.pdf,2025_佛环03环审〔2025〕190号佛山市生态环境局关于佛山市合盈丰新材料科技有限公司新建项目建设项目环境影响报告表的批复.pdf,0.15,True,2025,佛山市合盈丰新材料科技有限公司,佛环03环审〔2025〕190号佛山市生态环
E:\软件\2023-2026年顺德批复文件\2025_佛环03环审〔2025〕191号佛山市生态环境局关于广东顺德添勇装潢印刷有限公司迁扩建项目建设项目环境影响报告表的批复.pdf,2025_佛环03环审〔2025〕191号佛山市生态环境局关于广东顺德添勇装潢印刷有限公司迁扩建项目建设项目环境影响报告表的批复.pdf,0.15,True,2025,广东顺德添勇装潢印刷有限公司迁,佛环03环审〔2025〕191号佛山市生态环
E:\软件\2023-2026年顺德批复文件\2025_佛环03环审〔2025〕192号佛山市生态环境局关于佛山市馨彩新材料科技有限公司迁扩建项目建设项目环境影响报告表的批复.pdf,2025_佛环03环审〔2025〕192号佛山市生态环境局关于佛山市馨彩新材料科技有限公司迁扩建项目建设项目环境影响报告表的批复.pdf,0.15,True,2025,佛山市馨彩新材料科技有限公司迁,佛环03环审〔2025〕192号佛山市生态环
E:\软件\2023-2026年顺德批复文件\2025_佛环03环审〔2025〕193号佛山市生态环境局关于佛山市臻牛金服科技有限公司新建项目建设项目环境影响报告表的批复.pdf,2025_佛环03环审〔2025〕193号佛山市生态环境局关于佛山市臻牛金服科技有限公司新建项目建设项目环境影响报告表的批复.pdf,0.16,True,2025,佛山市臻牛金服科技有限公司,佛环03环审〔2025〕193号佛山市生态环
E:\软件\2023-2026年顺德批复文件\2025_佛环03环审〔2025〕194号佛山市生态环境局关于佛山市赞誉印花有限公司新建项目建设项目环境影响报告表的批复.pdf,2025_佛环03环审〔2025〕194号佛山市生态环境局关于佛山市赞誉印花有限公司新建项目建设项目环境影响报告表的批复.pdf,0.15,True,2025,佛山市赞誉印花有限公司,佛环03环审〔2025〕194号佛山市生态环
E:\软件\2023-2026年顺德批复文件\2025_佛环03环审〔2025〕195号佛山市生态环境局关于佛山市顺德区豪朗展业电器有限公司迁改建项目建设项目环境影响报告表的批复.pdf,2025_佛环03环审〔2025〕195号佛山市生态环境局关于佛山市顺德区豪朗展业电器有限公司迁改建项目建设项目环境影响报告表的批复.pdf,0.16,True,2025,佛山市顺德区豪朗展业电器有限公司迁改建项目,佛环03环审〔2025〕195号佛山市生态环
E:\软件\2023-2026年顺德批复文件\2025_佛环03环审〔2025〕196号佛山市生态环境局关于顺德精密智造华南总部基地建设项目建设项目环境影响报告表的批复.pdf,2025_佛环03环审〔2025〕196号佛山市生态环境局关于顺德精密智造华南总部基地建设项目建设项目环境影响报告表的批复.pdf,0.16,True,2025,顺德精密智造华南总部基地,佛环03环审〔2025〕196号佛山市生态环
E:\软件\2023-2026年顺德批复文件\2025_佛环03环审〔2025〕197号佛山市生态环境局关于佛山亚俊氏真空科技有限公司新建项目建设项目环境影响报告表的批复.pdf,2025_佛环03环审〔2025〕197号佛山市生态环境局关于佛山亚俊氏真空科技有限公司新建项目建设项目环境影响报告表的批复.pdf,0.16,True,2025,佛山亚俊氏真空科技有限公司,佛环03环审〔2025〕197号佛山市生态环
E:\软件\2023-2026年顺德批复文件\2025_佛环03环审〔2025〕198号佛山市生态环境局关于佛山市顺德区畅一包装材料有限公司迁扩建项目建设项目环境影响报告表的批复.pdf,2025_佛环03环审〔2025〕198号佛山市生态环境局关于佛山市顺德区畅一包装材料有限公司迁扩建项目建设项目环境影响报告表的批复.pdf,0.15,True,2025,佛山市顺德区畅一包装材料有限公司迁,佛环03环审〔2025〕198号佛山市生态环
E:\软件\2023-2026年顺德批复文件\2025_佛环03环审〔2025〕199号佛山市生态环境局关于佛山市富利数码科技有限公司新建项目建设项目环境影响报告表的批复.pdf,2025_佛环03环审〔2025〕199号佛山市生态环境局关于佛山市富利数码科技有限公司新建项目建设项目环境影响报告表的批复.pdf,0.11,True,2025,佛山市富利数码科技有限公司,佛环03环审〔2025〕199号佛山市生态环
E:\软件\2023-2026年顺德批复文件\2025_佛环03环审〔2025〕19号.pdf,2025_佛环03环审〔2025〕19号.pdf,0.16,True,2025,,佛环03环审〔2025〕19号.pdf
E:\软件\2023-2026年顺德批复文件\2025_佛环03环审〔2025〕200号佛山市生态环境局关于佛山市鸿豪旺五金制品有限公司扩建项目建设项目环境影响报告表的批复.pdf,2025_佛环03环审〔2025〕200号佛山市生态环境局关于佛山市鸿豪旺五金制品有限公司扩建项目建设项目环境影响报告表的批复.pdf,0.15,True,2025,佛山市鸿豪旺五金制品有限公司,佛环03环审〔2025〕200号佛山市生态环
E:\软件\2023-2026年顺德批复文件\2025_佛环03环审〔2025〕201号佛山市生态环境局关于广东德尔玛健康科技有限公司智能小家电制造基地二期扩建项目建设项目环境影响报告表的批复.pdf,2025_佛环03环审〔2025〕201号佛山市生态环境局关于广东德尔玛健康科技有限公司智能小家电制造基地二期扩建项目建设项目环境影响报告表的批复.pdf,0.17,True,2025,广东德尔玛健康科技有限公司智能小家电制造基地二期,佛环03环审〔2025〕201号佛山市生态环
E:\软件\2023-2026年顺德批复文件\2025_佛环03环审〔2025〕202号佛山市生态环境局关于佛山市勇声金属表面处理有限公司新建项目建设项目环境影响报告表的批复.pdf,2025_佛环03环审〔2025〕202号佛山市生态环境局关于佛山市勇声金属表面处理有限公司新建项目建设项目环境影响报告表的批复.pdf,0.15,True,2025,佛山市勇声金属表面处理有限公司,佛环03环审〔2025〕202号佛山市生态环
E:\软件\2023-2026年顺德批复文件\2025_佛环03环审〔2025〕203号佛山市生态环境局关于佛山市衡远金属制品有限公司大良分公司新建项目建设项目环境影响报告表的批复.pdf,2025_佛环03环审〔2025〕203号佛山市生态环境局关于佛山市衡远金属制品有限公司大良分公司新建项目建设项目环境影响报告表的批复.pdf,0.11,True,2025,佛山市衡远金属制品有限公司大良分公司,佛环03环审〔2025〕203号佛山市生态环
E:\软件\2023-2026年顺德批复文件\2025_佛环03环审〔2025〕204号佛山市生态环境局关于广东百威电子有限公司分车间新建项目建设项目环境影响报告表的批复.pdf,2025_佛环03环审〔2025〕204号佛山市生态环境局关于广东百威电子有限公司分车间新建项目建设项目环境影响报告表的批复.pdf,0.14,True,2025,广东百威电子有限公司分车间,佛环03环审〔2025〕204号佛山市生态环
E:\软件\2023-2026年顺德批复文件\2025_佛环03环审〔2025〕205号佛山市生态环境局关于广东菲尼环保材料有限公司迁建项目建设项目环境影响报告表的批复.pdf,2025_佛环03环审〔2025〕205号佛山市生态环境局关于广东菲尼环保材料有限公司迁建项目建设项目环境影响报告表的批复.pdf,0.15,True,2025,广东菲尼环保材料有限公司,佛环03环审〔2025〕205号佛山市生态环
E:\软件\2023-2026年顺德批复文件\2025_佛环03环审〔2025〕206号佛山市生态环境局关于普利玛新材料（佛山）有限公司新建项目建设项目环境影响报告表的批复.pdf,2025_佛环03环审〔2025〕206号佛山市生态环境局关于普利玛新材料（佛山）有限公司新建项目建设项目环境影响报告表的批复.pdf,0.15,True,2025,普利玛新材料（佛山）有限公司,佛环03环审〔2025〕206号佛山市生态环
E:\软件\2023-2026年顺德批复文件\2025_佛环03环审〔2025〕207号佛山市生态环境局关于佛山市顺德区日洋电器有限公司新建项目建设项目环境影响报告表的批复.pdf,2025_佛环03环审〔2025〕207号佛山市生态环境局关于佛山市顺德区日洋电器有限公司新建项目建设项目环境影响报告表的批复.pdf,0.17,True,2025,佛山市顺德区日洋电器有限公司,佛环03环审〔2025〕207号佛山市生态环
E:\软件\2023-2026年顺德批复文件\2025_佛环03环审〔2025〕208号佛山市生态环境局关于佛山市华欣电子有限公司新建项目建设项目环境影响报告表的批复.pdf,2025_佛环03环审〔2025〕208号佛山市生态环境局关于佛山市华欣电子有限公司新建项目建设项目环境影响报告表的批复.pdf,0.15,True,2025,佛山市华欣电子有限公司,佛环03环审〔2025〕208号佛山市生态环
E:\软件\2023-2026年顺德批复文件\2025_佛环03环审〔2025〕209号佛山市生态环境局关于佛山迈亚科技有限公司改扩建项目建设项目环境影响报告表的批复.pdf,2025_佛环03环审〔2025〕209号佛山市生态环境局关于佛山迈亚科技有限公司改扩建项目建设项目环境影响报告表的批复.pdf,0.15,True,2025,佛山迈亚科技有限公司改,佛环03环审〔2025〕209号佛山市生态环
E:\软件\2023-2026年顺德批复文件\2025_佛环03环审〔2025〕20号.pdf,2025_佛环03环审〔2025〕20号.pdf,0.15,True,2025,,佛环03环审〔2025〕20号.pdf
E:\软件\2023-2026年顺德批复文件\2025_佛环03环审〔2025〕210号佛山市生态环境局关于佛山市睿芯电线电缆有限公司迁改扩建项目建设项目环境影响报告表的批复.pdf,2025_佛环03环审〔2025〕210号佛山市生态环境局关于佛山市睿芯电线电缆有限公司迁改扩建项目建设项目环境影响报告表的批复.pdf,0.16,True,2025,佛山市睿芯电线电缆有限公司迁改,佛环03环审〔2025〕210号佛山市生态环
E:\软件\2023-2026年顺德批复文件\2025_佛环03环审〔2025〕211号佛山市生态环境局关于佛山市鑫多宝科技有限公司新建项目建设项目环境影响报告表的批复.pdf,2025_佛环03环审〔2025〕211号佛山市生态环境局关于佛山市鑫多宝科技有限公司新建项目建设项目环境影响报告表的批复.pdf,0.14,True,2025,佛山市鑫多宝科技有限公司,佛环03环审〔2025〕211号佛山市生态环
E:\软件\2023-2026年顺德批复文件\2025_佛环03环审〔2025〕212号佛山市生态环境局关于佛山市顺德区铭三锋模具有限公司迁扩建项目建设项目环境影响报告表的批复.pdf,2025_佛环03环审〔2025〕212号佛山市生态环境局关于佛山市顺德区铭三锋模具有限公司迁扩建项目建设项目环境影响报告表的批复.pdf,0.15,True,2025,佛山市顺德区铭三锋模具有限公司迁,佛环03环审〔2025〕212号佛山市生态环
E:\软件\2023-2026年顺德批复文件\2025_佛环03环审〔2025〕213号佛山市生态环境局关于佛山市亿乾智能科技有限公司新建项目建设项目环境影响报告表的批复.pdf,2025_佛环03环审〔2025〕213号佛山市生态环境局关于佛山市亿乾智能科技有限公司新建项目建设项目环境影响报告表的批复.pdf,0.16,True,2025,佛山市亿乾智能科技有限公司,佛环03环审〔2025〕213号佛山市生态环
E:\软件\2023-2026年顺德批复文件\2025_佛环03环审〔2025〕214号佛山市生态环境局关于佛山市顺德区彩立方标牌有限公司迁改建项目建设项目环境影响报告表的批复.pdf,2025_佛环03环审〔2025〕214号佛山市生态环境局关于佛山市顺德区彩立方标牌有限公司迁改建项目建设项目环境影响报告表的批复.pdf,0.15,True,2025,佛山市顺德区彩立方标牌有限公司迁改建项目,佛环03环审〔2025〕214号佛山市生态环
E:\软件\2023-2026年顺德批复文件\2025_佛环03环审〔2025〕215号佛山市生态环境局关于佛山市顺德区施恩电气有限公司迁扩建项目建设项目环境影响报告表的批复.pdf,2025_佛环03环审〔2025〕215号佛山市生态环境局关于佛山市顺德区施恩电气有限公司迁扩建项目建设项目环境影响报告表的批复.pdf,0.15,True,2025,佛山市顺德区施恩电气有限公司迁,佛环03环审〔2025〕215号佛山市生态环
E:\软件\2023-2026年顺德批复文件\2025_佛环03环审〔2025〕216号佛山市生态环境局关于广东华德峰塑料包装有限公司勒流分公司新建项目建设项目环境影响报告表的批复.pdf,2025_佛环03环审〔2025〕216号佛山市生态环境局关于广东华德峰塑料包装有限公司勒流分公司新建项目建设项目环境影响报告表的批复.pdf,0.16,True,2025,广东华德峰塑料包装有限公司勒流分公司,佛环03环审〔2025〕216号佛山市生态环
E:\软件\2023-2026年顺德批复文件\2025_佛环03环审〔2025〕217号佛山市生态环境局关于佛山韩纳电子实业有限公司新建项目建设项目环境影响报告表的批复.pdf,2025_佛环03环审〔2025〕217号佛山市生态环境局关于佛山韩纳电子实业有限公司新建项目建设项目环境影响报告表的批复.pdf,0.11,True,2025,佛山韩纳电子实业有限公司,佛环03环审〔2025〕217号佛山市生态环
E:\软件\2023-2026年顺德批复文件\2025_佛环03环审〔2025〕218号佛山市生态环境局关于佛山市洁源顺金属制品有限公司重新报批项目建设项目环境影响报告表的批复.pdf,2025_佛环03环审〔2025〕218号佛山市生态环境局关于佛山市洁源顺金属制品有限公司重新报批项目建设项目环境影响报告表的批复.pdf,0.16,True,2025,佛山市洁源顺金属制品有限公司重新报批项目,佛环03环审〔2025〕218号佛山市生态环
E:\软件\2023-2026年顺德批复文件\2025_佛环03环审〔2025〕219号佛山市生态环境局关于佛山市顺德区持之以恒电子厂新建项目建设项目环境影响报告表的批复.pdf,2025_佛环03环审〔2025〕219号佛山市生态环境局关于佛山市顺德区持之以恒电子厂新建项目建设项目环境影响报告表的批复.pdf,0.15,True,2025,佛山市顺德区持之以恒电子厂,佛环03环审〔2025〕219号佛山市生态环
E:\软件\2023-2026年顺德批复文件\2025_佛环03环审〔2025〕21号.pdf,2025_佛环03环审〔2025〕21号.pdf,0.15,True,2025,,佛环03环审〔2025〕21号.pdf
E:\软件\2023-2026年顺德批复文件\2025_佛环03环审〔2025〕220号佛山市生态环境局关于佛山市鑫发顺不锈钢有限公司新建项目建设项目环境影响报告表的批复.pdf,2025_佛环03环审〔2025〕220号佛山市生态环境局关于佛山市鑫发顺不锈钢有限公司新建项目建设项目环境影响报告表的批复.pdf,0.15,True,2025,佛山市鑫发顺不锈钢有限公司,佛环03环审〔2025〕220号佛山市生态环
E:\软件\2023-2026年顺德批复文件\2025_佛环03环审〔2025〕221号佛山市生态环境局关于佛山市顺德区安驰实业有限公司扩建项目建设项目环境影响报告表的批复.pdf,2025_佛环03环审〔2025〕221号佛山市生态环境局关于佛山市顺德区安驰实业有限公司扩建项目建设项目环境影响报告表的批复.pdf,0.15,True,2025,佛山市顺德区安驰实业有限公司,佛环03环审〔2025〕221号佛山市生态环
E:\软件\2023-2026年顺德批复文件\2025_佛环03环审〔2025〕222号佛山市生态环境局关于佛山市精思拓塑胶制品有限公司迁改扩建项目建设项目环境影响报告表的批复.pdf,2025_佛环03环审〔2025〕222号佛山市生态环境局关于佛山市精思拓塑胶制品有限公司迁改扩建项目建设项目环境影响报告表的批复.pdf,0.15,True,2025,佛山市精思拓塑胶制品有限公司迁改,佛环03环审〔2025〕222号佛山市生态环
E:\软件\2023-2026年顺德批复文件\2025_佛环03环审〔2025〕223号佛山市生态环境局关于佛山市顺德区麦克苏五金电器有限公司新建项目建设项目环境影响报告表的批复.pdf,2025_佛环03环审〔2025〕223号佛山市生态环境局关于佛山市顺德区麦克苏五金电器有限公司新建项目建设项目环境影响报告表的批复.pdf,0.15,True,2025,佛山市顺德区麦克苏五金电器有限公司,佛环03环审〔2025〕223号佛山市生态环
E:\软件\2023-2026年顺德批复文件\2025_佛环03环审〔2025〕224号佛山市生态环境局关于佛山市威铭硅胶制品有限公司建设项目建设项目环境影响报告表的批复.pdf,2025_佛环03环审〔2025〕224号佛山市生态环境局关于佛山市威铭硅胶制品有限公司建设项目建设项目环境影响报告表的批复.pdf,0.14,True,2025,佛山市威铭硅胶制品有限公司,佛环03环审〔2025〕224号佛山市生态环
E:\软件\2023-2026年顺德批复文件\2025_佛环03环审〔2025〕225号佛山市生态环境局关于佛山市顺德区科本电器有限公司迁扩建项目建设项目环境影响报告表的批复.pdf,2025_佛环03环审〔2025〕225号佛山市生态环境局关于佛山市顺德区科本电器有限公司迁扩建项目建设项目环境影响报告表的批复.pdf,0.15,True,2025,佛山市顺德区科本电器有限公司迁,佛环03环审〔2025〕225号佛山市生态环
E:\软件\2023-2026年顺德批复文件\2025_佛环03环审〔2025〕226号佛山市生态环境局关于佛山市同创顺模具有限公司新建项目建设项目环境影响报告表的批复.pdf,2025_佛环03环审〔2025〕226号佛山市生态环境局关于佛山市同创顺模具有限公司新建项目建设项目环境影响报告表的批复.pdf,0.15,True,2025,佛山市同创顺模具有限公司,佛环03环审〔2025〕226号佛山市生态环
E:\软件\2023-2026年顺德批复文件\2025_佛环03环审〔2025〕227号佛山市生态环境局关于佛山憬源磁性材料有限公司建设项目建设项目环境影响报告表的批复.pdf,2025_佛环03环审〔2025〕227号佛山市生态环境局关于佛山憬源磁性材料有限公司建设项目建设项目环境影响报告表的批复.pdf,0.15,True,2025,佛山憬源磁性材料有限公司,佛环03环审〔2025〕227号佛山市生态环
E:\软件\2023-2026年顺德批复文件\2025_佛环03环审〔2025〕228号佛山市生态环境局关于广东新键宇仓储设备有限公司新建项目建设项目环境影响报告表的批复.pdf,2025_佛环03环审〔2025〕228号佛山市生态环境局关于广东新键宇仓储设备有限公司新建项目建设项目环境影响报告表的批复.pdf,0.16,True,2025,广东新键宇仓储设备有限公司,佛环03环审〔2025〕228号佛山市生态环
E:\软件\2023-2026年顺德批复文件\2025_佛环03环审〔2025〕229号佛山市生态环境局关于佛山市大黄蜂模型科技有限公司顺德分公司新建项目建设项目环境影响报告表的批复.pdf,2025_佛环03环审〔2025〕229号佛山市生态环境局关于佛山市大黄蜂模型科技有限公司顺德分公司新建项目建设项目环境影响报告表的批复.pdf,0.16,True,2025,佛山市大黄蜂模型科技有限公司顺德分公司,佛环03环审〔2025〕229号佛山市生态环
E:\软件\2023-2026年顺德批复文件\2025_佛环03环审〔2025〕22号.pdf,2025_佛环03环审〔2025〕22号.pdf,0.15,True,2025,,佛环03环审〔2025〕22号.pdf
E:\软件\2023-2026年顺德批复文件\2025_佛环03环审〔2025〕230号佛山市生态环境局关于佛山市顺德区北滘镇坤州智盛电器实业有限公司第一分公司新建项目建设项目环境影响报告表的批复.pdf,2025_佛环03环审〔2025〕230号佛山市生态环境局关于佛山市顺德区北滘镇坤州智盛电器实业有限公司第一分公司新建项目建设项目环境影响报告表的批复.pdf,0.16,True,2025,佛山市顺德区北滘镇坤州智盛电器实业有限公司第一分公司,佛环03环审〔2025〕230号佛山市生态环
E:\软件\2023-2026年顺德批复文件\2025_佛环03环审〔2025〕231号佛山市生态环境局关于佛山市顺德鑫还宝资源利用有限公司废弃电动自行车拆解技术改造项目建设项目环境影响报告表的批复.pdf,2025_佛环03环审〔2025〕231号佛山市生态环境局关于佛山市顺德鑫还宝资源利用有限公司废弃电动自行车拆解技术改造项目建设项目环境影响报告表的批复.pdf,0.14,True,2025,佛山市顺德鑫还宝资源利用有限公司废弃电动自行车拆解,佛环03环审〔2025〕231号佛山市生态环
E:\软件\2023-2026年顺德批复文件\2025_佛环03环审〔2025〕232号佛山市生态环境局关于广东奥荣电器有限公司扩建项目建设项目环境影响报告表的批复.pdf,2025_佛环03环审〔2025〕232号佛山市生态环境局关于广东奥荣电器有限公司扩建项目建设项目环境影响报告表的批复.pdf,0.17,True,2025,广东奥荣电器有限公司,佛环03环审〔2025〕232号佛山市生态环
E:\软件\2023-2026年顺德批复文件\2025_佛环03环审〔2025〕233号佛山市生态环境局关于佛山市南材高分子材料科技有限公司新建项目建设项目环境影响报告表的批复.pdf,2025_佛环03环审〔2025〕233号佛山市生态环境局关于佛山市南材高分子材料科技有限公司新建项目建设项目环境影响报告表的批复.pdf,0.15,True,2025,佛山市南材高分子材料科技有限公司,佛环03环审〔2025〕233号佛山市生态环
E:\软件\2023-2026年顺德批复文件\2025_佛环03环审〔2025〕234号佛山市生态环境局关于佛山市鑫真旺塑料制品有限公司新建项目建设项目环境影响报告表的批复.pdf,2025_佛环03环审〔2025〕234号佛山市生态环境局关于佛山市鑫真旺塑料制品有限公司新建项目建设项目环境影响报告表的批复.pdf,0.15,True,2025,佛山市鑫真旺塑料制品有限公司,佛环03环审〔2025〕234号佛山市生态环
E:\软件\2023-2026年顺德批复文件\2025_佛环03环审〔2025〕235号佛山市生态环境局关于佛山市柏维美包装材料有限公司新建项目建设项目环境影响报告表的批复.pdf,2025_佛环03环审〔2025〕235号佛山市生态环境局关于佛山市柏维美包装材料有限公司新建项目建设项目环境影响报告表的批复.pdf,0.15,True,2025,佛山市柏维美包装材料有限公司,佛环03环审〔2025〕235号佛山市生态环
E:\软件\2023-2026年顺德批复文件\2025_佛环03环审〔2025〕236号佛山市生态环境局关于佛山市双马驰腾科技有限公司新建项目建设项目环境影响报告表的批复.pdf,2025_佛环03环审〔2025〕236号佛山市生态环境局关于佛山市双马驰腾科技有限公司新建项目建设项目环境影响报告表的批复.pdf,0.15,True,2025,佛山市双马驰腾科技有限公司,佛环03环审〔2025〕236号佛山市生态环
E:\软件\2023-2026年顺德批复文件\2025_佛环03环审〔2025〕237号佛山市生态环境局关于佛山市顺德区汉蒲电器科技有限公司迁扩建项目建设项目环境影响报告表的批复.pdf,2025_佛环03环审〔2025〕237号佛山市生态环境局关于佛山市顺德区汉蒲电器科技有限公司迁扩建项目建设项目环境影响报告表的批复.pdf,0.16,True,2025,佛山市顺德区汉蒲电器科技有限公司迁,佛环03环审〔2025〕237号佛山市生态环
E:\软件\2023-2026年顺德批复文件\2025_佛环03环审〔2025〕238号佛山市生态环境局关于佛山市力桓电器科技有限公司新建项目建设项目环境影响报告表的批复.pdf,2025_佛环03环审〔2025〕238号佛山市生态环境局关于佛山市力桓电器科技有限公司新建项目建设项目环境影响报告表的批复.pdf,0.15,True,2025,佛山市力桓电器科技有限公司,佛环03环审〔2025〕238号佛山市生态环
E:\软件\2023-2026年顺德批复文件\2025_佛环03环审〔2025〕239号佛山市生态环境局关于佛山市凯泓东科技有限公司新建项目建设项目环境影响报告表的批复.pdf,2025_佛环03环审〔2025〕239号佛山市生态环境局关于佛山市凯泓东科技有限公司新建项目建设项目环境影响报告表的批复.pdf,0.15,True,2025,佛山市凯泓东科技有限公司,佛环03环审〔2025〕239号佛山市生态环
E:\软件\2023-2026年顺德批复文件\2025_佛环03环审〔2025〕240号佛山市生态环境局关于佛山市嘉合精研新材料科技有限公司新建项目建设项目环境影响报告表的批复.pdf,2025_佛环03环审〔2025〕240号佛山市生态环境局关于佛山市嘉合精研新材料科技有限公司新建项目建设项目环境影响报告表的批复.pdf,0.15,True,2025,佛山市嘉合精研新材料科技有限公司,佛环03环审〔2025〕240号佛山市生态环
E:\软件\2023-2026年顺德批复文件\2025_佛环03环审〔2025〕241号佛山市生态环境局关于佛山市定向降解塑料制品有限公司迁改扩建项目建设项目环境影响报告表的批复.pdf,2025_佛环03环审〔2025〕241号佛山市生态环境局关于佛山市定向降解塑料制品有限公司迁改扩建项目建设项目环境影响报告表的批复.pdf,0.15,True,2025,佛山市定向降解塑料制品有限公司迁改,佛环03环审〔2025〕241号佛山市生态环
E:\软件\2023-2026年顺德批复文件\2025_佛环03环审〔2025〕242号佛山市生态环境局关于广东盈丰达新材料有限公司新建项目建设项目环境影响报告表的批复.pdf,2025_佛环03环审〔2025〕242号佛山市生态环境局关于广东盈丰达新材料有限公司新建项目建设项目环境影响报告表的批复.pdf,0.15,True,2025,广东盈丰达新材料有限公司,佛环03环审〔2025〕242号佛山市生态环
E:\软件\2023-2026年顺德批复文件\2025_佛环03环审〔2025〕243号佛山市生态环境局关于佛山市晨皓智能电子有限公司扩建项目建设项目环境影响报告表的批复.pdf,2025_佛环03环审〔2025〕243号佛山市生态环境局关于佛山市晨皓智能电子有限公司扩建项目建设项目环境影响报告表的批复.pdf,0.15,True,2025,佛山市晨皓智能电子有限公司,佛环03环审〔2025〕243号佛山市生态环
E:\软件\2023-2026年顺德批复文件\2025_佛环03环审〔2025〕244号佛山市生态环境局关于佛山拓棒新材料科技有限公司新建项目建设项目环境影响报告表的批复.pdf,2025_佛环03环审〔2025〕244号佛山市生态环境局关于佛山拓棒新材料科技有限公司新建项目建设项目环境影响报告表的批复.pdf,0.15,True,2025,佛山拓棒新材料科技有限公司,佛环03环审〔2025〕244号佛山市生态环
E:\软件\2023-2026年顺德批复文件\2025_佛环03环审〔2025〕245号佛山市生态环境局关于佛山市爱拉宝科技有限公司新建项目建设项目环境影响报告表的批复.pdf,2025_佛环03环审〔2025〕245号佛山市生态环境局关于佛山市爱拉宝科技有限公司新建项目建设项目环境影响报告表的批复.pdf,0.15,True,2025,佛山市爱拉宝科技有限公司,佛环03环审〔2025〕245号佛山市生态环
E:\软件\2023-2026年顺德批复文件\2025_佛环03环审〔2025〕246号佛山市生态环境局关于佛山市酷灵热系统技术有限公司新建项目建设项目环境影响报告表的批复.pdf,2025_佛环03环审〔2025〕246号佛山市生态环境局关于佛山市酷灵热系统技术有限公司新建项目建设项目环境影响报告表的批复.pdf,0.15,True,2025,佛山市酷灵热系统,佛环03环审〔2025〕246号佛山市生态环
E:\软件\2023-2026年顺德批复文件\2025_佛环03环审〔2025〕247号佛山市生态环境局关于佛山市顺德区源峰电子有限公司迁扩建项目建设项目环境影响报告表的批复.pdf,2025_佛环03环审〔2025〕247号佛山市生态环境局关于佛山市顺德区源峰电子有限公司迁扩建项目建设项目环境影响报告表的批复.pdf,0.15,True,2025,佛山市顺德区源峰电子有限公司迁,佛环03环审〔2025〕247号佛山市生态环
E:\软件\2023-2026年顺德批复文件\2025_佛环03环审〔2025〕248号佛山市生态环境局关于佛山市顺德区尚臻五金实业有限公司新建项目建设项目环境影响报告表的批复.pdf,2025_佛环03环审〔2025〕248号佛山市生态环境局关于佛山市顺德区尚臻五金实业有限公司新建项目建设项目环境影响报告表的批复.pdf,0.16,True,2025,佛山市顺德区尚臻五金实业有限公司,佛环03环审〔2025〕248号佛山市生态环
E:\软件\2023-2026年顺德批复文件\2025_佛环03环审〔2025〕249号佛山市生态环境局关于广东海通达包装有限公司建设项目建设项目环境影响报告表的批复.pdf,2025_佛环03环审〔2025〕249号佛山市生态环境局关于广东海通达包装有限公司建设项目建设项目环境影响报告表的批复.pdf,0.15,True,2025,广东海通达包装有限公司,佛环03环审〔2025〕249号佛山市生态环
E:\软件\2023-2026年顺德批复文件\2025_佛环03环审〔2025〕250号佛山市生态环境局关于佛山市顺德区容桂铭鸿燃具有限公司改扩建项目建设项目环境影响报告表的批复.pdf,2025_佛环03环审〔2025〕250号佛山市生态环境局关于佛山市顺德区容桂铭鸿燃具有限公司改扩建项目建设项目环境影响报告表的批复.pdf,0.15,True,2025,佛山市顺德区容桂铭鸿燃具有限公司改,佛环03环审〔2025〕250号佛山市生态环
E:\软件\2023-2026年顺德批复文件\2025_佛环03环审〔2025〕251号佛山市生态环境局关于佛山市顺德区君兴金属制品有限公司新建项目建设项目环境影响报告表的批复.pdf,2025_佛环03环审〔2025〕251号佛山市生态环境局关于佛山市顺德区君兴金属制品有限公司新建项目建设项目环境影响报告表的批复.pdf,0.16,True,2025,佛山市顺德区君兴金属制品有限公司,佛环03环审〔2025〕251号佛山市生态环
E:\软件\2023-2026年顺德批复文件\2025_佛环03环审〔2025〕252号佛山市生态环境局关于佛山市顺德区乔晶电子股份有限公司迁改建项目建设项目环境影响报告表的批复.pdf,2025_佛环03环审〔2025〕252号佛山市生态环境局关于佛山市顺德区乔晶电子股份有限公司迁改建项目建设项目环境影响报告表的批复.pdf,0.15,True,2025,佛山市顺德区乔晶电子股份有限公司迁改建项目,佛环03环审〔2025〕252号佛山市生态环
E:\软件\2023-2026年顺德批复文件\2025_佛环03环审〔2025〕253号佛山市生态环境局关于顺德区均安镇启欣印花厂新建项目建设项目环境影响报告表的批复.pdf,2025_佛环03环审〔2025〕253号佛山市生态环境局关于顺德区均安镇启欣印花厂新建项目建设项目环境影响报告表的批复.pdf,0.16,True,2025,顺德区均安镇启欣印花厂,佛环03环审〔2025〕253号佛山市生态环
E:\软件\2023-2026年顺德批复文件\2025_佛环03环审〔2025〕254号佛山市生态环境局关于佛山市汉立电子科技有限公司重新报批项目建设项目环境影响报告表的批复.pdf,2025_佛环03环审〔2025〕254号佛山市生态环境局关于佛山市汉立电子科技有限公司重新报批项目建设项目环境影响报告表的批复.pdf,0.16,True,2025,佛山市汉立电子科技有限公司重新报批项目,佛环03环审〔2025〕254号佛山市生态环
E:\软件\2023-2026年顺德批复文件\2025_佛环03环审〔2025〕255号佛山市生态环境局关于佛山市焱锋服装有限公司新建项目建设项目环境影响报告表的批复.pdf,2025_佛环03环审〔2025〕255号佛山市生态环境局关于佛山市焱锋服装有限公司新建项目建设项目环境影响报告表的批复.pdf,0.16,True,2025,佛山市焱锋服装有限公司,佛环03环审〔2025〕255号佛山市生态环
E:\软件\2023-2026年顺德批复文件\2025_佛环03环审〔2025〕256号佛山市生态环境局关于佛山市顺德区源峰五金电器有限公司迁扩建项目建设项目环境影响报告表的批复.pdf,2025_佛环03环审〔2025〕256号佛山市生态环境局关于佛山市顺德区源峰五金电器有限公司迁扩建项目建设项目环境影响报告表的批复.pdf,0.16,True,2025,佛山市顺德区源峰五金电器有限公司迁,佛环03环审〔2025〕256号佛山市生态环
E:\软件\2023-2026年顺德批复文件\2025_佛环03环审〔2025〕257号佛山市生态环境局关于恒顺杰公司电子产业园项目建设项目环境影响报告表的批复.pdf,2025_佛环03环审〔2025〕257号佛山市生态环境局关于恒顺杰公司电子产业园项目建设项目环境影响报告表的批复.pdf,0.16,True,2025,恒顺杰公司电子产业园项目,佛环03环审〔2025〕257号佛山市生态环
E:\软件\2023-2026年顺德批复文件\2025_佛环03环审〔2025〕258号佛山市生态环境局关于佛山市易达精密科技有限公司改扩建项目建设项目环境影响报告表的批复.pdf,2025_佛环03环审〔2025〕258号佛山市生态环境局关于佛山市易达精密科技有限公司改扩建项目建设项目环境影响报告表的批复.pdf,0.15,True,2025,佛山市易达精密科技有限公司改,佛环03环审〔2025〕258号佛山市生态环
E:\软件\2023-2026年顺德批复文件\2025_佛环03环审〔2025〕259号佛山市生态环境局关于佛山市顺德区勒流众三达不锈钢表面处理厂锅炉技改项目建设项目环境影响报告表的批复.pdf,2025_佛环03环审〔2025〕259号佛山市生态环境局关于佛山市顺德区勒流众三达不锈钢表面处理厂锅炉技改项目建设项目环境影响报告表的批复.pdf,0.14,True,2025,佛山市顺德区勒流众三达不锈钢表面处理厂锅炉,佛环03环审〔2025〕259号佛山市生态环
E:\软件\2023-2026年顺德批复文件\2025_佛环03环审〔2025〕260号佛山市生态环境局关于佛山市顺德区哥力电器有限公司搬迁项目建设项目环境影响报告表的批复.pdf,2025_佛环03环审〔2025〕260号佛山市生态环境局关于佛山市顺德区哥力电器有限公司搬迁项目建设项目环境影响报告表的批复.pdf,0.15,True,2025,佛山市顺德区哥力电器有限公司搬迁项目,佛环03环审〔2025〕260号佛山市生态环
E:\软件\2023-2026年顺德批复文件\2025_佛环03环审〔2025〕261号佛山市生态环境局关于佛山市顺德区勒流镇德星电器有限公司搬迁项目建设项目环境影响报告表的批复.pdf,2025_佛环03环审〔2025〕261号佛山市生态环境局关于佛山市顺德区勒流镇德星电器有限公司搬迁项目建设项目环境影响报告表的批复.pdf,0.15,True,2025,佛山市顺德区勒流镇德星电器有限公司搬迁项目,佛环03环审〔2025〕261号佛山市生态环
E:\软件\2023-2026年顺德批复文件\2025_佛环03环审〔2025〕262号佛山市生态环境局关于佛山市嘉炫兴包装实业股份有限公司改扩建项目建设项目环境影响报告表的批复.pdf,2025_佛环03环审〔2025〕262号佛山市生态环境局关于佛山市嘉炫兴包装实业股份有限公司改扩建项目建设项目环境影响报告表的批复.pdf,0.16,True,2025,佛山市嘉炫兴包装实业股份有限公司改,佛环03环审〔2025〕262号佛山市生态环
E:\软件\2023-2026年顺德批复文件\2025_佛环03环审〔2025〕263号佛山市生态环境局关于佛山市顺德区锦誉模具配件厂迁建项目建设项目环境影响报告表的批复.pdf,2025_佛环03环审〔2025〕263号佛山市生态环境局关于佛山市顺德区锦誉模具配件厂迁建项目建设项目环境影响报告表的批复.pdf,0.14,True,2025,佛山市顺德区锦誉模具配件厂,佛环03环审〔2025〕263号佛山市生态环
E:\软件\2023-2026年顺德批复文件\2025_佛环03环审〔2025〕264号佛山市生态环境局关于佛山市顺德区维鑫源生物技术有限公司新建项目建设项目环境影响报告表的批复.pdf,2025_佛环03环审〔2025〕264号佛山市生态环境局关于佛山市顺德区维鑫源生物技术有限公司新建项目建设项目环境影响报告表的批复.pdf,0.15,True,2025,佛山市顺德区维鑫源生物,佛环03环审〔2025〕264号佛山市生态环
E:\软件\2023-2026年顺德批复文件\2025_佛环03环审〔2025〕265号佛山市生态环境局关于广东顺德明卿木业有限公司新建项目建设项目环境影响报告表的批复.pdf,2025_佛环03环审〔2025〕265号佛山市生态环境局关于广东顺德明卿木业有限公司新建项目建设项目环境影响报告表的批复.pdf,0.15,True,2025,广东顺德明卿木业有限公司,佛环03环审〔2025〕265号佛山市生态环
E:\软件\2023-2026年顺德批复文件\2025_佛环03环审〔2025〕266号佛山市生态环境局关于佛山市聚合荣印花有限公司新建项目建设项目环境影响报告表的批复.pdf,2025_佛环03环审〔2025〕266号佛山市生态环境局关于佛山市聚合荣印花有限公司新建项目建设项目环境影响报告表的批复.pdf,0.16,True,2025,佛山市聚合荣印花有限公司,佛环03环审〔2025〕266号佛山市生态环
E:\软件\2023-2026年顺德批复文件\2025_佛环03环审〔2025〕267号佛山市生态环境局关于佛山市顺德区卓宏塑料制品有限公司新建项目建设项目环境影响报告表的批复.pdf,2025_佛环03环审〔2025〕267号佛山市生态环境局关于佛山市顺德区卓宏塑料制品有限公司新建项目建设项目环境影响报告表的批复.pdf,0.15,True,2025,佛山市顺德区卓宏塑料制品有限公司,佛环03环审〔2025〕267号佛山市生态环
E:\软件\2023-2026年顺德批复文件\2025_佛环03环审〔2025〕268号佛山市生态环境局关于佛山市兴品舜电子有限公司新建项目建设项目环境影响报告表的批复.pdf,2025_佛环03环审〔2025〕268号佛山市生态环境局关于佛山市兴品舜电子有限公司新建项目建设项目环境影响报告表的批复.pdf,0.15,True,2025,佛山市兴品舜电子有限公司,佛环03环审〔2025〕268号佛山市生态环
E:\软件\2023-2026年顺德批复文件\2025_佛环03环审〔2025〕269号佛山市生态环境局关于佛山市鼎卓模具科技有限公司新建项目建设项目环境影响报告表的批复.pdf,2025_佛环03环审〔2025〕269号佛山市生态环境局关于佛山市鼎卓模具科技有限公司新建项目建设项目环境影响报告表的批复.pdf,0.15,True,2025,佛山市鼎卓模具科技有限公司,佛环03环审〔2025〕269号佛山市生态环
E:\软件\2023-2026年顺德批复文件\2025_佛环03环审〔2025〕270号佛山市生态环境局关于佛山市龙跃新元新材料科技有限公司新建项目建设项目环境影响报告表的批复.pdf,2025_佛环03环审〔2025〕270号佛山市生态环境局关于佛山市龙跃新元新材料科技有限公司新建项目建设项目环境影响报告表的批复.pdf,0.15,True,2025,佛山市龙跃新元新材料科技有限公司,佛环03环审〔2025〕270号佛山市生态环
E:\软件\2023-2026年顺德批复文件\2025_佛环03环审〔2025〕272号佛山市生态环境局关于佛山市越程模塑科技有限公司新建项目建设项目环境影响报告表的批复.pdf,2025_佛环03环审〔2025〕272号佛山市生态环境局关于佛山市越程模塑科技有限公司新建项目建设项目环境影响报告表的批复.pdf,0.15,True,2025,佛山市越程模塑科技有限公司,佛环03环审〔2025〕272号佛山市生态环
E:\软件\2023-2026年顺德批复文件\2025_佛环03环审〔2025〕273号佛山市生态环境局关于佛山市顺德区灏配电器实业有限公司迁扩建项目建设项目环境影响报告表的批复.pdf,2025_佛环03环审〔2025〕273号佛山市生态环境局关于佛山市顺德区灏配电器实业有限公司迁扩建项目建设项目环境影响报告表的批复.pdf,0.15,True,2025,佛山市顺德区灏配电器实业有限公司迁,佛环03环审〔2025〕273号佛山市生态环
E:\软件\2023-2026年顺德批复文件\2025_佛环03环审〔2025〕274号佛山市生态环境局关于佛山市顺德区辉阳橡胶制品厂新建项目建设项目环境影响报告表的批复.pdf,2025_佛环03环审〔2025〕274号佛山市生态环境局关于佛山市顺德区辉阳橡胶制品厂新建项目建设项目环境影响报告表的批复.pdf,0.15,True,2025,佛山市顺德区辉阳橡胶制品厂,佛环03环审〔2025〕274号佛山市生态环
E:\软件\2023-2026年顺德批复文件\2025_佛环03环审〔2025〕275号佛山市生态环境局关于佛山利凯仕生物科技有限公司迁扩建项目建设项目环境影响报告表的批复.pdf,2025_佛环03环审〔2025〕275号佛山市生态环境局关于佛山利凯仕生物科技有限公司迁扩建项目建设项目环境影响报告表的批复.pdf,0.15,True,2025,佛山利凯仕生物科技有限公司迁,佛环03环审〔2025〕275号佛山市生态环
E:\软件\2023-2026年顺德批复文件\2025_佛环03环审〔2025〕276号佛山市生态环境局关于佛山市悦音科技有限公司新建项目建设项目环境影响报告表的批复.pdf,2025_佛环03环审〔2025〕276号佛山市生态环境局关于佛山市悦音科技有限公司新建项目建设项目环境影响报告表的批复.pdf,0.15,True,2025,佛山市悦音科技有限公司,佛环03环审〔2025〕276号佛山市生态环
E:\软件\2023-2026年顺德批复文件\2025_佛环03环审〔2025〕277号佛山市生态环境局关于佛山市传凤金属有限公司新建项目重新报批建设项目环境影响报告表的批复.pdf,2025_佛环03环审〔2025〕277号佛山市生态环境局关于佛山市传凤金属有限公司新建项目重新报批建设项目环境影响报告表的批复.pdf,0.14,True,2025,佛山市传凤金属有限公司,佛环03环审〔2025〕277号佛山市生态环
E:\软件\2023-2026年顺德批复文件\2025_佛环03环审〔2025〕278号佛山市生态环境局关于阳润科技（广东）有限公司新建项目建设项目环境影响报告表的批复.pdf,2025_佛环03环审〔2025〕278号佛山市生态环境局关于阳润科技（广东）有限公司新建项目建设项目环境影响报告表的批复.pdf,0.15,True,2025,阳润科技（广东）有限公司,佛环03环审〔2025〕278号佛山市生态环
E:\软件\2023-2026年顺德批复文件\2025_佛环03环审〔2025〕279号佛山市生态环境局关于佛山市活力源电子科技有限公司搬迁扩建项目建设项目环境影响报告表的批复.pdf,2025_佛环03环审〔2025〕279号佛山市生态环境局关于佛山市活力源电子科技有限公司搬迁扩建项目建设项目环境影响报告表的批复.pdf,0.16,True,2025,佛山市活力源电子科技有限公司搬迁,佛环03环审〔2025〕279号佛山市生态环
E:\软件\2023-2026年顺德批复文件\2025_佛环03环审〔2025〕282号佛山市生态环境局关于佛山市美捷远新材料有限公司新建项目建设项目环境影响报告表的批复.pdf,2025_佛环03环审〔2025〕282号佛山市生态环境局关于佛山市美捷远新材料有限公司新建项目建设项目环境影响报告表的批复.pdf,0.15,True,2025,佛山市美捷远新材料有限公司,佛环03环审〔2025〕282号佛山市生态环
E:\软件\2023-2026年顺德批复文件\2025_佛环03环审〔2025〕283号佛山市生态环境局关于佛山市顺德区明哥燃具有限公司新建项目建设项目环境影响报告表的批复.pdf,2025_佛环03环审〔2025〕283号佛山市生态环境局关于佛山市顺德区明哥燃具有限公司新建项目建设项目环境影响报告表的批复.pdf,0.14,True,2025,佛山市顺德区明哥燃具有限公司,佛环03环审〔2025〕283号佛山市生态环
E:\软件\2023-2026年顺德批复文件\2025_佛环03环审〔2025〕284号佛山市生态环境局关于佛山市顺德区福兴特机械配件有限公司迁改建项目建设项目环境影响报告表的批复.pdf,2025_佛环03环审〔2025〕284号佛山市生态环境局关于佛山市顺德区福兴特机械配件有限公司迁改建项目建设项目环境影响报告表的批复.pdf,0.15,True,2025,佛山市顺德区福兴特机械配件有限公司迁改建项目,佛环03环审〔2025〕284号佛山市生态环
E:\软件\2023-2026年顺德批复文件\2025_佛环03环审〔2025〕285号佛山市生态环境局关于佛山市致家工艺制品有限公司新建项目建设项目环境影响报告表的批复.pdf,2025_佛环03环审〔2025〕285号佛山市生态环境局关于佛山市致家工艺制品有限公司新建项目建设项目环境影响报告表的批复.pdf,0.15,True,2025,佛山市致家工艺制品有限公司,佛环03环审〔2025〕285号佛山市生态环
E:\软件\2023-2026年顺德批复文件\2025_佛环03环审〔2025〕286号佛山市生态环境局关于佛山市华屾电器科技股份有限公司新建项目建设项目环境影响报告表的批复.pdf,2025_佛环03环审〔2025〕286号佛山市生态环境局关于佛山市华屾电器科技股份有限公司新建项目建设项目环境影响报告表的批复.pdf,0.15,True,2025,佛山市华屾电器科技股份有限公司,佛环03环审〔2025〕286号佛山市生态环
E:\软件\2023-2026年顺德批复文件\2025_佛环03环审〔2025〕287号佛山市生态环境局关于佛山市立茂电子科技有限公司新建项目建设项目环境影响报告表的批复.pdf,2025_佛环03环审〔2025〕287号佛山市生态环境局关于佛山市立茂电子科技有限公司新建项目建设项目环境影响报告表的批复.pdf,0.16,True,2025,佛山市立茂电子科技有限公司,佛环03环审〔2025〕287号佛山市生态环
E:\软件\2023-2026年顺德批复文件\2025_佛环03环审〔2025〕288号佛山市生态环境局关于佛山市顺德鑫科宏久电器有限公司新建项目建设项目环境影响报告表的批复.pdf,2025_佛环03环审〔2025〕288号佛山市生态环境局关于佛山市顺德鑫科宏久电器有限公司新建项目建设项目环境影响报告表的批复.pdf,0.15,True,2025,佛山市顺德鑫科宏久电器有限公司,佛环03环审〔2025〕288号佛山市生态环
E:\软件\2023-2026年顺德批复文件\2025_佛环03环审〔2025〕289号佛山市生态环境局关于佛山市锐钜科技有限公司新建项目建设项目环境影响报告表的批复.pdf,2025_佛环03环审〔2025〕289号佛山市生态环境局关于佛山市锐钜科技有限公司新建项目建设项目环境影响报告表的批复.pdf,0.15,True,2025,佛山市锐钜科技有限公司,佛环03环审〔2025〕289号佛山市生态环
E:\软件\2023-2026年顺德批复文件\2025_佛环03环审〔2025〕290号佛山市生态环境局关于佛山市佳密塑胶有限公司新建项目建设项目环境影响报告表的批复.pdf,2025_佛环03环审〔2025〕290号佛山市生态环境局关于佛山市佳密塑胶有限公司新建项目建设项目环境影响报告表的批复.pdf,0.15,True,2025,佛山市佳密塑胶有限公司,佛环03环审〔2025〕290号佛山市生态环
E:\软件\2023-2026年顺德批复文件\2025_佛环03环审〔2025〕291号佛山市生态环境局关于佛山市鑫顺亿金属制品有限公司新建项目建设项目环境影响报告表的批复.pdf,2025_佛环03环审〔2025〕291号佛山市生态环境局关于佛山市鑫顺亿金属制品有限公司新建项目建设项目环境影响报告表的批复.pdf,0.16,True,2025,佛山市鑫顺亿金属制品有限公司,佛环03环审〔2025〕291号佛山市生态环
E:\软件\2023-2026年顺德批复文件\2025_佛环03环审〔2025〕292号佛山市生态环境局关于佛山市顺德区敬雅印刷有限公司新建项目建设项目环境影响报告表的批复.pdf,2025_佛环03环审〔2025〕292号佛山市生态环境局关于佛山市顺德区敬雅印刷有限公司新建项目建设项目环境影响报告表的批复.pdf,0.15,True,2025,佛山市顺德区敬雅印刷有限公司,佛环03环审〔2025〕292号佛山市生态环
E:\软件\2023-2026年顺德批复文件\2025_佛环03环审〔2025〕293号佛山市生态环境局关于佛山市顺德区荣仁塑料制品有限公司迁扩建项目建设项目环境影响报告表的批复.pdf,2025_佛环03环审〔2025〕293号佛山市生态环境局关于佛山市顺德区荣仁塑料制品有限公司迁扩建项目建设项目环境影响报告表的批复.pdf,0.16,True,2025,佛山市顺德区荣仁塑料制品有限公司迁,佛环03环审〔2025〕293号佛山市生态环
E:\软件\2023-2026年顺德批复文件\2025_佛环03环审〔2025〕294号佛山市生态环境局关于佛山市铠凌智造科技有限公司新建项目建设项目环境影响报告表的批复.pdf,2025_佛环03环审〔2025〕294号佛山市生态环境局关于佛山市铠凌智造科技有限公司新建项目建设项目环境影响报告表的批复.pdf,0.14,True,2025,佛山市铠凌智造科技有限公司,佛环03环审〔2025〕294号佛山市生态环
E:\软件\2023-2026年顺德批复文件\2025_佛环03环审〔2025〕295号佛山市生态环境局关于佛山市应广塑料制品有限公司新建项目建设项目环境影响报告表的批复.pdf,2025_佛环03环审〔2025〕295号佛山市生态环境局关于佛山市应广塑料制品有限公司新建项目建设项目环境影响报告表的批复.pdf,0.15,True,2025,佛山市应广塑料制品有限公司,佛环03环审〔2025〕295号佛山市生态环
E:\软件\2023-2026年顺德批复文件\2025_佛环03环审〔2025〕296号佛山市生态环境局关于佛山市达冠包装材料有限公司新建项目建设项目环境影响报告表的批复.pdf,2025_佛环03环审〔2025〕296号佛山市生态环境局关于佛山市达冠包装材料有限公司新建项目建设项目环境影响报告表的批复.pdf,0.15,True,2025,佛山市达冠包装材料有限公司,佛环03环审〔2025〕296号佛山市生态环
E:\软件\2023-2026年顺德批复文件\2025_佛环03环审〔2025〕297号佛山市生态环境局关于广东亿讯电子有限公司分车间新建项目建设项目环境影响报告表的批复.pdf,2025_佛环03环审〔2025〕297号佛山市生态环境局关于广东亿讯电子有限公司分车间新建项目建设项目环境影响报告表的批复.pdf,0.15,True,2025,广东亿讯电子有限公司分车间,佛环03环审〔2025〕297号佛山市生态环
E:\软件\2023-2026年顺德批复文件\2025_佛环03环审〔2025〕298号佛山市生态环境局关于广东纯米电器科技有限公司改扩建项目建设项目环境影响报告表的批复.pdf,2025_佛环03环审〔2025〕298号佛山市生态环境局关于广东纯米电器科技有限公司改扩建项目建设项目环境影响报告表的批复.pdf,0.16,True,2025,广东纯米电器科技有限公司改,佛环03环审〔2025〕298号佛山市生态环
E:\软件\2023-2026年顺德批复文件\2025_佛环03环审〔2025〕299号佛山市生态环境局关于佛山市双怡电器科技实业有限公司迁扩建项目建设项目环境影响报告表的批复.pdf,2025_佛环03环审〔2025〕299号佛山市生态环境局关于佛山市双怡电器科技实业有限公司迁扩建项目建设项目环境影响报告表的批复.pdf,0.15,True,2025,佛山市双怡电器科技实业有限公司迁,佛环03环审〔2025〕299号佛山市生态环
E:\软件\2023-2026年顺德批复文件\2025_佛环03环审〔2025〕2号.pdf,2025_佛环03环审〔2025〕2号.pdf,0.15,True,2025,,佛环03环审〔2025〕2号.pdf
E:\软件\2023-2026年顺德批复文件\2025_佛环03环审〔2025〕300号佛山市生态环境局关于佛山市顺德区泰莱仕塑料制品有限公司迁扩建项目建设项目环境影响报告表的批复.pdf,2025_佛环03环审〔2025〕300号佛山市生态环境局关于佛山市顺德区泰莱仕塑料制品有限公司迁扩建项目建设项目环境影响报告表的批复.pdf,0.15,True,2025,佛山市顺德区泰莱仕塑料制品有限公司迁,佛环03环审〔2025〕300号佛山市生态环
E:\软件\2023-2026年顺德批复文件\2025_佛环03环审〔2025〕301号佛山市生态环境局关于佛山市顺德区溢塑塑料五金制品有限公司迁建项目建设项目环境影响报告表的批复.pdf,2025_佛环03环审〔2025〕301号佛山市生态环境局关于佛山市顺德区溢塑塑料五金制品有限公司迁建项目建设项目环境影响报告表的批复.pdf,0.15,True,2025,佛山市顺德区溢塑塑料五金制品有限公司,佛环03环审〔2025〕301号佛山市生态环
E:\软件\2023-2026年顺德批复文件\2025_佛环03环审〔2025〕302号佛山市生态环境局关于佛山市顺德区益和印刷实业有限公司搬迁项目建设项目环境影响报告表的批复.pdf,2025_佛环03环审〔2025〕302号佛山市生态环境局关于佛山市顺德区益和印刷实业有限公司搬迁项目建设项目环境影响报告表的批复.pdf,0.15,True,2025,佛山市顺德区益和印刷实业有限公司搬迁项目,佛环03环审〔2025〕302号佛山市生态环
E:\软件\2023-2026年顺德批复文件\2025_佛环03环审〔2025〕303号佛山市生态环境局关于佛山市汇泉文具有限公司新建项目建设项目环境影响报告表的批复.pdf,2025_佛环03环审〔2025〕303号佛山市生态环境局关于佛山市汇泉文具有限公司新建项目建设项目环境影响报告表的批复.pdf,0.15,True,2025,佛山市汇泉文具有限公司,佛环03环审〔2025〕303号佛山市生态环
E:\软件\2023-2026年顺德批复文件\2025_佛环03环审〔2025〕304号佛山市生态环境局关于佛山市尚维电子有限公司新建项目建设项目环境影响报告表的批复.pdf,2025_佛环03环审〔2025〕304号佛山市生态环境局关于佛山市尚维电子有限公司新建项目建设项目环境影响报告表的批复.pdf,0.16,True,2025,佛山市尚维电子有限公司,佛环03环审〔2025〕304号佛山市生态环
E:\软件\2023-2026年顺德批复文件\2025_佛环03环审〔2025〕305号佛山市生态环境局关于佛山市采蓝和新材料有限公司改扩建项目建设项目环境影响报告表的批复.pdf,2025_佛环03环审〔2025〕305号佛山市生态环境局关于佛山市采蓝和新材料有限公司改扩建项目建设项目环境影响报告表的批复.pdf,0.15,True,2025,佛山市采蓝和新材料有限公司改,佛环03环审〔2025〕305号佛山市生态环
E:\软件\2023-2026年顺德批复文件\2025_佛环03环审〔2025〕306号佛山市生态环境局关于佛山市锜顺电子科技有限公司新建项目建设项目环境影响报告表的批复.pdf,2025_佛环03环审〔2025〕306号佛山市生态环境局关于佛山市锜顺电子科技有限公司新建项目建设项目环境影响报告表的批复.pdf,0.15,True,2025,佛山市锜顺电子科技有限公司,佛环03环审〔2025〕306号佛山市生态环
E:\软件\2023-2026年顺德批复文件\2025_佛环03环审〔2025〕307号佛山市生态环境局关于佛山市宏四方塑胶制品有限公司迁扩建项目建设项目环境影响报告表的批复.pdf,2025_佛环03环审〔2025〕307号佛山市生态环境局关于佛山市宏四方塑胶制品有限公司迁扩建项目建设项目环境影响报告表的批复.pdf,0.15,True,2025,佛山市宏四方塑胶制品有限公司迁,佛环03环审〔2025〕307号佛山市生态环
E:\软件\2023-2026年顺德批复文件\2025_佛环03环审〔2025〕308号佛山市生态环境局关于佛山漆臣仕新材料科技有限公司新建项目建设项目环境影响报告表的批复.pdf,2025_佛环03环审〔2025〕308号佛山市生态环境局关于佛山漆臣仕新材料科技有限公司新建项目建设项目环境影响报告表的批复.pdf,0.15,True,2025,佛山漆臣仕新材料科技有限公司,佛环03环审〔2025〕308号佛山市生态环
E:\软件\2023-2026年顺德批复文件\2025_佛环03环审〔2025〕309号佛山市生态环境局关于佛山蓝英模具制造有限公司新建项目建设项目环境影响报告表的批复.pdf,2025_佛环03环审〔2025〕309号佛山市生态环境局关于佛山蓝英模具制造有限公司新建项目建设项目环境影响报告表的批复.pdf,0.15,True,2025,佛山蓝英模具制造有限公司,佛环03环审〔2025〕309号佛山市生态环
E:\软件\2023-2026年顺德批复文件\2025_佛环03环审〔2025〕310号佛山市生态环境局关于佛山瑞淇日用品有限公司新建项目建设项目环境影响报告表的批复.pdf,2025_佛环03环审〔2025〕310号佛山市生态环境局关于佛山瑞淇日用品有限公司新建项目建设项目环境影响报告表的批复.pdf,0.15,True,2025,佛山瑞淇日用品有限公司,佛环03环审〔2025〕310号佛山市生态环
E:\软件\2023-2026年顺德批复文件\2025_佛环03环审〔2025〕311号佛山市生态环境局关于广东泛亚精饰新材料有限公司新建项目建设项目环境影响报告表的批复.pdf,2025_佛环03环审〔2025〕311号佛山市生态环境局关于广东泛亚精饰新材料有限公司新建项目建设项目环境影响报告表的批复.pdf,0.15,True,2025,广东泛亚精饰新材料有限公司,佛环03环审〔2025〕311号佛山市生态环
E:\软件\2023-2026年顺德批复文件\2025_佛环03环审〔2025〕312号佛山市生态环境局关于佛山市塑天塑料制品有限公司新建项目建设项目环境影响报告表的批复.pdf,2025_佛环03环审〔2025〕312号佛山市生态环境局关于佛山市塑天塑料制品有限公司新建项目建设项目环境影响报告表的批复.pdf,0.15,True,2025,佛山市塑天塑料制品有限公司,佛环03环审〔2025〕312号佛山市生态环
E:\软件\2023-2026年顺德批复文件\2025_佛环03环审〔2025〕313号佛山市生态环境局关于佛山市顺德区勒流凯图塑料五金制品厂再次搬迁项目建设项目环境影响报告表的批复.pdf,2025_佛环03环审〔2025〕313号佛山市生态环境局关于佛山市顺德区勒流凯图塑料五金制品厂再次搬迁项目建设项目环境影响报告表的批复.pdf,0.15,True,2025,佛山市顺德区勒流凯图塑料五金制品厂再次搬迁项目,佛环03环审〔2025〕313号佛山市生态环
E:\软件\2023-2026年顺德批复文件\2025_佛环03环审〔2025〕314号佛山市生态环境局关于佛山市亿江金属制品有限公司新建项目建设项目环境影响报告表的批复.pdf,2025_佛环03环审〔2025〕314号佛山市生态环境局关于佛山市亿江金属制品有限公司新建项目建设项目环境影响报告表的批复.pdf,0.16,True,2025,佛山市亿江金属制品有限公司,佛环03环审〔2025〕314号佛山市生态环
E:\软件\2023-2026年顺德批复文件\2025_佛环03环审〔2025〕315号佛山市生态环境局关于成田（广东）科技有限公司总部基地新建项目建设项目环境影响报告表的批复.pdf,2025_佛环03环审〔2025〕315号佛山市生态环境局关于成田（广东）科技有限公司总部基地新建项目建设项目环境影响报告表的批复.pdf,0.16,True,2025,成田（广东）科技有限公司总部基地,佛环03环审〔2025〕315号佛山市生态环
E:\软件\2023-2026年顺德批复文件\2025_佛环03环审〔2025〕316号佛山市生态环境局关于佛山市奥新电子有限公司新建项目建设项目环境影响报告表的批复.pdf,2025_佛环03环审〔2025〕316号佛山市生态环境局关于佛山市奥新电子有限公司新建项目建设项目环境影响报告表的批复.pdf,0.15,True,2025,佛山市奥新电子有限公司,佛环03环审〔2025〕316号佛山市生态环
E:\软件\2023-2026年顺德批复文件\2025_佛环03环审〔2025〕317号佛山市生态环境局关于佛山市智升塑料制品有限公司新建项目建设项目环境影响报告表的批复.pdf,2025_佛环03环审〔2025〕317号佛山市生态环境局关于佛山市智升塑料制品有限公司新建项目建设项目环境影响报告表的批复.pdf,0.15,True,2025,佛山市智升塑料制品有限公司,佛环03环审〔2025〕317号佛山市生态环
E:\软件\2023-2026年顺德批复文件\2025_佛环03环审〔2025〕318号佛山市生态环境局关于广东昌倍科技有限公司顺德区分公司新建项目建设项目环境影响报告表的批复.pdf,2025_佛环03环审〔2025〕318号佛山市生态环境局关于广东昌倍科技有限公司顺德区分公司新建项目建设项目环境影响报告表的批复.pdf,0.15,True,2025,广东昌倍科技有限公司顺德区分公司,佛环03环审〔2025〕318号佛山市生态环
E:\软件\2023-2026年顺德批复文件\2025_佛环03环审〔2025〕319号佛山市生态环境局关于佛山市顺德区东展达塑料制品有限公司年产家电塑料配件500吨新建项目建设项目环境影响报告表的批复.pdf,2025_佛环03环审〔2025〕319号佛山市生态环境局关于佛山市顺德区东展达塑料制品有限公司年产家电塑料配件500吨新建项目建设项目环境影响报告表的批复.pdf,0.15,True,2025,佛山市顺德区东展达塑料制品有限公司年产家电塑料配件500吨,佛环03环审〔2025〕319号佛山市生态环
E:\软件\2023-2026年顺德批复文件\2025_佛环03环审〔2025〕320号佛山市生态环境局关于佛山市顺德区天盛菱光塑料有限公司新建项目建设项目环境影响报告表的批复.pdf,2025_佛环03环审〔2025〕320号佛山市生态环境局关于佛山市顺德区天盛菱光塑料有限公司新建项目建设项目环境影响报告表的批复.pdf,0.15,True,2025,佛山市顺德区天盛菱光塑料有限公司,佛环03环审〔2025〕320号佛山市生态环
E:\软件\2023-2026年顺德批复文件\2025_佛环03环审〔2025〕321号佛山市生态环境局关于佛山市品尚塑料制品有限公司新建项目建设项目环境影响报告表的批复.pdf,2025_佛环03环审〔2025〕321号佛山市生态环境局关于佛山市品尚塑料制品有限公司新建项目建设项目环境影响报告表的批复.pdf,0.15,True,2025,佛山市品尚塑料制品有限公司,佛环03环审〔2025〕321号佛山市生态环
E:\软件\2023-2026年顺德批复文件\2025_佛环03环审〔2025〕322号佛山市生态环境局关于佛山市锦裕塑料制品有限公司新建项目建设项目环境影响报告表的批复.pdf,2025_佛环03环审〔2025〕322号佛山市生态环境局关于佛山市锦裕塑料制品有限公司新建项目建设项目环境影响报告表的批复.pdf,0.15,True,2025,佛山市锦裕塑料制品有限公司,佛环03环审〔2025〕322号佛山市生态环
E:\软件\2023-2026年顺德批复文件\2025_佛环03环审〔2025〕323号佛山市生态环境局关于佛山市金觉峰搪瓷有限公司新建项目建设项目环境影响报告表的批复.pdf,2025_佛环03环审〔2025〕323号佛山市生态环境局关于佛山市金觉峰搪瓷有限公司新建项目建设项目环境影响报告表的批复.pdf,0.14,True,2025,佛山市金觉峰搪瓷有限公司,佛环03环审〔2025〕323号佛山市生态环
E:\软件\2023-2026年顺德批复文件\2025_佛环03环审〔2025〕324号佛山市生态环境局关于佛山顺新化工有限公司新建项目建设项目环境影响报告表的批复.pdf,2025_佛环03环审〔2025〕324号佛山市生态环境局关于佛山顺新化工有限公司新建项目建设项目环境影响报告表的批复.pdf,0.14,True,2025,佛山顺新化工有限公司,佛环03环审〔2025〕324号佛山市生态环
E:\软件\2023-2026年顺德批复文件\2025_佛环03环审〔2025〕325号佛山市生态环境局关于佛山市顺德区郁其电子有限公司新建项目建设项目环境影响报告表的批复.pdf,2025_佛环03环审〔2025〕325号佛山市生态环境局关于佛山市顺德区郁其电子有限公司新建项目建设项目环境影响报告表的批复.pdf,0.15,True,2025,佛山市顺德区郁其电子有限公司,佛环03环审〔2025〕325号佛山市生态环
E:\软件\2023-2026年顺德批复文件\2025_佛环03环审〔2025〕326号佛山市生态环境局关于广东福町电器实业有限公司新建项目建设项目环境影响报告表的批复.pdf,2025_佛环03环审〔2025〕326号佛山市生态环境局关于广东福町电器实业有限公司新建项目建设项目环境影响报告表的批复.pdf,0.16,True,2025,广东福町电器实业有限公司,佛环03环审〔2025〕326号佛山市生态环
E:\软件\2023-2026年顺德批复文件\2025_佛环03环审〔2025〕327号佛山市生态环境局关于佛山市禾易盛科技有限公司迁扩建项目建设项目环境影响报告表的批复.pdf,2025_佛环03环审〔2025〕327号佛山市生态环境局关于佛山市禾易盛科技有限公司迁扩建项目建设项目环境影响报告表的批复.pdf,0.15,True,2025,佛山市禾易盛科技有限公司迁,佛环03环审〔2025〕327号佛山市生态环
E:\软件\2023-2026年顺德批复文件\2025_佛环03环审〔2025〕328号佛山市生态环境局关于广东伊之密精密注压科技有限公司模压厂区改造项目建设项目环境影响报告表的批复.pdf,2025_佛环03环审〔2025〕328号佛山市生态环境局关于广东伊之密精密注压科技有限公司模压厂区改造项目建设项目环境影响报告表的批复.pdf,0.15,True,2025,广东伊之密精密注压科技有限公司模压厂区改造项目,佛环03环审〔2025〕328号佛山市生态环
E:\软件\2023-2026年顺德批复文件\2025_佛环03环审〔2025〕329号佛山市生态环境局关于佛山优创智造科技有限公司建设项目建设项目环境影响报告表的批复.pdf,2025_佛环03环审〔2025〕329号佛山市生态环境局关于佛山优创智造科技有限公司建设项目建设项目环境影响报告表的批复.pdf,0.15,True,2025,佛山优创智造科技有限公司,佛环03环审〔2025〕329号佛山市生态环
E:\软件\2023-2026年顺德批复文件\2025_佛环03环审〔2025〕330号佛山市生态环境局关于佛山市明海智能电子有限公司新建项目建设项目环境影响报告表的批复.pdf,2025_佛环03环审〔2025〕330号佛山市生态环境局关于佛山市明海智能电子有限公司新建项目建设项目环境影响报告表的批复.pdf,0.16,True,2025,佛山市明海智能电子有限公司,佛环03环审〔2025〕330号佛山市生态环
E:\软件\2023-2026年顺德批复文件\2025_佛环03环审〔2025〕331号佛山市生态环境局关于佛山市顺德区冠宇达电源有限公司建设项目建设项目环境影响报告表的批复.pdf,2025_佛环03环审〔2025〕331号佛山市生态环境局关于佛山市顺德区冠宇达电源有限公司建设项目建设项目环境影响报告表的批复.pdf,0.16,True,2025,佛山市顺德区冠宇达电源有限公司,佛环03环审〔2025〕331号佛山市生态环
E:\软件\2023-2026年顺德批复文件\2025_佛环03环审〔2025〕332号佛山市生态环境局关于广东伊莱斯电机有限公司二次技术改造项目建设项目环境影响报告表的批复.pdf,2025_佛环03环审〔2025〕332号佛山市生态环境局关于广东伊莱斯电机有限公司二次技术改造项目建设项目环境影响报告表的批复.pdf,0.15,True,2025,广东伊莱斯电机有限公司二次,佛环03环审〔2025〕332号佛山市生态环
E:\软件\2023-2026年顺德批复文件\2025_佛环03环审〔2025〕333号佛山市生态环境局关于佛山市顺德区陈村镇丰禾纸箱包装厂迁扩建项目建设项目环境影响报告表的批复.pdf,2025_佛环03环审〔2025〕333号佛山市生态环境局关于佛山市顺德区陈村镇丰禾纸箱包装厂迁扩建项目建设项目环境影响报告表的批复.pdf,0.15,True,2025,佛山市顺德区陈村镇丰禾纸箱包装厂迁,佛环03环审〔2025〕333号佛山市生态环
E:\软件\2023-2026年顺德批复文件\2025_佛环03环审〔2025〕334号佛山市生态环境局关于佛山市鸿尚宇金属材料有限公司新建项目建设项目环境影响报告表的批复.pdf,2025_佛环03环审〔2025〕334号佛山市生态环境局关于佛山市鸿尚宇金属材料有限公司新建项目建设项目环境影响报告表的批复.pdf,0.15,True,2025,佛山市鸿尚宇金属材料有限公司,佛环03环审〔2025〕334号佛山市生态环
E:\软件\2023-2026年顺德批复文件\2025_佛环03环审〔2025〕335号佛山市生态环境局关于佛山市白杨塑胶制品有限公司新建项目建设项目环境影响报告表的批复.pdf,2025_佛环03环审〔2025〕335号佛山市生态环境局关于佛山市白杨塑胶制品有限公司新建项目建设项目环境影响报告表的批复.pdf,0.15,True,2025,佛山市白杨塑胶制品有限公司,佛环03环审〔2025〕335号佛山市生态环
E:\软件\2023-2026年顺德批复文件\2025_佛环03环审〔2025〕336号佛山市生态环境局关于佛山市顺德永帆顺包装有限公司新建项目建设项目环境影响报告表的批复.pdf,2025_佛环03环审〔2025〕336号佛山市生态环境局关于佛山市顺德永帆顺包装有限公司新建项目建设项目环境影响报告表的批复.pdf,0.15,True,2025,佛山市顺德永帆顺包装有限公司,佛环03环审〔2025〕336号佛山市生态环
E:\软件\2023-2026年顺德批复文件\2025_佛环03环审〔2025〕337号佛山市生态环境局关于佛山市美吉欣新材料科技有限公司新建项目建设项目环境影响报告表的批复.pdf,2025_佛环03环审〔2025〕337号佛山市生态环境局关于佛山市美吉欣新材料科技有限公司新建项目建设项目环境影响报告表的批复.pdf,0.15,True,2025,佛山市美吉欣新材料科技有限公司,佛环03环审〔2025〕337号佛山市生态环
E:\软件\2023-2026年顺德批复文件\2025_佛环03环审〔2025〕338号佛山市生态环境局关于广东威灵电机制造有限公司改扩建项目建设项目环境影响报告表的批复.pdf,2025_佛环03环审〔2025〕338号佛山市生态环境局关于广东威灵电机制造有限公司改扩建项目建设项目环境影响报告表的批复.pdf,0.16,True,2025,广东威灵电机制造有限公司改,佛环03环审〔2025〕338号佛山市生态环
E:\软件\2023-2026年顺德批复文件\2025_佛环03环审〔2025〕339号佛山市生态环境局关于顺特电气设备有限公司变压器智慧工厂改扩建项目建设项目环境影响报告表的批复.pdf,2025_佛环03环审〔2025〕339号佛山市生态环境局关于顺特电气设备有限公司变压器智慧工厂改扩建项目建设项目环境影响报告表的批复.pdf,0.17,True,2025,顺特电气设备有限公司变压器智慧工厂改,佛环03环审〔2025〕339号佛山市生态环
E:\软件\2023-2026年顺德批复文件\2025_佛环03环审〔2025〕33号.pdf,2025_佛环03环审〔2025〕33号.pdf,0.14,True,2025,,佛环03环审〔2025〕33号.pdf
E:\软件\2023-2026年顺德批复文件\2025_佛环03环审〔2025〕340号佛山市生态环境局关于广东省新雨服饰有限公司年产织唛皮标3000万个新建项目建设项目环境影响报告表的批复.pdf,2025_佛环03环审〔2025〕340号佛山市生态环境局关于广东省新雨服饰有限公司年产织唛皮标3000万个新建项目建设项目环境影响报告表的批复.pdf,0.15,True,2025,广东省新雨服饰有限公司年产织唛皮标3000万个,佛环03环审〔2025〕340号佛山市生态环
E:\软件\2023-2026年顺德批复文件\2025_佛环03环审〔2025〕341号佛山市生态环境局关于广东凯隆纸业有限公司新建项目建设项目环境影响报告表的批复.pdf,2025_佛环03环审〔2025〕341号佛山市生态环境局关于广东凯隆纸业有限公司新建项目建设项目环境影响报告表的批复.pdf,0.14,True,2025,广东凯隆纸业有限公司,佛环03环审〔2025〕341号佛山市生态环
E:\软件\2023-2026年顺德批复文件\2025_佛环03环审〔2025〕342号佛山市生态环境局关于佛山市君合科技实业有限公司新建项目建设项目环境影响报告表的批复.pdf,2025_佛环03环审〔2025〕342号佛山市生态环境局关于佛山市君合科技实业有限公司新建项目建设项目环境影响报告表的批复.pdf,0.15,True,2025,佛山市君合科技实业有限公司,佛环03环审〔2025〕342号佛山市生态环
E:\软件\2023-2026年顺德批复文件\2025_佛环03环审〔2025〕344号佛山市生态环境局关于佛山市顺德区杏坛镇帝润塑料五金厂新建项目建设项目环境影响报告表的批复.pdf,2025_佛环03环审〔2025〕344号佛山市生态环境局关于佛山市顺德区杏坛镇帝润塑料五金厂新建项目建设项目环境影响报告表的批复.pdf,0.15,True,2025,佛山市顺德区杏坛镇帝润塑料五金厂,佛环03环审〔2025〕344号佛山市生态环
E:\软件\2023-2026年顺德批复文件\2025_佛环03环审〔2025〕345号佛山市生态环境局关于佛山市顺德区鸿实合成材料有限公司迁扩建项目建设项目环境影响报告表的批复.pdf,2025_佛环03环审〔2025〕345号佛山市生态环境局关于佛山市顺德区鸿实合成材料有限公司迁扩建项目建设项目环境影响报告表的批复.pdf,0.15,True,2025,佛山市顺德区鸿实合成材料有限公司迁,佛环03环审〔2025〕345号佛山市生态环
E:\软件\2023-2026年顺德批复文件\2025_佛环03环审〔2025〕346号佛山市生态环境局关于佛山市顺德区信祥塑料厂（个人独资）新建项目建设项目环境影响报告表的批复.pdf,2025_佛环03环审〔2025〕346号佛山市生态环境局关于佛山市顺德区信祥塑料厂（个人独资）新建项目建设项目环境影响报告表的批复.pdf,0.15,True,2025,佛山市顺德区信祥塑料厂（个人独资）,佛环03环审〔2025〕346号佛山市生态环
E:\软件\2023-2026年顺德批复文件\2025_佛环03环审〔2025〕347号佛山市生态环境局关于佛山市旺科塑新材料科技有限公司新建项目建设项目环境影响报告表的批复.pdf,2025_佛环03环审〔2025〕347号佛山市生态环境局关于佛山市旺科塑新材料科技有限公司新建项目建设项目环境影响报告表的批复.pdf,0.15,True,2025,佛山市旺科塑新材料科技有限公司,佛环03环审〔2025〕347号佛山市生态环
E:\软件\2023-2026年顺德批复文件\2025_佛环03环审〔2025〕348号佛山市生态环境局关于佛山市顺德区嘉营塑料制品有限公司新建项目建设项目环境影响报告表的批复.pdf,2025_佛环03环审〔2025〕348号佛山市生态环境局关于佛山市顺德区嘉营塑料制品有限公司新建项目建设项目环境影响报告表的批复.pdf,0.15,True,2025,佛山市顺德区嘉营塑料制品有限公司,佛环03环审〔2025〕348号佛山市生态环
E:\软件\2023-2026年顺德批复文件\2025_佛环03环审〔2025〕349号佛山市生态环境局关于广东合胜热能科技有限公司新建项目重新报批建设项目环境影响报告表的批复.pdf,2025_佛环03环审〔2025〕349号佛山市生态环境局关于广东合胜热能科技有限公司新建项目重新报批建设项目环境影响报告表的批复.pdf,0.17,True,2025,广东合胜热能科技有限公司,佛环03环审〔2025〕349号佛山市生态环
E:\软件\2023-2026年顺德批复文件\2025_佛环03环审〔2025〕34号.pdf,2025_佛环03环审〔2025〕34号.pdf,0.15,True,2025,,佛环03环审〔2025〕34号.pdf
E:\软件\2023-2026年顺德批复文件\2025_佛环03环审〔2025〕350号佛山市生态环境局关于佛山多美仕塑料制品有限公司新建项目建设项目环境影响报告表的批复.pdf,2025_佛环03环审〔2025〕350号佛山市生态环境局关于佛山多美仕塑料制品有限公司新建项目建设项目环境影响报告表的批复.pdf,0.15,True,2025,佛山多美仕塑料制品有限公司,佛环03环审〔2025〕350号佛山市生态环
E:\软件\2023-2026年顺德批复文件\2025_佛环03环审〔2025〕351号佛山市生态环境局关于琪和东（佛山）包装制品有限公司新建项目建设项目环境影响报告表的批复.pdf,2025_佛环03环审〔2025〕351号佛山市生态环境局关于琪和东（佛山）包装制品有限公司新建项目建设项目环境影响报告表的批复.pdf,0.15,True,2025,琪和东（佛山）包装制品有限公司,佛环03环审〔2025〕351号佛山市生态环
E:\软件\2023-2026年顺德批复文件\2025_佛环03环审〔2025〕352号佛山市生态环境局关于佛山百捷电子材料有限公司新建项目建设项目环境影响报告表的批复.pdf,2025_佛环03环审〔2025〕352号佛山市生态环境局关于佛山百捷电子材料有限公司新建项目建设项目环境影响报告表的批复.pdf,0.15,True,2025,佛山百捷电子材料有限公司,佛环03环审〔2025〕352号佛山市生态环
E:\软件\2023-2026年顺德批复文件\2025_佛环03环审〔2025〕353号佛山市生态环境局关于佛山市柏溪鑫金属制品有限公司新建项目建设项目环境影响报告表的批复.pdf,2025_佛环03环审〔2025〕353号佛山市生态环境局关于佛山市柏溪鑫金属制品有限公司新建项目建设项目环境影响报告表的批复.pdf,0.16,True,2025,佛山市柏溪鑫金属制品有限公司,佛环03环审〔2025〕353号佛山市生态环
E:\软件\2023-2026年顺德批复文件\2025_佛环03环审〔2025〕354号佛山市生态环境局关于佛山市琛力包装有限公司重新报批项目建设项目环境影响报告表的批复.pdf,2025_佛环03环审〔2025〕354号佛山市生态环境局关于佛山市琛力包装有限公司重新报批项目建设项目环境影响报告表的批复.pdf,0.15,True,2025,佛山市琛力包装有限公司重新报批项目,佛环03环审〔2025〕354号佛山市生态环
E:\软件\2023-2026年顺德批复文件\2025_佛环03环审〔2025〕355号佛山市生态环境局关于佛山市惠丰合金有限公司迁扩建项目建设项目环境影响报告表的批复.pdf,2025_佛环03环审〔2025〕355号佛山市生态环境局关于佛山市惠丰合金有限公司迁扩建项目建设项目环境影响报告表的批复.pdf,0.14,True,2025,佛山市惠丰合金有限公司迁,佛环03环审〔2025〕355号佛山市生态环
E:\软件\2023-2026年顺德批复文件\2025_佛环03环审〔2025〕356号佛山市生态环境局关于杜邦（广东）新材料有限公司新建项目建设项目环境影响报告表的批复.pdf,2025_佛环03环审〔2025〕356号佛山市生态环境局关于杜邦（广东）新材料有限公司新建项目建设项目环境影响报告表的批复.pdf,0.15,True,2025,杜邦（广东）新材料有限公司,佛环03环审〔2025〕356号佛山市生态环
E:\软件\2023-2026年顺德批复文件\2025_佛环03环审〔2025〕357号佛山市生态环境局关于广东巧尔丹塑料制品有限公司新建项目建设项目环境影响报告表的批复.pdf,2025_佛环03环审〔2025〕357号佛山市生态环境局关于广东巧尔丹塑料制品有限公司新建项目建设项目环境影响报告表的批复.pdf,0.15,True,2025,广东巧尔丹塑料制品有限公司,佛环03环审〔2025〕357号佛山市生态环
E:\软件\2023-2026年顺德批复文件\2025_佛环03环审〔2025〕358号佛山市生态环境局关于佛山市顺德区昌立美塑料制品有限公司新建项目建设项目环境影响报告表的批复.pdf,2025_佛环03环审〔2025〕358号佛山市生态环境局关于佛山市顺德区昌立美塑料制品有限公司新建项目建设项目环境影响报告表的批复.pdf,0.15,True,2025,佛山市顺德区昌立美塑料制品有限公司,佛环03环审〔2025〕358号佛山市生态环
E:\软件\2023-2026年顺德批复文件\2025_佛环03环审〔2025〕359号佛山市生态环境局关于佛山市热可达电器有限公司新建项目建设项目环境影响报告表的批复.pdf,2025_佛环03环审〔2025〕359号佛山市生态环境局关于佛山市热可达电器有限公司新建项目建设项目环境影响报告表的批复.pdf,0.15,True,2025,佛山市热可达电器有限公司,佛环03环审〔2025〕359号佛山市生态环
E:\软件\2023-2026年顺德批复文件\2025_佛环03环审〔2025〕360号佛山市生态环境局关于佛山市金飞扬塑业有限公司新建项目建设项目环境影响报告表的批复.pdf,2025_佛环03环审〔2025〕360号佛山市生态环境局关于佛山市金飞扬塑业有限公司新建项目建设项目环境影响报告表的批复.pdf,0.15,True,2025,佛山市金飞扬塑业有限公司,佛环03环审〔2025〕360号佛山市生态环
E:\软件\2023-2026年顺德批复文件\2025_佛环03环审〔2025〕361号佛山市生态环境局关于佛山市鹏耀新能源有限公司建设项目建设项目环境影响报告表的批复.pdf,2025_佛环03环审〔2025〕361号佛山市生态环境局关于佛山市鹏耀新能源有限公司建设项目建设项目环境影响报告表的批复.pdf,0.15,True,2025,佛山市鹏耀新能源有限公司,佛环03环审〔2025〕361号佛山市生态环
E:\软件\2023-2026年顺德批复文件\2025_佛环03环审〔2025〕362号佛山市生态环境局关于佛山市秦为电子科技有限公司迁扩建项目建设项目环境影响报告表的批复.pdf,2025_佛环03环审〔2025〕362号佛山市生态环境局关于佛山市秦为电子科技有限公司迁扩建项目建设项目环境影响报告表的批复.pdf,0.15,True,2025,佛山市秦为电子科技有限公司迁,佛环03环审〔2025〕362号佛山市生态环
E:\软件\2023-2026年顺德批复文件\2025_佛环03环审〔2025〕363号佛山市生态环境局关于佛山市怡美达新材料科技有限公司新建项目建设项目环境影响报告表的批复.pdf,2025_佛环03环审〔2025〕363号佛山市生态环境局关于佛山市怡美达新材料科技有限公司新建项目建设项目环境影响报告表的批复.pdf,0.15,True,2025,佛山市怡美达新材料科技有限公司,佛环03环审〔2025〕363号佛山市生态环
E:\软件\2023-2026年顺德批复文件\2025_佛环03环审〔2025〕364号佛山市生态环境局关于佛山市倍奇模具科技有限公司扩建项目建设项目环境影响报告表的批复.pdf,2025_佛环03环审〔2025〕364号佛山市生态环境局关于佛山市倍奇模具科技有限公司扩建项目建设项目环境影响报告表的批复.pdf,0.16,True,2025,佛山市倍奇模具科技有限公司,佛环03环审〔2025〕364号佛山市生态环
E:\软件\2023-2026年顺德批复文件\2025_佛环03环审〔2025〕365号佛山市生态环境局关于美涂士全球生态智能总部建设项目建设项目环境影响报告表的批复.pdf,2025_佛环03环审〔2025〕365号佛山市生态环境局关于美涂士全球生态智能总部建设项目建设项目环境影响报告表的批复.pdf,0.17,True,2025,美涂士全球生态智能总部,佛环03环审〔2025〕365号佛山市生态环
E:\软件\2023-2026年顺德批复文件\2025_佛环03环审〔2025〕366号佛山市生态环境局关于佛山市顺德区佳林塑料模具厂迁扩建项目建设项目环境影响报告表的批复.pdf,2025_佛环03环审〔2025〕366号佛山市生态环境局关于佛山市顺德区佳林塑料模具厂迁扩建项目建设项目环境影响报告表的批复.pdf,0.15,True,2025,佛山市顺德区佳林塑料模具厂迁,佛环03环审〔2025〕366号佛山市生态环
E:\软件\2023-2026年顺德批复文件\2025_佛环03环审〔2025〕367号佛山市生态环境局关于佛山市邦得利涂料有限公司重新报批项目建设项目环境影响报告表的批复.pdf,2025_佛环03环审〔2025〕367号佛山市生态环境局关于佛山市邦得利涂料有限公司重新报批项目建设项目环境影响报告表的批复.pdf,0.15,True,2025,佛山市邦得利涂料有限公司重新报批项目,佛环03环审〔2025〕367号佛山市生态环
E:\软件\2023-2026年顺德批复文件\2025_佛环03环审〔2025〕368号佛山市生态环境局关于佛山市顺德区明凌涂料有限公司建设项目建设项目环境影响报告表的批复.pdf,2025_佛环03环审〔2025〕368号佛山市生态环境局关于佛山市顺德区明凌涂料有限公司建设项目建设项目环境影响报告表的批复.pdf,0.15,True,2025,佛山市顺德区明凌涂料有限公司,佛环03环审〔2025〕368号佛山市生态环
E:\软件\2023-2026年顺德批复文件\2025_佛环03环审〔2025〕369号佛山市生态环境局关于佛山市顺德区杰润五金塑料有限公司容桂街道容奇大道以南、华基路以西地块新建项目建设项目环境影响报告表的批复.pdf,2025_佛环03环审〔2025〕369号佛山市生态环境局关于佛山市顺德区杰润五金塑料有限公司容桂街道容奇大道以南、华基路以西地块新建项目建设项目环境影响报告表的批复.pdf,0.16,True,2025,佛山市顺德区杰润五金塑料有限公司容桂街道容奇大道以南、华基路以西地块,佛环03环审〔2025〕369号佛山市生态环
E:\软件\2023-2026年顺德批复文件\2025_佛环03环审〔2025〕370号佛山市生态环境局关于华先（广东）新材料科技有限公司新建项目建设项目环境影响报告表的批复.pdf,2025_佛环03环审〔2025〕370号佛山市生态环境局关于华先（广东）新材料科技有限公司新建项目建设项目环境影响报告表的批复.pdf,0.15,True,2025,华先（广东）新材料科技有限公司,佛环03环审〔2025〕370号佛山市生态环
E:\软件\2023-2026年顺德批复文件\2025_佛环03环审〔2025〕371号佛山市生态环境局关于广东桔子过滤技术有限公司迁扩建项目建设项目环境影响报告表的批复.pdf,2025_佛环03环审〔2025〕371号佛山市生态环境局关于广东桔子过滤技术有限公司迁扩建项目建设项目环境影响报告表的批复.pdf,0.15,True,2025,广东桔子过滤,佛环03环审〔2025〕371号佛山市生态环
E:\软件\2023-2026年顺德批复文件\2025_佛环03环审〔2025〕372号佛山市生态环境局关于广东欧亚宝拉链服装配件有限公司改扩建项目建设项目环境影响报告表的批复.pdf,2025_佛环03环审〔2025〕372号佛山市生态环境局关于广东欧亚宝拉链服装配件有限公司改扩建项目建设项目环境影响报告表的批复.pdf,0.15,True,2025,广东欧亚宝拉链服装配件有限公司改,佛环03环审〔2025〕372号佛山市生态环
E:\软件\2023-2026年顺德批复文件\2025_佛环03环审〔2025〕373号佛山市生态环境局关于佛山市顺德区骏雄包装材料有限公司新建项目建设项目环境影响报告表的批复.pdf,2025_佛环03环审〔2025〕373号佛山市生态环境局关于佛山市顺德区骏雄包装材料有限公司新建项目建设项目环境影响报告表的批复.pdf,0.16,True,2025,佛山市顺德区骏雄包装材料有限公司,佛环03环审〔2025〕373号佛山市生态环
E:\软件\2023-2026年顺德批复文件\2025_佛环03环审〔2025〕374_号佛山市生态环境局关于佛山市顺德区美莱宝塑料有限公司扩建项目建设项目环境影响报告表的批复.pdf,2025_佛环03环审〔2025〕374_号佛山市生态环境局关于佛山市顺德区美莱宝塑料有限公司扩建项目建设项目环境影响报告表的批复.pdf,0.15,True,2025,佛山市顺德区美莱宝塑料有限公司,佛环03环审〔2025〕374_号佛山市生态
E:\软件\2023-2026年顺德批复文件\2025_佛环03环审〔2025〕375号佛山市生态环境局关于佛山市丹特新材料科技有限公司迁扩建项目建设项目环境影响报告表的批复.pdf,2025_佛环03环审〔2025〕375号佛山市生态环境局关于佛山市丹特新材料科技有限公司迁扩建项目建设项目环境影响报告表的批复.pdf,0.15,True,2025,佛山市丹特新材料科技有限公司迁,佛环03环审〔2025〕375号佛山市生态环
E:\软件\2023-2026年顺德批复文件\2025_佛环03环审〔2025〕376号佛山市生态环境局关于佛山市顺德区捷盛能源有限公司新建项目建设项目环境影响报告表的批复.pdf,2025_佛环03环审〔2025〕376号佛山市生态环境局关于佛山市顺德区捷盛能源有限公司新建项目建设项目环境影响报告表的批复.pdf,0.14,True,2025,佛山市顺德区捷盛能源有限公司,佛环03环审〔2025〕376号佛山市生态环
E:\软件\2023-2026年顺德批复文件\2025_佛环03环审〔2025〕377号佛山市生态环境局关于佛山市顺德区本立电器科技有限公司迁扩建项目建设项目环境影响报告表的批复.pdf,2025_佛环03环审〔2025〕377号佛山市生态环境局关于佛山市顺德区本立电器科技有限公司迁扩建项目建设项目环境影响报告表的批复.pdf,0.16,True,2025,佛山市顺德区本立电器科技有限公司迁,佛环03环审〔2025〕377号佛山市生态环
E:\软件\2023-2026年顺德批复文件\2025_佛环03环审〔2025〕378号佛山市生态环境局关于广东美智智能科技有限公司迁扩建项目建设项目环境影响报告表的批复.pdf,2025_佛环03环审〔2025〕378号佛山市生态环境局关于广东美智智能科技有限公司迁扩建项目建设项目环境影响报告表的批复.pdf,0.16,True,2025,广东美智智能科技有限公司迁,佛环03环审〔2025〕378号佛山市生态环
E:\软件\2023-2026年顺德批复文件\2025_佛环03环审〔2025〕379号佛山市生态环境局关于佛山市踏脚石包装印刷有限公司新建项目建设项目环境影响报告表的批复.pdf,2025_佛环03环审〔2025〕379号佛山市生态环境局关于佛山市踏脚石包装印刷有限公司新建项目建设项目环境影响报告表的批复.pdf,0.16,True,2025,佛山市踏脚石包装印刷有限公司,佛环03环审〔2025〕379号佛山市生态环
E:\软件\2023-2026年顺德批复文件\2025_佛环03环审〔2025〕37号.pdf,2025_佛环03环审〔2025〕37号.pdf,0.11,True,2025,,佛环03环审〔2025〕37号.pdf
E:\软件\2023-2026年顺德批复文件\2025_佛环03环审〔2025〕380号佛山市生态环境局关于佛山市罗克斯电器有限公司新建项目建设项目环境影响报告表的批复.pdf,2025_佛环03环审〔2025〕380号佛山市生态环境局关于佛山市罗克斯电器有限公司新建项目建设项目环境影响报告表的批复.pdf,0.15,True,2025,佛山市罗克斯电器有限公司,佛环03环审〔2025〕380号佛山市生态环
E:\软件\2023-2026年顺德批复文件\2025_佛环03环审〔2025〕381号佛山市生态环境局关于广东满天红新能源股份有限公司新建项目建设项目环境影响报告表的批复.pdf,2025_佛环03环审〔2025〕381号佛山市生态环境局关于广东满天红新能源股份有限公司新建项目建设项目环境影响报告表的批复.pdf,0.17,True,2025,广东满天红新能源股份有限公司,佛环03环审〔2025〕381号佛山市生态环
E:\软件\2023-2026年顺德批复文件\2025_佛环03环审〔2025〕382号佛山市生态环境局关于东聚泰（佛山）科技有限公司建设项目建设项目环境影响报告表的批复.pdf,2025_佛环03环审〔2025〕382号佛山市生态环境局关于东聚泰（佛山）科技有限公司建设项目建设项目环境影响报告表的批复.pdf,0.15,True,2025,东聚泰（佛山）科技有限公司,佛环03环审〔2025〕382号佛山市生态环
E:\软件\2023-2026年顺德批复文件\2025_佛环03环审〔2025〕39号.pdf,2025_佛环03环审〔2025〕39号.pdf,0.15,True,2025,,佛环03环审〔2025〕39号.pdf
E:\软件\2023-2026年顺德批复文件\2025_佛环03环审〔2025〕3号.pdf,2025_佛环03环审〔2025〕3号.pdf,0.15,True,2025,,佛环03环审〔2025〕3号.pdf
E:\软件\2023-2026年顺德批复文件\2025_佛环03环审〔2025〕40号.pdf,2025_佛环03环审〔2025〕40号.pdf,0.15,True,2025,,佛环03环审〔2025〕40号.pdf
E:\软件\2023-2026年顺德批复文件\2025_佛环03环审〔2025〕41号.pdf,2025_佛环03环审〔2025〕41号.pdf,0.15,True,2025,,佛环03环审〔2025〕41号.pdf
E:\软件\2023-2026年顺德批复文件\2025_佛环03环审〔2025〕44号.pdf,2025_佛环03环审〔2025〕44号.pdf,0.15,True,2025,,佛环03环审〔2025〕44号.pdf
E:\软件\2023-2026年顺德批复文件\2025_佛环03环审〔2025〕45号.pdf,2025_佛环03环审〔2025〕45号.pdf,0.16,True,2025,,佛环03环审〔2025〕45号.pdf
E:\软件\2023-2026年顺德批复文件\2025_佛环03环审〔2025〕46号.pdf,2025_佛环03环审〔2025〕46号.pdf,0.16,True,2025,,佛环03环审〔2025〕46号.pdf
E:\软件\2023-2026年顺德批复文件\2025_佛环03环审〔2025〕47号.pdf,2025_佛环03环审〔2025〕47号.pdf,0.11,True,2025,,佛环03环审〔2025〕47号.pdf
E:\软件\2023-2026年顺德批复文件\2025_佛环03环审〔2025〕48号.pdf,2025_佛环03环审〔2025〕48号.pdf,0.15,True,2025,,佛环03环审〔2025〕48号.pdf
E:\软件\2023-2026年顺德批复文件\2025_佛环03环审〔2025〕49号.pdf,2025_佛环03环审〔2025〕49号.pdf,0.15,True,2025,,佛环03环审〔2025〕49号.pdf
E:\软件\2023-2026年顺德批复文件\2025_佛环03环审〔2025〕4号.pdf,2025_佛环03环审〔2025〕4号.pdf,0.15,True,2025,,佛环03环审〔2025〕4号.pdf
E:\软件\2023-2026年顺德批复文件\2025_佛环03环审〔2025〕50号.pdf,2025_佛环03环审〔2025〕50号.pdf,0.15,True,2025,,佛环03环审〔2025〕50号.pdf
E:\软件\2023-2026年顺德批复文件\2025_佛环03环审〔2025〕51号.pdf,2025_佛环03环审〔2025〕51号.pdf,0.15,True,2025,,佛环03环审〔2025〕51号.pdf
E:\软件\2023-2026年顺德批复文件\2025_佛环03环审〔2025〕52号.pdf,2025_佛环03环审〔2025〕52号.pdf,0.15,True,2025,,佛环03环审〔2025〕52号.pdf
E:\软件\2023-2026年顺德批复文件\2025_佛环03环审〔2025〕53号.pdf,2025_佛环03环审〔2025〕53号.pdf,0.15,True,2025,,佛环03环审〔2025〕53号.pdf
E:\软件\2023-2026年顺德批复文件\2025_佛环03环审〔2025〕57号.pdf,2025_佛环03环审〔2025〕57号.pdf,0.17,True,2025,,佛环03环审〔2025〕57号.pdf
E:\软件\2023-2026年顺德批复文件\2025_佛环03环审〔2025〕58号.pdf,2025_佛环03环审〔2025〕58号.pdf,0.16,True,2025,,佛环03环审〔2025〕58号.pdf
E:\软件\2023-2026年顺德批复文件\2025_佛环03环审〔2025〕59号.pdf,2025_佛环03环审〔2025〕59号.pdf,0.16,True,2025,,佛环03环审〔2025〕59号.pdf
E:\软件\2023-2026年顺德批复文件\2025_佛环03环审〔2025〕5号.pdf,2025_佛环03环审〔2025〕5号.pdf,0.17,True,2025,,佛环03环审〔2025〕5号.pdf
E:\软件\2023-2026年顺德批复文件\2025_佛环03环审〔2025〕60号.pdf,2025_佛环03环审〔2025〕60号.pdf,0.16,True,2025,,佛环03环审〔2025〕60号.pdf
E:\软件\2023-2026年顺德批复文件\2025_佛环03环审〔2025〕61号.pdf,2025_佛环03环审〔2025〕61号.pdf,0.15,True,2025,,佛环03环审〔2025〕61号.pdf
E:\软件\2023-2026年顺德批复文件\2025_佛环03环审〔2025〕62号.pdf,2025_佛环03环审〔2025〕62号.pdf,0.15,True,2025,,佛环03环审〔2025〕62号.pdf
E:\软件\2023-2026年顺德批复文件\2025_佛环03环审〔2025〕63号.pdf,2025_佛环03环审〔2025〕63号.pdf,0.15,True,2025,,佛环03环审〔2025〕63号.pdf
E:\软件\2023-2026年顺德批复文件\2025_佛环03环审〔2025〕64号.pdf,2025_佛环03环审〔2025〕64号.pdf,0.16,True,2025,,佛环03环审〔2025〕64号.pdf
E:\软件\2023-2026年顺德批复文件\2025_佛环03环审〔2025〕65号.pdf,2025_佛环03环审〔2025〕65号.pdf,0.15,True,2025,,佛环03环审〔2025〕65号.pdf
E:\软件\2023-2026年顺德批复文件\2025_佛环03环审〔2025〕66号.pdf,2025_佛环03环审〔2025〕66号.pdf,0.14,True,2025,,佛环03环审〔2025〕66号.pdf
E:\软件\2023-2026年顺德批复文件\2025_佛环03环审〔2025〕67号.pdf,2025_佛环03环审〔2025〕67号.pdf,0.16,True,2025,,佛环03环审〔2025〕67号.pdf
E:\软件\2023-2026年顺德批复文件\2025_佛环03环审〔2025〕68号.pdf,2025_佛环03环审〔2025〕68号.pdf,0.11,True,2025,,佛环03环审〔2025〕68号.pdf
E:\软件\2023-2026年顺德批复文件\2025_佛环03环审〔2025〕69号.pdf,2025_佛环03环审〔2025〕69号.pdf,0.16,True,2025,,佛环03环审〔2025〕69号.pdf
E:\软件\2023-2026年顺德批复文件\2025_佛环03环审〔2025〕6号.pdf,2025_佛环03环审〔2025〕6号.pdf,0.15,True,2025,,佛环03环审〔2025〕6号.pdf
E:\软件\2023-2026年顺德批复文件\2025_佛环03环审〔2025〕70号.pdf,2025_佛环03环审〔2025〕70号.pdf,0.15,True,2025,,佛环03环审〔2025〕70号.pdf
E:\软件\2023-2026年顺德批复文件\2025_佛环03环审〔2025〕71号.pdf,2025_佛环03环审〔2025〕71号.pdf,0.15,True,2025,,佛环03环审〔2025〕71号.pdf
E:\软件\2023-2026年顺德批复文件\2025_佛环03环审〔2025〕72号.pdf,2025_佛环03环审〔2025〕72号.pdf,0.15,True,2025,,佛环03环审〔2025〕72号.pdf
E:\软件\2023-2026年顺德批复文件\2025_佛环03环审〔2025〕73号.pdf,2025_佛环03环审〔2025〕73号.pdf,0.15,True,2025,,佛环03环审〔2025〕73号.pdf
E:\软件\2023-2026年顺德批复文件\2025_佛环03环审〔2025〕74号.pdf,2025_佛环03环审〔2025〕74号.pdf,0.15,True,2025,,佛环03环审〔2025〕74号.pdf
E:\软件\2023-2026年顺德批复文件\2025_佛环03环审〔2025〕75号.pdf,2025_佛环03环审〔2025〕75号.pdf,0.15,True,2025,,佛环03环审〔2025〕75号.pdf
E:\软件\2023-2026年顺德批复文件\2025_佛环03环审〔2025〕76号.pdf,2025_佛环03环审〔2025〕76号.pdf,0.15,True,2025,,佛环03环审〔2025〕76号.pdf
E:\软件\2023-2026年顺德批复文件\2025_佛环03环审〔2025〕77号.pdf,2025_佛环03环审〔2025〕77号.pdf,0.15,True,2025,,佛环03环审〔2025〕77号.pdf
E:\软件\2023-2026年顺德批复文件\2025_佛环03环审〔2025〕78号.pdf,2025_佛环03环审〔2025〕78号.pdf,0.11,True,2025,,佛环03环审〔2025〕78号.pdf
E:\软件\2023-2026年顺德批复文件\2025_佛环03环审〔2025〕79号.pdf,2025_佛环03环审〔2025〕79号.pdf,0.11,True,2025,,佛环03环审〔2025〕79号.pdf
E:\软件\2023-2026年顺德批复文件\2025_佛环03环审〔2025〕7号.pdf,2025_佛环03环审〔2025〕7号.pdf,0.15,True,2025,,佛环03环审〔2025〕7号.pdf
E:\软件\2023-2026年顺德批复文件\2025_佛环03环审〔2025〕80号.pdf,2025_佛环03环审〔2025〕80号.pdf,0.15,True,2025,,佛环03环审〔2025〕80号.pdf
E:\软件\2023-2026年顺德批复文件\2025_佛环03环审〔2025〕81号.pdf,2025_佛环03环审〔2025〕81号.pdf,0.17,True,2025,,佛环03环审〔2025〕81号.pdf
E:\软件\2023-2026年顺德批复文件\2025_佛环03环审〔2025〕82号.pdf,2025_佛环03环审〔2025〕82号.pdf,0.16,True,2025,,佛环03环审〔2025〕82号.pdf
E:\软件\2023-2026年顺德批复文件\2025_佛环03环审〔2025〕83号.pdf,2025_佛环03环审〔2025〕83号.pdf,0.15,True,2025,,佛环03环审〔2025〕83号.pdf
E:\软件\2023-2026年顺德批复文件\2025_佛环03环审〔2025〕84号.pdf,2025_佛环03环审〔2025〕84号.pdf,0.14,True,2025,,佛环03环审〔2025〕84号.pdf
E:\软件\2023-2026年顺德批复文件\2025_佛环03环审〔2025〕86号.pdf,2025_佛环03环审〔2025〕86号.pdf,0.15,True,2025,,佛环03环审〔2025〕86号.pdf
E:\软件\2023-2026年顺德批复文件\2025_佛环03环审〔2025〕87号.pdf,2025_佛环03环审〔2025〕87号.pdf,0.15,True,2025,,佛环03环审〔2025〕87号.pdf
E:\软件\2023-2026年顺德批复文件\2025_佛环03环审〔2025〕88号.pdf,2025_佛环03环审〔2025〕88号.pdf,0.11,True,2025,,佛环03环审〔2025〕88号.pdf
E:\软件\2023-2026年顺德批复文件\2025_佛环03环审〔2025〕89号.pdf,2025_佛环03环审〔2025〕89号.pdf,0.15,True,2025,,佛环03环审〔2025〕89号.pdf
E:\软件\2023-2026年顺德批复文件\2025_佛环03环审〔2025〕8号.pdf,2025_佛环03环审〔2025〕8号.pdf,0.15,True,2025,,佛环03环审〔2025〕8号.pdf
E:\软件\2023-2026年顺德批复文件\2025_佛环03环审〔2025〕90号.pdf,2025_佛环03环审〔2025〕90号.pdf,0.15,True,2025,,佛环03环审〔2025〕90号.pdf
E:\软件\2023-2026年顺德批复文件\2025_佛环03环审〔2025〕91号.pdf,2025_佛环03环审〔2025〕91号.pdf,0.15,True,2025,,佛环03环审〔2025〕91号.pdf
E:\软件\2023-2026年顺德批复文件\2025_佛环03环审〔2025〕92号.pdf,2025_佛环03环审〔2025〕92号.pdf,0.14,True,2025,,佛环03环审〔2025〕92号.pdf
E:\软件\2023-2026年顺德批复文件\2025_佛环03环审〔2025〕93号.pdf,2025_佛环03环审〔2025〕93号.pdf,0.14,True,2025,,佛环03环审〔2025〕93号.pdf
E:\软件\2023-2026年顺德批复文件\2025_佛环03环审〔2025〕94号.pdf,2025_佛环03环审〔2025〕94号.pdf,0.15,True,2025,,佛环03环审〔2025〕94号.pdf
E:\软件\2023-2026年顺德批复文件\2025_佛环03环审〔2025〕95号.pdf,2025_佛环03环审〔2025〕95号.pdf,0.15,True,2025,,佛环03环审〔2025〕95号.pdf
E:\软件\2023-2026年顺德批复文件\2025_佛环03环审〔2025〕96号.pdf,2025_佛环03环审〔2025〕96号.pdf,0.15,True,2025,,佛环03环审〔2025〕96号.pdf
E:\软件\2023-2026年顺德批复文件\2025_佛环03环审〔2025〕97号.pdf,2025_佛环03环审〔2025〕97号.pdf,0.11,True,2025,,佛环03环审〔2025〕97号.pdf
E:\软件\2023-2026年顺德批复文件\2025_佛环03环审〔2025〕98号.pdf,2025_佛环03环审〔2025〕98号.pdf,0.15,True,2025,,佛环03环审〔2025〕98号.pdf
E:\软件\2023-2026年顺德批复文件\2025_佛环03环审〔2025〕99号.pdf,2025_佛环03环审〔2025〕99号.pdf,0.14,True,2025,,佛环03环审〔2025〕99号.pdf
E:\软件\2023-2026年顺德批复文件\2025_佛环03环审〔2025〕9号.pdf,2025_佛环03环审〔2025〕9号.pdf,0.15,True,2025,,佛环03环审〔2025〕9号.pdf
E:\软件\2023-2026年顺德批复文件\2025_环审〔2025〕280号佛山市生态环境局关于广东莱尔新材料科技股份有限公司高性能功能胶膜新材料建设项目建设项目环境影响报告表的批复.pdf,2025_环审〔2025〕280号佛山市生态环境局关于广东莱尔新材料科技股份有限公司高性能功能胶膜新材料建设项目建设项目环境影响报告表的批复.pdf,0.15,True,2025,广东莱尔新材料科技股份有限公司高性能功能胶膜新材料,
E:\软件\2023-2026年顺德批复文件\2025_环审〔2025〕281号佛山市生态环境局关于佛山市大为科技有限公司新型新能源电池集流体材料生产建设项目建设项目环境影响报告表的批复.pdf,2025_环审〔2025〕281号佛山市生态环境局关于佛山市大为科技有限公司新型新能源电池集流体材料生产建设项目建设项目环境影响报告表的批复.pdf,0.16,True,2025,佛山市大为科技有限公司新型新能源电池集流体材料生产,
E:\软件\2023-2026年顺德批复文件\2026_佛山市生态环境局关于佛山安丰辰模塑有限公司新建项目环境影响报告表的批复.pdf,2026_佛山市生态环境局关于佛山安丰辰模塑有限公司新建项目环境影响报告表的批复.pdf,0.15,True,2026,佛山安丰辰模塑有限公司,
E:\软件\2023-2026年顺德批复文件\2026_佛山市生态环境局关于佛山市亿才塑料制品有限公司迁扩建项目建设项目环境影响报告表的批复.pdf,2026_佛山市生态环境局关于佛山市亿才塑料制品有限公司迁扩建项目建设项目环境影响报告表的批复.pdf,0.15,True,2026,佛山市亿才塑料制品有限公司迁,
E:\软件\2023-2026年顺德批复文件\2026_佛山市生态环境局关于佛山市华智弈胜科技有限公司扩建项目环境影响报告表的批复.pdf,2026_佛山市生态环境局关于佛山市华智弈胜科技有限公司扩建项目环境影响报告表的批复.pdf,0.14,True,2026,佛山市华智弈胜科技有限公司,
E:\软件\2023-2026年顺德批复文件\2026_佛山市生态环境局关于佛山市嘉昊阳新材料科技有限公司新建项目环境影响报告表的批复（无章）.pdf,2026_佛山市生态环境局关于佛山市嘉昊阳新材料科技有限公司新建项目环境影响报告表的批复（无章）.pdf,0.14,True,2026,佛山市嘉昊阳新材料科技有限公司,
E:\软件\2023-2026年顺德批复文件\2026_佛山市生态环境局关于佛山市壹封塑料制品有限公司迁改扩建项目建设项目环境影响报告表的批复.pdf,2026_佛山市生态环境局关于佛山市壹封塑料制品有限公司迁改扩建项目建设项目环境影响报告表的批复.pdf,0.15,True,2026,佛山市壹封塑料制品有限公司迁改,
E:\软件\2023-2026年顺德批复文件\2026_佛山市生态环境局关于佛山市宏麟精密模具有限公司新建项目环境影响报告表的批复（无章）.pdf,2026_佛山市生态环境局关于佛山市宏麟精密模具有限公司新建项目环境影响报告表的批复（无章）.pdf,0.14,True,2026,佛山市宏麟精密模具有限公司,
E:\软件\2023-2026年顺德批复文件\2026_佛山市生态环境局关于佛山市旭泰固林塑料制品有限公司新建项目建设项环境影响报告表的批复.pdf,2026_佛山市生态环境局关于佛山市旭泰固林塑料制品有限公司新建项目建设项环境影响报告表的批复.pdf,0.15,True,2026,佛山市旭泰固林塑料制品有限公司,
E:\软件\2023-2026年顺德批复文件\2026_佛山市生态环境局关于佛山市锦延宁塑料制品有限公司新建项目建设项目环境影响报告表的批复.pdf,2026_佛山市生态环境局关于佛山市锦延宁塑料制品有限公司新建项目建设项目环境影响报告表的批复.pdf,0.15,True,2026,佛山市锦延宁塑料制品有限公司,
E:\软件\2023-2026年顺德批复文件\2026_佛山市生态环境局关于佛山市顺德区佳碧景环保科技有限公司建设项目建设项目环境影响报告表的批复.pdf,2026_佛山市生态环境局关于佛山市顺德区佳碧景环保科技有限公司建设项目建设项目环境影响报告表的批复.pdf,0.15,True,2026,佛山市顺德区佳碧景环保科技有限公司,
E:\软件\2023-2026年顺德批复文件\2026_佛山市生态环境局关于佛山市顺德区宝力丰包装有限公司年产纸箱900万个搬迁项目环境影响报告表的批复（无章）.pdf,2026_佛山市生态环境局关于佛山市顺德区宝力丰包装有限公司年产纸箱900万个搬迁项目环境影响报告表的批复（无章）.pdf,0.13,True,2026,,
E:\软件\2023-2026年顺德批复文件\2026_佛山市生态环境局关于佛山市顺德区恒熙新材料科技有限公司新建项目建设项目环境影响报告表的批复.pdf,2026_佛山市生态环境局关于佛山市顺德区恒熙新材料科技有限公司新建项目建设项目环境影响报告表的批复.pdf,0.15,True,2026,佛山市顺德区恒熙新材料科技有限公司,
E:\软件\2023-2026年顺德批复文件\2026_佛山市生态环境局关于佛山市顺德区擎天塑料制品有限公司搬迁项目建设项目环境影响报告表的批复.pdf,2026_佛山市生态环境局关于佛山市顺德区擎天塑料制品有限公司搬迁项目建设项目环境影响报告表的批复.pdf,0.15,True,2026,佛山市顺德区擎天塑料制品有限公司搬迁项目,
E:\软件\2023-2026年顺德批复文件\2026_佛山市生态环境局关于佛山市顺德区新臻柏顺精密模具有限公司新建项目环境影响报告表的批复.pdf,2026_佛山市生态环境局关于佛山市顺德区新臻柏顺精密模具有限公司新建项目环境影响报告表的批复.pdf,0.14,True,2026,佛山市顺德区新臻柏顺精密模具有限公司,
E:\软件\2023-2026年顺德批复文件\2026_佛山市生态环境局关于佛山市顺德区盛吸金新材料有限公司新建项目建设项目环境影响报告表的批复.pdf,2026_佛山市生态环境局关于佛山市顺德区盛吸金新材料有限公司新建项目建设项目环境影响报告表的批复.pdf,0.15,True,2026,佛山市顺德区盛吸金新材料有限公司,
E:\软件\2023-2026年顺德批复文件\2026_佛山市生态环境局关于佛山市顺德区顺志程塑胶制品有限公司改扩建项目环境影响报告表的批复（无章）.pdf,2026_佛山市生态环境局关于佛山市顺德区顺志程塑胶制品有限公司改扩建项目环境影响报告表的批复（无章）.pdf,0.15,True,2026,佛山市顺德区顺志程塑胶制品有限公司改,
E:\软件\2023-2026年顺德批复文件\2026_佛山市生态环境局关于佛山市领展智能科技有限公司重新报批项目建设项目环境影响报告表的批复.pdf,2026_佛山市生态环境局关于佛山市领展智能科技有限公司重新报批项目建设项目环境影响报告表的批复.pdf,0.15,True,2026,佛山市领展智能科技有限公司重新报批项目,
E:\软件\2023-2026年顺德批复文件\2026_佛山市生态环境局关于佛山润昌模具有限公司建设项目环境影响报告表的批复（无章）.pdf,2026_佛山市生态环境局关于佛山润昌模具有限公司建设项目环境影响报告表的批复（无章）.pdf,0.15,True,2026,佛山润昌模具有限公司,
E:\软件\2023-2026年顺德批复文件\2026_佛山市生态环境局关于佛山耀冠塑料制品有限公司第二车间新建项目环境影响报告表的批复.pdf,2026_佛山市生态环境局关于佛山耀冠塑料制品有限公司第二车间新建项目环境影响报告表的批复.pdf,0.13,True,2026,佛山耀冠塑料制品有限公司第二车间,
E:\软件\2023-2026年顺德批复文件\2026_佛山市生态环境局关于和曦细胞实验室新建项目环境影响报告表的批复（无章）.pdf,2026_佛山市生态环境局关于和曦细胞实验室新建项目环境影响报告表的批复（无章）.pdf,0.15,True,2026,和曦细胞实验室,
E:\软件\2023-2026年顺德批复文件\2026_佛山市生态环境局关于容桂外环路快速化改造工程（华天路-建业路段)建设项目环境影响报告表的批复.pdf,2026_佛山市生态环境局关于容桂外环路快速化改造工程（华天路-建业路段)建设项目环境影响报告表的批复.pdf,0.14,True,2026,容桂外环路快速化改造工程（华天路-建业路段),
E:\软件\2023-2026年顺德批复文件\2026_佛山市生态环境局关于广东三睦科技有限公司新建项目建设项目环境影响报告表的批复.pdf,2026_佛山市生态环境局关于广东三睦科技有限公司新建项目建设项目环境影响报告表的批复.pdf,0.15,True,2026,广东三睦科技有限公司,
E:\软件\2023-2026年顺德批复文件\2026_佛山市生态环境局关于顺德区容桂华塑五金塑料制品厂搬迁项目建设项目环境影响报告表的批复.pdf,2026_佛山市生态环境局关于顺德区容桂华塑五金塑料制品厂搬迁项目建设项目环境影响报告表的批复.pdf,0.15,True,2026,顺德区容桂华塑五金塑料制品厂搬迁项目,
E:\软件\2023-2026年顺德批复文件\2026_佛环0303环审[2026]4号（佛山市生态环境局关于佛山市星舰智能装备有限公司新建项目（重新报批）建设项目环境影响报告表的批复）.pdf,2026_佛环0303环审[2026]4号（佛山市生态环境局关于佛山市星舰智能装备有限公司新建项目（重新报批）建设项目环境影响报告表的批复）.pdf,0.18,True,2026,佛山市星舰智能装备有限公司,佛环0303环审[2026]4号（佛山市生态
E:\软件\2023-2026年顺德批复文件\2026_佛环0303环审〔2026〕1号（佛山市生态环境局关于伦教液化天然气应急调峰站建设项目建设项目环境影响报告表的批复）.pdf,2026_佛环0303环审〔2026〕1号（佛山市生态环境局关于伦教液化天然气应急调峰站建设项目建设项目环境影响报告表的批复）.pdf,0.16,True,2026,伦教液化天然气应急调峰站,佛环0303环审〔2026〕1号（佛山市生态
E:\软件\2023-2026年顺德批复文件\2026_佛环0305环审〔2025〕16号【佛山市生态环境局关于广东康立泰新材料有限公司研发中心重新报批建设项目环境影响报告表的批复】（公示）.pdf,2026_佛环0305环审〔2025〕16号【佛山市生态环境局关于广东康立泰新材料有限公司研发中心重新报批建设项目环境影响报告表的批复】（公示）.pdf,0.13,True,2026,广东康立泰新材料有限公司研发中心重新报批,佛环0305环审〔2025〕16号【佛山市生
E:\软件\2023-2026年顺德批复文件\2026_佛环0305环审〔2026〕1号【佛山市生态环境局关于佛山勇气科技有限公司新建项目建设项目环境影响报告表的批复】（公示版）.pdf,2026_佛环0305环审〔2026〕1号【佛山市生态环境局关于佛山勇气科技有限公司新建项目建设项目环境影响报告表的批复】（公示版）.pdf,0.13,True,2026,佛山勇气科技有限公司,佛环0305环审〔2026〕1号【佛山市生态
E:\软件\2023-2026年顺德批复文件\2026_佛环0305环审〔2026〕2号【佛山市生态环境局关于佛山市宏章不锈钢有限公司建设项目建设项目环境影响报告表的批复】（公示版）.pdf,2026_佛环0305环审〔2026〕2号【佛山市生态环境局关于佛山市宏章不锈钢有限公司建设项目建设项目环境影响报告表的批复】（公示版）.pdf,0.11,True,2026,佛山市宏章不锈钢有限公司,佛环0305环审〔2026〕2号【佛山市生态
E:\软件\2023-2026年顺德批复文件\2026_佛环0305环审〔2026〕3号【佛山市生态环境局关于佛山市新钿联不锈钢有限公司新建项目建设项目环境影响报告表的批复】（公示版）.pdf,2026_佛环0305环审〔2026〕3号【佛山市生态环境局关于佛山市新钿联不锈钢有限公司新建项目建设项目环境影响报告表的批复】（公示版）.pdf,0.11,True,2026,佛山市新钿联不锈钢有限公司,佛环0305环审〔2026〕3号【佛山市生态
E:\软件\2023-2026年顺德批复文件\2026_佛环0305环审〔2026〕4号【佛山市生态环境局关于佛山市利和众科技有限公司新建项目建设项目环境影响报告表的批复】（公示版）.pdf,2026_佛环0305环审〔2026〕4号【佛山市生态环境局关于佛山市利和众科技有限公司新建项目建设项目环境影响报告表的批复】（公示版）.pdf,0.11,True,2026,佛山市利和众科技有限公司,佛环0305环审〔2026〕4号【佛山市生态
E:\软件\2023-2026年顺德批复文件\2026_佛环0305环审〔2026〕5号【佛山市生态环境局关于佛山市点辉金属制品有限公司新建项目建设项目环境影响报告表的批复】（公示版）.pdf,2026_佛环0305环审〔2026〕5号【佛山市生态环境局关于佛山市点辉金属制品有限公司新建项目建设项目环境影响报告表的批复】（公示版）.pdf,0.13,True,2026,佛山市点辉金属制品有限公司,佛环0305环审〔2026〕5号【佛山市生态
E:\软件\2023-2026年顺德批复文件\2026_佛环0305环审〔2026〕6号【佛山市生态环境局关于佛山市思博电子科技有限公司新建项目建设项目环境影响报告表的批复】（公示版）.pdf,2026_佛环0305环审〔2026〕6号【佛山市生态环境局关于佛山市思博电子科技有限公司新建项目建设项目环境影响报告表的批复】（公示版）.pdf,0.13,True,2026,佛山市思博电子科技有限公司,佛环0305环审〔2026〕6号【佛山市生态
E:\软件\2023-2026年顺德批复文件\2026_佛环0309环审〔2025〕39号（耀棋）.pdf,2026_佛环0309环审〔2025〕39号（耀棋）.pdf,0.1,True,2026,,佛环0309环审〔2025〕39号（耀棋）.
E:\软件\2023-2026年顺德批复文件\2026_佛环0309环审〔2025〕40号（博纬）.pdf,2026_佛环0309环审〔2025〕40号（博纬）.pdf,0.47,True,2026,,佛环0309环审〔2025〕40号（博纬）.
E:\软件\2023-2026年顺德批复文件\2026_佛环0309环审〔2026〕1号（创特圣）.pdf,2026_佛环0309环审〔2026〕1号（创特圣）.pdf,0.76,True,2026,,佛环0309环审〔2026〕1号（创特圣）.
E:\软件\2023-2026年顺德批复文件\2026_佛环0309环审〔2026〕2号（四叶草）.pdf,2026_佛环0309环审〔2026〕2号（四叶草）.pdf,0.84,True,2026,,佛环0309环审〔2026〕2号（四叶草）.
E:\软件\2023-2026年顺德批复文件\2026_佛环0309环审〔2026〕3号（碧坤）.pdf,2026_佛环0309环审〔2026〕3号（碧坤）.pdf,0.8,True,2026,,佛环0309环审〔2026〕3号（碧坤）.p
E:\软件\2023-2026年顺德批复文件\2026_佛环03环审〔2025〕383号佛山市生态环境局关于佛山市顺德区东辰之星电子有限公司新建项目建设项目环境影响报告表的批复.pdf,2026_佛环03环审〔2025〕383号佛山市生态环境局关于佛山市顺德区东辰之星电子有限公司新建项目建设项目环境影响报告表的批复.pdf,0.15,True,2026,佛山市顺德区东辰之星电子有限公司,佛环03环审〔2025〕383号佛山市生态环
E:\软件\2023-2026年顺德批复文件\2026_佛环03环审〔2025〕384号佛山市生态环境局关于佛山市顺德区志美锐新材料有限公司新建项目建设项目环境影响报告表的批复.pdf,2026_佛环03环审〔2025〕384号佛山市生态环境局关于佛山市顺德区志美锐新材料有限公司新建项目建设项目环境影响报告表的批复.pdf,0.15,True,2026,佛山市顺德区志美锐新材料有限公司,佛环03环审〔2025〕384号佛山市生态环
E:\软件\2023-2026年顺德批复文件\2026_佛环03环审〔2025〕385号佛山市生态环境局关于佛山市顺德区森晖莹新材料有限公司新建项目建设项目环境影响报告表的批复.pdf,2026_佛环03环审〔2025〕385号佛山市生态环境局关于佛山市顺德区森晖莹新材料有限公司新建项目建设项目环境影响报告表的批复.pdf,0.16,True,2026,佛山市顺德区森晖莹新材料有限公司,佛环03环审〔2025〕385号佛山市生态环
E:\软件\2023-2026年顺德批复文件\2026_佛环03环审〔2025〕386号佛山市生态环境局关于佛山市壹优特塑新材料科技有限公司新建项目建设项目环境影响报告表的批复.pdf,2026_佛环03环审〔2025〕386号佛山市生态环境局关于佛山市壹优特塑新材料科技有限公司新建项目建设项目环境影响报告表的批复.pdf,0.15,True,2026,佛山市壹优特塑新材料科技有限公司,佛环03环审〔2025〕386号佛山市生态环
E:\软件\2023-2026年顺德批复文件\2026_佛环03环审〔2025〕387号佛山市生态环境局关于佛山市益发智能科技有限公司扩建项目建设项目环境影响报告表的批复.pdf,2026_佛环03环审〔2025〕387号佛山市生态环境局关于佛山市益发智能科技有限公司扩建项目建设项目环境影响报告表的批复.pdf,0.16,True,2026,佛山市益发智能科技有限公司,佛环03环审〔2025〕387号佛山市生态环
E:\软件\2023-2026年顺德批复文件\2026_佛环03环审〔2025〕388号佛山市生态环境局关于佛山市宏泽鑫高分子材料有限公司新建项目建设项目环境影响报告表的批复.pdf,2026_佛环03环审〔2025〕388号佛山市生态环境局关于佛山市宏泽鑫高分子材料有限公司新建项目建设项目环境影响报告表的批复.pdf,0.15,True,2026,佛山市宏泽鑫高分子材料有限公司,佛环03环审〔2025〕388号佛山市生态环
E:\软件\2023-2026年顺德批复文件\2026_佛环03环审〔2025〕389号佛山市生态环境局关于广东维宁科技有限公司建设项目建设项目环境影响报告表的批复.pdf,2026_佛环03环审〔2025〕389号佛山市生态环境局关于广东维宁科技有限公司建设项目建设项目环境影响报告表的批复.pdf,0.15,True,2026,广东维宁科技有限公司,佛环03环审〔2025〕389号佛山市生态环
E:\软件\2023-2026年顺德批复文件\2026_佛环03环审〔2025〕390号佛山市生态环境局关于佛山市顺德区彩田新材料有限公司新建项目建设项目环境影响报告表的批复.pdf,2026_佛环03环审〔2025〕390号佛山市生态环境局关于佛山市顺德区彩田新材料有限公司新建项目建设项目环境影响报告表的批复.pdf,0.15,True,2026,佛山市顺德区彩田新材料有限公司,佛环03环审〔2025〕390号佛山市生态环
E:\软件\2023-2026年顺德批复文件\2026_佛环03环审〔2025〕391号佛山市生态环境局关于佛山市霆拓电子科技有限公司新建项目建设项目环境影响报告表的批复.pdf,2026_佛环03环审〔2025〕391号佛山市生态环境局关于佛山市霆拓电子科技有限公司新建项目建设项目环境影响报告表的批复.pdf,0.15,True,2026,佛山市霆拓电子科技有限公司,佛环03环审〔2025〕391号佛山市生态环
E:\软件\2023-2026年顺德批复文件\2026_佛环03环审〔2025〕392号佛山市生态环境局关于佛山市盈亿电器有限公司新建项目建设项目环境影响报告表的批复.pdf,2026_佛环03环审〔2025〕392号佛山市生态环境局关于佛山市盈亿电器有限公司新建项目建设项目环境影响报告表的批复.pdf,0.15,True,2026,佛山市盈亿电器有限公司,佛环03环审〔2025〕392号佛山市生态环
E:\软件\2023-2026年顺德批复文件\2026_佛环03环审〔2025〕393号佛山市生态环境局关于佛山市顺德区纪宇电器有限公司新建项目建设项目环境影响报告表的批复.pdf,2026_佛环03环审〔2025〕393号佛山市生态环境局关于佛山市顺德区纪宇电器有限公司新建项目建设项目环境影响报告表的批复.pdf,0.15,True,2026,佛山市顺德区纪宇电器有限公司,佛环03环审〔2025〕393号佛山市生态环
E:\软件\2023-2026年顺德批复文件\2026_佛环03环审〔2025〕395号佛山市生态环境局关于佛山市顺德区杏坛镇高赞国明橡胶五金制品厂迁改建项目建设项目环境影响报告表的批复.pdf,2026_佛环03环审〔2025〕395号佛山市生态环境局关于佛山市顺德区杏坛镇高赞国明橡胶五金制品厂迁改建项目建设项目环境影响报告表的批复.pdf,0.15,True,2026,佛山市顺德区杏坛镇高赞国明橡胶五金制品厂迁改建项目,佛环03环审〔2025〕395号佛山市生态环
E:\软件\2023-2026年顺德批复文件\2026_佛环03环审〔2025〕396号佛山市生态环境局关于佛山市鸿冠橡胶制品有限公司新建项目建设项目环境影响报告表的批复.pdf,2026_佛环03环审〔2025〕396号佛山市生态环境局关于佛山市鸿冠橡胶制品有限公司新建项目建设项目环境影响报告表的批复.pdf,0.15,True,2026,佛山市鸿冠橡胶制品有限公司,佛环03环审〔2025〕396号佛山市生态环
E:\软件\2023-2026年顺德批复文件\2026_佛环03环审〔2026〕102号佛山市生态环境局关于佛山市金坦精密弹簧有限公司新建项目建设项目环境影响报告表的批复.pdf,2026_佛环03环审〔2026〕102号佛山市生态环境局关于佛山市金坦精密弹簧有限公司新建项目建设项目环境影响报告表的批复.pdf,0.15,True,2026,佛山市金坦精密弹簧有限公司,佛环03环审〔2026〕102号佛山市生态环
E:\软件\2023-2026年顺德批复文件\2026_佛环03环审〔2026〕103号佛山市生态环境局关于广东方顶新材料有限公司新建项目建设项目环境影响报告表的批复.pdf,2026_佛环03环审〔2026〕103号佛山市生态环境局关于广东方顶新材料有限公司新建项目建设项目环境影响报告表的批复.pdf,0.15,True,2026,广东方顶新材料有限公司,佛环03环审〔2026〕103号佛山市生态环
E:\软件\2023-2026年顺德批复文件\2026_佛环03环审〔2026〕104号佛山市生态环境局关于佛山市京顺特新材料科技有限公司新建项目建设项目环境影响报告表的批复.pdf,2026_佛环03环审〔2026〕104号佛山市生态环境局关于佛山市京顺特新材料科技有限公司新建项目建设项目环境影响报告表的批复.pdf,0.15,True,2026,佛山市京顺特新材料科技有限公司,佛环03环审〔2026〕104号佛山市生态环
E:\软件\2023-2026年顺德批复文件\2026_佛环03环审〔2026〕105号佛山市生态环境局关于广东明坤科技有限公司新建项目建设项目环境影响报告表的批复.pdf,2026_佛环03环审〔2026〕105号佛山市生态环境局关于广东明坤科技有限公司新建项目建设项目环境影响报告表的批复.pdf,0.15,True,2026,广东明坤科技有限公司,佛环03环审〔2026〕105号佛山市生态环
E:\软件\2023-2026年顺德批复文件\2026_佛环03环审〔2026〕106号佛山市生态环境局关于佛山市顺德区巴德富实业有限公司顺德研发基地新建项目建设项目环境影响报告表的批复.pdf,2026_佛环03环审〔2026〕106号佛山市生态环境局关于佛山市顺德区巴德富实业有限公司顺德研发基地新建项目建设项目环境影响报告表的批复.pdf,0.16,True,2026,佛山市顺德区巴德富实业有限公司顺德研发基地,佛环03环审〔2026〕106号佛山市生态环
E:\软件\2023-2026年顺德批复文件\2026_佛环03环审〔2026〕107号佛山市生态环境局关于佛山市港冠电子有限公司技术改造项目建设项目环境影响报告表的批复.pdf,2026_佛环03环审〔2026〕107号佛山市生态环境局关于佛山市港冠电子有限公司技术改造项目建设项目环境影响报告表的批复.pdf,0.16,True,2026,佛山市港冠电子有限公司,佛环03环审〔2026〕107号佛山市生态环
E:\软件\2023-2026年顺德批复文件\2026_佛环03环审〔2026〕108号佛山市生态环境局关于佛山市中大力信传动科技有限公司新建项目建设项目环境影响报告表的批复.pdf,2026_佛环03环审〔2026〕108号佛山市生态环境局关于佛山市中大力信传动科技有限公司新建项目建设项目环境影响报告表的批复.pdf,0.15,True,2026,佛山市中大力信传动科技有限公司,佛环03环审〔2026〕108号佛山市生态环
E:\软件\2023-2026年顺德批复文件\2026_佛环03环审〔2026〕109号佛山市生态环境局关于佛山市博帆过滤设备有限公司新建项目建设项目环境影响报告表的批复.pdf,2026_佛环03环审〔2026〕109号佛山市生态环境局关于佛山市博帆过滤设备有限公司新建项目建设项目环境影响报告表的批复.pdf,0.15,True,2026,佛山市博帆过滤设备有限公司,佛环03环审〔2026〕109号佛山市生态环
E:\软件\2023-2026年顺德批复文件\2026_佛环03环审〔2026〕10号佛山市生态环境局关于广东顺德晟容不锈钢制品有限公司迁扩建项目建设项目环境影响报告表的批复.pdf,2026_佛环03环审〔2026〕10号佛山市生态环境局关于广东顺德晟容不锈钢制品有限公司迁扩建项目建设项目环境影响报告表的批复.pdf,0.15,True,2026,广东顺德晟容不锈钢制品有限公司迁,佛环03环审〔2026〕10号佛山市生态环境
E:\软件\2023-2026年顺德批复文件\2026_佛环03环审〔2026〕110号佛山市生态环境局关于佛山市顺德区森晖莹新材料有限公司新建项目重新报批建设项目环境影响报告表的批复.pdf,2026_佛环03环审〔2026〕110号佛山市生态环境局关于佛山市顺德区森晖莹新材料有限公司新建项目重新报批建设项目环境影响报告表的批复.pdf,0.16,True,2026,佛山市顺德区森晖莹新材料有限公司,佛环03环审〔2026〕110号佛山市生态环
E:\软件\2023-2026年顺德批复文件\2026_佛环03环审〔2026〕111号佛山市生态环境局关于佛山诚如仕电器有限公司新建项目建设项目环境影响报告表的批复.pdf,2026_佛环03环审〔2026〕111号佛山市生态环境局关于佛山诚如仕电器有限公司新建项目建设项目环境影响报告表的批复.pdf,0.14,True,2026,佛山诚如仕电器有限公司,佛环03环审〔2026〕111号佛山市生态环
E:\软件\2023-2026年顺德批复文件\2026_佛环03环审〔2026〕112号佛山市生态环境局关于佛山市依硕硅橡胶电子科技有限公司新建项目重新报批建设项目环境影响报告表的批复.pdf,2026_佛环03环审〔2026〕112号佛山市生态环境局关于佛山市依硕硅橡胶电子科技有限公司新建项目重新报批建设项目环境影响报告表的批复.pdf,0.15,True,2026,佛山市依硕硅橡胶电子科技有限公司,佛环03环审〔2026〕112号佛山市生态环
E:\软件\2023-2026年顺德批复文件\2026_佛环03环审〔2026〕113号佛山市生态环境局关于广东纯米电器科技有限公司建设项目建设项目环境影响报告表的批复.pdf,2026_佛环03环审〔2026〕113号佛山市生态环境局关于广东纯米电器科技有限公司建设项目建设项目环境影响报告表的批复.pdf,0.16,True,2026,广东纯米电器科技有限公司,佛环03环审〔2026〕113号佛山市生态环
E:\软件\2023-2026年顺德批复文件\2026_佛环03环审〔2026〕114号佛山市生态环境局关于佛山市大熵新材料有限公司新建项目建设项目环境影响报告表的批复.pdf,2026_佛环03环审〔2026〕114号佛山市生态环境局关于佛山市大熵新材料有限公司新建项目建设项目环境影响报告表的批复.pdf,0.15,True,2026,佛山市大熵新材料有限公司,佛环03环审〔2026〕114号佛山市生态环
E:\软件\2023-2026年顺德批复文件\2026_佛环03环审〔2026〕115号佛山市生态环境局关于广东顺德大地缘新材料有限公司新建项目建设项目环境影响报告表的批复.pdf,2026_佛环03环审〔2026〕115号佛山市生态环境局关于广东顺德大地缘新材料有限公司新建项目建设项目环境影响报告表的批复.pdf,0.15,True,2026,广东顺德大地缘新材料有限公司,佛环03环审〔2026〕115号佛山市生态环
E:\软件\2023-2026年顺德批复文件\2026_佛环03环审〔2026〕116号佛山市生态环境局关于广东金思达家居五金有限公司迁扩建项目建设项目环境影响报告表的批复.pdf,2026_佛环03环审〔2026〕116号佛山市生态环境局关于广东金思达家居五金有限公司迁扩建项目建设项目环境影响报告表的批复.pdf,0.15,True,2026,广东金思达家居五金有限公司迁,佛环03环审〔2026〕116号佛山市生态环
E:\软件\2023-2026年顺德批复文件\2026_佛环03环审〔2026〕117号佛山市生态环境局关于广东图特精密五金科技股份有限公司改扩建项目建设项目环境影响报告表的批复.pdf,2026_佛环03环审〔2026〕117号佛山市生态环境局关于广东图特精密五金科技股份有限公司改扩建项目建设项目环境影响报告表的批复.pdf,0.17,True,2026,广东图特精密五金科技股份有限公司改,佛环03环审〔2026〕117号佛山市生态环
E:\软件\2023-2026年顺德批复文件\2026_佛环03环审〔2026〕118号佛山市生态环境局关于佛山市顺德区汉荣塑料制品厂搬迁项目建设项目环境影响报告表的批复.pdf,2026_佛环03环审〔2026〕118号佛山市生态环境局关于佛山市顺德区汉荣塑料制品厂搬迁项目建设项目环境影响报告表的批复.pdf,0.15,True,2026,佛山市顺德区汉荣塑料制品厂搬迁项目,佛环03环审〔2026〕118号佛山市生态环
E:\软件\2023-2026年顺德批复文件\2026_佛环03环审〔2026〕119号佛山市生态环境局关于佛山市新雷风金属科技有限公司新建项目建设项目环境影响报告表的批复.pdf,2026_佛环03环审〔2026〕119号佛山市生态环境局关于佛山市新雷风金属科技有限公司新建项目建设项目环境影响报告表的批复.pdf,0.16,True,2026,佛山市新雷风金属科技有限公司,佛环03环审〔2026〕119号佛山市生态环
E:\软件\2023-2026年顺德批复文件\2026_佛环03环审〔2026〕11号佛山市生态环境局关于佛山市菲利特精密模具实业有限公司新建项目建设项目环境影响报告表的批复.pdf,2026_佛环03环审〔2026〕11号佛山市生态环境局关于佛山市菲利特精密模具实业有限公司新建项目建设项目环境影响报告表的批复.pdf,0.15,True,2026,佛山市菲利特精密模具实业有限公司,佛环03环审〔2026〕11号佛山市生态环境
E:\软件\2023-2026年顺德批复文件\2026_佛环03环审〔2026〕120号佛山市生态环境局关于佛山市顺德区顺泰食品厂有限公司扩建项目建设项目环境影响报告表的批复.pdf,2026_佛环03环审〔2026〕120号佛山市生态环境局关于佛山市顺德区顺泰食品厂有限公司扩建项目建设项目环境影响报告表的批复.pdf,0.15,True,2026,佛山市顺德区顺泰食品厂有限公司,佛环03环审〔2026〕120号佛山市生态环
E:\软件\2023-2026年顺德批复文件\2026_佛环03环审〔2026〕121号佛山市生态环境局关于佛山市皇进新材料有限公司迁建项目建设项目环境影响报告表的批复.pdf,2026_佛环03环审〔2026〕121号佛山市生态环境局关于佛山市皇进新材料有限公司迁建项目建设项目环境影响报告表的批复.pdf,0.15,True,2026,佛山市皇进新材料有限公司,佛环03环审〔2026〕121号佛山市生态环
E:\软件\2023-2026年顺德批复文件\2026_佛环03环审〔2026〕122号佛山市生态环境局关于佛山市顺德区极摩力智能科技有限公司新建建设项目建设项目环境影响报告表的批复.pdf,2026_佛环03环审〔2026〕122号佛山市生态环境局关于佛山市顺德区极摩力智能科技有限公司新建建设项目建设项目环境影响报告表的批复.pdf,0.15,True,2026,佛山市顺德区极摩力智能科技有限公司,佛环03环审〔2026〕122号佛山市生态环
E:\软件\2023-2026年顺德批复文件\2026_佛环03环审〔2026〕123号佛山市生态环境局关于佛山市旭乾五金制品有限公司新建项目建设项目环境影响报告表的批复.pdf,2026_佛环03环审〔2026〕123号佛山市生态环境局关于佛山市旭乾五金制品有限公司新建项目建设项目环境影响报告表的批复.pdf,0.16,True,2026,佛山市旭乾五金制品有限公司,佛环03环审〔2026〕123号佛山市生态环
E:\软件\2023-2026年顺德批复文件\2026_佛环03环审〔2026〕124号佛山市生态环境局关于佛山市远轮传动系统有限公司新建项目建设项目环境影响报告表的批复.pdf,2026_佛环03环审〔2026〕124号佛山市生态环境局关于佛山市远轮传动系统有限公司新建项目建设项目环境影响报告表的批复.pdf,0.15,True,2026,佛山市远轮传动系统有限公司,佛环03环审〔2026〕124号佛山市生态环
E:\软件\2023-2026年顺德批复文件\2026_佛环03环审〔2026〕125号佛山市生态环境局关于佛山市彩特新材料有限公司新建项目建设项目环境影响报告表的批复.pdf,2026_佛环03环审〔2026〕125号佛山市生态环境局关于佛山市彩特新材料有限公司新建项目建设项目环境影响报告表的批复.pdf,0.15,True,2026,佛山市彩特新材料有限公司,佛环03环审〔2026〕125号佛山市生态环
E:\软件\2023-2026年顺德批复文件\2026_佛环03环审〔2026〕126号佛山市生态环境局关于佛山市宇一电器科技有限公司注塑分车间新建项目建设项目环境影响报告表的批复.pdf,2026_佛环03环审〔2026〕126号佛山市生态环境局关于佛山市宇一电器科技有限公司注塑分车间新建项目建设项目环境影响报告表的批复.pdf,0.15,True,2026,佛山市宇一电器科技有限公司注塑分车间,佛环03环审〔2026〕126号佛山市生态环
E:\软件\2023-2026年顺德批复文件\2026_佛环03环审〔2026〕127号佛山市生态环境局关于佛山孚硅科技有限公司新建项目建设项目环境影响报告表的批复.pdf,2026_佛环03环审〔2026〕127号佛山市生态环境局关于佛山孚硅科技有限公司新建项目建设项目环境影响报告表的批复.pdf,0.15,True,2026,佛山孚硅科技有限公司,佛环03环审〔2026〕127号佛山市生态环
E:\软件\2023-2026年顺德批复文件\2026_佛环03环审〔2026〕128号佛山市生态环境局关于佛山市奥特龙电器科技有限公司新建项目建设项目环境影响报告表的批复.pdf,2026_佛环03环审〔2026〕128号佛山市生态环境局关于佛山市奥特龙电器科技有限公司新建项目建设项目环境影响报告表的批复.pdf,0.17,True,2026,佛山市奥特龙电器科技有限公司,佛环03环审〔2026〕128号佛山市生态环
E:\软件\2023-2026年顺德批复文件\2026_佛环03环审〔2026〕129号佛山市生态环境局关于佛山市根深电子有限公司扩建项目建设项目环境影响报告表的批复.pdf,2026_佛环03环审〔2026〕129号佛山市生态环境局关于佛山市根深电子有限公司扩建项目建设项目环境影响报告表的批复.pdf,0.15,True,2026,佛山市根深电子有限公司,佛环03环审〔2026〕129号佛山市生态环
E:\软件\2023-2026年顺德批复文件\2026_佛环03环审〔2026〕12号佛山市生态环境局关于佛山市顺德盛鑫艺金属表面处理有限公司改扩建项目建设项目环境影响报告表的批复.pdf,2026_佛环03环审〔2026〕12号佛山市生态环境局关于佛山市顺德盛鑫艺金属表面处理有限公司改扩建项目建设项目环境影响报告表的批复.pdf,0.17,True,2026,佛山市顺德盛鑫艺金属表面处理有限公司改,佛环03环审〔2026〕12号佛山市生态环境
E:\软件\2023-2026年顺德批复文件\2026_佛环03环审〔2026〕130号佛山市生态环境局关于维盟（佛山）电子智能制造有限公司新建项目建设项目环境影响报告表的批复.pdf,2026_佛环03环审〔2026〕130号佛山市生态环境局关于维盟（佛山）电子智能制造有限公司新建项目建设项目环境影响报告表的批复.pdf,0.16,True,2026,维盟（佛山）电子智能制造有限公司,佛环03环审〔2026〕130号佛山市生态环
E:\软件\2023-2026年顺德批复文件\2026_佛环03环审〔2026〕131号佛山市生态环境局关于佛山市智悦橡塑有限公司新建项目建设项目环境影响报告表的批复.pdf,2026_佛环03环审〔2026〕131号佛山市生态环境局关于佛山市智悦橡塑有限公司新建项目建设项目环境影响报告表的批复.pdf,0.15,True,2026,佛山市智悦橡塑有限公司,佛环03环审〔2026〕131号佛山市生态环
E:\软件\2023-2026年顺德批复文件\2026_佛环03环审〔2026〕132号佛山市生态环境局关于佛山市聚和成新材料有限公司新建项目建设项目环境影响报告表的批复.pdf,2026_佛环03环审〔2026〕132号佛山市生态环境局关于佛山市聚和成新材料有限公司新建项目建设项目环境影响报告表的批复.pdf,0.15,True,2026,佛山市聚和成新材料有限公司,佛环03环审〔2026〕132号佛山市生态环
E:\软件\2023-2026年顺德批复文件\2026_佛环03环审〔2026〕133号佛山市生态环境局关于佛山市顺誉电子科技有限公司扩建项目建设项目环境影响报告表的批复.pdf,2026_佛环03环审〔2026〕133号佛山市生态环境局关于佛山市顺誉电子科技有限公司扩建项目建设项目环境影响报告表的批复.pdf,0.15,True,2026,佛山市顺誉电子科技有限公司,佛环03环审〔2026〕133号佛山市生态环
E:\软件\2023-2026年顺德批复文件\2026_佛环03环审〔2026〕134号佛山市生态环境局关于佛山市浩博瑞科技有限公司新建项目建设项目环境影响报告表的批复.pdf,2026_佛环03环审〔2026〕134号佛山市生态环境局关于佛山市浩博瑞科技有限公司新建项目建设项目环境影响报告表的批复.pdf,0.15,True,2026,佛山市浩博瑞科技有限公司,佛环03环审〔2026〕134号佛山市生态环
E:\软件\2023-2026年顺德批复文件\2026_佛环03环审〔2026〕135号佛山市生态环境局关于佛山市盛泰合创科技有限公司新建项目（重新报批）建设项目环境影响报告表的批复.pdf,2026_佛环03环审〔2026〕135号佛山市生态环境局关于佛山市盛泰合创科技有限公司新建项目（重新报批）建设项目环境影响报告表的批复.pdf,0.15,True,2026,佛山市盛泰合创科技有限公司,佛环03环审〔2026〕135号佛山市生态环
E:\软件\2023-2026年顺德批复文件\2026_佛环03环审〔2026〕136号佛山市生态环境局关于佛山市永汇鑫精密制造有限公司新建项目建设项目环境影响报告表的批复.pdf,2026_佛环03环审〔2026〕136号佛山市生态环境局关于佛山市永汇鑫精密制造有限公司新建项目建设项目环境影响报告表的批复.pdf,0.17,True,2026,佛山市永汇鑫精密制造有限公司,佛环03环审〔2026〕136号佛山市生态环
E:\软件\2023-2026年顺德批复文件\2026_佛环03环审〔2026〕137号佛山市生态环境局关于佛山市顺德区高鹏塑料有限公司迁扩建项目建设项目环境影响报告表的批复.pdf,2026_佛环03环审〔2026〕137号佛山市生态环境局关于佛山市顺德区高鹏塑料有限公司迁扩建项目建设项目环境影响报告表的批复.pdf,0.15,True,2026,佛山市顺德区高鹏塑料有限公司迁,佛环03环审〔2026〕137号佛山市生态环
E:\软件\2023-2026年顺德批复文件\2026_佛环03环审〔2026〕13号佛山市生态环境局关于汉石新能源科技（佛山）有限公司新建项目建设项目环境影响报告表的批复.pdf,2026_佛环03环审〔2026〕13号佛山市生态环境局关于汉石新能源科技（佛山）有限公司新建项目建设项目环境影响报告表的批复.pdf,0.15,True,2026,汉石新能源科技（佛山）有限公司,佛环03环审〔2026〕13号佛山市生态环境
E:\软件\2023-2026年顺德批复文件\2026_佛环03环审〔2026〕14号佛山市生态环境局关于广州市谐程五金制品有限公司佛山分公司建设项目建设项目环境影响报告表的批复.pdf,2026_佛环03环审〔2026〕14号佛山市生态环境局关于广州市谐程五金制品有限公司佛山分公司建设项目建设项目环境影响报告表的批复.pdf,0.17,True,2026,广州市谐程五金制品有限公司佛山分公司,佛环03环审〔2026〕14号佛山市生态环境
E:\软件\2023-2026年顺德批复文件\2026_佛环03环审〔2026〕15号佛山市生态环境局关于驰化科技（佛山）有限公司新建项目建设项目环境影响报告表的批复.pdf,2026_佛环03环审〔2026〕15号佛山市生态环境局关于驰化科技（佛山）有限公司新建项目建设项目环境影响报告表的批复.pdf,0.14,True,2026,驰化科技（佛山）有限公司,佛环03环审〔2026〕15号佛山市生态环境
E:\软件\2023-2026年顺德批复文件\2026_佛环03环审〔2026〕16号佛山市生态环境局关于海克斯波聚合材料（佛山）有限公司扩建项目建设项目环境影响报告表的批复.pdf,2026_佛环03环审〔2026〕16号佛山市生态环境局关于海克斯波聚合材料（佛山）有限公司扩建项目建设项目环境影响报告表的批复.pdf,0.16,True,2026,海克斯波聚合材料（佛山）有限公司,佛环03环审〔2026〕16号佛山市生态环境
E:\软件\2023-2026年顺德批复文件\2026_佛环03环审〔2026〕17号佛山市生态环境局关于佛山市顺德区威固星硅胶有限公司（伦教厂区）新建项目建设项目环境影响报告表的批复.pdf,2026_佛环03环审〔2026〕17号佛山市生态环境局关于佛山市顺德区威固星硅胶有限公司（伦教厂区）新建项目建设项目环境影响报告表的批复.pdf,0.16,True,2026,佛山市顺德区威固星硅胶有限公司（伦教厂区）,佛环03环审〔2026〕17号佛山市生态环境
E:\软件\2023-2026年顺德批复文件\2026_佛环03环审〔2026〕18号佛山市生态环境局关于佛山市慧与化工科技有限公司建设项目建设项目环境影响报告表的批复.pdf,2026_佛环03环审〔2026〕18号佛山市生态环境局关于佛山市慧与化工科技有限公司建设项目建设项目环境影响报告表的批复.pdf,0.15,True,2026,佛山市慧与化工科技有限公司,佛环03环审〔2026〕18号佛山市生态环境
E:\软件\2023-2026年顺德批复文件\2026_佛环03环审〔2026〕19号佛山市生态环境局关于佛山市奇固新材料科技有限公司新建项目建设项目环境影响报告表的批复.pdf,2026_佛环03环审〔2026〕19号佛山市生态环境局关于佛山市奇固新材料科技有限公司新建项目建设项目环境影响报告表的批复.pdf,0.15,True,2026,佛山市奇固新材料科技有限公司,佛环03环审〔2026〕19号佛山市生态环境
E:\软件\2023-2026年顺德批复文件\2026_佛环03环审〔2026〕1号佛山市生态环境局关于广东秦楚环保科技有限公司新建项目建设项目环境影响报告表的批复.pdf,2026_佛环03环审〔2026〕1号佛山市生态环境局关于广东秦楚环保科技有限公司新建项目建设项目环境影响报告表的批复.pdf,0.13,True,2026,广东秦楚环保科技有限公司,佛环03环审〔2026〕1号佛山市生态环境局
E:\软件\2023-2026年顺德批复文件\2026_佛环03环审〔2026〕21号佛山市生态环境局关于佛山市同雅亚克力科技有限公司迁改扩建项目建设项目环境影响报告表的批复.pdf,2026_佛环03环审〔2026〕21号佛山市生态环境局关于佛山市同雅亚克力科技有限公司迁改扩建项目建设项目环境影响报告表的批复.pdf,0.16,True,2026,佛山市同雅亚克力科技有限公司迁改,佛环03环审〔2026〕21号佛山市生态环境
E:\软件\2023-2026年顺德批复文件\2026_佛环03环审〔2026〕22号佛山市生态环境局关于佛山市乾意五金有限公司建设项目建设项目环境影响报告表的批复.pdf,2026_佛环03环审〔2026〕22号佛山市生态环境局关于佛山市乾意五金有限公司建设项目建设项目环境影响报告表的批复.pdf,0.16,True,2026,佛山市乾意五金有限公司,佛环03环审〔2026〕22号佛山市生态环境
E:\软件\2023-2026年顺德批复文件\2026_佛环03环审〔2026〕23号佛山市生态环境局关于佛山市胶点新材料有限公司新建项目建设项目环境影响报告表的批复.pdf,2026_佛环03环审〔2026〕23号佛山市生态环境局关于佛山市胶点新材料有限公司新建项目建设项目环境影响报告表的批复.pdf,0.15,True,2026,佛山市胶点新材料有限公司,佛环03环审〔2026〕23号佛山市生态环境
E:\软件\2023-2026年顺德批复文件\2026_佛环03环审〔2026〕24号佛山市生态环境局关于佛山市凌盛精密科技有限公司新建项目建设项目环境影响报告表的批复.pdf,2026_佛环03环审〔2026〕24号佛山市生态环境局关于佛山市凌盛精密科技有限公司新建项目建设项目环境影响报告表的批复.pdf,0.15,True,2026,佛山市凌盛精密科技有限公司,佛环03环审〔2026〕24号佛山市生态环境
E:\软件\2023-2026年顺德批复文件\2026_佛环03环审〔2026〕25号佛山市生态环境局关于佛山市美昉电子有限公司新建项目建设项目环境影响报告表的批复.pdf,2026_佛环03环审〔2026〕25号佛山市生态环境局关于佛山市美昉电子有限公司新建项目建设项目环境影响报告表的批复.pdf,0.15,True,2026,佛山市美昉电子有限公司,佛环03环审〔2026〕25号佛山市生态环境
E:\软件\2023-2026年顺德批复文件\2026_佛环03环审〔2026〕26号佛山市生态环境局关于佛山市瑞莆软胶制品有限公司迁扩建项目建设项目环境影响报告表的批复.pdf,2026_佛环03环审〔2026〕26号佛山市生态环境局关于佛山市瑞莆软胶制品有限公司迁扩建项目建设项目环境影响报告表的批复.pdf,0.15,True,2026,佛山市瑞莆软胶制品有限公司迁,佛环03环审〔2026〕26号佛山市生态环境
E:\软件\2023-2026年顺德批复文件\2026_佛环03环审〔2026〕27号佛山市生态环境局关于佛山市伟德业塑料五金有限公司迁扩建项目建设项目环境影响报告表的批复.pdf,2026_佛环03环审〔2026〕27号佛山市生态环境局关于佛山市伟德业塑料五金有限公司迁扩建项目建设项目环境影响报告表的批复.pdf,0.15,True,2026,佛山市伟德业塑料五金有限公司迁,佛环03环审〔2026〕27号佛山市生态环境
E:\软件\2023-2026年顺德批复文件\2026_佛环03环审〔2026〕28号佛山市生态环境局关于佛山市谱德电子科技有限公司迁扩建项目建设项目环境影响报告表的批复.pdf,2026_佛环03环审〔2026〕28号佛山市生态环境局关于佛山市谱德电子科技有限公司迁扩建项目建设项目环境影响报告表的批复.pdf,0.15,True,2026,佛山市谱德电子科技有限公司迁,佛环03环审〔2026〕28号佛山市生态环境
E:\软件\2023-2026年顺德批复文件\2026_佛环03环审〔2026〕29号佛山市生态环境局关于佛山市通旺智能科技有限公司新建项目建设项目环境影响报告表的批复.pdf,2026_佛环03环审〔2026〕29号佛山市生态环境局关于佛山市通旺智能科技有限公司新建项目建设项目环境影响报告表的批复.pdf,0.15,True,2026,佛山市通旺智能科技有限公司,佛环03环审〔2026〕29号佛山市生态环境
E:\软件\2023-2026年顺德批复文件\2026_佛环03环审〔2026〕30号佛山市生态环境局关于佛山市格睿塑料有限公司新建项目建设项目环境影响报告表的批复.pdf,2026_佛环03环审〔2026〕30号佛山市生态环境局关于佛山市格睿塑料有限公司新建项目建设项目环境影响报告表的批复.pdf,0.15,True,2026,佛山市格睿塑料有限公司,佛环03环审〔2026〕30号佛山市生态环境
E:\软件\2023-2026年顺德批复文件\2026_佛环03环审〔2026〕31号佛山市生态环境局关于佛山市顺德区大东树脂有限公司年产2000吨水性胶产品扩建项目建设项目环境影响报告表的批复.pdf,2026_佛环03环审〔2026〕31号佛山市生态环境局关于佛山市顺德区大东树脂有限公司年产2000吨水性胶产品扩建项目建设项目环境影响报告表的批复.pdf,0.16,True,2026,佛山市顺德区大东树脂有限公司年产2000吨水性胶产品,佛环03环审〔2026〕31号佛山市生态环境
E:\软件\2023-2026年顺德批复文件\2026_佛环03环审〔2026〕32号佛山市生态环境局关于广东九方电子科技有限公司搬迁项目建设项目环境影响报告表的批复.pdf,2026_佛环03环审〔2026〕32号佛山市生态环境局关于广东九方电子科技有限公司搬迁项目建设项目环境影响报告表的批复.pdf,0.16,True,2026,广东九方电子科技有限公司搬迁项目,佛环03环审〔2026〕32号佛山市生态环境
E:\软件\2023-2026年顺德批复文件\2026_佛环03环审〔2026〕33号佛山市生态环境局关于佛山市龙翔源电器科技有限公司迁扩建项目建设项目环境影响报告表的批复.pdf,2026_佛环03环审〔2026〕33号佛山市生态环境局关于佛山市龙翔源电器科技有限公司迁扩建项目建设项目环境影响报告表的批复.pdf,0.15,True,2026,佛山市龙翔源电器科技有限公司迁,佛环03环审〔2026〕33号佛山市生态环境
E:\软件\2023-2026年顺德批复文件\2026_佛环03环审〔2026〕34号佛山市生态环境局关于佛山市顺德区宏盛优环保科技有限公司新建项目建设项目环境影响报告表的批复.pdf,2026_佛环03环审〔2026〕34号佛山市生态环境局关于佛山市顺德区宏盛优环保科技有限公司新建项目建设项目环境影响报告表的批复.pdf,0.15,True,2026,佛山市顺德区宏盛优环保科技有限公司,佛环03环审〔2026〕34号佛山市生态环境
E:\软件\2023-2026年顺德批复文件\2026_佛环03环审〔2026〕35号佛山市生态环境局关于佛山市盈特金属制品有限公司改扩建重新报批项目建设项目环境影响报告表的批复.pdf,2026_佛环03环审〔2026〕35号佛山市生态环境局关于佛山市盈特金属制品有限公司改扩建重新报批项目建设项目环境影响报告表的批复.pdf,0.17,True,2026,佛山市盈特金属制品有限公司改,佛环03环审〔2026〕35号佛山市生态环境
E:\软件\2023-2026年顺德批复文件\2026_佛环03环审〔2026〕36号佛山市生态环境局关于广东添塑科技有限公司新建项目建设项目环境影响报告表的批复.pdf,2026_佛环03环审〔2026〕36号佛山市生态环境局关于广东添塑科技有限公司新建项目建设项目环境影响报告表的批复.pdf,0.15,True,2026,广东添塑科技有限公司,佛环03环审〔2026〕36号佛山市生态环境
E:\软件\2023-2026年顺德批复文件\2026_佛环03环审〔2026〕37号佛山市生态环境局关于佛山市斌妃燕塑料制品有限公司新建项目建设项目环境影响报告表的批复.pdf,2026_佛环03环审〔2026〕37号佛山市生态环境局关于佛山市斌妃燕塑料制品有限公司新建项目建设项目环境影响报告表的批复.pdf,0.15,True,2026,佛山市斌妃燕塑料制品有限公司,佛环03环审〔2026〕37号佛山市生态环境
E:\软件\2023-2026年顺德批复文件\2026_佛环03环审〔2026〕38号佛山市生态环境局关于佛山市凯意电器科技有限公司建设项目建设项目环境影响报告表的批复.pdf,2026_佛环03环审〔2026〕38号佛山市生态环境局关于佛山市凯意电器科技有限公司建设项目建设项目环境影响报告表的批复.pdf,0.15,True,2026,佛山市凯意电器科技有限公司,佛环03环审〔2026〕38号佛山市生态环境
E:\软件\2023-2026年顺德批复文件\2026_佛环03环审〔2026〕39号佛山市生态环境局关于佛山市顺德区科艺杰精密模具有限公司新建项目建设项目环境影响报告表的批复.pdf,2026_佛环03环审〔2026〕39号佛山市生态环境局关于佛山市顺德区科艺杰精密模具有限公司新建项目建设项目环境影响报告表的批复.pdf,0.15,True,2026,佛山市顺德区科艺杰精密模具有限公司,佛环03环审〔2026〕39号佛山市生态环境
E:\软件\2023-2026年顺德批复文件\2026_佛环03环审〔2026〕3号佛山市生态环境局关于广东顺德盟恩电子有限公司第二次改扩建项目建设项目环境影响报告表的批复.pdf,2026_佛环03环审〔2026〕3号佛山市生态环境局关于广东顺德盟恩电子有限公司第二次改扩建项目建设项目环境影响报告表的批复.pdf,0.13,True,2026,广东顺德盟恩电子有限公司第二次改,佛环03环审〔2026〕3号佛山市生态环境局
E:\软件\2023-2026年顺德批复文件\2026_佛环03环审〔2026〕40号佛山市生态环境局关于佛山市欧佳和金属制品有限公司新建项目建设项目环境影响报告表的批复.pdf,2026_佛环03环审〔2026〕40号佛山市生态环境局关于佛山市欧佳和金属制品有限公司新建项目建设项目环境影响报告表的批复.pdf,0.14,True,2026,佛山市欧佳和金属制品有限公司,佛环03环审〔2026〕40号佛山市生态环境
E:\软件\2023-2026年顺德批复文件\2026_佛环03环审〔2026〕41号佛山市生态环境局关于广东小太阳砂磨材料有限公司锅炉技改项目建设项目环境影响报告表的批复.pdf,2026_佛环03环审〔2026〕41号佛山市生态环境局关于广东小太阳砂磨材料有限公司锅炉技改项目建设项目环境影响报告表的批复.pdf,0.14,True,2026,广东小太阳砂磨材料有限公司锅炉,佛环03环审〔2026〕41号佛山市生态环境
E:\软件\2023-2026年顺德批复文件\2026_佛环03环审〔2026〕43号佛山市生态环境局关于库卡机器人（广东）有限公司扩建项目建设项目环境影响报告表的批复.pdf,2026_佛环03环审〔2026〕43号佛山市生态环境局关于库卡机器人（广东）有限公司扩建项目建设项目环境影响报告表的批复.pdf,0.15,True,2026,库卡机器人（广东）有限公司,佛环03环审〔2026〕43号佛山市生态环境
E:\软件\2023-2026年顺德批复文件\2026_佛环03环审〔2026〕44号佛山市生态环境局关于佛山顶锋日嘉模具有限公司二次扩建项目建设项目环境影响报告表的批复.pdf,2026_佛环03环审〔2026〕44号佛山市生态环境局关于佛山顶锋日嘉模具有限公司二次扩建项目建设项目环境影响报告表的批复.pdf,0.16,True,2026,佛山顶锋日嘉模具有限公司二次,佛环03环审〔2026〕44号佛山市生态环境
E:\软件\2023-2026年顺德批复文件\2026_佛环03环审〔2026〕45号佛山市生态环境局关于佛山市宇廷包装有限公司新建项目建设项目环境影响报告表的批复.pdf,2026_佛环03环审〔2026〕45号佛山市生态环境局关于佛山市宇廷包装有限公司新建项目建设项目环境影响报告表的批复.pdf,0.15,True,2026,佛山市宇廷包装有限公司,佛环03环审〔2026〕45号佛山市生态环境
E:\软件\2023-2026年顺德批复文件\2026_佛环03环审〔2026〕46号佛山市生态环境局关于佛山市顺德区宝顺泰电器有限责任公司新建项目建设项目环境影响报告表的批复.pdf,2026_佛环03环审〔2026〕46号佛山市生态环境局关于佛山市顺德区宝顺泰电器有限责任公司新建项目建设项目环境影响报告表的批复.pdf,0.15,True,2026,佛山市顺德区宝顺泰电器有限责任公司,佛环03环审〔2026〕46号佛山市生态环境
E:\软件\2023-2026年顺德批复文件\2026_佛环03环审〔2026〕47号佛山市生态环境局关于佛山市威宏金属制品有限公司新建项目建设项目环境影响报告表的批复.pdf,2026_佛环03环审〔2026〕47号佛山市生态环境局关于佛山市威宏金属制品有限公司新建项目建设项目环境影响报告表的批复.pdf,0.15,True,2026,佛山市威宏金属制品有限公司,佛环03环审〔2026〕47号佛山市生态环境
E:\软件\2023-2026年顺德批复文件\2026_佛环03环审〔2026〕48号佛山市生态环境局关于佛山市名祥五金实业有限公司迁扩建项目建设项目环境影响报告表的批复.pdf,2026_佛环03环审〔2026〕48号佛山市生态环境局关于佛山市名祥五金实业有限公司迁扩建项目建设项目环境影响报告表的批复.pdf,0.15,True,2026,佛山市名祥五金实业有限公司迁,佛环03环审〔2026〕48号佛山市生态环境
E:\软件\2023-2026年顺德批复文件\2026_佛环03环审〔2026〕49号佛山市生态环境局关于广东德沃通风设备有限公司迁建项目建设项目环境影响报告表的批复.pdf,2026_佛环03环审〔2026〕49号佛山市生态环境局关于广东德沃通风设备有限公司迁建项目建设项目环境影响报告表的批复.pdf,0.15,True,2026,广东德沃通风设备有限公司,佛环03环审〔2026〕49号佛山市生态环境
E:\软件\2023-2026年顺德批复文件\2026_佛环03环审〔2026〕4号佛山市生态环境局关于佛山市鑫润吉金属制品有限公司新建项目建设项目环境影响报告表的批复.pdf,2026_佛环03环审〔2026〕4号佛山市生态环境局关于佛山市鑫润吉金属制品有限公司新建项目建设项目环境影响报告表的批复.pdf,0.16,True,2026,佛山市鑫润吉金属制品有限公司,佛环03环审〔2026〕4号佛山市生态环境局
E:\软件\2023-2026年顺德批复文件\2026_佛环03环审〔2026〕50号佛山市生态环境局关于佛山市顺德区勒流镇励进塑料制品有限公司建设项目建设项目环境影响报告表的批复.pdf,2026_佛环03环审〔2026〕50号佛山市生态环境局关于佛山市顺德区勒流镇励进塑料制品有限公司建设项目建设项目环境影响报告表的批复.pdf,0.15,True,2026,佛山市顺德区勒流镇励进塑料制品有限公司,佛环03环审〔2026〕50号佛山市生态环境
E:\软件\2023-2026年顺德批复文件\2026_佛环03环审〔2026〕51号佛山市生态环境局关于佛山市千益电器科技有限公司迁改扩建项目建设项目环境影响报告表的批复.pdf,2026_佛环03环审〔2026〕51号佛山市生态环境局关于佛山市千益电器科技有限公司迁改扩建项目建设项目环境影响报告表的批复.pdf,0.15,True,2026,佛山市千益电器科技有限公司迁改,佛环03环审〔2026〕51号佛山市生态环境
E:\软件\2023-2026年顺德批复文件\2026_佛环03环审〔2026〕52号佛山市生态环境局关于顺德高新区二期河涌及排涝设施项目（首期）之新联涌1_及原址整治蒲海大涌2_建设项目建设项目环境影响报告表的批复.pdf,2026_佛环03环审〔2026〕52号佛山市生态环境局关于顺德高新区二期河涌及排涝设施项目（首期）之新联涌1_及原址整治蒲海大涌2_建设项目建设项目环境影响报告表的批复.pdf,0.14,True,2026,顺德高新区二期河涌及排涝设施项目（首期）之新联涌1_及原址整治蒲海大涌2_,佛环03环审〔2026〕52号佛山市生态环境
E:\软件\2023-2026年顺德批复文件\2026_佛环03环审〔2026〕53号佛山市生态环境局关于恒祥机电（佛山）有限责任公司新建项目建设项目环境影响报告表的批复.pdf,2026_佛环03环审〔2026〕53号佛山市生态环境局关于恒祥机电（佛山）有限责任公司新建项目建设项目环境影响报告表的批复.pdf,0.15,True,2026,恒祥机电（佛山）有限责任公司,佛环03环审〔2026〕53号佛山市生态环境
E:\软件\2023-2026年顺德批复文件\2026_佛环03环审〔2026〕54号佛山市生态环境局关于佛山市顺德区创河塑料制品有限公司新建项目建设项目环境影响报告表的批复.pdf,2026_佛环03环审〔2026〕54号佛山市生态环境局关于佛山市顺德区创河塑料制品有限公司新建项目建设项目环境影响报告表的批复.pdf,0.15,True,2026,佛山市顺德区创河塑料制品有限公司,佛环03环审〔2026〕54号佛山市生态环境
E:\软件\2023-2026年顺德批复文件\2026_佛环03环审〔2026〕55号佛山市生态环境局关于佛山市旭合塑料制品有限公司搬迁项目建设项目环境影响报告表的批复.pdf,2026_佛环03环审〔2026〕55号佛山市生态环境局关于佛山市旭合塑料制品有限公司搬迁项目建设项目环境影响报告表的批复.pdf,0.15,True,2026,佛山市旭合塑料制品有限公司搬迁项目,佛环03环审〔2026〕55号佛山市生态环境
E:\软件\2023-2026年顺德批复文件\2026_佛环03环审〔2026〕56号佛山市生态环境局关于佛山市顺德区勒流吉源电线厂迁建项目建设项目环境影响报告表的批复.pdf,2026_佛环03环审〔2026〕56号佛山市生态环境局关于佛山市顺德区勒流吉源电线厂迁建项目建设项目环境影响报告表的批复.pdf,0.15,True,2026,佛山市顺德区勒流吉源电线厂,佛环03环审〔2026〕56号佛山市生态环境
E:\软件\2023-2026年顺德批复文件\2026_佛环03环审〔2026〕57号佛山市生态环境局关于广东汇之华电气有限公司电抗器车间建设项目重新报批建设项目环境影响报告表的批复.pdf,2026_佛环03环审〔2026〕57号佛山市生态环境局关于广东汇之华电气有限公司电抗器车间建设项目重新报批建设项目环境影响报告表的批复.pdf,0.15,True,2026,广东汇之华电气有限公司电抗器车间,佛环03环审〔2026〕57号佛山市生态环境
E:\软件\2023-2026年顺德批复文件\2026_佛环03环审〔2026〕58号佛山市生态环境局关于佛山市驰勇达运动器材有限公司新建项目建设项目环境影响报告表的批复.pdf,2026_佛环03环审〔2026〕58号佛山市生态环境局关于佛山市驰勇达运动器材有限公司新建项目建设项目环境影响报告表的批复.pdf,0.15,True,2026,佛山市驰勇达运动器材有限公司,佛环03环审〔2026〕58号佛山市生态环境
E:\软件\2023-2026年顺德批复文件\2026_佛环03环审〔2026〕59号佛山市生态环境局关于广东日出东方空气能有限公司年产60万套空气能热水器及热水系统技改项目建设项目环境影响报告表的批复.pdf,2026_佛环03环审〔2026〕59号佛山市生态环境局关于广东日出东方空气能有限公司年产60万套空气能热水器及热水系统技改项目建设项目环境影响报告表的批复.pdf,0.16,True,2026,广东日出东方空气能有限公司年产60万套空气能热水器及热水系统,佛环03环审〔2026〕59号佛山市生态环境
E:\软件\2023-2026年顺德批复文件\2026_佛环03环审〔2026〕5号佛山市生态环境局关于佛山拓球明新科技有限公司改扩建项目建设项目环境影响报告表的批复.pdf,2026_佛环03环审〔2026〕5号佛山市生态环境局关于佛山拓球明新科技有限公司改扩建项目建设项目环境影响报告表的批复.pdf,0.16,True,2026,佛山拓球明新科技有限公司改,佛环03环审〔2026〕5号佛山市生态环境局
E:\软件\2023-2026年顺德批复文件\2026_佛环03环审〔2026〕60号佛山市生态环境局关于佛山大头马泵科技有限公司新建项目建设项目环境影响报告表的批复.pdf,2026_佛环03环审〔2026〕60号佛山市生态环境局关于佛山大头马泵科技有限公司新建项目建设项目环境影响报告表的批复.pdf,0.16,True,2026,佛山大头马泵科技有限公司,佛环03环审〔2026〕60号佛山市生态环境
E:\软件\2023-2026年顺德批复文件\2026_佛环03环审〔2026〕61号佛山市生态环境局关于佛山市顺德区韩壹纤维有限公司技改项目建设项目环境影响报告表的批复.pdf,2026_佛环03环审〔2026〕61号佛山市生态环境局关于佛山市顺德区韩壹纤维有限公司技改项目建设项目环境影响报告表的批复.pdf,0.15,True,2026,佛山市顺德区韩壹纤维有限公司,佛环03环审〔2026〕61号佛山市生态环境
E:\软件\2023-2026年顺德批复文件\2026_佛环03环审〔2026〕62号佛山市生态环境局关于佛山市科雅新材料有限公司新建项目建设项目环境影响报告表的批复.pdf,2026_佛环03环审〔2026〕62号佛山市生态环境局关于佛山市科雅新材料有限公司新建项目建设项目环境影响报告表的批复.pdf,0.15,True,2026,佛山市科雅新材料有限公司,佛环03环审〔2026〕62号佛山市生态环境
E:\软件\2023-2026年顺德批复文件\2026_佛环03环审〔2026〕63号佛山市生态环境局关于广东凌凌沃包装科技有限公司佛山一分公司迁扩建项目建设项目环境影响报告表的批复.pdf,2026_佛环03环审〔2026〕63号佛山市生态环境局关于广东凌凌沃包装科技有限公司佛山一分公司迁扩建项目建设项目环境影响报告表的批复.pdf,0.16,True,2026,广东凌凌沃包装科技有限公司佛山一分公司迁,佛环03环审〔2026〕63号佛山市生态环境
E:\软件\2023-2026年顺德批复文件\2026_佛环03环审〔2026〕64号佛山市生态环境局关于佛山荣烁塑料有限公司新建项目建设项目环境影响报告表的批复.pdf,2026_佛环03环审〔2026〕64号佛山市生态环境局关于佛山荣烁塑料有限公司新建项目建设项目环境影响报告表的批复.pdf,0.16,True,2026,佛山荣烁塑料有限公司,佛环03环审〔2026〕64号佛山市生态环境
E:\软件\2023-2026年顺德批复文件\2026_佛环03环审〔2026〕65号佛山市生态环境局关于佛山市宏冠汽车智能科技股份有限公司搬迁项目建设项目环境影响报告表的批复.pdf,2026_佛环03环审〔2026〕65号佛山市生态环境局关于佛山市宏冠汽车智能科技股份有限公司搬迁项目建设项目环境影响报告表的批复.pdf,0.15,True,2026,佛山市宏冠汽车智能科技股份有限公司搬迁项目,佛环03环审〔2026〕65号佛山市生态环境
E:\软件\2023-2026年顺德批复文件\2026_佛环03环审〔2026〕66号佛山市生态环境局关于佛山市顺德区均安镇天威橡塑有限公司迁扩建项目建设项目环境影响报告表的批复.pdf,2026_佛环03环审〔2026〕66号佛山市生态环境局关于佛山市顺德区均安镇天威橡塑有限公司迁扩建项目建设项目环境影响报告表的批复.pdf,0.15,True,2026,佛山市顺德区均安镇天威橡塑有限公司迁,佛环03环审〔2026〕66号佛山市生态环境
E:\软件\2023-2026年顺德批复文件\2026_佛环03环审〔2026〕67号佛山市生态环境局关于佛山市明昇真空科技有限公司新建项目建设项目环境影响报告表的批复.pdf,2026_佛环03环审〔2026〕67号佛山市生态环境局关于佛山市明昇真空科技有限公司新建项目建设项目环境影响报告表的批复.pdf,0.15,True,2026,佛山市明昇真空科技有限公司,佛环03环审〔2026〕67号佛山市生态环境
E:\软件\2023-2026年顺德批复文件\2026_佛环03环审〔2026〕68号佛山市生态环境局关于佛山科瑞斯家居制品有限公司迁改扩建项目建设项目环境影响报告表的批复.pdf,2026_佛环03环审〔2026〕68号佛山市生态环境局关于佛山科瑞斯家居制品有限公司迁改扩建项目建设项目环境影响报告表的批复.pdf,0.17,True,2026,佛山科瑞斯家居制品有限公司迁改,佛环03环审〔2026〕68号佛山市生态环境
E:\软件\2023-2026年顺德批复文件\2026_佛环03环审〔2026〕69号佛山市生态环境局关于佛山市信励康新材料科技有限公司新建项目建设项目环境影响报告表的批复.pdf,2026_佛环03环审〔2026〕69号佛山市生态环境局关于佛山市信励康新材料科技有限公司新建项目建设项目环境影响报告表的批复.pdf,0.15,True,2026,佛山市信励康新材料科技有限公司,佛环03环审〔2026〕69号佛山市生态环境
E:\软件\2023-2026年顺德批复文件\2026_佛环03环审〔2026〕6号佛山市生态环境局关于佛山市印得佳科技有限公司新建项目建设项目环境影响报告表的批复.pdf,2026_佛环03环审〔2026〕6号佛山市生态环境局关于佛山市印得佳科技有限公司新建项目建设项目环境影响报告表的批复.pdf,0.15,True,2026,佛山市印得佳科技有限公司,佛环03环审〔2026〕6号佛山市生态环境局
E:\软件\2023-2026年顺德批复文件\2026_佛环03环审〔2026〕70号佛山市生态环境局关于佛山市忠飞鑫科技有限公司扩建项目建设项目环境影响报告表的批复.pdf,2026_佛环03环审〔2026〕70号佛山市生态环境局关于佛山市忠飞鑫科技有限公司扩建项目建设项目环境影响报告表的批复.pdf,0.15,True,2026,佛山市忠飞鑫科技有限公司,佛环03环审〔2026〕70号佛山市生态环境
E:\软件\2023-2026年顺德批复文件\2026_佛环03环审〔2026〕71号佛山市生态环境局关于佛山市奥特龙新材料有限公司扩建项目建设项目环境影响报告表的批复.pdf,2026_佛环03环审〔2026〕71号佛山市生态环境局关于佛山市奥特龙新材料有限公司扩建项目建设项目环境影响报告表的批复.pdf,0.15,True,2026,佛山市奥特龙新材料有限公司,佛环03环审〔2026〕71号佛山市生态环境
E:\软件\2023-2026年顺德批复文件\2026_佛环03环审〔2026〕72号佛山市生态环境局关于佛山市顺德区昌奕模具有限公司建设项目建设项目环境影响报告表的批复.pdf,2026_佛环03环审〔2026〕72号佛山市生态环境局关于佛山市顺德区昌奕模具有限公司建设项目建设项目环境影响报告表的批复.pdf,0.15,True,2026,佛山市顺德区昌奕模具有限公司,佛环03环审〔2026〕72号佛山市生态环境
E:\软件\2023-2026年顺德批复文件\2026_佛环03环审〔2026〕73号佛山市生态环境局关于德福莱光学科技（佛山）有限公司建设项目建设项目环境影响报告表的批复.pdf,2026_佛环03环审〔2026〕73号佛山市生态环境局关于德福莱光学科技（佛山）有限公司建设项目建设项目环境影响报告表的批复.pdf,0.15,True,2026,德福莱光学科技（佛山）有限公司,佛环03环审〔2026〕73号佛山市生态环境
E:\软件\2023-2026年顺德批复文件\2026_佛环03环审〔2026〕74号佛山市生态环境局关于广东胶得佳新材料有限公司新建项目建设项目环境影响报告表的批复.pdf,2026_佛环03环审〔2026〕74号佛山市生态环境局关于广东胶得佳新材料有限公司新建项目建设项目环境影响报告表的批复.pdf,0.16,True,2026,广东胶得佳新材料有限公司,佛环03环审〔2026〕74号佛山市生态环境
E:\软件\2023-2026年顺德批复文件\2026_佛环03环审〔2026〕75号佛山市生态环境局关于佛山市顺德区珵锋塑业有限公司新建项目建设项目环境影响报告表的批复.pdf,2026_佛环03环审〔2026〕75号佛山市生态环境局关于佛山市顺德区珵锋塑业有限公司新建项目建设项目环境影响报告表的批复.pdf,0.15,True,2026,佛山市顺德区珵锋塑业有限公司,佛环03环审〔2026〕75号佛山市生态环境
E:\软件\2023-2026年顺德批复文件\2026_佛环03环审〔2026〕76号佛山市生态环境局关于佛山熊盛模具有限公司新建项目建设项目环境影响报告表的批复.pdf,2026_佛环03环审〔2026〕76号佛山市生态环境局关于佛山熊盛模具有限公司新建项目建设项目环境影响报告表的批复.pdf,0.15,True,2026,佛山熊盛模具有限公司,佛环03环审〔2026〕76号佛山市生态环境
E:\软件\2023-2026年顺德批复文件\2026_佛环03环审〔2026〕77号佛山市生态环境局关于佛山市立腾包装有限公司新建项目建设项目环境影响报告表的批复.pdf,2026_佛环03环审〔2026〕77号佛山市生态环境局关于佛山市立腾包装有限公司新建项目建设项目环境影响报告表的批复.pdf,0.15,True,2026,佛山市立腾包装有限公司,佛环03环审〔2026〕77号佛山市生态环境
E:\软件\2023-2026年顺德批复文件\2026_佛环03环审〔2026〕78号佛山市生态环境局关于佛山市辉众保温材料有限公司新建项目建设项目环境影响报告表的批复.pdf,2026_佛环03环审〔2026〕78号佛山市生态环境局关于佛山市辉众保温材料有限公司新建项目建设项目环境影响报告表的批复.pdf,0.15,True,2026,佛山市辉众保温材料有限公司,佛环03环审〔2026〕78号佛山市生态环境
E:\软件\2023-2026年顺德批复文件\2026_佛环03环审〔2026〕79号佛山市生态环境局关于广东万家乐燃气具有限公司改扩建项目建设项目环境影响报告表的批复.pdf,2026_佛环03环审〔2026〕79号佛山市生态环境局关于广东万家乐燃气具有限公司改扩建项目建设项目环境影响报告表的批复.pdf,0.16,True,2026,广东万家乐燃气具有限公司改,佛环03环审〔2026〕79号佛山市生态环境
E:\软件\2023-2026年顺德批复文件\2026_佛环03环审〔2026〕7号佛山市生态环境局关于广东顺德谦鑫模具实业有限公司迁扩建项目建设项目环境影响报告表的批复.pdf,2026_佛环03环审〔2026〕7号佛山市生态环境局关于广东顺德谦鑫模具实业有限公司迁扩建项目建设项目环境影响报告表的批复.pdf,0.15,True,2026,广东顺德谦鑫模具实业有限公司迁,佛环03环审〔2026〕7号佛山市生态环境局
E:\软件\2023-2026年顺德批复文件\2026_佛环03环审〔2026〕80号佛山市生态环境局关于泽皓讯联（广东）科技有限公司（重新报批）建设项目建设项目环境影响报告表的批复.pdf,2026_佛环03环审〔2026〕80号佛山市生态环境局关于泽皓讯联（广东）科技有限公司（重新报批）建设项目建设项目环境影响报告表的批复.pdf,0.16,True,2026,泽皓讯联（广东）科技有限公司（重新报批）,佛环03环审〔2026〕80号佛山市生态环境
E:\软件\2023-2026年顺德批复文件\2026_佛环03环审〔2026〕81号佛山市生态环境局关于佛山市应必优电机有限公司新建项目建设项目环境影响报告表的批复.pdf,2026_佛环03环审〔2026〕81号佛山市生态环境局关于佛山市应必优电机有限公司新建项目建设项目环境影响报告表的批复.pdf,0.15,True,2026,佛山市应必优电机有限公司,佛环03环审〔2026〕81号佛山市生态环境
E:\软件\2023-2026年顺德批复文件\2026_佛环03环审〔2026〕82号佛山市生态环境局关于佛山市顺德区荣兴塑料制品有限公司迁扩建项目建设项目环境影响报告表的批复.pdf,2026_佛环03环审〔2026〕82号佛山市生态环境局关于佛山市顺德区荣兴塑料制品有限公司迁扩建项目建设项目环境影响报告表的批复.pdf,0.15,True,2026,佛山市顺德区荣兴塑料制品有限公司迁,佛环03环审〔2026〕82号佛山市生态环境
E:\软件\2023-2026年顺德批复文件\2026_佛环03环审〔2026〕83号佛山市生态环境局关于佛山市邦太电器制造有限公司新建项目建设项目环境影响报告表的批复.pdf,2026_佛环03环审〔2026〕83号佛山市生态环境局关于佛山市邦太电器制造有限公司新建项目建设项目环境影响报告表的批复.pdf,0.15,True,2026,佛山市邦太电器制造有限公司,佛环03环审〔2026〕83号佛山市生态环境
E:\软件\2023-2026年顺德批复文件\2026_佛环03环审〔2026〕84号佛山市生态环境局关于华汇裕科技（佛山）有限公司新建项目建设项目环境影响报告表的批复.pdf,2026_佛环03环审〔2026〕84号佛山市生态环境局关于华汇裕科技（佛山）有限公司新建项目建设项目环境影响报告表的批复.pdf,0.15,True,2026,华汇裕科技（佛山）有限公司,佛环03环审〔2026〕84号佛山市生态环境
E:\软件\2023-2026年顺德批复文件\2026_佛环03环审〔2026〕85号佛山市生态环境局关于佛山市裕海康五金电器实业有限公司重新报批项目建设项目环境影响报告表的批复.pdf,2026_佛环03环审〔2026〕85号佛山市生态环境局关于佛山市裕海康五金电器实业有限公司重新报批项目建设项目环境影响报告表的批复.pdf,0.15,True,2026,佛山市裕海康五金电器实业有限公司重新报批项目,佛环03环审〔2026〕85号佛山市生态环境
E:\软件\2023-2026年顺德批复文件\2026_佛环03环审〔2026〕86号佛山市生态环境局关于佛山市顺德区朗艺五金有限公司新建项目建设项目环境影响报告表的批复.pdf,2026_佛环03环审〔2026〕86号佛山市生态环境局关于佛山市顺德区朗艺五金有限公司新建项目建设项目环境影响报告表的批复.pdf,0.16,True,2026,佛山市顺德区朗艺五金有限公司,佛环03环审〔2026〕86号佛山市生态环境
E:\软件\2023-2026年顺德批复文件\2026_佛环03环审〔2026〕87号佛山市生态环境局关于佛山市海友燃具有限公司分车间新建项目建设项目环境影响报告表的批复.pdf,2026_佛环03环审〔2026〕87号佛山市生态环境局关于佛山市海友燃具有限公司分车间新建项目建设项目环境影响报告表的批复.pdf,0.13,True,2026,佛山市海友燃具有限公司分车间,佛环03环审〔2026〕87号佛山市生态环境
E:\软件\2023-2026年顺德批复文件\2026_佛环03环审〔2026〕88号佛山市生态环境局关于广东联升精密智能装备科技有限公司技改项目重新报批建设项目环境影响报告表的批复.pdf,2026_佛环03环审〔2026〕88号佛山市生态环境局关于广东联升精密智能装备科技有限公司技改项目重新报批建设项目环境影响报告表的批复.pdf,0.17,True,2026,广东联升精密智能装备科技有限公司,佛环03环审〔2026〕88号佛山市生态环境
E:\软件\2023-2026年顺德批复文件\2026_佛环03环审〔2026〕89号佛山市生态环境局关于佛山市贵旗五金制品有限公司新建项目建设项目环境影响报告表的批复.pdf,2026_佛环03环审〔2026〕89号佛山市生态环境局关于佛山市贵旗五金制品有限公司新建项目建设项目环境影响报告表的批复.pdf,0.16,True,2026,佛山市贵旗五金制品有限公司,佛环03环审〔2026〕89号佛山市生态环境
E:\软件\2023-2026年顺德批复文件\2026_佛环03环审〔2026〕8号佛山市生态环境局关于佛山市奕塑新材料有限公司新建项目建设项目环境影响报告表的批复.pdf,2026_佛环03环审〔2026〕8号佛山市生态环境局关于佛山市奕塑新材料有限公司新建项目建设项目环境影响报告表的批复.pdf,0.15,True,2026,佛山市奕塑新材料有限公司,佛环03环审〔2026〕8号佛山市生态环境局
E:\软件\2023-2026年顺德批复文件\2026_佛环03环审〔2026〕90号佛山市生态环境局关于佛山市顺德区睿富鞋业制造有限公司迁改建项目建设项目环境影响报告表的批复.pdf,2026_佛环03环审〔2026〕90号佛山市生态环境局关于佛山市顺德区睿富鞋业制造有限公司迁改建项目建设项目环境影响报告表的批复.pdf,0.15,True,2026,佛山市顺德区睿富鞋业制造有限公司迁改建项目,佛环03环审〔2026〕90号佛山市生态环境
E:\软件\2023-2026年顺德批复文件\2026_佛环03环审〔2026〕91号佛山市生态环境局关于佛山顺德星丽彩印有限公司新建项目建设项目环境影响报告表的批复.pdf,2026_佛环03环审〔2026〕91号佛山市生态环境局关于佛山顺德星丽彩印有限公司新建项目建设项目环境影响报告表的批复.pdf,0.15,True,2026,佛山顺德星丽彩印有限公司,佛环03环审〔2026〕91号佛山市生态环境
E:\软件\2023-2026年顺德批复文件\2026_佛环03环审〔2026〕92号佛山市顺德鑫还宝资源利用有限公司废旧家电塑料资源化利用技术改造项目建设项目环境影响报告表的批复.pdf,2026_佛环03环审〔2026〕92号佛山市顺德鑫还宝资源利用有限公司废旧家电塑料资源化利用技术改造项目建设项目环境影响报告表的批复.pdf,0.17,True,2026,,佛环03环审〔2026〕92号佛山市顺德鑫还
E:\软件\2023-2026年顺德批复文件\2026_佛环03环审〔2026〕93号佛山市生态环境局关于佛山市九龙机器有限公司新建项目建设项目环境影响报告表的批复.pdf,2026_佛环03环审〔2026〕93号佛山市生态环境局关于佛山市九龙机器有限公司新建项目建设项目环境影响报告表的批复.pdf,0.16,True,2026,佛山市九龙机器有限公司,佛环03环审〔2026〕93号佛山市生态环境
E:\软件\2023-2026年顺德批复文件\2026_佛环03环审〔2026〕94号佛山市生态环境局关于广东乐菱精密科技股份有限公司迁扩建项目建设项目环境影响报告表的批复.pdf,2026_佛环03环审〔2026〕94号佛山市生态环境局关于广东乐菱精密科技股份有限公司迁扩建项目建设项目环境影响报告表的批复.pdf,0.16,True,2026,广东乐菱精密科技股份有限公司迁,佛环03环审〔2026〕94号佛山市生态环境
E:\软件\2023-2026年顺德批复文件\2026_佛环03环审〔2026〕95号佛山市生态环境局关于佛山市顺德区志晖新材料有限公司勒流分车间新建项目建设项目环境影响报告表的批复.pdf,2026_佛环03环审〔2026〕95号佛山市生态环境局关于佛山市顺德区志晖新材料有限公司勒流分车间新建项目建设项目环境影响报告表的批复.pdf,0.16,True,2026,佛山市顺德区志晖新材料有限公司勒流分车间,佛环03环审〔2026〕95号佛山市生态环境
E:\软件\2023-2026年顺德批复文件\2026_佛环03环审〔2026〕96号佛山市生态环境局关于广东美的厨房电器制造有限公司顺德第三分厂扩建项目重新报批建设项目环境影响报告表的批复.pdf,2026_佛环03环审〔2026〕96号佛山市生态环境局关于广东美的厨房电器制造有限公司顺德第三分厂扩建项目重新报批建设项目环境影响报告表的批复.pdf,0.17,True,2026,广东美的厨房电器制造有限公司顺德第三分厂,佛环03环审〔2026〕96号佛山市生态环境
E:\软件\2023-2026年顺德批复文件\2026_佛环03环审〔2026〕97号佛山市生态环境局关于佛山市诚雍电器实业有限公司迁改扩建项目建设项目环境影响报告表的批复.pdf,2026_佛环03环审〔2026〕97号佛山市生态环境局关于佛山市诚雍电器实业有限公司迁改扩建项目建设项目环境影响报告表的批复.pdf,0.15,True,2026,佛山市诚雍电器实业有限公司迁改,佛环03环审〔2026〕97号佛山市生态环境
E:\软件\2023-2026年顺德批复文件\2026_佛环03环审〔2026〕98号佛山市生态环境局关于佛山市木音新材料科技有限公司新建项目建设项目环境影响报告表的批复.pdf,2026_佛环03环审〔2026〕98号佛山市生态环境局关于佛山市木音新材料科技有限公司新建项目建设项目环境影响报告表的批复.pdf,0.15,True,2026,佛山市木音新材料科技有限公司,佛环03环审〔2026〕98号佛山市生态环境
E:\软件\2023-2026年顺德批复文件\2026_佛环03环审〔2026〕9号佛山市生态环境局关于佛山市顺德区华坤涂料有限公司迁扩建项目建设项目环境影响报告表的批复.pdf,2026_佛环03环审〔2026〕9号佛山市生态环境局关于佛山市顺德区华坤涂料有限公司迁扩建项目建设项目环境影响报告表的批复.pdf,0.15,True,2026,佛山市顺德区华坤涂料有限公司迁,佛环03环审〔2026〕9号佛山市生态环境局
