pdf_file_name,match_score,md_path,md_folder,detected_type,company_guess,doc_no_guess,text_valid,md_text_preview
2021_佛山市生态环境局关于佛山市顺德区乐从镇三巨塑胶厂扩建项目环境影响报告表的批复.pdf,80,E:\软件\mineru_extracted\2023_2023年10月12日建设项目环境影响报告书（表）受理公告（杏坛）_1_mineru\full.md,2023_2023年10月12日建设项目环境影响报告书（表）受理公告（杏坛）_1_mineru,report,佛山市顺德区乐从镇三巨塑胶厂,,False,"# 建设项目环境影响报告表

（污染影响类）

（公示版）

项目名称： 佛山市塑裕新材料科技有限公司新建项目

建设单位（盖章）：佛山市塑裕新材料科技有限公司

编制日期：2023 年09 月

中华人民共和国生态环境部制

# 目 录

一、建设项目基本情况...  
二、建设项目工程分析. .18  
三、区域环境质量现状、环境保护目标及评价标准. .27  
四、主要环境影响和保护措施.."
2021_佛山市生态环境局关于佛山市顺德区乐从镇鑫嘉艺玻璃工艺厂扩建项目项目环境影响报告表的批复.pdf,80,E:\软件\mineru_extracted\2023_2023年10月12日建设项目环境影响报告书（表）受理公告（杏坛）_1_mineru\full.md,2023_2023年10月12日建设项目环境影响报告书（表）受理公告（杏坛）_1_mineru,report,佛山市顺德区乐从镇鑫嘉艺玻璃工艺厂,,False,"# 建设项目环境影响报告表

（污染影响类）

（公示版）

项目名称： 佛山市塑裕新材料科技有限公司新建项目

建设单位（盖章）：佛山市塑裕新材料科技有限公司

编制日期：2023 年09 月

中华人民共和国生态环境部制

# 目 录

一、建设项目基本情况...  
二、建设项目工程分析. .18  
三、区域环境质量现状、环境保护目标及评价标准. .27  
四、主要环境影响和保护措施.."
2021_佛山市生态环境局关于佛山市顺德区合锦鑫橡塑五金厂新建项目环境影响报告表的批复.pdf,80,E:\软件\mineru_extracted\2023_2023年10月12日建设项目环境影响报告书（表）受理公告（杏坛）_1_mineru\full.md,2023_2023年10月12日建设项目环境影响报告书（表）受理公告（杏坛）_1_mineru,report,佛山市顺德区合锦鑫橡塑五金厂,,False,"# 建设项目环境影响报告表

（污染影响类）

（公示版）

项目名称： 佛山市塑裕新材料科技有限公司新建项目

建设单位（盖章）：佛山市塑裕新材料科技有限公司

编制日期：2023 年09 月

中华人民共和国生态环境部制

# 目 录

一、建设项目基本情况...  
二、建设项目工程分析. .18  
三、区域环境质量现状、环境保护目标及评价标准. .27  
四、主要环境影响和保护措施.."
2021_佛山市生态环境局关于佛山市顺德区宝富莱无纺布有限公司扩建项目环境影响报告表的批复.pdf,80,E:\软件\mineru_extracted\2023_2023年10月12日建设项目环境影响报告书（表）受理公告（杏坛）_1_mineru\full.md,2023_2023年10月12日建设项目环境影响报告书（表）受理公告（杏坛）_1_mineru,report,佛山市顺德区宝富莱无纺布有限公司,,False,"# 建设项目环境影响报告表

（污染影响类）

（公示版）

项目名称： 佛山市塑裕新材料科技有限公司新建项目

建设单位（盖章）：佛山市塑裕新材料科技有限公司

编制日期：2023 年09 月

中华人民共和国生态环境部制

# 目 录

一、建设项目基本情况...  
二、建设项目工程分析. .18  
三、区域环境质量现状、环境保护目标及评价标准. .27  
四、主要环境影响和保护措施.."
2021_佛山市生态环境局关于佛山市顺德区恒豪智盈金属家具有限公司新建项目环境影响报告表的批复.pdf,80,E:\软件\mineru_extracted\2023_2023年10月12日建设项目环境影响报告书（表）受理公告（杏坛）_1_mineru\full.md,2023_2023年10月12日建设项目环境影响报告书（表）受理公告（杏坛）_1_mineru,report,佛山市顺德区恒豪智盈金属家具有限公司,,False,"# 建设项目环境影响报告表

（污染影响类）

（公示版）

项目名称： 佛山市塑裕新材料科技有限公司新建项目

建设单位（盖章）：佛山市塑裕新材料科技有限公司

编制日期：2023 年09 月

中华人民共和国生态环境部制

# 目 录

一、建设项目基本情况...  
二、建设项目工程分析. .18  
三、区域环境质量现状、环境保护目标及评价标准. .27  
四、主要环境影响和保护措施.."
2021_佛山市生态环境局关于佛山市顺德区杰深实业有限公司新建项目环境影响报告表的批复.pdf,80,E:\软件\mineru_extracted\2023_2023年10月12日建设项目环境影响报告书（表）受理公告（杏坛）_1_mineru\full.md,2023_2023年10月12日建设项目环境影响报告书（表）受理公告（杏坛）_1_mineru,report,佛山市顺德区杰深实业有限公司,,False,"# 建设项目环境影响报告表

（污染影响类）

（公示版）

项目名称： 佛山市塑裕新材料科技有限公司新建项目

建设单位（盖章）：佛山市塑裕新材料科技有限公司

编制日期：2023 年09 月

中华人民共和国生态环境部制

# 目 录

一、建设项目基本情况...  
二、建设项目工程分析. .18  
三、区域环境质量现状、环境保护目标及评价标准. .27  
四、主要环境影响和保护措施.."
2021_佛山市生态环境局关于佛山市顺德区汇金金属实业有限公司扩建项目环境影响报告表的批复.pdf,80,E:\软件\mineru_extracted\2023_2023年10月12日建设项目环境影响报告书（表）受理公告（杏坛）_1_mineru\full.md,2023_2023年10月12日建设项目环境影响报告书（表）受理公告（杏坛）_1_mineru,report,佛山市顺德区汇金金属实业有限公司,,False,"# 建设项目环境影响报告表

（污染影响类）

（公示版）

项目名称： 佛山市塑裕新材料科技有限公司新建项目

建设单位（盖章）：佛山市塑裕新材料科技有限公司

编制日期：2023 年09 月

中华人民共和国生态环境部制

# 目 录

一、建设项目基本情况...  
二、建设项目工程分析. .18  
三、区域环境质量现状、环境保护目标及评价标准. .27  
四、主要环境影响和保护措施.."
2021_佛山市生态环境局关于佛山市顺德区舒帝迪家具有限公司改扩建项目环境影响报告表的批复.pdf,80,E:\软件\mineru_extracted\2023_2023年10月12日建设项目环境影响报告书（表）受理公告（杏坛）_1_mineru\full.md,2023_2023年10月12日建设项目环境影响报告书（表）受理公告（杏坛）_1_mineru,report,佛山市顺德区舒帝迪家具有限公司改,,False,"# 建设项目环境影响报告表

（污染影响类）

（公示版）

项目名称： 佛山市塑裕新材料科技有限公司新建项目

建设单位（盖章）：佛山市塑裕新材料科技有限公司

编制日期：2023 年09 月

中华人民共和国生态环境部制

# 目 录

一、建设项目基本情况...  
二、建设项目工程分析. .18  
三、区域环境质量现状、环境保护目标及评价标准. .27  
四、主要环境影响和保护措施.."
2021_佛山市生态环境局关于佛山市顺德区雄州塑料五金制品厂迁扩建项目环境影响报告表的批复.pdf,80,E:\软件\mineru_extracted\2023_2023年10月12日建设项目环境影响报告书（表）受理公告（杏坛）_1_mineru\full.md,2023_2023年10月12日建设项目环境影响报告书（表）受理公告（杏坛）_1_mineru,report,佛山市顺德区雄州塑料五金制品厂迁,,False,"# 建设项目环境影响报告表

（污染影响类）

（公示版）

项目名称： 佛山市塑裕新材料科技有限公司新建项目

建设单位（盖章）：佛山市塑裕新材料科技有限公司

编制日期：2023 年09 月

中华人民共和国生态环境部制

# 目 录

一、建设项目基本情况...  
二、建设项目工程分析. .18  
三、区域环境质量现状、环境保护目标及评价标准. .27  
四、主要环境影响和保护措施.."
2021_佛山市生态环境局关于佛山市顺德区龙江镇坚实电器厂扩建项目环境影响报告表的批复.pdf,80,E:\软件\mineru_extracted\2023_2023年10月12日建设项目环境影响报告书（表）受理公告（杏坛）_1_mineru\full.md,2023_2023年10月12日建设项目环境影响报告书（表）受理公告（杏坛）_1_mineru,report,佛山市顺德区龙江镇坚实电器厂,,False,"# 建设项目环境影响报告表

（污染影响类）

（公示版）

项目名称： 佛山市塑裕新材料科技有限公司新建项目

建设单位（盖章）：佛山市塑裕新材料科技有限公司

编制日期：2023 年09 月

中华人民共和国生态环境部制

# 目 录

一、建设项目基本情况...  
二、建设项目工程分析. .18  
三、区域环境质量现状、环境保护目标及评价标准. .27  
四、主要环境影响和保护措施.."
2021_佛山市生态环境局关于佛山市顺德区龙江镇志宏伟业纸品有限公司扩建项目环境影响报告表的批复.pdf,80,E:\软件\mineru_extracted\2023_2023年10月12日建设项目环境影响报告书（表）受理公告（杏坛）_1_mineru\full.md,2023_2023年10月12日建设项目环境影响报告书（表）受理公告（杏坛）_1_mineru,report,佛山市顺德区龙江镇志宏伟业纸品有限公司,,False,"# 建设项目环境影响报告表

（污染影响类）

（公示版）

项目名称： 佛山市塑裕新材料科技有限公司新建项目

建设单位（盖章）：佛山市塑裕新材料科技有限公司

编制日期：2023 年09 月

中华人民共和国生态环境部制

# 目 录

一、建设项目基本情况...  
二、建设项目工程分析. .18  
三、区域环境质量现状、环境保护目标及评价标准. .27  
四、主要环境影响和保护措施.."
2021_佛山市生态环境局关于佛山市顺德区龙江镇祥艺印刷厂建设项目环境影响报告表的批复.pdf,80,E:\软件\mineru_extracted\2023_2023年10月12日建设项目环境影响报告书（表）受理公告（杏坛）_1_mineru\full.md,2023_2023年10月12日建设项目环境影响报告书（表）受理公告（杏坛）_1_mineru,report,佛山市顺德区龙江镇祥艺印刷厂,,False,"# 建设项目环境影响报告表

（污染影响类）

（公示版）

项目名称： 佛山市塑裕新材料科技有限公司新建项目

建设单位（盖章）：佛山市塑裕新材料科技有限公司

编制日期：2023 年09 月

中华人民共和国生态环境部制

# 目 录

一、建设项目基本情况...  
二、建设项目工程分析. .18  
三、区域环境质量现状、环境保护目标及评价标准. .27  
四、主要环境影响和保护措施.."
2021_佛环0304环审【2021】第0060号 佛山市生态环境局关于佛山市顺德区碧森塑料五金有限公司年产空心球0.6万立方、蜂窝斜管0.6万立方迁建项目环境影响报告表的批复.pdf,80,E:\软件\mineru_extracted\2023_2023年10月12日建设项目环境影响报告书（表）受理公告（杏坛）_1_mineru\full.md,2023_2023年10月12日建设项目环境影响报告书（表）受理公告（杏坛）_1_mineru,report,佛山市顺德区碧森塑料五金有限公司年产空心球0.6万立方、蜂窝斜管0.6万立方,佛环0304环审【2021】第0060号,False,"# 建设项目环境影响报告表

（污染影响类）

（公示版）

项目名称： 佛山市塑裕新材料科技有限公司新建项目

建设单位（盖章）：佛山市塑裕新材料科技有限公司

编制日期：2023 年09 月

中华人民共和国生态环境部制

# 目 录

一、建设项目基本情况...  
二、建设项目工程分析. .18  
三、区域环境质量现状、环境保护目标及评价标准. .27  
四、主要环境影响和保护措施.."
2021_佛环0304环审【2021】第0062号 佛山市生态环境局关于佛山市顺德区汇骏达塑料有限公司年产家具配件200万套新建项目环境影响报告表的批复.pdf,80,E:\软件\mineru_extracted\2023_2023年10月12日建设项目环境影响报告书（表）受理公告（杏坛）_1_mineru\full.md,2023_2023年10月12日建设项目环境影响报告书（表）受理公告（杏坛）_1_mineru,report,佛山市顺德区汇骏达塑料有限公司年产家具配件200万套,佛环0304环审【2021】第0062号,False,"# 建设项目环境影响报告表

（污染影响类）

（公示版）

项目名称： 佛山市塑裕新材料科技有限公司新建项目

建设单位（盖章）：佛山市塑裕新材料科技有限公司

编制日期：2023 年09 月

中华人民共和国生态环境部制

# 目 录

一、建设项目基本情况...  
二、建设项目工程分析. .18  
三、区域环境质量现状、环境保护目标及评价标准. .27  
四、主要环境影响和保护措施.."
2021_佛环0304环审【2021】第0063号 佛山市生态环境局关于佛山市顺德区明丰源塑料五金有限公司年产塑料配件200吨、五金配件200吨新建项目环境影响报告表的批复.pdf,80,E:\软件\mineru_extracted\2023_2023年10月12日建设项目环境影响报告书（表）受理公告（杏坛）_1_mineru\full.md,2023_2023年10月12日建设项目环境影响报告书（表）受理公告（杏坛）_1_mineru,report,佛山市顺德区明丰源塑料五金有限公司年产塑料配件200吨、五金配件200吨,佛环0304环审【2021】第0063号,False,"# 建设项目环境影响报告表

（污染影响类）

（公示版）

项目名称： 佛山市塑裕新材料科技有限公司新建项目

建设单位（盖章）：佛山市塑裕新材料科技有限公司

编制日期：2023 年09 月

中华人民共和国生态环境部制

# 目 录

一、建设项目基本情况...  
二、建设项目工程分析. .18  
三、区域环境质量现状、环境保护目标及评价标准. .27  
四、主要环境影响和保护措施.."
2021_佛环0304环审【2021】第0064号）佛山市生态环境局关于佛山市顺德区华申电器制造有限公司勒流富安分公司迁扩建项目环境影响报告表的批复.pdf,80,E:\软件\mineru_extracted\2023_2023年10月12日建设项目环境影响报告书（表）受理公告（杏坛）_1_mineru\full.md,2023_2023年10月12日建设项目环境影响报告书（表）受理公告（杏坛）_1_mineru,report,佛山市顺德区华申电器制造有限公司勒流富安分公司迁,佛环0304环审【2021】第0064号）佛,False,"# 建设项目环境影响报告表

（污染影响类）

（公示版）

项目名称： 佛山市塑裕新材料科技有限公司新建项目

建设单位（盖章）：佛山市塑裕新材料科技有限公司

编制日期：2023 年09 月

中华人民共和国生态环境部制

# 目 录

一、建设项目基本情况...  
二、建设项目工程分析. .18  
三、区域环境质量现状、环境保护目标及评价标准. .27  
四、主要环境影响和保护措施.."
2021_佛环0304环审【2021】第0067号 佛山市生态环境局关于佛山市顺德区睿富鞋业制造有限公司新建项目环境影响报告表的批复.pdf,80,E:\软件\mineru_extracted\2023_2023年10月12日建设项目环境影响报告书（表）受理公告（杏坛）_1_mineru\full.md,2023_2023年10月12日建设项目环境影响报告书（表）受理公告（杏坛）_1_mineru,report,佛山市顺德区睿富鞋业制造有限公司,佛环0304环审【2021】第0067号,False,"# 建设项目环境影响报告表

（污染影响类）

（公示版）

项目名称： 佛山市塑裕新材料科技有限公司新建项目

建设单位（盖章）：佛山市塑裕新材料科技有限公司

编制日期：2023 年09 月

中华人民共和国生态环境部制

# 目 录

一、建设项目基本情况...  
二、建设项目工程分析. .18  
三、区域环境质量现状、环境保护目标及评价标准. .27  
四、主要环境影响和保护措施.."
2021_佛环0304环审【2021】第0070号 佛山市生态环境局关于佛山市顺德区明展自行车配件有限公司年产自行车架20000台新建项目环境影响报告表的批复.pdf,80,E:\软件\mineru_extracted\2023_2023年10月12日建设项目环境影响报告书（表）受理公告（杏坛）_1_mineru\full.md,2023_2023年10月12日建设项目环境影响报告书（表）受理公告（杏坛）_1_mineru,report,佛山市顺德区明展自行车配件有限公司年产自行车架20000台,佛环0304环审【2021】第0070号,False,"# 建设项目环境影响报告表

（污染影响类）

（公示版）

项目名称： 佛山市塑裕新材料科技有限公司新建项目

建设单位（盖章）：佛山市塑裕新材料科技有限公司

编制日期：2023 年09 月

中华人民共和国生态环境部制

# 目 录

一、建设项目基本情况...  
二、建设项目工程分析. .18  
三、区域环境质量现状、环境保护目标及评价标准. .27  
四、主要环境影响和保护措施.."
2021_佛环0304环审【2021】第0073号 佛山市生态环境局关于佛山市顺德区鸿利德塑料五金制品有限公司新建项目环境影响报告表的批复.pdf,80,E:\软件\mineru_extracted\2023_2023年10月12日建设项目环境影响报告书（表）受理公告（杏坛）_1_mineru\full.md,2023_2023年10月12日建设项目环境影响报告书（表）受理公告（杏坛）_1_mineru,report,佛山市顺德区鸿利德塑料五金制品有限公司,佛环0304环审【2021】第0073号,False,"# 建设项目环境影响报告表

（污染影响类）

（公示版）

项目名称： 佛山市塑裕新材料科技有限公司新建项目

建设单位（盖章）：佛山市塑裕新材料科技有限公司

编制日期：2023 年09 月

中华人民共和国生态环境部制

# 目 录

一、建设项目基本情况...  
二、建设项目工程分析. .18  
三、区域环境质量现状、环境保护目标及评价标准. .27  
四、主要环境影响和保护措施.."
2021_佛环0304环审【2021】第0080号 佛山市生态环境局关于佛山市顺德区谦兴五金有限公司新建项目环境影响报告表的批复.pdf,80,E:\软件\mineru_extracted\2023_2023年10月12日建设项目环境影响报告书（表）受理公告（杏坛）_1_mineru\full.md,2023_2023年10月12日建设项目环境影响报告书（表）受理公告（杏坛）_1_mineru,report,佛山市顺德区谦兴五金有限公司,佛环0304环审【2021】第0080号,False,"# 建设项目环境影响报告表

（污染影响类）

（公示版）

项目名称： 佛山市塑裕新材料科技有限公司新建项目

建设单位（盖章）：佛山市塑裕新材料科技有限公司

编制日期：2023 年09 月

中华人民共和国生态环境部制

# 目 录

一、建设项目基本情况...  
二、建设项目工程分析. .18  
三、区域环境质量现状、环境保护目标及评价标准. .27  
四、主要环境影响和保护措施.."
2021_佛环0304环审【2021】第0081号 佛山市生态环境局关于佛山市顺德区广峰包装纸品有限公司年产包装袋1000万个新建项目环境影响报告表的批复.pdf,80,E:\软件\mineru_extracted\2023_2023年10月12日建设项目环境影响报告书（表）受理公告（杏坛）_1_mineru\full.md,2023_2023年10月12日建设项目环境影响报告书（表）受理公告（杏坛）_1_mineru,report,佛山市顺德区广峰包装纸品有限公司年产包装袋1000万个,佛环0304环审【2021】第0081号,False,"# 建设项目环境影响报告表

（污染影响类）

（公示版）

项目名称： 佛山市塑裕新材料科技有限公司新建项目

建设单位（盖章）：佛山市塑裕新材料科技有限公司

编制日期：2023 年09 月

中华人民共和国生态环境部制

# 目 录

一、建设项目基本情况...  
二、建设项目工程分析. .18  
三、区域环境质量现状、环境保护目标及评价标准. .27  
四、主要环境影响和保护措施.."
2021_佛环0304环审【2021】第0082号 佛山市生态环境局关于佛山市顺德区豪恒注塑厂迁扩建项目环境影响报告表的批复.pdf,80,E:\软件\mineru_extracted\2023_2023年10月12日建设项目环境影响报告书（表）受理公告（杏坛）_1_mineru\full.md,2023_2023年10月12日建设项目环境影响报告书（表）受理公告（杏坛）_1_mineru,report,佛山市顺德区豪恒注塑厂迁,佛环0304环审【2021】第0082号,False,"# 建设项目环境影响报告表

（污染影响类）

（公示版）

项目名称： 佛山市塑裕新材料科技有限公司新建项目

建设单位（盖章）：佛山市塑裕新材料科技有限公司

编制日期：2023 年09 月

中华人民共和国生态环境部制

# 目 录

一、建设项目基本情况...  
二、建设项目工程分析. .18  
三、区域环境质量现状、环境保护目标及评价标准. .27  
四、主要环境影响和保护措施.."
2021_佛环0304环审【2021】第0084号 佛山市生态环境局关于佛山市顺德区勒流李文源虫崩虫少食品厂新建项目环境影响报告表的批复.pdf,80,E:\软件\mineru_extracted\2023_2023年10月12日建设项目环境影响报告书（表）受理公告（杏坛）_1_mineru\full.md,2023_2023年10月12日建设项目环境影响报告书（表）受理公告（杏坛）_1_mineru,report,佛山市顺德区勒流李文源虫崩虫少食品厂,佛环0304环审【2021】第0084号,False,"# 建设项目环境影响报告表

（污染影响类）

（公示版）

项目名称： 佛山市塑裕新材料科技有限公司新建项目

建设单位（盖章）：佛山市塑裕新材料科技有限公司

编制日期：2023 年09 月

中华人民共和国生态环境部制

# 目 录

一、建设项目基本情况...  
二、建设项目工程分析. .18  
三、区域环境质量现状、环境保护目标及评价标准. .27  
四、主要环境影响和保护措施.."
2021_佛环0304环审【2021】第0085号 佛山市生态环境局关于佛山市顺德区勒流毅域塑料厂新建项目环境影响报告表的批复.pdf,80,E:\软件\mineru_extracted\2023_2023年10月12日建设项目环境影响报告书（表）受理公告（杏坛）_1_mineru\full.md,2023_2023年10月12日建设项目环境影响报告书（表）受理公告（杏坛）_1_mineru,report,佛山市顺德区勒流毅域塑料厂,佛环0304环审【2021】第0085号,False,"# 建设项目环境影响报告表

（污染影响类）

（公示版）

项目名称： 佛山市塑裕新材料科技有限公司新建项目

建设单位（盖章）：佛山市塑裕新材料科技有限公司

编制日期：2023 年09 月

中华人民共和国生态环境部制

# 目 录

一、建设项目基本情况...  
二、建设项目工程分析. .18  
三、区域环境质量现状、环境保护目标及评价标准. .27  
四、主要环境影响和保护措施.."
2021_佛环0304环审【2021】第0087号 佛山市生态环境局关于佛山市顺德区勒流弘福缘电器厂年产电器开关面板3000件新建项目环境影响报告表的批复.pdf,80,E:\软件\mineru_extracted\2023_2023年10月12日建设项目环境影响报告书（表）受理公告（杏坛）_1_mineru\full.md,2023_2023年10月12日建设项目环境影响报告书（表）受理公告（杏坛）_1_mineru,report,佛山市顺德区勒流弘福缘电器厂年产电器开关面板3000件,佛环0304环审【2021】第0087号,False,"# 建设项目环境影响报告表

（污染影响类）

（公示版）

项目名称： 佛山市塑裕新材料科技有限公司新建项目

建设单位（盖章）：佛山市塑裕新材料科技有限公司

编制日期：2023 年09 月

中华人民共和国生态环境部制

# 目 录

一、建设项目基本情况...  
二、建设项目工程分析. .18  
三、区域环境质量现状、环境保护目标及评价标准. .27  
四、主要环境影响和保护措施.."
2021_佛环0304环审【2021】第0088号 佛山市生态环境局关于佛山市顺德区勒流镇显能电线厂年产电源线1500万条扩建项目环境影响报告表的批复.pdf,80,E:\软件\mineru_extracted\2023_2023年10月12日建设项目环境影响报告书（表）受理公告（杏坛）_1_mineru\full.md,2023_2023年10月12日建设项目环境影响报告书（表）受理公告（杏坛）_1_mineru,report,佛山市顺德区勒流镇显能电线厂年产电源线1500万条,佛环0304环审【2021】第0088号,False,"# 建设项目环境影响报告表

（污染影响类）

（公示版）

项目名称： 佛山市塑裕新材料科技有限公司新建项目

建设单位（盖章）：佛山市塑裕新材料科技有限公司

编制日期：2023 年09 月

中华人民共和国生态环境部制

# 目 录

一、建设项目基本情况...  
二、建设项目工程分析. .18  
三、区域环境质量现状、环境保护目标及评价标准. .27  
四、主要环境影响和保护措施.."
2021_佛环0304环审【2021】第0089号 佛山市生态环境局关于佛山市顺德区盈沣泰环保科技有限公司扩建项目环境影响报告表的批复.pdf,80,E:\软件\mineru_extracted\2023_2023年10月12日建设项目环境影响报告书（表）受理公告（杏坛）_1_mineru\full.md,2023_2023年10月12日建设项目环境影响报告书（表）受理公告（杏坛）_1_mineru,report,佛山市顺德区盈沣泰环保科技有限公司,佛环0304环审【2021】第0089号,False,"# 建设项目环境影响报告表

（污染影响类）

（公示版）

项目名称： 佛山市塑裕新材料科技有限公司新建项目

建设单位（盖章）：佛山市塑裕新材料科技有限公司

编制日期：2023 年09 月

中华人民共和国生态环境部制

# 目 录

一、建设项目基本情况...  
二、建设项目工程分析. .18  
三、区域环境质量现状、环境保护目标及评价标准. .27  
四、主要环境影响和保护措施.."
2021_佛环0304环审【2021】第0090号 佛山市生态环境局关于佛山市顺德区天一包装制品有限公司新建项目环境影响报告表的批复.pdf,80,E:\软件\mineru_extracted\2023_2023年10月12日建设项目环境影响报告书（表）受理公告（杏坛）_1_mineru\full.md,2023_2023年10月12日建设项目环境影响报告书（表）受理公告（杏坛）_1_mineru,report,佛山市顺德区天一包装制品有限公司,佛环0304环审【2021】第0090号,False,"# 建设项目环境影响报告表

（污染影响类）

（公示版）

项目名称： 佛山市塑裕新材料科技有限公司新建项目

建设单位（盖章）：佛山市塑裕新材料科技有限公司

编制日期：2023 年09 月

中华人民共和国生态环境部制

# 目 录

一、建设项目基本情况...  
二、建设项目工程分析. .18  
三、区域环境质量现状、环境保护目标及评价标准. .27  
四、主要环境影响和保护措施.."
2021_佛环0304环审【2021】第0092号 佛山市生态环境局关于佛山市顺德区润仁纸业有限公司新建项目环境影响报告表的批复.pdf,80,E:\软件\mineru_extracted\2023_2023年10月12日建设项目环境影响报告书（表）受理公告（杏坛）_1_mineru\full.md,2023_2023年10月12日建设项目环境影响报告书（表）受理公告（杏坛）_1_mineru,report,佛山市顺德区润仁纸业有限公司,佛环0304环审【2021】第0092号,False,"# 建设项目环境影响报告表

（污染影响类）

（公示版）

项目名称： 佛山市塑裕新材料科技有限公司新建项目

建设单位（盖章）：佛山市塑裕新材料科技有限公司

编制日期：2023 年09 月

中华人民共和国生态环境部制

# 目 录

一、建设项目基本情况...  
二、建设项目工程分析. .18  
三、区域环境质量现状、环境保护目标及评价标准. .27  
四、主要环境影响和保护措施.."
2021_佛环0304环审【2021】第0093号 佛山市生态环境局关于佛山市顺德区泰仕隆实业有限公司扩建项目环境影响报告表的批复.pdf,80,E:\软件\mineru_extracted\2023_2023年10月12日建设项目环境影响报告书（表）受理公告（杏坛）_1_mineru\full.md,2023_2023年10月12日建设项目环境影响报告书（表）受理公告（杏坛）_1_mineru,report,佛山市顺德区泰仕隆实业有限公司,佛环0304环审【2021】第0093号,False,"# 建设项目环境影响报告表

（污染影响类）

（公示版）

项目名称： 佛山市塑裕新材料科技有限公司新建项目

建设单位（盖章）：佛山市塑裕新材料科技有限公司

编制日期：2023 年09 月

中华人民共和国生态环境部制

# 目 录

一、建设项目基本情况...  
二、建设项目工程分析. .18  
三、区域环境质量现状、环境保护目标及评价标准. .27  
四、主要环境影响和保护措施.."
2021_佛环0304环审【2021】第0095号_佛山市生态环境局关于佛山市顺德区一本电气有限公司电线车间新建项目环境影响报告表的批复.pdf,80,E:\软件\mineru_extracted\2023_2023年10月12日建设项目环境影响报告书（表）受理公告（杏坛）_1_mineru\full.md,2023_2023年10月12日建设项目环境影响报告书（表）受理公告（杏坛）_1_mineru,report,佛山市顺德区一本电气有限公司电线车间,佛环0304环审【2021】第0095号_佛,False,"# 建设项目环境影响报告表

（污染影响类）

（公示版）

项目名称： 佛山市塑裕新材料科技有限公司新建项目

建设单位（盖章）：佛山市塑裕新材料科技有限公司

编制日期：2023 年09 月

中华人民共和国生态环境部制

# 目 录

一、建设项目基本情况...  
二、建设项目工程分析. .18  
三、区域环境质量现状、环境保护目标及评价标准. .27  
四、主要环境影响和保护措施.."
2021_佛环0304环审【2021】第0097号 佛山市生态环境局关于佛山市顺德区森迈源印刷有限责任公司新建项目环境影响报告表的批复.pdf,80,E:\软件\mineru_extracted\2023_2023年10月12日建设项目环境影响报告书（表）受理公告（杏坛）_1_mineru\full.md,2023_2023年10月12日建设项目环境影响报告书（表）受理公告（杏坛）_1_mineru,report,佛山市顺德区森迈源印刷有限责任公司,佛环0304环审【2021】第0097号,False,"# 建设项目环境影响报告表

（污染影响类）

（公示版）

项目名称： 佛山市塑裕新材料科技有限公司新建项目

建设单位（盖章）：佛山市塑裕新材料科技有限公司

编制日期：2023 年09 月

中华人民共和国生态环境部制

# 目 录

一、建设项目基本情况...  
二、建设项目工程分析. .18  
三、区域环境质量现状、环境保护目标及评价标准. .27  
四、主要环境影响和保护措施.."
2021_佛环0304环审【2021】第0098号 佛山市生态环境局关于佛山市顺德区均之益塑料包装有限公司新建项目环境影响报告表的批复.pdf,80,E:\软件\mineru_extracted\2023_2023年10月12日建设项目环境影响报告书（表）受理公告（杏坛）_1_mineru\full.md,2023_2023年10月12日建设项目环境影响报告书（表）受理公告（杏坛）_1_mineru,report,佛山市顺德区均之益塑料包装有限公司,佛环0304环审【2021】第0098号,False,"# 建设项目环境影响报告表

（污染影响类）

（公示版）

项目名称： 佛山市塑裕新材料科技有限公司新建项目

建设单位（盖章）：佛山市塑裕新材料科技有限公司

编制日期：2023 年09 月

中华人民共和国生态环境部制

# 目 录

一、建设项目基本情况...  
二、建设项目工程分析. .18  
三、区域环境质量现状、环境保护目标及评价标准. .27  
四、主要环境影响和保护措施.."
2021_佛环0304环审【2021】第0099号 佛山市生态环境局关于佛山市顺德区谷河塑料制品有限公司新建项目环境影响报告表的批复.pdf,80,E:\软件\mineru_extracted\2023_2023年10月12日建设项目环境影响报告书（表）受理公告（杏坛）_1_mineru\full.md,2023_2023年10月12日建设项目环境影响报告书（表）受理公告（杏坛）_1_mineru,report,佛山市顺德区谷河塑料制品有限公司,佛环0304环审【2021】第0099号,False,"# 建设项目环境影响报告表

（污染影响类）

（公示版）

项目名称： 佛山市塑裕新材料科技有限公司新建项目

建设单位（盖章）：佛山市塑裕新材料科技有限公司

编制日期：2023 年09 月

中华人民共和国生态环境部制

# 目 录

一、建设项目基本情况...  
二、建设项目工程分析. .18  
三、区域环境质量现状、环境保护目标及评价标准. .27  
四、主要环境影响和保护措施.."
2021_佛环0304环审【2021】第0100号 佛山市生态环境局关于佛山市顺德区展荣五金实业有限公司年产汽车配件300万只、弹簧60吨、家用电器五金件500万件、包螺母码仔25吨迁扩建项目环境影响报告表的批复.pdf,80,E:\软件\mineru_extracted\2023_2023年10月12日建设项目环境影响报告书（表）受理公告（杏坛）_1_mineru\full.md,2023_2023年10月12日建设项目环境影响报告书（表）受理公告（杏坛）_1_mineru,report,佛山市顺德区展荣五金实业有限公司年产汽车配件300万只、弹簧60吨、家用电器五金件500万件、包螺母码仔25吨迁,佛环0304环审【2021】第0100号,False,"# 建设项目环境影响报告表

（污染影响类）

（公示版）

项目名称： 佛山市塑裕新材料科技有限公司新建项目

建设单位（盖章）：佛山市塑裕新材料科技有限公司

编制日期：2023 年09 月

中华人民共和国生态环境部制

# 目 录

一、建设项目基本情况...  
二、建设项目工程分析. .18  
三、区域环境质量现状、环境保护目标及评价标准. .27  
四、主要环境影响和保护措施.."
2021_佛环0304环审【2021】第0104号 佛山市生态环境局关于佛山市顺德区兴晟达研磨材料有限公司年产打磨砂带200万条搬迁改扩建项目环境影响报告表的批复.pdf,80,E:\软件\mineru_extracted\2023_2023年10月12日建设项目环境影响报告书（表）受理公告（杏坛）_1_mineru\full.md,2023_2023年10月12日建设项目环境影响报告书（表）受理公告（杏坛）_1_mineru,report,佛山市顺德区兴晟达研磨材料有限公司年产打磨砂带200万条搬迁改,佛环0304环审【2021】第0104号,False,"# 建设项目环境影响报告表

（污染影响类）

（公示版）

项目名称： 佛山市塑裕新材料科技有限公司新建项目

建设单位（盖章）：佛山市塑裕新材料科技有限公司

编制日期：2023 年09 月

中华人民共和国生态环境部制

# 目 录

一、建设项目基本情况...  
二、建设项目工程分析. .18  
三、区域环境质量现状、环境保护目标及评价标准. .27  
四、主要环境影响和保护措施.."
2021_佛环0304环审【2021】第0106号 佛山市生态环境局关于佛山市顺德区日皓檑塑料制品有限公司年产塑料膜1000吨新建项目环境影响报告表的批复.pdf,80,E:\软件\mineru_extracted\2023_2023年10月12日建设项目环境影响报告书（表）受理公告（杏坛）_1_mineru\full.md,2023_2023年10月12日建设项目环境影响报告书（表）受理公告（杏坛）_1_mineru,report,佛山市顺德区日皓檑塑料制品有限公司年产塑料膜1000吨,佛环0304环审【2021】第0106号,False,"# 建设项目环境影响报告表

（污染影响类）

（公示版）

项目名称： 佛山市塑裕新材料科技有限公司新建项目

建设单位（盖章）：佛山市塑裕新材料科技有限公司

编制日期：2023 年09 月

中华人民共和国生态环境部制

# 目 录

一、建设项目基本情况...  
二、建设项目工程分析. .18  
三、区域环境质量现状、环境保护目标及评价标准. .27  
四、主要环境影响和保护措施.."
2021_佛环0304环审【2021】第0108号 佛山市生态环境局关于佛山市顺德区奥亚达电器有限公司年产塑料配件200万套新建项目环境影响报告表的批复.pdf,80,E:\软件\mineru_extracted\2023_2023年10月12日建设项目环境影响报告书（表）受理公告（杏坛）_1_mineru\full.md,2023_2023年10月12日建设项目环境影响报告书（表）受理公告（杏坛）_1_mineru,report,佛山市顺德区奥亚达电器有限公司年产塑料配件200万套,佛环0304环审【2021】第0108号,False,"# 建设项目环境影响报告表

（污染影响类）

（公示版）

项目名称： 佛山市塑裕新材料科技有限公司新建项目

建设单位（盖章）：佛山市塑裕新材料科技有限公司

编制日期：2023 年09 月

中华人民共和国生态环境部制

# 目 录

一、建设项目基本情况...  
二、建设项目工程分析. .18  
三、区域环境质量现状、环境保护目标及评价标准. .27  
四、主要环境影响和保护措施.."
2021_佛环0304环审【2021】第0109号）佛山市生态环境局关于佛山市顺德区勒流正泽电器厂年产配电箱120万个迁建项目环境影响报告表的批复.pdf,80,E:\软件\mineru_extracted\2023_2023年10月12日建设项目环境影响报告书（表）受理公告（杏坛）_1_mineru\full.md,2023_2023年10月12日建设项目环境影响报告书（表）受理公告（杏坛）_1_mineru,report,佛山市顺德区勒流正泽电器厂年产配电箱120万个,佛环0304环审【2021】第0109号）佛,False,"# 建设项目环境影响报告表

（污染影响类）

（公示版）

项目名称： 佛山市塑裕新材料科技有限公司新建项目

建设单位（盖章）：佛山市塑裕新材料科技有限公司

编制日期：2023 年09 月

中华人民共和国生态环境部制

# 目 录

一、建设项目基本情况...  
二、建设项目工程分析. .18  
三、区域环境质量现状、环境保护目标及评价标准. .27  
四、主要环境影响和保护措施.."
2021_佛环0304环审【2021】第0113号 佛山市生态环境局关于佛山市顺德区荣兴塑料制品有限公司迁扩建项目环境影响报告表的批复.pdf,80,E:\软件\mineru_extracted\2023_2023年10月12日建设项目环境影响报告书（表）受理公告（杏坛）_1_mineru\full.md,2023_2023年10月12日建设项目环境影响报告书（表）受理公告（杏坛）_1_mineru,report,佛山市顺德区荣兴塑料制品有限公司迁,佛环0304环审【2021】第0113号,False,"# 建设项目环境影响报告表

（污染影响类）

（公示版）

项目名称： 佛山市塑裕新材料科技有限公司新建项目

建设单位（盖章）：佛山市塑裕新材料科技有限公司

编制日期：2023 年09 月

中华人民共和国生态环境部制

# 目 录

一、建设项目基本情况...  
二、建设项目工程分析. .18  
三、区域环境质量现状、环境保护目标及评价标准. .27  
四、主要环境影响和保护措施.."
2021_佛环0304环审【2021】第0116号 佛山市生态环境局关于佛山市顺德区顺诚旭五金制品有限公司勒流分公司新建项目环境影响报告表的批复.pdf,80,E:\软件\mineru_extracted\2023_2023年10月12日建设项目环境影响报告书（表）受理公告（杏坛）_1_mineru\full.md,2023_2023年10月12日建设项目环境影响报告书（表）受理公告（杏坛）_1_mineru,report,佛山市顺德区顺诚旭五金制品有限公司勒流分公司,佛环0304环审【2021】第0116号,False,"# 建设项目环境影响报告表

（污染影响类）

（公示版）

项目名称： 佛山市塑裕新材料科技有限公司新建项目

建设单位（盖章）：佛山市塑裕新材料科技有限公司

编制日期：2023 年09 月

中华人民共和国生态环境部制

# 目 录

一、建设项目基本情况...  
二、建设项目工程分析. .18  
三、区域环境质量现状、环境保护目标及评价标准. .27  
四、主要环境影响和保护措施.."
2021_佛环0304环审【2021】第0120号_佛山市生态环境局关于佛山市顺德区希田电器有限公司迁扩建项目环境影响报告表的批复.pdf,80,E:\软件\mineru_extracted\2023_2023年10月12日建设项目环境影响报告书（表）受理公告（杏坛）_1_mineru\full.md,2023_2023年10月12日建设项目环境影响报告书（表）受理公告（杏坛）_1_mineru,report,佛山市顺德区希田电器有限公司迁,佛环0304环审【2021】第0120号_佛,False,"# 建设项目环境影响报告表

（污染影响类）

（公示版）

项目名称： 佛山市塑裕新材料科技有限公司新建项目

建设单位（盖章）：佛山市塑裕新材料科技有限公司

编制日期：2023 年09 月

中华人民共和国生态环境部制

# 目 录

一、建设项目基本情况...  
二、建设项目工程分析. .18  
三、区域环境质量现状、环境保护目标及评价标准. .27  
四、主要环境影响和保护措施.."
2021_佛环0304环审【2021】第0121号 佛山市生态环境局关于佛山市顺德区勒流港盈科技电器厂年产插头50万只，灯座40万只新建项目环境影响报告表的批复.pdf,80,E:\软件\mineru_extracted\2023_2023年10月12日建设项目环境影响报告书（表）受理公告（杏坛）_1_mineru\full.md,2023_2023年10月12日建设项目环境影响报告书（表）受理公告（杏坛）_1_mineru,report,佛山市顺德区勒流港盈科技电器厂年产插头50万只，灯座40万只,佛环0304环审【2021】第0121号,False,"# 建设项目环境影响报告表

（污染影响类）

（公示版）

项目名称： 佛山市塑裕新材料科技有限公司新建项目

建设单位（盖章）：佛山市塑裕新材料科技有限公司

编制日期：2023 年09 月

中华人民共和国生态环境部制

# 目 录

一、建设项目基本情况...  
二、建设项目工程分析. .18  
三、区域环境质量现状、环境保护目标及评价标准. .27  
四、主要环境影响和保护措施.."
2021_佛环0304环审【2021】第0122号 佛山市生态环境局关于佛山市顺德区华泽灯具制造有限公司新建项目环境影响报告表的批复.pdf,80,E:\软件\mineru_extracted\2023_2023年10月12日建设项目环境影响报告书（表）受理公告（杏坛）_1_mineru\full.md,2023_2023年10月12日建设项目环境影响报告书（表）受理公告（杏坛）_1_mineru,report,佛山市顺德区华泽灯具制造有限公司,佛环0304环审【2021】第0122号,False,"# 建设项目环境影响报告表

（污染影响类）

（公示版）

项目名称： 佛山市塑裕新材料科技有限公司新建项目

建设单位（盖章）：佛山市塑裕新材料科技有限公司

编制日期：2023 年09 月

中华人民共和国生态环境部制

# 目 录

一、建设项目基本情况...  
二、建设项目工程分析. .18  
三、区域环境质量现状、环境保护目标及评价标准. .27  
四、主要环境影响和保护措施.."
2021_佛环0304环审【2021】第0123号 佛山市生态环境局关于佛山市顺德区东顺宏金属制品有限公司年产家居配件300万件新建项目环境影响报告表的批复.pdf,80,E:\软件\mineru_extracted\2023_2023年10月12日建设项目环境影响报告书（表）受理公告（杏坛）_1_mineru\full.md,2023_2023年10月12日建设项目环境影响报告书（表）受理公告（杏坛）_1_mineru,report,佛山市顺德区东顺宏金属制品有限公司年产家居配件300万件,佛环0304环审【2021】第0123号,False,"# 建设项目环境影响报告表

（污染影响类）

（公示版）

项目名称： 佛山市塑裕新材料科技有限公司新建项目

建设单位（盖章）：佛山市塑裕新材料科技有限公司

编制日期：2023 年09 月

中华人民共和国生态环境部制

# 目 录

一、建设项目基本情况...  
二、建设项目工程分析. .18  
三、区域环境质量现状、环境保护目标及评价标准. .27  
四、主要环境影响和保护措施.."
2021_佛环0304环审【2021】第0124号 佛山市生态环境局关于佛山市顺德区盈力达包装材料有限公司迁扩建项目环境影响报告表的批复.pdf,80,E:\软件\mineru_extracted\2023_2023年10月12日建设项目环境影响报告书（表）受理公告（杏坛）_1_mineru\full.md,2023_2023年10月12日建设项目环境影响报告书（表）受理公告（杏坛）_1_mineru,report,佛山市顺德区盈力达包装材料有限公司迁,佛环0304环审【2021】第0124号,False,"# 建设项目环境影响报告表

（污染影响类）

（公示版）

项目名称： 佛山市塑裕新材料科技有限公司新建项目

建设单位（盖章）：佛山市塑裕新材料科技有限公司

编制日期：2023 年09 月

中华人民共和国生态环境部制

# 目 录

一、建设项目基本情况...  
二、建设项目工程分析. .18  
三、区域环境质量现状、环境保护目标及评价标准. .27  
四、主要环境影响和保护措施.."
2021_佛环0304环审【2021】第0125号 佛山市生态环境局关于佛山市顺德区新沙饲料有限公司迁扩建项目环境影响报告表的批复.pdf,80,E:\软件\mineru_extracted\2023_2023年10月12日建设项目环境影响报告书（表）受理公告（杏坛）_1_mineru\full.md,2023_2023年10月12日建设项目环境影响报告书（表）受理公告（杏坛）_1_mineru,report,佛山市顺德区新沙饲料有限公司迁,佛环0304环审【2021】第0125号,False,"# 建设项目环境影响报告表

（污染影响类）

（公示版）

项目名称： 佛山市塑裕新材料科技有限公司新建项目

建设单位（盖章）：佛山市塑裕新材料科技有限公司

编制日期：2023 年09 月

中华人民共和国生态环境部制

# 目 录

一、建设项目基本情况...  
二、建设项目工程分析. .18  
三、区域环境质量现状、环境保护目标及评价标准. .27  
四、主要环境影响和保护措施.."
2021_佛环0304环审【2021】第0126号 佛山市生态环境局关于佛山市顺德区晋美超珊塑料厂新建项目环境影响报告表的批复.pdf,80,E:\软件\mineru_extracted\2023_2023年10月12日建设项目环境影响报告书（表）受理公告（杏坛）_1_mineru\full.md,2023_2023年10月12日建设项目环境影响报告书（表）受理公告（杏坛）_1_mineru,report,佛山市顺德区晋美超珊塑料厂,佛环0304环审【2021】第0126号,False,"# 建设项目环境影响报告表

（污染影响类）

（公示版）

项目名称： 佛山市塑裕新材料科技有限公司新建项目

建设单位（盖章）：佛山市塑裕新材料科技有限公司

编制日期：2023 年09 月

中华人民共和国生态环境部制

# 目 录

一、建设项目基本情况...  
二、建设项目工程分析. .18  
三、区域环境质量现状、环境保护目标及评价标准. .27  
四、主要环境影响和保护措施.."
2021_佛环0304环审【2021】第0131号 佛山市生态环境局关于佛山市顺德区鹏艺包装材料有限公司新建项目环境影响报告表的批复.pdf,80,E:\软件\mineru_extracted\2023_2023年10月12日建设项目环境影响报告书（表）受理公告（杏坛）_1_mineru\full.md,2023_2023年10月12日建设项目环境影响报告书（表）受理公告（杏坛）_1_mineru,report,佛山市顺德区鹏艺包装材料有限公司,佛环0304环审【2021】第0131号,False,"# 建设项目环境影响报告表

（污染影响类）

（公示版）

项目名称： 佛山市塑裕新材料科技有限公司新建项目

建设单位（盖章）：佛山市塑裕新材料科技有限公司

编制日期：2023 年09 月

中华人民共和国生态环境部制

# 目 录

一、建设项目基本情况...  
二、建设项目工程分析. .18  
三、区域环境质量现状、环境保护目标及评价标准. .27  
四、主要环境影响和保护措施.."
2021_佛环0304环审【2021】第0137号 佛山市生态环境局关于佛山市顺德区勒流发全塑料厂迁扩建项目环境影响报告表的批复.pdf,80,E:\软件\mineru_extracted\2023_2023年10月12日建设项目环境影响报告书（表）受理公告（杏坛）_1_mineru\full.md,2023_2023年10月12日建设项目环境影响报告书（表）受理公告（杏坛）_1_mineru,report,佛山市顺德区勒流发全塑料厂迁,佛环0304环审【2021】第0137号,False,"# 建设项目环境影响报告表

（污染影响类）

（公示版）

项目名称： 佛山市塑裕新材料科技有限公司新建项目

建设单位（盖章）：佛山市塑裕新材料科技有限公司

编制日期：2023 年09 月

中华人民共和国生态环境部制

# 目 录

一、建设项目基本情况...  
二、建设项目工程分析. .18  
三、区域环境质量现状、环境保护目标及评价标准. .27  
四、主要环境影响和保护措施.."
2021_佛环0304环审【2021】第0141号 佛山市生态环境局关于佛山市顺德区希浩有机板材有限公司年产聚苯乙烯挤塑板3000吨迁扩建项目环境影响报告表的批复.pdf,80,E:\软件\mineru_extracted\2023_2023年10月12日建设项目环境影响报告书（表）受理公告（杏坛）_1_mineru\full.md,2023_2023年10月12日建设项目环境影响报告书（表）受理公告（杏坛）_1_mineru,report,佛山市顺德区希浩有机板材有限公司年产聚苯乙烯挤塑板3000吨迁,佛环0304环审【2021】第0141号,False,"# 建设项目环境影响报告表

（污染影响类）

（公示版）

项目名称： 佛山市塑裕新材料科技有限公司新建项目

建设单位（盖章）：佛山市塑裕新材料科技有限公司

编制日期：2023 年09 月

中华人民共和国生态环境部制

# 目 录

一、建设项目基本情况...  
二、建设项目工程分析. .18  
三、区域环境质量现状、环境保护目标及评价标准. .27  
四、主要环境影响和保护措施.."
2021_佛环0304环审【2021】第0142号 佛山市生态环境局关于佛山市顺德区锐达轩五金压铸有限公司年产五金铸件500万件新建项目环境影响报告表的批复.pdf,80,E:\软件\mineru_extracted\2023_2023年10月12日建设项目环境影响报告书（表）受理公告（杏坛）_1_mineru\full.md,2023_2023年10月12日建设项目环境影响报告书（表）受理公告（杏坛）_1_mineru,report,佛山市顺德区锐达轩五金压铸有限公司年产五金铸件500万件,佛环0304环审【2021】第0142号,False,"# 建设项目环境影响报告表

（污染影响类）

（公示版）

项目名称： 佛山市塑裕新材料科技有限公司新建项目

建设单位（盖章）：佛山市塑裕新材料科技有限公司

编制日期：2023 年09 月

中华人民共和国生态环境部制

# 目 录

一、建设项目基本情况...  
二、建设项目工程分析. .18  
三、区域环境质量现状、环境保护目标及评价标准. .27  
四、主要环境影响和保护措施.."
2021_佛环0304环审【2021】第0143号 佛山市生态环境局关于佛山市顺德区泓尧塑料模具有限公司新建项目环境影响报告表的批复.pdf,80,E:\软件\mineru_extracted\2023_2023年10月12日建设项目环境影响报告书（表）受理公告（杏坛）_1_mineru\full.md,2023_2023年10月12日建设项目环境影响报告书（表）受理公告（杏坛）_1_mineru,report,佛山市顺德区泓尧塑料模具有限公司,佛环0304环审【2021】第0143号,False,"# 建设项目环境影响报告表

（污染影响类）

（公示版）

项目名称： 佛山市塑裕新材料科技有限公司新建项目

建设单位（盖章）：佛山市塑裕新材料科技有限公司

编制日期：2023 年09 月

中华人民共和国生态环境部制

# 目 录

一、建设项目基本情况...  
二、建设项目工程分析. .18  
三、区域环境质量现状、环境保护目标及评价标准. .27  
四、主要环境影响和保护措施.."
2021_佛环0304环审【2021】第0144号 佛山市生态环境局关于佛山市顺德区宏固汽车配件制造有限公司扩建项目环境影响报告表的批复.pdf,80,E:\软件\mineru_extracted\2023_2023年10月12日建设项目环境影响报告书（表）受理公告（杏坛）_1_mineru\full.md,2023_2023年10月12日建设项目环境影响报告书（表）受理公告（杏坛）_1_mineru,report,佛山市顺德区宏固汽车配件制造有限公司,佛环0304环审【2021】第0144号,False,"# 建设项目环境影响报告表

（污染影响类）

（公示版）

项目名称： 佛山市塑裕新材料科技有限公司新建项目

建设单位（盖章）：佛山市塑裕新材料科技有限公司

编制日期：2023 年09 月

中华人民共和国生态环境部制

# 目 录

一、建设项目基本情况...  
二、建设项目工程分析. .18  
三、区域环境质量现状、环境保护目标及评价标准. .27  
四、主要环境影响和保护措施.."
2021_佛环0304环审【2021】第0147号 佛山市生态环境局关于佛山市顺德区丹煜包装制品有限公司新建项目环境影响报告表的批复.pdf,80,E:\软件\mineru_extracted\2023_2023年10月12日建设项目环境影响报告书（表）受理公告（杏坛）_1_mineru\full.md,2023_2023年10月12日建设项目环境影响报告书（表）受理公告（杏坛）_1_mineru,report,佛山市顺德区丹煜包装制品有限公司,佛环0304环审【2021】第0147号,False,"# 建设项目环境影响报告表

（污染影响类）

（公示版）

项目名称： 佛山市塑裕新材料科技有限公司新建项目

建设单位（盖章）：佛山市塑裕新材料科技有限公司

编制日期：2023 年09 月

中华人民共和国生态环境部制

# 目 录

一、建设项目基本情况...  
二、建设项目工程分析. .18  
三、区域环境质量现状、环境保护目标及评价标准. .27  
四、主要环境影响和保护措施.."
2021_佛环0304环审【2021】第0150号 佛山市生态环境局关于佛山市顺德区新灏泓塑料制品厂新建项目环境影响报告表的批复.pdf,80,E:\软件\mineru_extracted\2023_2023年10月12日建设项目环境影响报告书（表）受理公告（杏坛）_1_mineru\full.md,2023_2023年10月12日建设项目环境影响报告书（表）受理公告（杏坛）_1_mineru,report,佛山市顺德区新灏泓塑料制品厂,佛环0304环审【2021】第0150号,False,"# 建设项目环境影响报告表

（污染影响类）

（公示版）

项目名称： 佛山市塑裕新材料科技有限公司新建项目

建设单位（盖章）：佛山市塑裕新材料科技有限公司

编制日期：2023 年09 月

中华人民共和国生态环境部制

# 目 录

一、建设项目基本情况...  
二、建设项目工程分析. .18  
三、区域环境质量现状、环境保护目标及评价标准. .27  
四、主要环境影响和保护措施.."
2021_佛环0304环审【2021】第0155号 佛山市生态环境局关于佛山市顺德区勒流镇宏丰纸箱厂年产纸箱200万个迁建项目环境影响报告表的批复.pdf,80,E:\软件\mineru_extracted\2023_2023年10月12日建设项目环境影响报告书（表）受理公告（杏坛）_1_mineru\full.md,2023_2023年10月12日建设项目环境影响报告书（表）受理公告（杏坛）_1_mineru,report,佛山市顺德区勒流镇宏丰纸箱厂年产纸箱200万个,佛环0304环审【2021】第0155号,False,"# 建设项目环境影响报告表

（污染影响类）

（公示版）

项目名称： 佛山市塑裕新材料科技有限公司新建项目

建设单位（盖章）：佛山市塑裕新材料科技有限公司

编制日期：2023 年09 月

中华人民共和国生态环境部制

# 目 录

一、建设项目基本情况...  
二、建设项目工程分析. .18  
三、区域环境质量现状、环境保护目标及评价标准. .27  
四、主要环境影响和保护措施.."
2021_佛环0304环审【2021】第0159号 佛山市生态环境局关于佛山市顺德区豪朗展业电器有限公司新建项目环境影响报告表的批复.pdf,80,E:\软件\mineru_extracted\2023_2023年10月12日建设项目环境影响报告书（表）受理公告（杏坛）_1_mineru\full.md,2023_2023年10月12日建设项目环境影响报告书（表）受理公告（杏坛）_1_mineru,report,佛山市顺德区豪朗展业电器有限公司,佛环0304环审【2021】第0159号,False,"# 建设项目环境影响报告表

（污染影响类）

（公示版）

项目名称： 佛山市塑裕新材料科技有限公司新建项目

建设单位（盖章）：佛山市塑裕新材料科技有限公司

编制日期：2023 年09 月

中华人民共和国生态环境部制

# 目 录

一、建设项目基本情况...  
二、建设项目工程分析. .18  
三、区域环境质量现状、环境保护目标及评价标准. .27  
四、主要环境影响和保护措施.."
2021_佛环0304环审【2021】第0160号 佛山市生态环境局关于佛山市顺德区万益金属制品厂新建项目环境影响报告表的批复.pdf,80,E:\软件\mineru_extracted\2023_2023年10月12日建设项目环境影响报告书（表）受理公告（杏坛）_1_mineru\full.md,2023_2023年10月12日建设项目环境影响报告书（表）受理公告（杏坛）_1_mineru,report,佛山市顺德区万益金属制品厂,佛环0304环审【2021】第0160号,False,"# 建设项目环境影响报告表

（污染影响类）

（公示版）

项目名称： 佛山市塑裕新材料科技有限公司新建项目

建设单位（盖章）：佛山市塑裕新材料科技有限公司

编制日期：2023 年09 月

中华人民共和国生态环境部制

# 目 录

一、建设项目基本情况...  
二、建设项目工程分析. .18  
三、区域环境质量现状、环境保护目标及评价标准. .27  
四、主要环境影响和保护措施.."
2021_佛环0304环审【2021】第0163号  佛山市生态环境局关于佛山市顺德区勒流镇宝恒颜料厂扩建项目环境影响报告表的批复.pdf,80,E:\软件\mineru_extracted\2023_2023年10月12日建设项目环境影响报告书（表）受理公告（杏坛）_1_mineru\full.md,2023_2023年10月12日建设项目环境影响报告书（表）受理公告（杏坛）_1_mineru,report,佛山市顺德区勒流镇宝恒颜料厂,佛环0304环审【2021】第0163号,False,"# 建设项目环境影响报告表

（污染影响类）

（公示版）

项目名称： 佛山市塑裕新材料科技有限公司新建项目

建设单位（盖章）：佛山市塑裕新材料科技有限公司

编制日期：2023 年09 月

中华人民共和国生态环境部制

# 目 录

一、建设项目基本情况...  
二、建设项目工程分析. .18  
三、区域环境质量现状、环境保护目标及评价标准. .27  
四、主要环境影响和保护措施.."
2021_佛环0304环审【2021】第0164号   佛山市生态环境局关于佛山市顺德区美途印花有限公司扩建项目环境影响报告表的批复.pdf,80,E:\软件\mineru_extracted\2023_2023年10月12日建设项目环境影响报告书（表）受理公告（杏坛）_1_mineru\full.md,2023_2023年10月12日建设项目环境影响报告书（表）受理公告（杏坛）_1_mineru,report,佛山市顺德区美途印花有限公司,佛环0304环审【2021】第0164号,False,"# 建设项目环境影响报告表

（污染影响类）

（公示版）

项目名称： 佛山市塑裕新材料科技有限公司新建项目

建设单位（盖章）：佛山市塑裕新材料科技有限公司

编制日期：2023 年09 月

中华人民共和国生态环境部制

# 目 录

一、建设项目基本情况...  
二、建设项目工程分析. .18  
三、区域环境质量现状、环境保护目标及评价标准. .27  
四、主要环境影响和保护措施.."
2021_佛环0304环审【2021】第0168号 佛山市生态环境局关于佛山市顺德区勒流合盈塑料制品厂迁建项目环境影响报告表的批复.pdf,80,E:\软件\mineru_extracted\2023_2023年10月12日建设项目环境影响报告书（表）受理公告（杏坛）_1_mineru\full.md,2023_2023年10月12日建设项目环境影响报告书（表）受理公告（杏坛）_1_mineru,report,佛山市顺德区勒流合盈塑料制品厂,佛环0304环审【2021】第0168号,False,"# 建设项目环境影响报告表

（污染影响类）

（公示版）

项目名称： 佛山市塑裕新材料科技有限公司新建项目

建设单位（盖章）：佛山市塑裕新材料科技有限公司

编制日期：2023 年09 月

中华人民共和国生态环境部制

# 目 录

一、建设项目基本情况...  
二、建设项目工程分析. .18  
三、区域环境质量现状、环境保护目标及评价标准. .27  
四、主要环境影响和保护措施.."
2021_佛环0304环审【2021】第0174号  佛山市生态环境局关于佛山市顺德区勒流镇盛鸿五金塑料厂改扩建项目环境影响报告表的批复.pdf,80,E:\软件\mineru_extracted\2023_2023年10月12日建设项目环境影响报告书（表）受理公告（杏坛）_1_mineru\full.md,2023_2023年10月12日建设项目环境影响报告书（表）受理公告（杏坛）_1_mineru,report,佛山市顺德区勒流镇盛鸿五金塑料厂改,佛环0304环审【2021】第0174号,False,"# 建设项目环境影响报告表

（污染影响类）

（公示版）

项目名称： 佛山市塑裕新材料科技有限公司新建项目

建设单位（盖章）：佛山市塑裕新材料科技有限公司

编制日期：2023 年09 月

中华人民共和国生态环境部制

# 目 录

一、建设项目基本情况...  
二、建设项目工程分析. .18  
三、区域环境质量现状、环境保护目标及评价标准. .27  
四、主要环境影响和保护措施.."
2021_佛环03环审〔2021〕第0029号佛山市生态环境局关于佛山市顺德区迪克电镀有限公司升级改造建设项目环境影响报告书的批复.pdf,80,E:\软件\mineru_extracted\2023_2023年10月12日建设项目环境影响报告书（表）受理公告（杏坛）_1_mineru\full.md,2023_2023年10月12日建设项目环境影响报告书（表）受理公告（杏坛）_1_mineru,report,佛山市顺德区迪克电镀有限公司升级改造,佛环03环审〔2021〕第0029号佛山市生,False,"# 建设项目环境影响报告表

（污染影响类）

（公示版）

项目名称： 佛山市塑裕新材料科技有限公司新建项目

建设单位（盖章）：佛山市塑裕新材料科技有限公司

编制日期：2023 年09 月

中华人民共和国生态环境部制

# 目 录

一、建设项目基本情况...  
二、建设项目工程分析. .18  
三、区域环境质量现状、环境保护目标及评价标准. .27  
四、主要环境影响和保护措施.."
2021_佛环03环审〔2021〕第0030号佛山市生态环境局关于佛山市顺德区地缘电子科技有限公司涂料车间新建项目建设项目环境影响报告表的批复.pdf,80,E:\软件\mineru_extracted\2023_2023年10月12日建设项目环境影响报告书（表）受理公告（杏坛）_1_mineru\full.md,2023_2023年10月12日建设项目环境影响报告书（表）受理公告（杏坛）_1_mineru,report,佛山市顺德区地缘电子科技有限公司涂料车间,佛环03环审〔2021〕第0030号佛山市生,False,"# 建设项目环境影响报告表

（污染影响类）

（公示版）

项目名称： 佛山市塑裕新材料科技有限公司新建项目

建设单位（盖章）：佛山市塑裕新材料科技有限公司

编制日期：2023 年09 月

中华人民共和国生态环境部制

# 目 录

一、建设项目基本情况...  
二、建设项目工程分析. .18  
三、区域环境质量现状、环境保护目标及评价标准. .27  
四、主要环境影响和保护措施.."
2021_佛环03环审〔2021〕第0032号佛山市生态环境局关于佛山市顺德区泱帆电器有限公司新建项目建设项目环境影响报告表的批复.pdf,80,E:\软件\mineru_extracted\2023_2023年10月12日建设项目环境影响报告书（表）受理公告（杏坛）_1_mineru\full.md,2023_2023年10月12日建设项目环境影响报告书（表）受理公告（杏坛）_1_mineru,report,佛山市顺德区泱帆电器有限公司,佛环03环审〔2021〕第0032号佛山市生,False,"# 建设项目环境影响报告表

（污染影响类）

（公示版）

项目名称： 佛山市塑裕新材料科技有限公司新建项目

建设单位（盖章）：佛山市塑裕新材料科技有限公司

编制日期：2023 年09 月

中华人民共和国生态环境部制

# 目 录

一、建设项目基本情况...  
二、建设项目工程分析. .18  
三、区域环境质量现状、环境保护目标及评价标准. .27  
四、主要环境影响和保护措施.."
2021_佛环03环审〔2021〕第0033号佛山市生态环境局关于佛山市顺德区佳美电镀有限公司升级改造建设项目环境影响报告书的批复.pdf,80,E:\软件\mineru_extracted\2023_2023年10月12日建设项目环境影响报告书（表）受理公告（杏坛）_1_mineru\full.md,2023_2023年10月12日建设项目环境影响报告书（表）受理公告（杏坛）_1_mineru,report,佛山市顺德区佳美电镀有限公司升级改造,佛环03环审〔2021〕第0033号佛山市生,False,"# 建设项目环境影响报告表

（污染影响类）

（公示版）

项目名称： 佛山市塑裕新材料科技有限公司新建项目

建设单位（盖章）：佛山市塑裕新材料科技有限公司

编制日期：2023 年09 月

中华人民共和国生态环境部制

# 目 录

一、建设项目基本情况...  
二、建设项目工程分析. .18  
三、区域环境质量现状、环境保护目标及评价标准. .27  
四、主要环境影响和保护措施.."
2021_佛环03环审〔2021〕第0035号佛山市生态环境局关于佛山市顺德区铉沛精密五金有限公司搬迁项目建设项目环境影响报告表的批复.pdf,80,E:\软件\mineru_extracted\2023_2023年10月12日建设项目环境影响报告书（表）受理公告（杏坛）_1_mineru\full.md,2023_2023年10月12日建设项目环境影响报告书（表）受理公告（杏坛）_1_mineru,report,佛山市顺德区铉沛精密五金有限公司搬迁项目,佛环03环审〔2021〕第0035号佛山市生,False,"# 建设项目环境影响报告表

（污染影响类）

（公示版）

项目名称： 佛山市塑裕新材料科技有限公司新建项目

建设单位（盖章）：佛山市塑裕新材料科技有限公司

编制日期：2023 年09 月

中华人民共和国生态环境部制

# 目 录

一、建设项目基本情况...  
二、建设项目工程分析. .18  
三、区域环境质量现状、环境保护目标及评价标准. .27  
四、主要环境影响和保护措施.."
2021_公示佛山市生态环境局关于佛山市顺德区俊明包装装潢印刷有限公司迁扩建项目环境影响报告表的批复.pdf,80,E:\软件\mineru_extracted\2023_2023年10月12日建设项目环境影响报告书（表）受理公告（杏坛）_1_mineru\full.md,2023_2023年10月12日建设项目环境影响报告书（表）受理公告（杏坛）_1_mineru,report,佛山市顺德区俊明包装装潢印刷有限公司迁,,False,"# 建设项目环境影响报告表

（污染影响类）

（公示版）

项目名称： 佛山市塑裕新材料科技有限公司新建项目

建设单位（盖章）：佛山市塑裕新材料科技有限公司

编制日期：2023 年09 月

中华人民共和国生态环境部制

# 目 录

一、建设项目基本情况...  
二、建设项目工程分析. .18  
三、区域环境质量现状、环境保护目标及评价标准. .27  
四、主要环境影响和保护措施.."
2021_公示佛山市生态环境局关于佛山市顺德区启航金属加工厂新建项目环境影响报告表的批复.pdf,80,E:\软件\mineru_extracted\2023_2023年10月12日建设项目环境影响报告书（表）受理公告（杏坛）_1_mineru\full.md,2023_2023年10月12日建设项目环境影响报告书（表）受理公告（杏坛）_1_mineru,report,佛山市顺德区启航金属加工厂,,False,"# 建设项目环境影响报告表

（污染影响类）

（公示版）

项目名称： 佛山市塑裕新材料科技有限公司新建项目

建设单位（盖章）：佛山市塑裕新材料科技有限公司

编制日期：2023 年09 月

中华人民共和国生态环境部制

# 目 录

一、建设项目基本情况...  
二、建设项目工程分析. .18  
三、区域环境质量现状、环境保护目标及评价标准. .27  
四、主要环境影响和保护措施.."
2021_公示佛山市生态环境局关于佛山市顺德区康嘉涂料有限公司迁扩建项目环境影响报告表的批复.pdf,80,E:\软件\mineru_extracted\2023_2023年10月12日建设项目环境影响报告书（表）受理公告（杏坛）_1_mineru\full.md,2023_2023年10月12日建设项目环境影响报告书（表）受理公告（杏坛）_1_mineru,report,佛山市顺德区康嘉涂料有限公司迁,,False,"# 建设项目环境影响报告表

（污染影响类）

（公示版）

项目名称： 佛山市塑裕新材料科技有限公司新建项目

建设单位（盖章）：佛山市塑裕新材料科技有限公司

编制日期：2023 年09 月

中华人民共和国生态环境部制

# 目 录

一、建设项目基本情况...  
二、建设项目工程分析. .18  
三、区域环境质量现状、环境保护目标及评价标准. .27  
四、主要环境影响和保护措施.."
2021_公示佛山市生态环境局关于佛山市顺德区建德包装实业有限公司迁建项目环境影响报告表的批复.pdf,80,E:\软件\mineru_extracted\2023_2023年10月12日建设项目环境影响报告书（表）受理公告（杏坛）_1_mineru\full.md,2023_2023年10月12日建设项目环境影响报告书（表）受理公告（杏坛）_1_mineru,report,佛山市顺德区建德包装实业有限公司,,False,"# 建设项目环境影响报告表

（污染影响类）

（公示版）

项目名称： 佛山市塑裕新材料科技有限公司新建项目

建设单位（盖章）：佛山市塑裕新材料科技有限公司

编制日期：2023 年09 月

中华人民共和国生态环境部制

# 目 录

一、建设项目基本情况...  
二、建设项目工程分析. .18  
三、区域环境质量现状、环境保护目标及评价标准. .27  
四、主要环境影响和保护措施.."
2021_公示佛山市生态环境局关于佛山市顺德区拉法五金制品有限公司新建项目环境影响报告表的批复.pdf,80,E:\软件\mineru_extracted\2023_2023年10月12日建设项目环境影响报告书（表）受理公告（杏坛）_1_mineru\full.md,2023_2023年10月12日建设项目环境影响报告书（表）受理公告（杏坛）_1_mineru,report,佛山市顺德区拉法五金制品有限公司,,False,"# 建设项目环境影响报告表

（污染影响类）

（公示版）

项目名称： 佛山市塑裕新材料科技有限公司新建项目

建设单位（盖章）：佛山市塑裕新材料科技有限公司

编制日期：2023 年09 月

中华人民共和国生态环境部制

# 目 录

一、建设项目基本情况...  
二、建设项目工程分析. .18  
三、区域环境质量现状、环境保护目标及评价标准. .27  
四、主要环境影响和保护措施.."
2021_公示佛山市生态环境局关于佛山市顺德区稳聚财五金厂建设项目环境影响报告表的批复.pdf,80,E:\软件\mineru_extracted\2023_2023年10月12日建设项目环境影响报告书（表）受理公告（杏坛）_1_mineru\full.md,2023_2023年10月12日建设项目环境影响报告书（表）受理公告（杏坛）_1_mineru,report,佛山市顺德区稳聚财五金厂,,False,"# 建设项目环境影响报告表

（污染影响类）

（公示版）

项目名称： 佛山市塑裕新材料科技有限公司新建项目

建设单位（盖章）：佛山市塑裕新材料科技有限公司

编制日期：2023 年09 月

中华人民共和国生态环境部制

# 目 录

一、建设项目基本情况...  
二、建设项目工程分析. .18  
三、区域环境质量现状、环境保护目标及评价标准. .27  
四、主要环境影响和保护措施.."
2021_关于佛山市合度塑料五金制品经营有限公司建设项目环境影响报告表的批复.pdf,80,E:\软件\mineru_extracted\2024_2024年10月28日建设项目环境影响报告书（表）受理公告（北滘）_2_mineru\full.md,2024_2024年10月28日建设项目环境影响报告书（表）受理公告（北滘）_2_mineru,report,佛山市合度塑料五金制品经营有限公司,,False,"# 建设项目环境影响报告表

# 〈污染影响类〉

![](images/079d1cfe88efb9aae41287ee2f9e49e128057d81c409e5c4bd66efefe92fab52.jpg)

项目名称：佛山市合ff期料五金制品择营有阻公司

迁扩建建设项目

建设单位（盖章）：佛山市合度塑料

有限公司

编制日期z 二〇二四年十月

![](images/bb1afda2"
2021_关于佛山市天君宝五金塑料有限公司年增产塑胶件600万件扩建项目环境影响报告表的批复.pdf,80,E:\软件\mineru_extracted\2026_2026年5月26日建设项目环境影响报告表受理公告（佛山市生态环境局顺德分局）_5_mineru\full.md,2026_2026年5月26日建设项目环境影响报告表受理公告（佛山市生态环境局顺德分局）_5_mineru,report,佛山市天君宝五金塑料有限公司年增产塑胶件600万件,,False,"# 建设项目环境影响报告表

（污染影响类）

项目名称：佛山市天君宝五金塑料有限公司新建项目建设单位（盖章）：佛山市天君宝五金塑料有限公司编制日期：2026年 5月

中华人民共和国生态环境部制

编制单位和编制人员情况表

<table><tr><td colspan=""2"">项目编号</td><td colspan=""3"">j0mn58</td></tr><tr><td colspan=""2"
2021_关于佛山市顺德区北滘荣庆密封粘胶厂迁改扩建项目环境影响报告表的批复.pdf,80,E:\软件\mineru_extracted\2023_2023年10月12日建设项目环境影响报告书（表）受理公告（杏坛）_1_mineru\full.md,2023_2023年10月12日建设项目环境影响报告书（表）受理公告（杏坛）_1_mineru,report,佛山市顺德区北滘荣庆密封粘胶厂迁改,,False,"# 建设项目环境影响报告表

（污染影响类）

（公示版）

项目名称： 佛山市塑裕新材料科技有限公司新建项目

建设单位（盖章）：佛山市塑裕新材料科技有限公司

编制日期：2023 年09 月

中华人民共和国生态环境部制

# 目 录

一、建设项目基本情况...  
二、建设项目工程分析. .18  
三、区域环境质量现状、环境保护目标及评价标准. .27  
四、主要环境影响和保护措施.."
2021_关于佛山市顺德区北滘镇创新五金塑料厂新建项目环境影响报告表的批复.pdf,80,E:\软件\mineru_extracted\2023_2023年10月12日建设项目环境影响报告书（表）受理公告（杏坛）_1_mineru\full.md,2023_2023年10月12日建设项目环境影响报告书（表）受理公告（杏坛）_1_mineru,report,佛山市顺德区北滘镇创新五金塑料厂,,False,"# 建设项目环境影响报告表

（污染影响类）

（公示版）

项目名称： 佛山市塑裕新材料科技有限公司新建项目

建设单位（盖章）：佛山市塑裕新材料科技有限公司

编制日期：2023 年09 月

中华人民共和国生态环境部制

# 目 录

一、建设项目基本情况...  
二、建设项目工程分析. .18  
三、区域环境质量现状、环境保护目标及评价标准. .27  
四、主要环境影响和保护措施.."
2021_关于佛山市顺德区北滘镇德顺鸣业橡塑有限公司新建项目的批复.pdf,80,E:\软件\mineru_extracted\2023_2023年10月12日建设项目环境影响报告书（表）受理公告（杏坛）_1_mineru\full.md,2023_2023年10月12日建设项目环境影响报告书（表）受理公告（杏坛）_1_mineru,report,佛山市顺德区北滘镇德顺鸣业橡塑有限公司,,False,"# 建设项目环境影响报告表

（污染影响类）

（公示版）

项目名称： 佛山市塑裕新材料科技有限公司新建项目

建设单位（盖章）：佛山市塑裕新材料科技有限公司

编制日期：2023 年09 月

中华人民共和国生态环境部制

# 目 录

一、建设项目基本情况...  
二、建设项目工程分析. .18  
三、区域环境质量现状、环境保护目标及评价标准. .27  
四、主要环境影响和保护措施.."
2021_关于佛山市顺德区和同包装实业有限公司扩建项目环境影响报告表的批复.pdf,80,E:\软件\mineru_extracted\2023_2023年10月12日建设项目环境影响报告书（表）受理公告（杏坛）_1_mineru\full.md,2023_2023年10月12日建设项目环境影响报告书（表）受理公告（杏坛）_1_mineru,report,佛山市顺德区和同包装实业有限公司,,False,"# 建设项目环境影响报告表

（污染影响类）

（公示版）

项目名称： 佛山市塑裕新材料科技有限公司新建项目

建设单位（盖章）：佛山市塑裕新材料科技有限公司

编制日期：2023 年09 月

中华人民共和国生态环境部制

# 目 录

一、建设项目基本情况...  
二、建设项目工程分析. .18  
三、区域环境质量现状、环境保护目标及评价标准. .27  
四、主要环境影响和保护措施.."
2021_关于佛山市顺德区学一电器有限公司新建项目环境影响报告表的批复.pdf,80,E:\软件\mineru_extracted\2023_2023年10月12日建设项目环境影响报告书（表）受理公告（杏坛）_1_mineru\full.md,2023_2023年10月12日建设项目环境影响报告书（表）受理公告（杏坛）_1_mineru,report,佛山市顺德区学一电器有限公司,,False,"# 建设项目环境影响报告表

（污染影响类）

（公示版）

项目名称： 佛山市塑裕新材料科技有限公司新建项目

建设单位（盖章）：佛山市塑裕新材料科技有限公司

编制日期：2023 年09 月

中华人民共和国生态环境部制

# 目 录

一、建设项目基本情况...  
二、建设项目工程分析. .18  
三、区域环境质量现状、环境保护目标及评价标准. .27  
四、主要环境影响和保护措施.."
2021_关于佛山市顺德区快高远包装有限公司迁改扩建项目环境影响报告表的批复.pdf,80,E:\软件\mineru_extracted\2023_2023年10月12日建设项目环境影响报告书（表）受理公告（杏坛）_1_mineru\full.md,2023_2023年10月12日建设项目环境影响报告书（表）受理公告（杏坛）_1_mineru,report,佛山市顺德区快高远包装有限公司迁改,,False,"# 建设项目环境影响报告表

（污染影响类）

（公示版）

项目名称： 佛山市塑裕新材料科技有限公司新建项目

建设单位（盖章）：佛山市塑裕新材料科技有限公司

编制日期：2023 年09 月

中华人民共和国生态环境部制

# 目 录

一、建设项目基本情况...  
二、建设项目工程分析. .18  
三、区域环境质量现状、环境保护目标及评价标准. .27  
四、主要环境影响和保护措施.."
2021_关于佛山市顺德区汇海骏塑料制品有限公司年产塑料藤300吨、织带10吨迁扩建项目.pdf,80,E:\软件\mineru_extracted\2023_2023年10月12日建设项目环境影响报告书（表）受理公告（杏坛）_1_mineru\full.md,2023_2023年10月12日建设项目环境影响报告书（表）受理公告（杏坛）_1_mineru,report,佛山市顺德区汇海骏塑料制品有限公司年产塑料藤300吨、织带10吨迁,,False,"# 建设项目环境影响报告表

（污染影响类）

（公示版）

项目名称： 佛山市塑裕新材料科技有限公司新建项目

建设单位（盖章）：佛山市塑裕新材料科技有限公司

编制日期：2023 年09 月

中华人民共和国生态环境部制

# 目 录

一、建设项目基本情况...  
二、建设项目工程分析. .18  
三、区域环境质量现状、环境保护目标及评价标准. .27  
四、主要环境影响和保护措施.."
2021_关于佛山市顺德区海润塑料模具厂建设项目环境影响报告表的批复.pdf,80,E:\软件\mineru_extracted\2023_2023年10月12日建设项目环境影响报告书（表）受理公告（杏坛）_1_mineru\full.md,2023_2023年10月12日建设项目环境影响报告书（表）受理公告（杏坛）_1_mineru,report,佛山市顺德区海润塑料模具厂,,False,"# 建设项目环境影响报告表

（污染影响类）

（公示版）

项目名称： 佛山市塑裕新材料科技有限公司新建项目

建设单位（盖章）：佛山市塑裕新材料科技有限公司

编制日期：2023 年09 月

中华人民共和国生态环境部制

# 目 录

一、建设项目基本情况...  
二、建设项目工程分析. .18  
三、区域环境质量现状、环境保护目标及评价标准. .27  
四、主要环境影响和保护措施.."
2021_关于佛山市顺德区盛创辰塑料有限公司建设项目环境影响报告表的批复.pdf,80,E:\软件\mineru_extracted\2023_2023年10月12日建设项目环境影响报告书（表）受理公告（杏坛）_1_mineru\full.md,2023_2023年10月12日建设项目环境影响报告书（表）受理公告（杏坛）_1_mineru,report,佛山市顺德区盛创辰塑料有限公司,,False,"# 建设项目环境影响报告表

（污染影响类）

（公示版）

项目名称： 佛山市塑裕新材料科技有限公司新建项目

建设单位（盖章）：佛山市塑裕新材料科技有限公司

编制日期：2023 年09 月

中华人民共和国生态环境部制

# 目 录

一、建设项目基本情况...  
二、建设项目工程分析. .18  
三、区域环境质量现状、环境保护目标及评价标准. .27  
四、主要环境影响和保护措施.."
2021_关于佛山市顺德区美和门诊部扩建项目环境影响报告表的批复.pdf,80,E:\软件\mineru_extracted\2023_2023年10月12日建设项目环境影响报告书（表）受理公告（杏坛）_1_mineru\full.md,2023_2023年10月12日建设项目环境影响报告书（表）受理公告（杏坛）_1_mineru,report,佛山市顺德区美和门诊部,,False,"# 建设项目环境影响报告表

（污染影响类）

（公示版）

项目名称： 佛山市塑裕新材料科技有限公司新建项目

建设单位（盖章）：佛山市塑裕新材料科技有限公司

编制日期：2023 年09 月

中华人民共和国生态环境部制

# 目 录

一、建设项目基本情况...  
二、建设项目工程分析. .18  
三、区域环境质量现状、环境保护目标及评价标准. .27  
四、主要环境影响和保护措施.."
2021_关于佛山市顺德区跨速头盔有限公司年产头盔205万个迁扩建项目环境影响报告表的批复.pdf,80,E:\软件\mineru_extracted\2023_2023年10月12日建设项目环境影响报告书（表）受理公告（杏坛）_1_mineru\full.md,2023_2023年10月12日建设项目环境影响报告书（表）受理公告（杏坛）_1_mineru,report,佛山市顺德区跨速头盔有限公司年产头盔205万个迁,,False,"# 建设项目环境影响报告表

（污染影响类）

（公示版）

项目名称： 佛山市塑裕新材料科技有限公司新建项目

建设单位（盖章）：佛山市塑裕新材料科技有限公司

编制日期：2023 年09 月

中华人民共和国生态环境部制

# 目 录

一、建设项目基本情况...  
二、建设项目工程分析. .18  
三、区域环境质量现状、环境保护目标及评价标准. .27  
四、主要环境影响和保护措施.."
2021_（佛环0304环审[2021]第0001号）佛山市生态环境局关于佛山市顺德区锦彩包装有限公司年产包装袋200万个新建项目环境影响报告表的批复.pdf,80,E:\软件\mineru_extracted\2023_2023年10月12日建设项目环境影响报告书（表）受理公告（杏坛）_1_mineru\full.md,2023_2023年10月12日建设项目环境影响报告书（表）受理公告（杏坛）_1_mineru,report,佛山市顺德区锦彩包装有限公司年产包装袋200万个,佛环0304环审[2021]第0001号）佛,False,"# 建设项目环境影响报告表

（污染影响类）

（公示版）

项目名称： 佛山市塑裕新材料科技有限公司新建项目

建设单位（盖章）：佛山市塑裕新材料科技有限公司

编制日期：2023 年09 月

中华人民共和国生态环境部制

# 目 录

一、建设项目基本情况...  
二、建设项目工程分析. .18  
三、区域环境质量现状、环境保护目标及评价标准. .27  
四、主要环境影响和保护措施.."
2021_（佛环0304环审[2021]第0007号）佛山市生态环境局关于佛山市顺德区程展电器有限公司年产家用电器配件100万套新建项目环境影响报告表的批复.pdf,80,E:\软件\mineru_extracted\2023_2023年10月12日建设项目环境影响报告书（表）受理公告（杏坛）_1_mineru\full.md,2023_2023年10月12日建设项目环境影响报告书（表）受理公告（杏坛）_1_mineru,report,佛山市顺德区程展电器有限公司年产家用电器配件100万套,佛环0304环审[2021]第0007号）佛,False,"# 建设项目环境影响报告表

（污染影响类）

（公示版）

项目名称： 佛山市塑裕新材料科技有限公司新建项目

建设单位（盖章）：佛山市塑裕新材料科技有限公司

编制日期：2023 年09 月

中华人民共和国生态环境部制

# 目 录

一、建设项目基本情况...  
二、建设项目工程分析. .18  
三、区域环境质量现状、环境保护目标及评价标准. .27  
四、主要环境影响和保护措施.."
2021_（佛环0304环审[2021]第0014号）佛山市生态环境局关于佛山市顺德区康特博塑料制品有限公司勒流众涌分公司年产坐垫35万件新建项目环境影响报告表的批复.pdf,80,E:\软件\mineru_extracted\2023_2023年10月12日建设项目环境影响报告书（表）受理公告（杏坛）_1_mineru\full.md,2023_2023年10月12日建设项目环境影响报告书（表）受理公告（杏坛）_1_mineru,report,佛山市顺德区康特博塑料制品有限公司勒流众涌分公司年产坐垫35万件,佛环0304环审[2021]第0014号）佛,False,"# 建设项目环境影响报告表

（污染影响类）

（公示版）

项目名称： 佛山市塑裕新材料科技有限公司新建项目

建设单位（盖章）：佛山市塑裕新材料科技有限公司

编制日期：2023 年09 月

中华人民共和国生态环境部制

# 目 录

一、建设项目基本情况...  
二、建设项目工程分析. .18  
三、区域环境质量现状、环境保护目标及评价标准. .27  
四、主要环境影响和保护措施.."
2021_（佛环0304环审[2021]第0017号）佛山市生态环境局关于佛山市顺德区畅一包装材料有限公司年产纸箱30万个新建项目环境影响报告表的批复.pdf,80,E:\软件\mineru_extracted\2023_2023年10月12日建设项目环境影响报告书（表）受理公告（杏坛）_1_mineru\full.md,2023_2023年10月12日建设项目环境影响报告书（表）受理公告（杏坛）_1_mineru,report,佛山市顺德区畅一包装材料有限公司年产纸箱30万个,佛环0304环审[2021]第0017号）佛,False,"# 建设项目环境影响报告表

（污染影响类）

（公示版）

项目名称： 佛山市塑裕新材料科技有限公司新建项目

建设单位（盖章）：佛山市塑裕新材料科技有限公司

编制日期：2023 年09 月

中华人民共和国生态环境部制

# 目 录

一、建设项目基本情况...  
二、建设项目工程分析. .18  
三、区域环境质量现状、环境保护目标及评价标准. .27  
四、主要环境影响和保护措施.."
2021_（佛环0304环审[2021]第0019号）佛山市生态环境局关于佛山市顺德区朗高电气有限公司年产吊顶电器30万件迁扩建项目环境影响报告表的批复.pdf,80,E:\软件\mineru_extracted\2023_2023年10月12日建设项目环境影响报告书（表）受理公告（杏坛）_1_mineru\full.md,2023_2023年10月12日建设项目环境影响报告书（表）受理公告（杏坛）_1_mineru,report,佛山市顺德区朗高电气有限公司年产吊顶电器30万件迁,佛环0304环审[2021]第0019号）佛,False,"# 建设项目环境影响报告表

（污染影响类）

（公示版）

项目名称： 佛山市塑裕新材料科技有限公司新建项目

建设单位（盖章）：佛山市塑裕新材料科技有限公司

编制日期：2023 年09 月

中华人民共和国生态环境部制

# 目 录

一、建设项目基本情况...  
二、建设项目工程分析. .18  
三、区域环境质量现状、环境保护目标及评价标准. .27  
四、主要环境影响和保护措施.."
2021_（佛环0304环审[2021]第0023号）佛山市生态环境局关于佛山市顺德区欣明涂料有限公司年产600吨粉末涂料新建项目环境影响报告表的批复.pdf,80,E:\软件\mineru_extracted\2023_2023年10月12日建设项目环境影响报告书（表）受理公告（杏坛）_1_mineru\full.md,2023_2023年10月12日建设项目环境影响报告书（表）受理公告（杏坛）_1_mineru,report,佛山市顺德区欣明涂料有限公司年产600吨粉末涂料,佛环0304环审[2021]第0023号）佛,False,"# 建设项目环境影响报告表

（污染影响类）

（公示版）

项目名称： 佛山市塑裕新材料科技有限公司新建项目

建设单位（盖章）：佛山市塑裕新材料科技有限公司

编制日期：2023 年09 月

中华人民共和国生态环境部制

# 目 录

一、建设项目基本情况...  
二、建设项目工程分析. .18  
三、区域环境质量现状、环境保护目标及评价标准. .27  
四、主要环境影响和保护措施.."
2021_（佛环0304环审[2021]第0025号）佛山市生态环境局关于佛山市顺德区优注科技有限公司年产医生椅扶手20万件新建项目环境影响报告表的批复.pdf,80,E:\软件\mineru_extracted\2023_2023年10月12日建设项目环境影响报告书（表）受理公告（杏坛）_1_mineru\full.md,2023_2023年10月12日建设项目环境影响报告书（表）受理公告（杏坛）_1_mineru,report,佛山市顺德区优注科技有限公司年产医生椅扶手20万件,佛环0304环审[2021]第0025号）佛,False,"# 建设项目环境影响报告表

（污染影响类）

（公示版）

项目名称： 佛山市塑裕新材料科技有限公司新建项目

建设单位（盖章）：佛山市塑裕新材料科技有限公司

编制日期：2023 年09 月

中华人民共和国生态环境部制

# 目 录

一、建设项目基本情况...  
二、建设项目工程分析. .18  
三、区域环境质量现状、环境保护目标及评价标准. .27  
四、主要环境影响和保护措施.."
2021_（佛环0304环审[2021]第0034号）佛山市生态环境局关于佛山市顺德区佳瑞茂塑料制品厂年手机壳100万个新建项目环境影响报告表的批复.pdf,80,E:\软件\mineru_extracted\2023_2023年10月12日建设项目环境影响报告书（表）受理公告（杏坛）_1_mineru\full.md,2023_2023年10月12日建设项目环境影响报告书（表）受理公告（杏坛）_1_mineru,report,佛山市顺德区佳瑞茂塑料制品厂年手机壳100万个,佛环0304环审[2021]第0034号）佛,False,"# 建设项目环境影响报告表

（污染影响类）

（公示版）

项目名称： 佛山市塑裕新材料科技有限公司新建项目

建设单位（盖章）：佛山市塑裕新材料科技有限公司

编制日期：2023 年09 月

中华人民共和国生态环境部制

# 目 录

一、建设项目基本情况...  
二、建设项目工程分析. .18  
三、区域环境质量现状、环境保护目标及评价标准. .27  
四、主要环境影响和保护措施.."
2021_（佛环0304环审【2020】第0223号）佛山市生态环境局关于佛山市顺德区精悦五金制品有限公司扩建项目环境影响报告表的批复.pdf,80,E:\软件\mineru_extracted\2023_2023年10月12日建设项目环境影响报告书（表）受理公告（杏坛）_1_mineru\full.md,2023_2023年10月12日建设项目环境影响报告书（表）受理公告（杏坛）_1_mineru,report,佛山市顺德区精悦五金制品有限公司,佛环0304环审【2020】第0223号）佛,False,"# 建设项目环境影响报告表

（污染影响类）

（公示版）

项目名称： 佛山市塑裕新材料科技有限公司新建项目

建设单位（盖章）：佛山市塑裕新材料科技有限公司

编制日期：2023 年09 月

中华人民共和国生态环境部制

# 目 录

一、建设项目基本情况...  
二、建设项目工程分析. .18  
三、区域环境质量现状、环境保护目标及评价标准. .27  
四、主要环境影响和保护措施.."
2021_（佛环0304环审【2020】第0240号）佛山市生态环境局关于佛山市顺德区美嘉思食品有限公司改扩建项目环境影响报告表的批复.pdf,80,E:\软件\mineru_extracted\2023_2023年10月12日建设项目环境影响报告书（表）受理公告（杏坛）_1_mineru\full.md,2023_2023年10月12日建设项目环境影响报告书（表）受理公告（杏坛）_1_mineru,report,佛山市顺德区美嘉思食品有限公司改,佛环0304环审【2020】第0240号）佛,False,"# 建设项目环境影响报告表

（污染影响类）

（公示版）

项目名称： 佛山市塑裕新材料科技有限公司新建项目

建设单位（盖章）：佛山市塑裕新材料科技有限公司

编制日期：2023 年09 月

中华人民共和国生态环境部制

# 目 录

一、建设项目基本情况...  
二、建设项目工程分析. .18  
三、区域环境质量现状、环境保护目标及评价标准. .27  
四、主要环境影响和保护措施.."
2021_（佛环0304环审【2020】第0265号）佛山市生态环境局关于佛山市顺德区勒流镇锦锋电镀有限公司技改项目环境影响报告表的批复.pdf,80,E:\软件\mineru_extracted\2023_2023年10月12日建设项目环境影响报告书（表）受理公告（杏坛）_1_mineru\full.md,2023_2023年10月12日建设项目环境影响报告书（表）受理公告（杏坛）_1_mineru,report,佛山市顺德区勒流镇锦锋电镀有限公司,佛环0304环审【2020】第0265号）佛,False,"# 建设项目环境影响报告表

（污染影响类）

（公示版）

项目名称： 佛山市塑裕新材料科技有限公司新建项目

建设单位（盖章）：佛山市塑裕新材料科技有限公司

编制日期：2023 年09 月

中华人民共和国生态环境部制

# 目 录

一、建设项目基本情况...  
二、建设项目工程分析. .18  
三、区域环境质量现状、环境保护目标及评价标准. .27  
四、主要环境影响和保护措施.."
2021_（佛环0304环审【2021】第0005号）佛山市生态环境局关于佛山市顺德区茂华塑料包装有限公司迁扩建项目环境影响报告表的批复.pdf,80,E:\软件\mineru_extracted\2023_2023年10月12日建设项目环境影响报告书（表）受理公告（杏坛）_1_mineru\full.md,2023_2023年10月12日建设项目环境影响报告书（表）受理公告（杏坛）_1_mineru,report,佛山市顺德区茂华塑料包装有限公司迁,佛环0304环审【2021】第0005号）佛,False,"# 建设项目环境影响报告表

（污染影响类）

（公示版）

项目名称： 佛山市塑裕新材料科技有限公司新建项目

建设单位（盖章）：佛山市塑裕新材料科技有限公司

编制日期：2023 年09 月

中华人民共和国生态环境部制

# 目 录

一、建设项目基本情况...  
二、建设项目工程分析. .18  
三、区域环境质量现状、环境保护目标及评价标准. .27  
四、主要环境影响和保护措施.."
2021_（佛环0304环审【2021】第0006号）佛山市生态环境局关于佛山市顺德区安爱工业有限公司富安分厂扩建项目环境影响报告表的批复.pdf,80,E:\软件\mineru_extracted\2023_2023年10月12日建设项目环境影响报告书（表）受理公告（杏坛）_1_mineru\full.md,2023_2023年10月12日建设项目环境影响报告书（表）受理公告（杏坛）_1_mineru,report,佛山市顺德区安爱工业有限公司富安分厂,佛环0304环审【2021】第0006号）佛,False,"# 建设项目环境影响报告表

（污染影响类）

（公示版）

项目名称： 佛山市塑裕新材料科技有限公司新建项目

建设单位（盖章）：佛山市塑裕新材料科技有限公司

编制日期：2023 年09 月

中华人民共和国生态环境部制

# 目 录

一、建设项目基本情况...  
二、建设项目工程分析. .18  
三、区域环境质量现状、环境保护目标及评价标准. .27  
四、主要环境影响和保护措施.."
2021_（佛环0304环审【2021】第0008号）佛山市生态环境局关于佛山市顺德区勒流镇井源五金电器开关厂新建项目环境影响报告表的批复.pdf,80,E:\软件\mineru_extracted\2023_2023年10月12日建设项目环境影响报告书（表）受理公告（杏坛）_1_mineru\full.md,2023_2023年10月12日建设项目环境影响报告书（表）受理公告（杏坛）_1_mineru,report,佛山市顺德区勒流镇井源五金电器开关厂,佛环0304环审【2021】第0008号）佛,False,"# 建设项目环境影响报告表

（污染影响类）

（公示版）

项目名称： 佛山市塑裕新材料科技有限公司新建项目

建设单位（盖章）：佛山市塑裕新材料科技有限公司

编制日期：2023 年09 月

中华人民共和国生态环境部制

# 目 录

一、建设项目基本情况...  
二、建设项目工程分析. .18  
三、区域环境质量现状、环境保护目标及评价标准. .27  
四、主要环境影响和保护措施.."
2021_（佛环0304环审【2021】第0021号）佛山市生态环境局关于佛山市顺德区勒流中学建设项目环境影响报告表的批复.pdf,80,E:\软件\mineru_extracted\2023_2023年10月12日建设项目环境影响报告书（表）受理公告（杏坛）_1_mineru\full.md,2023_2023年10月12日建设项目环境影响报告书（表）受理公告（杏坛）_1_mineru,report,佛山市顺德区勒流中学,佛环0304环审【2021】第0021号）佛,False,"# 建设项目环境影响报告表

（污染影响类）

（公示版）

项目名称： 佛山市塑裕新材料科技有限公司新建项目

建设单位（盖章）：佛山市塑裕新材料科技有限公司

编制日期：2023 年09 月

中华人民共和国生态环境部制

# 目 录

一、建设项目基本情况...  
二、建设项目工程分析. .18  
三、区域环境质量现状、环境保护目标及评价标准. .27  
四、主要环境影响和保护措施.."
2021_（佛环0304环审【2021】第0027号）佛山市生态环境局关于佛山市顺德区巴乔塑料科技实业有限公司搬迁扩建项目环境影响报告表的批复.pdf,80,E:\软件\mineru_extracted\2023_2023年10月12日建设项目环境影响报告书（表）受理公告（杏坛）_1_mineru\full.md,2023_2023年10月12日建设项目环境影响报告书（表）受理公告（杏坛）_1_mineru,report,佛山市顺德区巴乔塑料科技实业有限公司搬迁,佛环0304环审【2021】第0027号）佛,False,"# 建设项目环境影响报告表

（污染影响类）

（公示版）

项目名称： 佛山市塑裕新材料科技有限公司新建项目

建设单位（盖章）：佛山市塑裕新材料科技有限公司

编制日期：2023 年09 月

中华人民共和国生态环境部制

# 目 录

一、建设项目基本情况...  
二、建设项目工程分析. .18  
三、区域环境质量现状、环境保护目标及评价标准. .27  
四、主要环境影响和保护措施.."
2021_（佛环0304环审【2021】第0030号）佛山市生态环境局关于佛山市聚铭礼品有限公司年产300万五金礼品新建项目环境影响报告表的批复.pdf,80,E:\软件\mineru_extracted\2023_2023年10月17日建设项目环境影响报告受理公告（大良）_mineru\full.md,2023_2023年10月17日建设项目环境影响报告受理公告（大良）_mineru,report,佛山市聚铭礼品有限公司年产300万五金礼品,佛环0304环审【2021】第0030号）佛,False,"# 建设项目环境影响报告表

（污染影响类）

项目名称：佛山市聚铭礼品有限公司搬迁项目

建设单位（盖章）：佛山市聚铭礼品有限公司

编制日期：2023 年 10月

中华人民共和国生态环境部制

编制单位和编制人员情况表

<table><tr><td colspan=""2"">项目编号</td><td colspan=""3"">j2e0yc</td></tr><tr><td colspan=""2"
2021_（佛环0304环审【2021】第0042号）佛山市生态环境局关于佛山市顺德区德粘堡实业有限公司锅炉技改项目环境影响报告表的批复.pdf,80,E:\软件\mineru_extracted\2023_2023年10月12日建设项目环境影响报告书（表）受理公告（杏坛）_1_mineru\full.md,2023_2023年10月12日建设项目环境影响报告书（表）受理公告（杏坛）_1_mineru,report,佛山市顺德区德粘堡实业有限公司锅炉,佛环0304环审【2021】第0042号）佛,False,"# 建设项目环境影响报告表

（污染影响类）

（公示版）

项目名称： 佛山市塑裕新材料科技有限公司新建项目

建设单位（盖章）：佛山市塑裕新材料科技有限公司

编制日期：2023 年09 月

中华人民共和国生态环境部制

# 目 录

一、建设项目基本情况...  
二、建设项目工程分析. .18  
三、区域环境质量现状、环境保护目标及评价标准. .27  
四、主要环境影响和保护措施.."
2021_（佛环0304环审【2021】第0047号）佛山市生态环境局关于佛山市顺德区阿达特电子厂新建项目环境影响报告表的批复.pdf,80,E:\软件\mineru_extracted\2023_2023年10月12日建设项目环境影响报告书（表）受理公告（杏坛）_1_mineru\full.md,2023_2023年10月12日建设项目环境影响报告书（表）受理公告（杏坛）_1_mineru,report,佛山市顺德区阿达特电子厂,佛环0304环审【2021】第0047号）佛,False,"# 建设项目环境影响报告表

（污染影响类）

（公示版）

项目名称： 佛山市塑裕新材料科技有限公司新建项目

建设单位（盖章）：佛山市塑裕新材料科技有限公司

编制日期：2023 年09 月

中华人民共和国生态环境部制

# 目 录

一、建设项目基本情况...  
二、建设项目工程分析. .18  
三、区域环境质量现状、环境保护目标及评价标准. .27  
四、主要环境影响和保护措施.."
2021_（佛环0304环审【2021】第0050号）佛山市生态环境局关于佛山市宇一电器科技有限公司分车间新建项目环境影响报告表的批复.pdf,80,E:\软件\mineru_extracted\2026_2026年4月28日建设项目环境影响报告表受理公告（佛山市生态环境局顺德分局）_1_mineru\full.md,2026_2026年4月28日建设项目环境影响报告表受理公告（佛山市生态环境局顺德分局）_1_mineru,report,佛山市宇一电器科技有限公司分车间,佛环0304环审【2021】第0050号）佛,False,"# 建设项目环境影响报告表

（污染影响类）

项目名称：佛山市宇一电器科技有限器稀车间新建项目

建设单位（盖章）：佛山市电器科技有限公司

2026月

中华人民共和国生态环境部制

![](images/3e0189434f8c21c3e61764ec392cf38660de0a08573012b55daea9d35c2e514f.jpg)  
广海国寰环保科技发展有限公司

![](ima"
2021_（佛环0304环审【2021】第0051号）佛山市生态环境局关于万业诚新材料（佛山）有限公司新建项目环境影响报告表的批复.pdf,80,E:\软件\mineru_extracted\2024_2024年1月5日建设项目环境影响报告书（表）受理公告（佛山市生态环境局顺德分局）_mineru\full.md,2024_2024年1月5日建设项目环境影响报告书（表）受理公告（佛山市生态环境局顺德分局）_mineru,report,万业诚新材料（佛山）有限公司,佛环0304环审【2021】第0051号）佛,False,"# 建设项目环境影响报告表

（污染影响类）

项目名称：万业诚新材料（佛山有限公建项目

建设单位（盖章）：万业诚新材料有限公司

![](images/b290d8286ac4b949b8032ae0526b570a338c21aeba54a1b8d57d93f0f98d76d7.jpg)  
万业诚新材料（佛团）有限公司

编制日期： 2023年12月

![](images/72ca6e7"
2021_（佛环0304环审【2021】第0053号）佛山市生态环境局关于佛山市顺德区胜鸿塑料制品有限公司扩建项目环境影响报告表的批复.pdf,80,E:\软件\mineru_extracted\2023_2023年10月12日建设项目环境影响报告书（表）受理公告（杏坛）_1_mineru\full.md,2023_2023年10月12日建设项目环境影响报告书（表）受理公告（杏坛）_1_mineru,report,佛山市顺德区胜鸿塑料制品有限公司,佛环0304环审【2021】第0053号）佛,False,"# 建设项目环境影响报告表

（污染影响类）

（公示版）

项目名称： 佛山市塑裕新材料科技有限公司新建项目

建设单位（盖章）：佛山市塑裕新材料科技有限公司

编制日期：2023 年09 月

中华人民共和国生态环境部制

# 目 录

一、建设项目基本情况...  
二、建设项目工程分析. .18  
三、区域环境质量现状、环境保护目标及评价标准. .27  
四、主要环境影响和保护措施.."
2021_（佛环0304环审【2021】第0054号）佛山市生态环境局关于佛山市顺德区合成大新电工合金有限公司改扩建项目环境影响报告表的批复.pdf,80,E:\软件\mineru_extracted\2023_2023年10月12日建设项目环境影响报告书（表）受理公告（杏坛）_1_mineru\full.md,2023_2023年10月12日建设项目环境影响报告书（表）受理公告（杏坛）_1_mineru,report,佛山市顺德区合成大新电工合金有限公司改,佛环0304环审【2021】第0054号）佛,False,"# 建设项目环境影响报告表

（污染影响类）

（公示版）

项目名称： 佛山市塑裕新材料科技有限公司新建项目

建设单位（盖章）：佛山市塑裕新材料科技有限公司

编制日期：2023 年09 月

中华人民共和国生态环境部制

# 目 录

一、建设项目基本情况...  
二、建设项目工程分析. .18  
三、区域环境质量现状、环境保护目标及评价标准. .27  
四、主要环境影响和保护措施.."
2021_（佛环0304环审【2021】第0055号）佛山市生态环境局关于佛山市顺德区富盈东华塑料制品厂新建项目环境影响报告表的批复.pdf,80,E:\软件\mineru_extracted\2023_2023年10月12日建设项目环境影响报告书（表）受理公告（杏坛）_1_mineru\full.md,2023_2023年10月12日建设项目环境影响报告书（表）受理公告（杏坛）_1_mineru,report,佛山市顺德区富盈东华塑料制品厂,佛环0304环审【2021】第0055号）佛,False,"# 建设项目环境影响报告表

（污染影响类）

（公示版）

项目名称： 佛山市塑裕新材料科技有限公司新建项目

建设单位（盖章）：佛山市塑裕新材料科技有限公司

编制日期：2023 年09 月

中华人民共和国生态环境部制

# 目 录

一、建设项目基本情况...  
二、建设项目工程分析. .18  
三、区域环境质量现状、环境保护目标及评价标准. .27  
四、主要环境影响和保护措施.."
2021_（佛环0304环审【2021】第0056号）佛山市生态环境局关于佛山市顺德区勒流旭晟塑料制品厂年产塑料配件120吨、注塑模具50套迁扩建项目环境影响报告表的批复.pdf,80,E:\软件\mineru_extracted\2023_2023年10月12日建设项目环境影响报告书（表）受理公告（杏坛）_1_mineru\full.md,2023_2023年10月12日建设项目环境影响报告书（表）受理公告（杏坛）_1_mineru,report,佛山市顺德区勒流旭晟塑料制品厂年产塑料配件120吨、注塑模具50套迁,佛环0304环审【2021】第0056号）佛,False,"# 建设项目环境影响报告表

（污染影响类）

（公示版）

项目名称： 佛山市塑裕新材料科技有限公司新建项目

建设单位（盖章）：佛山市塑裕新材料科技有限公司

编制日期：2023 年09 月

中华人民共和国生态环境部制

# 目 录

一、建设项目基本情况...  
二、建设项目工程分析. .18  
三、区域环境质量现状、环境保护目标及评价标准. .27  
四、主要环境影响和保护措施.."
2021_（佛环0304环审【2021】第0170号）佛山市生态环境局关于佛山市顺德区惠亿达金属制品有限公司新建项目环境影响报告表的批复.pdf,80,E:\软件\mineru_extracted\2023_2023年10月12日建设项目环境影响报告书（表）受理公告（杏坛）_1_mineru\full.md,2023_2023年10月12日建设项目环境影响报告书（表）受理公告（杏坛）_1_mineru,report,佛山市顺德区惠亿达金属制品有限公司,佛环0304环审【2021】第0170号）佛,False,"# 建设项目环境影响报告表

（污染影响类）

（公示版）

项目名称： 佛山市塑裕新材料科技有限公司新建项目

建设单位（盖章）：佛山市塑裕新材料科技有限公司

编制日期：2023 年09 月

中华人民共和国生态环境部制

# 目 录

一、建设项目基本情况...  
二、建设项目工程分析. .18  
三、区域环境质量现状、环境保护目标及评价标准. .27  
四、主要环境影响和保护措施.."
2022_佛山市生态环境局关于佛山市顺德区四季阳光电子科技有限公司年产LED数码管5000万个搬迁扩建项目环境影响报告表的批复.pdf,80,E:\软件\mineru_extracted\2023_2023年10月12日建设项目环境影响报告书（表）受理公告（杏坛）_1_mineru\full.md,2023_2023年10月12日建设项目环境影响报告书（表）受理公告（杏坛）_1_mineru,report,佛山市顺德区四季阳光电子科技有限公司年产LED数码管5000万个搬迁,,False,"# 建设项目环境影响报告表

（污染影响类）

（公示版）

项目名称： 佛山市塑裕新材料科技有限公司新建项目

建设单位（盖章）：佛山市塑裕新材料科技有限公司

编制日期：2023 年09 月

中华人民共和国生态环境部制

# 目 录

一、建设项目基本情况...  
二、建设项目工程分析. .18  
三、区域环境质量现状、环境保护目标及评价标准. .27  
四、主要环境影响和保护措施.."
2022_佛山市生态环境局关于佛山市顺德区富美日设计包装有限公司建设项目环境影响报告表的批复.pdf,80,E:\软件\mineru_extracted\2023_2023年10月12日建设项目环境影响报告书（表）受理公告（杏坛）_1_mineru\full.md,2023_2023年10月12日建设项目环境影响报告书（表）受理公告（杏坛）_1_mineru,report,佛山市顺德区富美日设计包装有限公司,,False,"# 建设项目环境影响报告表

（污染影响类）

（公示版）

项目名称： 佛山市塑裕新材料科技有限公司新建项目

建设单位（盖章）：佛山市塑裕新材料科技有限公司

编制日期：2023 年09 月

中华人民共和国生态环境部制

# 目 录

一、建设项目基本情况...  
二、建设项目工程分析. .18  
三、区域环境质量现状、环境保护目标及评价标准. .27  
四、主要环境影响和保护措施.."
2022_佛山市生态环境局关于佛山市顺德区沃拓森玻璃加工厂新建项目环境影响报告表的批复.pdf,80,E:\软件\mineru_extracted\2023_2023年10月12日建设项目环境影响报告书（表）受理公告（杏坛）_1_mineru\full.md,2023_2023年10月12日建设项目环境影响报告书（表）受理公告（杏坛）_1_mineru,report,佛山市顺德区沃拓森玻璃加工厂,,False,"# 建设项目环境影响报告表

（污染影响类）

（公示版）

项目名称： 佛山市塑裕新材料科技有限公司新建项目

建设单位（盖章）：佛山市塑裕新材料科技有限公司

编制日期：2023 年09 月

中华人民共和国生态环境部制

# 目 录

一、建设项目基本情况...  
二、建设项目工程分析. .18  
三、区域环境质量现状、环境保护目标及评价标准. .27  
四、主要环境影响和保护措施.."
2022_佛山市生态环境局关于佛山市顺德区睿泽塑胶科技有限公司新建项目环境影响报告表的批复.pdf,80,E:\软件\mineru_extracted\2023_2023年10月12日建设项目环境影响报告书（表）受理公告（杏坛）_1_mineru\full.md,2023_2023年10月12日建设项目环境影响报告书（表）受理公告（杏坛）_1_mineru,report,佛山市顺德区睿泽塑胶科技有限公司,,False,"# 建设项目环境影响报告表

（污染影响类）

（公示版）

项目名称： 佛山市塑裕新材料科技有限公司新建项目

建设单位（盖章）：佛山市塑裕新材料科技有限公司

编制日期：2023 年09 月

中华人民共和国生态环境部制

# 目 录

一、建设项目基本情况...  
二、建设项目工程分析. .18  
三、区域环境质量现状、环境保护目标及评价标准. .27  
四、主要环境影响和保护措施.."
2022_佛山市生态环境局关于佛山市顺德区美的电热电器制造有限公司理化实验室新建项目环境影响报告表的批复.pdf,80,E:\软件\mineru_extracted\2023_2023年10月12日建设项目环境影响报告书（表）受理公告（杏坛）_1_mineru\full.md,2023_2023年10月12日建设项目环境影响报告书（表）受理公告（杏坛）_1_mineru,report,佛山市顺德区美的电热电器制造有限公司理化实验室,,False,"# 建设项目环境影响报告表

（污染影响类）

（公示版）

项目名称： 佛山市塑裕新材料科技有限公司新建项目

建设单位（盖章）：佛山市塑裕新材料科技有限公司

编制日期：2023 年09 月

中华人民共和国生态环境部制

# 目 录

一、建设项目基本情况...  
二、建设项目工程分析. .18  
三、区域环境质量现状、环境保护目标及评价标准. .27  
四、主要环境影响和保护措施.."
2022_佛环0304环审[2022]第0025号  佛山市生态环境局关于佛山市顺德区钜轩橡塑制品有限公司建设项目环境影响报告表的批复.pdf,80,E:\软件\mineru_extracted\2023_2023年10月12日建设项目环境影响报告书（表）受理公告（杏坛）_1_mineru\full.md,2023_2023年10月12日建设项目环境影响报告书（表）受理公告（杏坛）_1_mineru,report,佛山市顺德区钜轩橡塑制品有限公司,佛环0304环审[2022]第0025号,False,"# 建设项目环境影响报告表

（污染影响类）

（公示版）

项目名称： 佛山市塑裕新材料科技有限公司新建项目

建设单位（盖章）：佛山市塑裕新材料科技有限公司

编制日期：2023 年09 月

中华人民共和国生态环境部制

# 目 录

一、建设项目基本情况...  
二、建设项目工程分析. .18  
三、区域环境质量现状、环境保护目标及评价标准. .27  
四、主要环境影响和保护措施.."
2022_佛环0304环审[2022]第0026号 佛山市生态环境局关于佛山市顺德区勒流兴运注塑加工厂新建项目环境影响报告表的批复.pdf,80,E:\软件\mineru_extracted\2023_2023年10月12日建设项目环境影响报告书（表）受理公告（杏坛）_1_mineru\full.md,2023_2023年10月12日建设项目环境影响报告书（表）受理公告（杏坛）_1_mineru,report,佛山市顺德区勒流兴运注塑加工厂,佛环0304环审[2022]第0026号,False,"# 建设项目环境影响报告表

（污染影响类）

（公示版）

项目名称： 佛山市塑裕新材料科技有限公司新建项目

建设单位（盖章）：佛山市塑裕新材料科技有限公司

编制日期：2023 年09 月

中华人民共和国生态环境部制

# 目 录

一、建设项目基本情况...  
二、建设项目工程分析. .18  
三、区域环境质量现状、环境保护目标及评价标准. .27  
四、主要环境影响和保护措施.."
2022_佛环0304环审[2022]第0031号  佛山市生态环境局关于佛山市顺德区新天景实业有限公司勒流儿童玩具分公司扩建项目环境影响报告表的批复.pdf,80,E:\软件\mineru_extracted\2023_2023年10月12日建设项目环境影响报告书（表）受理公告（杏坛）_1_mineru\full.md,2023_2023年10月12日建设项目环境影响报告书（表）受理公告（杏坛）_1_mineru,report,佛山市顺德区新天景实业有限公司勒流儿童玩具分公司,佛环0304环审[2022]第0031号,False,"# 建设项目环境影响报告表

（污染影响类）

（公示版）

项目名称： 佛山市塑裕新材料科技有限公司新建项目

建设单位（盖章）：佛山市塑裕新材料科技有限公司

编制日期：2023 年09 月

中华人民共和国生态环境部制

# 目 录

一、建设项目基本情况...  
二、建设项目工程分析. .18  
三、区域环境质量现状、环境保护目标及评价标准. .27  
四、主要环境影响和保护措施.."
2022_佛环0304环审【2022】第0007号  佛山市生态环境局关于佛山市顺德区金铭特塑胶模具有限公司新建项目环境影响报告表的批复.pdf,80,E:\软件\mineru_extracted\2023_2023年10月12日建设项目环境影响报告书（表）受理公告（杏坛）_1_mineru\full.md,2023_2023年10月12日建设项目环境影响报告书（表）受理公告（杏坛）_1_mineru,report,佛山市顺德区金铭特塑胶模具有限公司,佛环0304环审【2022】第0007号,False,"# 建设项目环境影响报告表

（污染影响类）

（公示版）

项目名称： 佛山市塑裕新材料科技有限公司新建项目

建设单位（盖章）：佛山市塑裕新材料科技有限公司

编制日期：2023 年09 月

中华人民共和国生态环境部制

# 目 录

一、建设项目基本情况...  
二、建设项目工程分析. .18  
三、区域环境质量现状、环境保护目标及评价标准. .27  
四、主要环境影响和保护措施.."
2022_佛环0304环审【2022】第0008号  佛山市生态环境局关于佛山市顺德区宝廷塑料五金有限公司新建项目环境影响报告表的批复.pdf,80,E:\软件\mineru_extracted\2023_2023年10月12日建设项目环境影响报告书（表）受理公告（杏坛）_1_mineru\full.md,2023_2023年10月12日建设项目环境影响报告书（表）受理公告（杏坛）_1_mineru,report,佛山市顺德区宝廷塑料五金有限公司,佛环0304环审【2022】第0008号,False,"# 建设项目环境影响报告表

（污染影响类）

（公示版）

项目名称： 佛山市塑裕新材料科技有限公司新建项目

建设单位（盖章）：佛山市塑裕新材料科技有限公司

编制日期：2023 年09 月

中华人民共和国生态环境部制

# 目 录

一、建设项目基本情况...  
二、建设项目工程分析. .18  
三、区域环境质量现状、环境保护目标及评价标准. .27  
四、主要环境影响和保护措施.."
2022_佛环0304环审【2022】第0009号  佛山市生态环境局关于佛山市顺德区瀛悦彩印包装有限公司新建项目环境影响报告表的批复.pdf,80,E:\软件\mineru_extracted\2023_2023年10月12日建设项目环境影响报告书（表）受理公告（杏坛）_1_mineru\full.md,2023_2023年10月12日建设项目环境影响报告书（表）受理公告（杏坛）_1_mineru,report,佛山市顺德区瀛悦彩印包装有限公司,佛环0304环审【2022】第0009号,False,"# 建设项目环境影响报告表

（污染影响类）

（公示版）

项目名称： 佛山市塑裕新材料科技有限公司新建项目

建设单位（盖章）：佛山市塑裕新材料科技有限公司

编制日期：2023 年09 月

中华人民共和国生态环境部制

# 目 录

一、建设项目基本情况...  
二、建设项目工程分析. .18  
三、区域环境质量现状、环境保护目标及评价标准. .27  
四、主要环境影响和保护措施.."
2022_佛环0304环审【2022】第0013号  佛山市生态环境局关于佛山市顺德区富弘和五金厂新建项目环境影响报告表的批复.pdf,80,E:\软件\mineru_extracted\2023_2023年10月12日建设项目环境影响报告书（表）受理公告（杏坛）_1_mineru\full.md,2023_2023年10月12日建设项目环境影响报告书（表）受理公告（杏坛）_1_mineru,report,佛山市顺德区富弘和五金厂,佛环0304环审【2022】第0013号,False,"# 建设项目环境影响报告表

（污染影响类）

（公示版）

项目名称： 佛山市塑裕新材料科技有限公司新建项目

建设单位（盖章）：佛山市塑裕新材料科技有限公司

编制日期：2023 年09 月

中华人民共和国生态环境部制

# 目 录

一、建设项目基本情况...  
二、建设项目工程分析. .18  
三、区域环境质量现状、环境保护目标及评价标准. .27  
四、主要环境影响和保护措施.."
2022_佛环0304环审【2022】第0016号  佛山市生态环境局关于佛山市顺德区曼励塑料制品厂新建项目环境影响报告表的批复.pdf,80,E:\软件\mineru_extracted\2023_2023年10月12日建设项目环境影响报告书（表）受理公告（杏坛）_1_mineru\full.md,2023_2023年10月12日建设项目环境影响报告书（表）受理公告（杏坛）_1_mineru,report,佛山市顺德区曼励塑料制品厂,佛环0304环审【2022】第0016号,False,"# 建设项目环境影响报告表

（污染影响类）

（公示版）

项目名称： 佛山市塑裕新材料科技有限公司新建项目

建设单位（盖章）：佛山市塑裕新材料科技有限公司

编制日期：2023 年09 月

中华人民共和国生态环境部制

# 目 录

一、建设项目基本情况...  
二、建设项目工程分析. .18  
三、区域环境质量现状、环境保护目标及评价标准. .27  
四、主要环境影响和保护措施.."
2022_佛环0304环审【2022】第0017号  佛山市生态环境局关于佛山市顺德区粤马包装印刷厂勒流分厂新建项目环境影响报告表的批复.pdf,80,E:\软件\mineru_extracted\2023_2023年10月12日建设项目环境影响报告书（表）受理公告（杏坛）_1_mineru\full.md,2023_2023年10月12日建设项目环境影响报告书（表）受理公告（杏坛）_1_mineru,report,佛山市顺德区粤马包装印刷厂勒流分厂,佛环0304环审【2022】第0017号,False,"# 建设项目环境影响报告表

（污染影响类）

（公示版）

项目名称： 佛山市塑裕新材料科技有限公司新建项目

建设单位（盖章）：佛山市塑裕新材料科技有限公司

编制日期：2023 年09 月

中华人民共和国生态环境部制

# 目 录

一、建设项目基本情况...  
二、建设项目工程分析. .18  
三、区域环境质量现状、环境保护目标及评价标准. .27  
四、主要环境影响和保护措施.."
2022_佛环0304环审【2022】第0019号  佛山市生态环境局关于佛山市顺德区江滔塑料电器有限公司新建项目环境影响报告表的批复.pdf,80,E:\软件\mineru_extracted\2023_2023年10月12日建设项目环境影响报告书（表）受理公告（杏坛）_1_mineru\full.md,2023_2023年10月12日建设项目环境影响报告书（表）受理公告（杏坛）_1_mineru,report,佛山市顺德区江滔塑料电器有限公司,佛环0304环审【2022】第0019号,False,"# 建设项目环境影响报告表

（污染影响类）

（公示版）

项目名称： 佛山市塑裕新材料科技有限公司新建项目

建设单位（盖章）：佛山市塑裕新材料科技有限公司

编制日期：2023 年09 月

中华人民共和国生态环境部制

# 目 录

一、建设项目基本情况...  
二、建设项目工程分析. .18  
三、区域环境质量现状、环境保护目标及评价标准. .27  
四、主要环境影响和保护措施.."
2022_佛环0304环审【2022】第0020号  佛山市生态环境局关于佛山市顺德区德汇美贸易有限公司新建项目环境影响报告表的批复.pdf,80,E:\软件\mineru_extracted\2023_2023年10月12日建设项目环境影响报告书（表）受理公告（杏坛）_1_mineru\full.md,2023_2023年10月12日建设项目环境影响报告书（表）受理公告（杏坛）_1_mineru,report,佛山市顺德区德汇美贸易有限公司,佛环0304环审【2022】第0020号,False,"# 建设项目环境影响报告表

（污染影响类）

（公示版）

项目名称： 佛山市塑裕新材料科技有限公司新建项目

建设单位（盖章）：佛山市塑裕新材料科技有限公司

编制日期：2023 年09 月

中华人民共和国生态环境部制

# 目 录

一、建设项目基本情况...  
二、建设项目工程分析. .18  
三、区域环境质量现状、环境保护目标及评价标准. .27  
四、主要环境影响和保护措施.."
2022_佛环0304环审〔2022〕101号  佛山市生态环境局关于佛山市顺德区利智达塑料厂新建项目环境影响报告表的批复.pdf,80,E:\软件\mineru_extracted\2023_2023年10月12日建设项目环境影响报告书（表）受理公告（杏坛）_1_mineru\full.md,2023_2023年10月12日建设项目环境影响报告书（表）受理公告（杏坛）_1_mineru,report,佛山市顺德区利智达塑料厂,佛环0304环审〔2022〕101号,False,"# 建设项目环境影响报告表

（污染影响类）

（公示版）

项目名称： 佛山市塑裕新材料科技有限公司新建项目

建设单位（盖章）：佛山市塑裕新材料科技有限公司

编制日期：2023 年09 月

中华人民共和国生态环境部制

# 目 录

一、建设项目基本情况...  
二、建设项目工程分析. .18  
三、区域环境质量现状、环境保护目标及评价标准. .27  
四、主要环境影响和保护措施.."
2022_佛环0304环审〔2022〕107号  佛山市生态环境局关于佛山市顺德区明塑达五金有限公司新建项目环境影响报告表的批复.pdf,80,E:\软件\mineru_extracted\2023_2023年10月12日建设项目环境影响报告书（表）受理公告（杏坛）_1_mineru\full.md,2023_2023年10月12日建设项目环境影响报告书（表）受理公告（杏坛）_1_mineru,report,佛山市顺德区明塑达五金有限公司,佛环0304环审〔2022〕107号,False,"# 建设项目环境影响报告表

（污染影响类）

（公示版）

项目名称： 佛山市塑裕新材料科技有限公司新建项目

建设单位（盖章）：佛山市塑裕新材料科技有限公司

编制日期：2023 年09 月

中华人民共和国生态环境部制

# 目 录

一、建设项目基本情况...  
二、建设项目工程分析. .18  
三、区域环境质量现状、环境保护目标及评价标准. .27  
四、主要环境影响和保护措施.."
2022_佛环0304环审〔2022〕109号  佛山市生态环境局关于佛山市顺德区讯阳鞋业有限公司新建项目环境影响报告表的批复.pdf,80,E:\软件\mineru_extracted\2023_2023年10月12日建设项目环境影响报告书（表）受理公告（杏坛）_1_mineru\full.md,2023_2023年10月12日建设项目环境影响报告书（表）受理公告（杏坛）_1_mineru,report,佛山市顺德区讯阳鞋业有限公司,佛环0304环审〔2022〕109号,False,"# 建设项目环境影响报告表

（污染影响类）

（公示版）

项目名称： 佛山市塑裕新材料科技有限公司新建项目

建设单位（盖章）：佛山市塑裕新材料科技有限公司

编制日期：2023 年09 月

中华人民共和国生态环境部制

# 目 录

一、建设项目基本情况...  
二、建设项目工程分析. .18  
三、区域环境质量现状、环境保护目标及评价标准. .27  
四、主要环境影响和保护措施.."
2022_佛环0304环审〔2022〕111号  佛山市生态环境局关于佛山市顺德区同芊塑胶五金制品有限公司迁扩建项目环境影响报告表的批复.pdf,80,E:\软件\mineru_extracted\2023_2023年10月12日建设项目环境影响报告书（表）受理公告（杏坛）_1_mineru\full.md,2023_2023年10月12日建设项目环境影响报告书（表）受理公告（杏坛）_1_mineru,report,佛山市顺德区同芊塑胶五金制品有限公司迁,佛环0304环审〔2022〕111号,False,"# 建设项目环境影响报告表

（污染影响类）

（公示版）

项目名称： 佛山市塑裕新材料科技有限公司新建项目

建设单位（盖章）：佛山市塑裕新材料科技有限公司

编制日期：2023 年09 月

中华人民共和国生态环境部制

# 目 录

一、建设项目基本情况...  
二、建设项目工程分析. .18  
三、区域环境质量现状、环境保护目标及评价标准. .27  
四、主要环境影响和保护措施.."
2022_佛环0304环审〔2022〕113号  佛山市生态环境局关于佛山市顺德区勒流幸田金属制品厂年产缓冲器9600万套、反弹器100万套新建项目环境影响报告表的批复1.pdf,80,E:\软件\mineru_extracted\2023_2023年10月12日建设项目环境影响报告书（表）受理公告（杏坛）_1_mineru\full.md,2023_2023年10月12日建设项目环境影响报告书（表）受理公告（杏坛）_1_mineru,report,佛山市顺德区勒流幸田金属制品厂年产缓冲器9600万套、反弹器100万套,佛环0304环审〔2022〕113号,False,"# 建设项目环境影响报告表

（污染影响类）

（公示版）

项目名称： 佛山市塑裕新材料科技有限公司新建项目

建设单位（盖章）：佛山市塑裕新材料科技有限公司

编制日期：2023 年09 月

中华人民共和国生态环境部制

# 目 录

一、建设项目基本情况...  
二、建设项目工程分析. .18  
三、区域环境质量现状、环境保护目标及评价标准. .27  
四、主要环境影响和保护措施.."
2022_佛环0304环审〔2022〕114号  佛山市生态环境局关于佛山市顺德区艾克色新材料有限公司迁扩建项目环境影响报告表的批复.pdf,80,E:\软件\mineru_extracted\2023_2023年10月12日建设项目环境影响报告书（表）受理公告（杏坛）_1_mineru\full.md,2023_2023年10月12日建设项目环境影响报告书（表）受理公告（杏坛）_1_mineru,report,佛山市顺德区艾克色新材料有限公司迁,佛环0304环审〔2022〕114号,False,"# 建设项目环境影响报告表

（污染影响类）

（公示版）

项目名称： 佛山市塑裕新材料科技有限公司新建项目

建设单位（盖章）：佛山市塑裕新材料科技有限公司

编制日期：2023 年09 月

中华人民共和国生态环境部制

# 目 录

一、建设项目基本情况...  
二、建设项目工程分析. .18  
三、区域环境质量现状、环境保护目标及评价标准. .27  
四、主要环境影响和保护措施.."
2022_佛环0304环审〔2022〕115号  佛山市生态环境局关于佛山市顺德区云兴印刷有限公司新建项目环境影响报告表的批复.pdf,80,E:\软件\mineru_extracted\2023_2023年10月12日建设项目环境影响报告书（表）受理公告（杏坛）_1_mineru\full.md,2023_2023年10月12日建设项目环境影响报告书（表）受理公告（杏坛）_1_mineru,report,佛山市顺德区云兴印刷有限公司,佛环0304环审〔2022〕115号,False,"# 建设项目环境影响报告表

（污染影响类）

（公示版）

项目名称： 佛山市塑裕新材料科技有限公司新建项目

建设单位（盖章）：佛山市塑裕新材料科技有限公司

编制日期：2023 年09 月

中华人民共和国生态环境部制

# 目 录

一、建设项目基本情况...  
二、建设项目工程分析. .18  
三、区域环境质量现状、环境保护目标及评价标准. .27  
四、主要环境影响和保护措施.."
2022_佛环0304环审〔2022〕116号  佛山市生态环境局关于佛山市顺德区新盈辉塑料制品厂新建项目环境影响报告表的批复.pdf,80,E:\软件\mineru_extracted\2023_2023年10月12日建设项目环境影响报告书（表）受理公告（杏坛）_1_mineru\full.md,2023_2023年10月12日建设项目环境影响报告书（表）受理公告（杏坛）_1_mineru,report,佛山市顺德区新盈辉塑料制品厂,佛环0304环审〔2022〕116号,False,"# 建设项目环境影响报告表

（污染影响类）

（公示版）

项目名称： 佛山市塑裕新材料科技有限公司新建项目

建设单位（盖章）：佛山市塑裕新材料科技有限公司

编制日期：2023 年09 月

中华人民共和国生态环境部制

# 目 录

一、建设项目基本情况...  
二、建设项目工程分析. .18  
三、区域环境质量现状、环境保护目标及评价标准. .27  
四、主要环境影响和保护措施.."
2022_佛环0304环审〔2022〕118号__佛山市生态环境局关于佛山市顺德区佳晋力五金有限公司新建项目环境影响报告表的批复.pdf,80,E:\软件\mineru_extracted\2023_2023年10月12日建设项目环境影响报告书（表）受理公告（杏坛）_1_mineru\full.md,2023_2023年10月12日建设项目环境影响报告书（表）受理公告（杏坛）_1_mineru,report,佛山市顺德区佳晋力五金有限公司,佛环0304环审〔2022〕118号__佛山,False,"# 建设项目环境影响报告表

（污染影响类）

（公示版）

项目名称： 佛山市塑裕新材料科技有限公司新建项目

建设单位（盖章）：佛山市塑裕新材料科技有限公司

编制日期：2023 年09 月

中华人民共和国生态环境部制

# 目 录

一、建设项目基本情况...  
二、建设项目工程分析. .18  
三、区域环境质量现状、环境保护目标及评价标准. .27  
四、主要环境影响和保护措施.."
2022_佛环0304环审〔2022〕126号__佛山市生态环境局关于广东图特家居科技股份有限公司扩建项目环境影响报告表的批复.pdf,80,E:\软件\mineru_extracted\2023_2023年5月16日项目环境影响报告受理公告（勒流）_2_mineru\full.md,2023_2023年5月16日项目环境影响报告受理公告（勒流）_2_mineru,report,广东图特家居科技股份有限公司,佛环0304环审〔2022〕126号__佛山,False,"# 建设项目环境影响报告表

![](images/c33a0f5d8c64cdb56f586af580f47a9cf49cd6407c2b7ff77c6442d929de18fc.jpg)

<details>
<summary>text_image</summary>

佛山市顺德区环境部制
东莞市
东莞市
</details>

<table><tr><td colspan=""2"">项目编号"
2022_佛环0304环审〔2022〕131号__佛山市生态环境局关于佛山市顺德区伟锋电器科技有限公司建设项目环境影响报告表的批复.pdf,80,E:\软件\mineru_extracted\2023_2023年10月12日建设项目环境影响报告书（表）受理公告（杏坛）_1_mineru\full.md,2023_2023年10月12日建设项目环境影响报告书（表）受理公告（杏坛）_1_mineru,report,佛山市顺德区伟锋电器科技有限公司,佛环0304环审〔2022〕131号__佛山,False,"# 建设项目环境影响报告表

（污染影响类）

（公示版）

项目名称： 佛山市塑裕新材料科技有限公司新建项目

建设单位（盖章）：佛山市塑裕新材料科技有限公司

编制日期：2023 年09 月

中华人民共和国生态环境部制

# 目 录

一、建设项目基本情况...  
二、建设项目工程分析. .18  
三、区域环境质量现状、环境保护目标及评价标准. .27  
四、主要环境影响和保护措施.."
2022_佛环0304环审〔2022〕132号  佛山市生态环境局关于佛山市顺德区皓乾电子制品有限公司新建项目环境影响报告表的批复.pdf,80,E:\软件\mineru_extracted\2023_2023年10月12日建设项目环境影响报告书（表）受理公告（杏坛）_1_mineru\full.md,2023_2023年10月12日建设项目环境影响报告书（表）受理公告（杏坛）_1_mineru,report,佛山市顺德区皓乾电子制品有限公司,佛环0304环审〔2022〕132号,False,"# 建设项目环境影响报告表

（污染影响类）

（公示版）

项目名称： 佛山市塑裕新材料科技有限公司新建项目

建设单位（盖章）：佛山市塑裕新材料科技有限公司

编制日期：2023 年09 月

中华人民共和国生态环境部制

# 目 录

一、建设项目基本情况...  
二、建设项目工程分析. .18  
三、区域环境质量现状、环境保护目标及评价标准. .27  
四、主要环境影响和保护措施.."
2022_佛环0304环审〔2022〕135号  佛山市生态环境局关于广东锦力电器有限公司A厂区新建项目环境影响报告表的批复.pdf,80,E:\软件\mineru_extracted\2025_2025年3月12日建设项目环境影响报告书（表）受理公告（佛山市生态环境局顺德分局）_5_mineru\full.md,2025_2025年3月12日建设项目环境影响报告书（表）受理公告（佛山市生态环境局顺德分局）_5_mineru,report,广东锦力电器有限公司A厂区,佛环0304环审〔2022〕135号,False,"# 建设项目环境影响报告表（污染影响类）

# 项目名称：广东锦力电器有限公司A厂区新建项目（重INL新报批）

建设单位（盖章）：广东锦力电器有限公司

编制日期：2025年3月

中华人民共和国生态环境部制

![](images/858b557a1d58eedb3beb2a09dfe9b7d7a7ace656746c9e00f861c315d3b7adac.jpg)  
广东德诺环保科有限公"
2022_佛环0304环审〔2022〕77号  佛山市生态环境局关于佛山市顺德区捷和电线制造有限公司新建项目环境影响报告表的批复.pdf,80,E:\软件\mineru_extracted\2023_2023年10月12日建设项目环境影响报告书（表）受理公告（杏坛）_1_mineru\full.md,2023_2023年10月12日建设项目环境影响报告书（表）受理公告（杏坛）_1_mineru,report,佛山市顺德区捷和电线制造有限公司,佛环0304环审〔2022〕77号,False,"# 建设项目环境影响报告表

（污染影响类）

（公示版）

项目名称： 佛山市塑裕新材料科技有限公司新建项目

建设单位（盖章）：佛山市塑裕新材料科技有限公司

编制日期：2023 年09 月

中华人民共和国生态环境部制

# 目 录

一、建设项目基本情况...  
二、建设项目工程分析. .18  
三、区域环境质量现状、环境保护目标及评价标准. .27  
四、主要环境影响和保护措施.."
2022_佛环0304环审〔2022〕79号  佛山市生态环境局关于佛山市顺德区万紫千红装饰材料有限公司迁扩建项目环境影响评价报告表的批复.pdf,80,E:\软件\mineru_extracted\2023_2023年10月12日建设项目环境影响报告书（表）受理公告（杏坛）_1_mineru\full.md,2023_2023年10月12日建设项目环境影响报告书（表）受理公告（杏坛）_1_mineru,report,佛山市顺德区万紫千红装饰材料有限公司迁,佛环0304环审〔2022〕79号,False,"# 建设项目环境影响报告表

（污染影响类）

（公示版）

项目名称： 佛山市塑裕新材料科技有限公司新建项目

建设单位（盖章）：佛山市塑裕新材料科技有限公司

编制日期：2023 年09 月

中华人民共和国生态环境部制

# 目 录

一、建设项目基本情况...  
二、建设项目工程分析. .18  
三、区域环境质量现状、环境保护目标及评价标准. .27  
四、主要环境影响和保护措施.."
2022_佛环0304环审〔2022〕82号  佛山市生态环境局关于佛山市顺德区锦莠包装制品有限公司扩建项目环境影响报告表的批复.pdf,80,E:\软件\mineru_extracted\2023_2023年10月12日建设项目环境影响报告书（表）受理公告（杏坛）_1_mineru\full.md,2023_2023年10月12日建设项目环境影响报告书（表）受理公告（杏坛）_1_mineru,report,佛山市顺德区锦莠包装制品有限公司,佛环0304环审〔2022〕82号,False,"# 建设项目环境影响报告表

（污染影响类）

（公示版）

项目名称： 佛山市塑裕新材料科技有限公司新建项目

建设单位（盖章）：佛山市塑裕新材料科技有限公司

编制日期：2023 年09 月

中华人民共和国生态环境部制

# 目 录

一、建设项目基本情况...  
二、建设项目工程分析. .18  
三、区域环境质量现状、环境保护目标及评价标准. .27  
四、主要环境影响和保护措施.."
2022_佛环0304环审〔2022〕83号  佛山市生态环境局关于佛山市顺德区俊曜塑料制品店年产户外椅塑料配件10万套、水帘网500㎡新建项目环境影响报告表的批复.pdf,80,E:\软件\mineru_extracted\2023_2023年10月12日建设项目环境影响报告书（表）受理公告（杏坛）_1_mineru\full.md,2023_2023年10月12日建设项目环境影响报告书（表）受理公告（杏坛）_1_mineru,report,佛山市顺德区俊曜塑料制品店年产户外椅塑料配件10万套、水帘网500㎡,佛环0304环审〔2022〕83号,False,"# 建设项目环境影响报告表

（污染影响类）

（公示版）

项目名称： 佛山市塑裕新材料科技有限公司新建项目

建设单位（盖章）：佛山市塑裕新材料科技有限公司

编制日期：2023 年09 月

中华人民共和国生态环境部制

# 目 录

一、建设项目基本情况...  
二、建设项目工程分析. .18  
三、区域环境质量现状、环境保护目标及评价标准. .27  
四、主要环境影响和保护措施.."
2022_佛环0304环审〔2022〕86号__佛山市生态环境局关于佛山市顺德区浩腾鸿图电器有限公司新建项目环境影响报告表的批复.pdf,80,E:\软件\mineru_extracted\2023_2023年10月12日建设项目环境影响报告书（表）受理公告（杏坛）_1_mineru\full.md,2023_2023年10月12日建设项目环境影响报告书（表）受理公告（杏坛）_1_mineru,report,佛山市顺德区浩腾鸿图电器有限公司,佛环0304环审〔2022〕86号__佛山市,False,"# 建设项目环境影响报告表

（污染影响类）

（公示版）

项目名称： 佛山市塑裕新材料科技有限公司新建项目

建设单位（盖章）：佛山市塑裕新材料科技有限公司

编制日期：2023 年09 月

中华人民共和国生态环境部制

# 目 录

一、建设项目基本情况...  
二、建设项目工程分析. .18  
三、区域环境质量现状、环境保护目标及评价标准. .27  
四、主要环境影响和保护措施.."
2022_佛环0304环审〔2022〕93号__佛山市生态环境局关于佛山市顺德区勒流镇福永彩印厂迁扩建项目环境影响报告表的批复.pdf,80,E:\软件\mineru_extracted\2023_2023年10月12日建设项目环境影响报告书（表）受理公告（杏坛）_1_mineru\full.md,2023_2023年10月12日建设项目环境影响报告书（表）受理公告（杏坛）_1_mineru,report,佛山市顺德区勒流镇福永彩印厂迁,佛环0304环审〔2022〕93号__佛山市,False,"# 建设项目环境影响报告表

（污染影响类）

（公示版）

项目名称： 佛山市塑裕新材料科技有限公司新建项目

建设单位（盖章）：佛山市塑裕新材料科技有限公司

编制日期：2023 年09 月

中华人民共和国生态环境部制

# 目 录

一、建设项目基本情况...  
二、建设项目工程分析. .18  
三、区域环境质量现状、环境保护目标及评价标准. .27  
四、主要环境影响和保护措施.."
2022_佛环0304环审〔2022〕94号  佛山市生态环境局关于佛山市顺德区品智达智能家居有限公司年产电线塑料盒200万个新建项目环境影响报告表的批复.pdf,80,E:\软件\mineru_extracted\2023_2023年10月12日建设项目环境影响报告书（表）受理公告（杏坛）_1_mineru\full.md,2023_2023年10月12日建设项目环境影响报告书（表）受理公告（杏坛）_1_mineru,report,佛山市顺德区品智达智能家居有限公司年产电线塑料盒200万个,佛环0304环审〔2022〕94号,False,"# 建设项目环境影响报告表

（污染影响类）

（公示版）

项目名称： 佛山市塑裕新材料科技有限公司新建项目

建设单位（盖章）：佛山市塑裕新材料科技有限公司

编制日期：2023 年09 月

中华人民共和国生态环境部制

# 目 录

一、建设项目基本情况...  
二、建设项目工程分析. .18  
三、区域环境质量现状、环境保护目标及评价标准. .27  
四、主要环境影响和保护措施.."
2022_佛环0304环审〔2022〕95号  佛山市生态环境局关于佛山市顺德区壹致印刷有限公司搬迁扩建项目环境影响报告表的批复.pdf,80,E:\软件\mineru_extracted\2023_2023年10月12日建设项目环境影响报告书（表）受理公告（杏坛）_1_mineru\full.md,2023_2023年10月12日建设项目环境影响报告书（表）受理公告（杏坛）_1_mineru,report,佛山市顺德区壹致印刷有限公司搬迁,佛环0304环审〔2022〕95号,False,"# 建设项目环境影响报告表

（污染影响类）

（公示版）

项目名称： 佛山市塑裕新材料科技有限公司新建项目

建设单位（盖章）：佛山市塑裕新材料科技有限公司

编制日期：2023 年09 月

中华人民共和国生态环境部制

# 目 录

一、建设项目基本情况...  
二、建设项目工程分析. .18  
三、区域环境质量现状、环境保护目标及评价标准. .27  
四、主要环境影响和保护措施.."
2022_佛环0304环审〔2022〕97号  佛山市生态环境局关于广东椿岛电控科技有限公司佛山市第一分公司新建项目环境影响报告表的批复.pdf,90,E:\软件\mineru_extracted\2023_2023年3月28日项目环境影响报告受理公告（勒流）_3_mineru\full.md,2023_2023年3月28日项目环境影响报告受理公告（勒流）_3_mineru,report,广东椿岛电控科技有限公司佛山市第一分公司,佛环0304环审〔2022〕97号,False,"# 建设项目环境影响报告表

（污染影响类）

项目名称： 广东椿岛电控科技有限公司扩建项

建设单位（盖章）： 广东椿岛电控科技有限公

编制日期： 二零二三年三

编制单位和编制人员情况表

<table><tr><td colspan=""2"">项目编号</td><td colspan=""3"">563r3f</td></tr><tr><td colspan=""2"">建设项目名称</td><td"
2022_佛环0304环审〔2022〕98号  佛山市生态环境局关于佛山市顺德区爱宝乐鞋业有限公司新建项目环境影响报告表的批复.pdf,80,E:\软件\mineru_extracted\2023_2023年10月12日建设项目环境影响报告书（表）受理公告（杏坛）_1_mineru\full.md,2023_2023年10月12日建设项目环境影响报告书（表）受理公告（杏坛）_1_mineru,report,佛山市顺德区爱宝乐鞋业有限公司,佛环0304环审〔2022〕98号,False,"# 建设项目环境影响报告表

（污染影响类）

（公示版）

项目名称： 佛山市塑裕新材料科技有限公司新建项目

建设单位（盖章）：佛山市塑裕新材料科技有限公司

编制日期：2023 年09 月

中华人民共和国生态环境部制

# 目 录

一、建设项目基本情况...  
二、建设项目工程分析. .18  
三、区域环境质量现状、环境保护目标及评价标准. .27  
四、主要环境影响和保护措施.."
2022_佛环0304环审〔2022〕99号  佛山市生态环境局关于佛山市顺德区钜瑝精密五金制造有限公司迁扩建项目环境影响报告表的批复.pdf,80,E:\软件\mineru_extracted\2023_2023年10月12日建设项目环境影响报告书（表）受理公告（杏坛）_1_mineru\full.md,2023_2023年10月12日建设项目环境影响报告书（表）受理公告（杏坛）_1_mineru,report,佛山市顺德区钜瑝精密五金制造有限公司迁,佛环0304环审〔2022〕99号,False,"# 建设项目环境影响报告表

（污染影响类）

（公示版）

项目名称： 佛山市塑裕新材料科技有限公司新建项目

建设单位（盖章）：佛山市塑裕新材料科技有限公司

编制日期：2023 年09 月

中华人民共和国生态环境部制

# 目 录

一、建设项目基本情况...  
二、建设项目工程分析. .18  
三、区域环境质量现状、环境保护目标及评价标准. .27  
四、主要环境影响和保护措施.."
2022_佛环0304环审〔2022〕第0022号 佛山市生态环境局关于佛山市顺德区欧佩家五金制品有限公司年产接线盒100万只新建项目环境影响报告表的批复.pdf,80,E:\软件\mineru_extracted\2023_2023年10月12日建设项目环境影响报告书（表）受理公告（杏坛）_1_mineru\full.md,2023_2023年10月12日建设项目环境影响报告书（表）受理公告（杏坛）_1_mineru,report,佛山市顺德区欧佩家五金制品有限公司年产接线盒100万只,佛环0304环审〔2022〕第0022号,False,"# 建设项目环境影响报告表

（污染影响类）

（公示版）

项目名称： 佛山市塑裕新材料科技有限公司新建项目

建设单位（盖章）：佛山市塑裕新材料科技有限公司

编制日期：2023 年09 月

中华人民共和国生态环境部制

# 目 录

一、建设项目基本情况...  
二、建设项目工程分析. .18  
三、区域环境质量现状、环境保护目标及评价标准. .27  
四、主要环境影响和保护措施.."
2022_佛环0304环审〔2022〕第0027号  佛山市生态环境局关于佛山市顺德区聚彩包装厂年产纸箱120万个新建项目环境影响报告表的批复.pdf,80,E:\软件\mineru_extracted\2023_2023年10月12日建设项目环境影响报告书（表）受理公告（杏坛）_1_mineru\full.md,2023_2023年10月12日建设项目环境影响报告书（表）受理公告（杏坛）_1_mineru,report,佛山市顺德区聚彩包装厂年产纸箱120万个,佛环0304环审〔2022〕第0027号,False,"# 建设项目环境影响报告表

（污染影响类）

（公示版）

项目名称： 佛山市塑裕新材料科技有限公司新建项目

建设单位（盖章）：佛山市塑裕新材料科技有限公司

编制日期：2023 年09 月

中华人民共和国生态环境部制

# 目 录

一、建设项目基本情况...  
二、建设项目工程分析. .18  
三、区域环境质量现状、环境保护目标及评价标准. .27  
四、主要环境影响和保护措施.."
2022_佛环0304环审〔2022〕第0028号  佛山市生态环境局关于佛山市顺德区速注塑料五金制品有限公司新建项目环境影响报告表的批复.pdf,80,E:\软件\mineru_extracted\2023_2023年10月12日建设项目环境影响报告书（表）受理公告（杏坛）_1_mineru\full.md,2023_2023年10月12日建设项目环境影响报告书（表）受理公告（杏坛）_1_mineru,report,佛山市顺德区速注塑料五金制品有限公司,佛环0304环审〔2022〕第0028号,False,"# 建设项目环境影响报告表

（污染影响类）

（公示版）

项目名称： 佛山市塑裕新材料科技有限公司新建项目

建设单位（盖章）：佛山市塑裕新材料科技有限公司

编制日期：2023 年09 月

中华人民共和国生态环境部制

# 目 录

一、建设项目基本情况...  
二、建设项目工程分析. .18  
三、区域环境质量现状、环境保护目标及评价标准. .27  
四、主要环境影响和保护措施.."
2022_佛环0304环审〔2022〕第0038号  佛山市生态环境局关于佛山市顺德区长莱密封新材料有限公司新建项目环境影响报告表的批复.pdf,80,E:\软件\mineru_extracted\2023_2023年10月12日建设项目环境影响报告书（表）受理公告（杏坛）_1_mineru\full.md,2023_2023年10月12日建设项目环境影响报告书（表）受理公告（杏坛）_1_mineru,report,佛山市顺德区长莱密封新材料有限公司,佛环0304环审〔2022〕第0038号,False,"# 建设项目环境影响报告表

（污染影响类）

（公示版）

项目名称： 佛山市塑裕新材料科技有限公司新建项目

建设单位（盖章）：佛山市塑裕新材料科技有限公司

编制日期：2023 年09 月

中华人民共和国生态环境部制

# 目 录

一、建设项目基本情况...  
二、建设项目工程分析. .18  
三、区域环境质量现状、环境保护目标及评价标准. .27  
四、主要环境影响和保护措施.."
2022_佛环0304环审〔2022〕第0040号  佛山市生态环境局关于佛山市顺德区勒流德田塑料制品厂新建项目环境影响报告表的批复.pdf,80,E:\软件\mineru_extracted\2023_2023年10月12日建设项目环境影响报告书（表）受理公告（杏坛）_1_mineru\full.md,2023_2023年10月12日建设项目环境影响报告书（表）受理公告（杏坛）_1_mineru,report,佛山市顺德区勒流德田塑料制品厂,佛环0304环审〔2022〕第0040号,False,"# 建设项目环境影响报告表

（污染影响类）

（公示版）

项目名称： 佛山市塑裕新材料科技有限公司新建项目

建设单位（盖章）：佛山市塑裕新材料科技有限公司

编制日期：2023 年09 月

中华人民共和国生态环境部制

# 目 录

一、建设项目基本情况...  
二、建设项目工程分析. .18  
三、区域环境质量现状、环境保护目标及评价标准. .27  
四、主要环境影响和保护措施.."
2022_佛环0304环审〔2022〕第0043号  佛山市生态环境局关于佛山市顺德区凯森特塑料制品有限公司年产1400吨PS塑料板迁扩建项目环境影响报告表的批复.pdf,80,E:\软件\mineru_extracted\2023_2023年10月12日建设项目环境影响报告书（表）受理公告（杏坛）_1_mineru\full.md,2023_2023年10月12日建设项目环境影响报告书（表）受理公告（杏坛）_1_mineru,report,佛山市顺德区凯森特塑料制品有限公司年产1400吨PS塑料板迁,佛环0304环审〔2022〕第0043号,False,"# 建设项目环境影响报告表

（污染影响类）

（公示版）

项目名称： 佛山市塑裕新材料科技有限公司新建项目

建设单位（盖章）：佛山市塑裕新材料科技有限公司

编制日期：2023 年09 月

中华人民共和国生态环境部制

# 目 录

一、建设项目基本情况...  
二、建设项目工程分析. .18  
三、区域环境质量现状、环境保护目标及评价标准. .27  
四、主要环境影响和保护措施.."
2022_佛环0304环审〔2022〕第0044号  佛山市生态环境局关于佛山市顺德区美和智能电器有限公司年产开关插座160万只新建项目环境影响报告表的批复.pdf,80,E:\软件\mineru_extracted\2023_2023年10月12日建设项目环境影响报告书（表）受理公告（杏坛）_1_mineru\full.md,2023_2023年10月12日建设项目环境影响报告书（表）受理公告（杏坛）_1_mineru,report,佛山市顺德区美和智能电器有限公司年产开关插座160万只,佛环0304环审〔2022〕第0044号,False,"# 建设项目环境影响报告表

（污染影响类）

（公示版）

项目名称： 佛山市塑裕新材料科技有限公司新建项目

建设单位（盖章）：佛山市塑裕新材料科技有限公司

编制日期：2023 年09 月

中华人民共和国生态环境部制

# 目 录

一、建设项目基本情况...  
二、建设项目工程分析. .18  
三、区域环境质量现状、环境保护目标及评价标准. .27  
四、主要环境影响和保护措施.."
2022_佛环0304环审〔2022〕第0048号  佛山市生态环境局关于佛山市顺德区科昂科技有限公司新建项目环境影响报告表的批复.pdf,80,E:\软件\mineru_extracted\2023_2023年10月12日建设项目环境影响报告书（表）受理公告（杏坛）_1_mineru\full.md,2023_2023年10月12日建设项目环境影响报告书（表）受理公告（杏坛）_1_mineru,report,佛山市顺德区科昂科技有限公司,佛环0304环审〔2022〕第0048号,False,"# 建设项目环境影响报告表

（污染影响类）

（公示版）

项目名称： 佛山市塑裕新材料科技有限公司新建项目

建设单位（盖章）：佛山市塑裕新材料科技有限公司

编制日期：2023 年09 月

中华人民共和国生态环境部制

# 目 录

一、建设项目基本情况...  
二、建设项目工程分析. .18  
三、区域环境质量现状、环境保护目标及评价标准. .27  
四、主要环境影响和保护措施.."
2022_佛环0304环审〔2022〕第0050号  佛山市生态环境局关于佛山市顺德区泰合宝和新型材料有限公司新建项目环境影响报告表的批复.pdf,80,E:\软件\mineru_extracted\2023_2023年10月12日建设项目环境影响报告书（表）受理公告（杏坛）_1_mineru\full.md,2023_2023年10月12日建设项目环境影响报告书（表）受理公告（杏坛）_1_mineru,report,佛山市顺德区泰合宝和新型材料有限公司,佛环0304环审〔2022〕第0050号,False,"# 建设项目环境影响报告表

（污染影响类）

（公示版）

项目名称： 佛山市塑裕新材料科技有限公司新建项目

建设单位（盖章）：佛山市塑裕新材料科技有限公司

编制日期：2023 年09 月

中华人民共和国生态环境部制

# 目 录

一、建设项目基本情况...  
二、建设项目工程分析. .18  
三、区域环境质量现状、环境保护目标及评价标准. .27  
四、主要环境影响和保护措施.."
2022_佛环0304环审〔2022〕第0058号  佛山市生态环境局关于佛山市顺德区溢塑塑料五金制品有限公司新建项目环境影响报告表的批复.pdf,80,E:\软件\mineru_extracted\2023_2023年10月12日建设项目环境影响报告书（表）受理公告（杏坛）_1_mineru\full.md,2023_2023年10月12日建设项目环境影响报告书（表）受理公告（杏坛）_1_mineru,report,佛山市顺德区溢塑塑料五金制品有限公司,佛环0304环审〔2022〕第0058号,False,"# 建设项目环境影响报告表

（污染影响类）

（公示版）

项目名称： 佛山市塑裕新材料科技有限公司新建项目

建设单位（盖章）：佛山市塑裕新材料科技有限公司

编制日期：2023 年09 月

中华人民共和国生态环境部制

# 目 录

一、建设项目基本情况...  
二、建设项目工程分析. .18  
三、区域环境质量现状、环境保护目标及评价标准. .27  
四、主要环境影响和保护措施.."
2022_佛环0304环审〔2022〕第0059号  佛山市生态环境局关于佛山市顺德区勒流得富文具厂新建项目环境影响报告表的批复.pdf,80,E:\软件\mineru_extracted\2023_2023年10月12日建设项目环境影响报告书（表）受理公告（杏坛）_1_mineru\full.md,2023_2023年10月12日建设项目环境影响报告书（表）受理公告（杏坛）_1_mineru,report,佛山市顺德区勒流得富文具厂,佛环0304环审〔2022〕第0059号,False,"# 建设项目环境影响报告表

（污染影响类）

（公示版）

项目名称： 佛山市塑裕新材料科技有限公司新建项目

建设单位（盖章）：佛山市塑裕新材料科技有限公司

编制日期：2023 年09 月

中华人民共和国生态环境部制

# 目 录

一、建设项目基本情况...  
二、建设项目工程分析. .18  
三、区域环境质量现状、环境保护目标及评价标准. .27  
四、主要环境影响和保护措施.."
2022_佛环0304环审〔2022〕第0060号  佛山市生态环境局关于佛山市顺德区勒流众盛塑料制品厂新建项目目环境影响报告表的批复.pdf,80,E:\软件\mineru_extracted\2023_2023年10月12日建设项目环境影响报告书（表）受理公告（杏坛）_1_mineru\full.md,2023_2023年10月12日建设项目环境影响报告书（表）受理公告（杏坛）_1_mineru,report,佛山市顺德区勒流众盛塑料制品厂,佛环0304环审〔2022〕第0060号,False,"# 建设项目环境影响报告表

（污染影响类）

（公示版）

项目名称： 佛山市塑裕新材料科技有限公司新建项目

建设单位（盖章）：佛山市塑裕新材料科技有限公司

编制日期：2023 年09 月

中华人民共和国生态环境部制

# 目 录

一、建设项目基本情况...  
二、建设项目工程分析. .18  
三、区域环境质量现状、环境保护目标及评价标准. .27  
四、主要环境影响和保护措施.."
2022_佛环0304环审〔2022〕第0062号  佛山市生态环境局关于佛山市顺德区楚旭汽车配件厂新建项目环境影响报告表的批复.pdf,80,E:\软件\mineru_extracted\2023_2023年10月12日建设项目环境影响报告书（表）受理公告（杏坛）_1_mineru\full.md,2023_2023年10月12日建设项目环境影响报告书（表）受理公告（杏坛）_1_mineru,report,佛山市顺德区楚旭汽车配件厂,佛环0304环审〔2022〕第0062号,False,"# 建设项目环境影响报告表

（污染影响类）

（公示版）

项目名称： 佛山市塑裕新材料科技有限公司新建项目

建设单位（盖章）：佛山市塑裕新材料科技有限公司

编制日期：2023 年09 月

中华人民共和国生态环境部制

# 目 录

一、建设项目基本情况...  
二、建设项目工程分析. .18  
三、区域环境质量现状、环境保护目标及评价标准. .27  
四、主要环境影响和保护措施.."
2022_佛环0304环审〔2022〕第0064号  佛山市生态环境局关于佛山市顺德区科能实业有限公司迁扩建项目环境影响报告表的批复.pdf,80,E:\软件\mineru_extracted\2023_2023年10月12日建设项目环境影响报告书（表）受理公告（杏坛）_1_mineru\full.md,2023_2023年10月12日建设项目环境影响报告书（表）受理公告（杏坛）_1_mineru,report,佛山市顺德区科能实业有限公司迁,佛环0304环审〔2022〕第0064号,False,"# 建设项目环境影响报告表

（污染影响类）

（公示版）

项目名称： 佛山市塑裕新材料科技有限公司新建项目

建设单位（盖章）：佛山市塑裕新材料科技有限公司

编制日期：2023 年09 月

中华人民共和国生态环境部制

# 目 录

一、建设项目基本情况...  
二、建设项目工程分析. .18  
三、区域环境质量现状、环境保护目标及评价标准. .27  
四、主要环境影响和保护措施.."
2022_佛环0304环审〔2022〕第0067号  佛山市生态环境局关于佛山市顺德区顺亮美金属科技有限公司年产五金配件50万件新建项目环境影响报告表的批复.pdf,80,E:\软件\mineru_extracted\2023_2023年10月12日建设项目环境影响报告书（表）受理公告（杏坛）_1_mineru\full.md,2023_2023年10月12日建设项目环境影响报告书（表）受理公告（杏坛）_1_mineru,report,佛山市顺德区顺亮美金属科技有限公司年产五金配件50万件,佛环0304环审〔2022〕第0067号,False,"# 建设项目环境影响报告表

（污染影响类）

（公示版）

项目名称： 佛山市塑裕新材料科技有限公司新建项目

建设单位（盖章）：佛山市塑裕新材料科技有限公司

编制日期：2023 年09 月

中华人民共和国生态环境部制

# 目 录

一、建设项目基本情况...  
二、建设项目工程分析. .18  
三、区域环境质量现状、环境保护目标及评价标准. .27  
四、主要环境影响和保护措施.."
2022_佛环0304环审〔2022〕第0070号  佛山市生态环境局关于佛山市顺德区美硕金属表面技术有限公司扩建项目环境影响报告表的批复.pdf,80,E:\软件\mineru_extracted\2023_2023年10月12日建设项目环境影响报告书（表）受理公告（杏坛）_1_mineru\full.md,2023_2023年10月12日建设项目环境影响报告书（表）受理公告（杏坛）_1_mineru,report,佛山市顺德区美硕金属表面,佛环0304环审〔2022〕第0070号,False,"# 建设项目环境影响报告表

（污染影响类）

（公示版）

项目名称： 佛山市塑裕新材料科技有限公司新建项目

建设单位（盖章）：佛山市塑裕新材料科技有限公司

编制日期：2023 年09 月

中华人民共和国生态环境部制

# 目 录

一、建设项目基本情况...  
二、建设项目工程分析. .18  
三、区域环境质量现状、环境保护目标及评价标准. .27  
四、主要环境影响和保护措施.."
2022_佛环0304环审〔2022〕第0071号  佛山市生态环境局关于佛山市顺德区晨那电器有限公司年产商用食具消毒柜16500台新建项目环境影响报告表的批复(1).pdf,80,E:\软件\mineru_extracted\2023_2023年10月12日建设项目环境影响报告书（表）受理公告（杏坛）_1_mineru\full.md,2023_2023年10月12日建设项目环境影响报告书（表）受理公告（杏坛）_1_mineru,report,佛山市顺德区晨那电器有限公司年产商用食具消毒柜16500台,佛环0304环审〔2022〕第0071号,False,"# 建设项目环境影响报告表

（污染影响类）

（公示版）

项目名称： 佛山市塑裕新材料科技有限公司新建项目

建设单位（盖章）：佛山市塑裕新材料科技有限公司

编制日期：2023 年09 月

中华人民共和国生态环境部制

# 目 录

一、建设项目基本情况...  
二、建设项目工程分析. .18  
三、区域环境质量现状、环境保护目标及评价标准. .27  
四、主要环境影响和保护措施.."
2022_佛环0304环审〔2022〕第0072号  佛山市生态环境局关于佛山市顺德区新盛灿电器有限公司新建项目环境影响报告表的批复.pdf,80,E:\软件\mineru_extracted\2023_2023年10月12日建设项目环境影响报告书（表）受理公告（杏坛）_1_mineru\full.md,2023_2023年10月12日建设项目环境影响报告书（表）受理公告（杏坛）_1_mineru,report,佛山市顺德区新盛灿电器有限公司,佛环0304环审〔2022〕第0072号,False,"# 建设项目环境影响报告表

（污染影响类）

（公示版）

项目名称： 佛山市塑裕新材料科技有限公司新建项目

建设单位（盖章）：佛山市塑裕新材料科技有限公司

编制日期：2023 年09 月

中华人民共和国生态环境部制

# 目 录

一、建设项目基本情况...  
二、建设项目工程分析. .18  
三、区域环境质量现状、环境保护目标及评价标准. .27  
四、主要环境影响和保护措施.."
2022_佛环0304环审〔2022〕第0073号  佛山市生态环境局关于佛山市顺德区美讯塑料餐具包装制品有限公司迁扩建项目环境影响报告表的批复.pdf,80,E:\软件\mineru_extracted\2023_2023年10月12日建设项目环境影响报告书（表）受理公告（杏坛）_1_mineru\full.md,2023_2023年10月12日建设项目环境影响报告书（表）受理公告（杏坛）_1_mineru,report,佛山市顺德区美讯塑料餐具包装制品有限公司迁,佛环0304环审〔2022〕第0073号,False,"# 建设项目环境影响报告表

（污染影响类）

（公示版）

项目名称： 佛山市塑裕新材料科技有限公司新建项目

建设单位（盖章）：佛山市塑裕新材料科技有限公司

编制日期：2023 年09 月

中华人民共和国生态环境部制

# 目 录

一、建设项目基本情况...  
二、建设项目工程分析. .18  
三、区域环境质量现状、环境保护目标及评价标准. .27  
四、主要环境影响和保护措施.."
2022_佛环03环审〔2022〕111号佛山市生态环境局关于佛山市顺德区恒顺杰电子有限公司上华分公司建设项目建设项目环境影响报告表的批复.pdf,80,E:\软件\mineru_extracted\2023_2023年10月12日建设项目环境影响报告书（表）受理公告（杏坛）_1_mineru\full.md,2023_2023年10月12日建设项目环境影响报告书（表）受理公告（杏坛）_1_mineru,report,佛山市顺德区恒顺杰电子有限公司上华分公司,佛环03环审〔2022〕111号佛山市生态环,False,"# 建设项目环境影响报告表

（污染影响类）

（公示版）

项目名称： 佛山市塑裕新材料科技有限公司新建项目

建设单位（盖章）：佛山市塑裕新材料科技有限公司

编制日期：2023 年09 月

中华人民共和国生态环境部制

# 目 录

一、建设项目基本情况...  
二、建设项目工程分析. .18  
三、区域环境质量现状、环境保护目标及评价标准. .27  
四、主要环境影响和保护措施.."
2022_佛环03环审〔2022〕119号佛山市生态环境局关于佛山市顺德区容桂鹰扬印刷厂迁扩建项目建设项目环境影响报告表的批复.pdf,80,E:\软件\mineru_extracted\2023_2023年10月12日建设项目环境影响报告书（表）受理公告（杏坛）_1_mineru\full.md,2023_2023年10月12日建设项目环境影响报告书（表）受理公告（杏坛）_1_mineru,report,佛山市顺德区容桂鹰扬印刷厂迁,佛环03环审〔2022〕119号佛山市生态环,False,"# 建设项目环境影响报告表

（污染影响类）

（公示版）

项目名称： 佛山市塑裕新材料科技有限公司新建项目

建设单位（盖章）：佛山市塑裕新材料科技有限公司

编制日期：2023 年09 月

中华人民共和国生态环境部制

# 目 录

一、建设项目基本情况...  
二、建设项目工程分析. .18  
三、区域环境质量现状、环境保护目标及评价标准. .27  
四、主要环境影响和保护措施.."
2022_佛环03环审〔2022〕120号佛山市生态环境局关于广东菲尼环保材料有限公司迁建项目建设项目环境影响报告表的批复.pdf,80,E:\软件\mineru_extracted\2025_2025年3月6日建设项目环境影响报告书（表）受理公告（佛山市生态环境局顺德分局）_4_mineru\full.md,2025_2025年3月6日建设项目环境影响报告书（表）受理公告（佛山市生态环境局顺德分局）_4_mineru,report,广东菲尼环保材料有限公司,佛环03环审〔2022〕120号佛山市生态环,False,"# 建设项目环境影响报告表

（污染影响类）

项目名称：广东尼环保材料有限公司迁建项目

建设单位（盖章）东菲尼环保材料有限公司

编制日期：2024年1月

中华人民 竞部制

![](images/a532dab0358b6bd758bdf03cbf73d4fe012255e0e11ce5facd05ce955d6f8418.jpg)

<details>
<summary>text_ima"
2022_公示佛山市生态环境局关于佛山市顺德区宋鼎五金塑料有限公司建设项目环境影响报告表的批复.pdf,80,E:\软件\mineru_extracted\2023_2023年10月12日建设项目环境影响报告书（表）受理公告（杏坛）_1_mineru\full.md,2023_2023年10月12日建设项目环境影响报告书（表）受理公告（杏坛）_1_mineru,report,佛山市顺德区宋鼎五金塑料有限公司,,False,"# 建设项目环境影响报告表

（污染影响类）

（公示版）

项目名称： 佛山市塑裕新材料科技有限公司新建项目

建设单位（盖章）：佛山市塑裕新材料科技有限公司

编制日期：2023 年09 月

中华人民共和国生态环境部制

# 目 录

一、建设项目基本情况...  
二、建设项目工程分析. .18  
三、区域环境质量现状、环境保护目标及评价标准. .27  
四、主要环境影响和保护措施.."
2022_公示佛山市生态环境局关于佛山市顺德区帝科五金塑料有限公司扩建项目环境影响报告表的批复.pdf,80,E:\软件\mineru_extracted\2023_2023年10月12日建设项目环境影响报告书（表）受理公告（杏坛）_1_mineru\full.md,2023_2023年10月12日建设项目环境影响报告书（表）受理公告（杏坛）_1_mineru,report,佛山市顺德区帝科五金塑料有限公司,,False,"# 建设项目环境影响报告表

（污染影响类）

（公示版）

项目名称： 佛山市塑裕新材料科技有限公司新建项目

建设单位（盖章）：佛山市塑裕新材料科技有限公司

编制日期：2023 年09 月

中华人民共和国生态环境部制

# 目 录

一、建设项目基本情况...  
二、建设项目工程分析. .18  
三、区域环境质量现状、环境保护目标及评价标准. .27  
四、主要环境影响和保护措施.."
2022_公示佛山市生态环境局关于佛山市顺德区杏华家具有限公司新建项目环境影响报告表的批复.pdf,80,E:\软件\mineru_extracted\2023_2023年10月12日建设项目环境影响报告书（表）受理公告（杏坛）_1_mineru\full.md,2023_2023年10月12日建设项目环境影响报告书（表）受理公告（杏坛）_1_mineru,report,佛山市顺德区杏华家具有限公司,,False,"# 建设项目环境影响报告表

（污染影响类）

（公示版）

项目名称： 佛山市塑裕新材料科技有限公司新建项目

建设单位（盖章）：佛山市塑裕新材料科技有限公司

编制日期：2023 年09 月

中华人民共和国生态环境部制

# 目 录

一、建设项目基本情况...  
二、建设项目工程分析. .18  
三、区域环境质量现状、环境保护目标及评价标准. .27  
四、主要环境影响和保护措施.."
2022_公示佛山市生态环境局关于佛山市顺德区盈曜新材料有限公司迁建项目环境影响报告表的批复.pdf,80,E:\软件\mineru_extracted\2023_2023年10月12日建设项目环境影响报告书（表）受理公告（杏坛）_1_mineru\full.md,2023_2023年10月12日建设项目环境影响报告书（表）受理公告（杏坛）_1_mineru,report,佛山市顺德区盈曜新材料有限公司,,False,"# 建设项目环境影响报告表

（污染影响类）

（公示版）

项目名称： 佛山市塑裕新材料科技有限公司新建项目

建设单位（盖章）：佛山市塑裕新材料科技有限公司

编制日期：2023 年09 月

中华人民共和国生态环境部制

# 目 录

一、建设项目基本情况...  
二、建设项目工程分析. .18  
三、区域环境质量现状、环境保护目标及评价标准. .27  
四、主要环境影响和保护措施.."
2022_公示佛山市生态环境局关于佛山市顺德区竞骏金属材料加工厂新建项目环境影响报告表的批复.pdf,80,E:\软件\mineru_extracted\2023_2023年10月12日建设项目环境影响报告书（表）受理公告（杏坛）_1_mineru\full.md,2023_2023年10月12日建设项目环境影响报告书（表）受理公告（杏坛）_1_mineru,report,佛山市顺德区竞骏金属材料加工厂,,False,"# 建设项目环境影响报告表

（污染影响类）

（公示版）

项目名称： 佛山市塑裕新材料科技有限公司新建项目

建设单位（盖章）：佛山市塑裕新材料科技有限公司

编制日期：2023 年09 月

中华人民共和国生态环境部制

# 目 录

一、建设项目基本情况...  
二、建设项目工程分析. .18  
三、区域环境质量现状、环境保护目标及评价标准. .27  
四、主要环境影响和保护措施.."
2022_公示佛山市生态环境局关于佛山市顺德区钊河塑料五金制品有限公司改扩建项目环境影响报告表的批复.pdf,80,E:\软件\mineru_extracted\2023_2023年10月12日建设项目环境影响报告书（表）受理公告（杏坛）_1_mineru\full.md,2023_2023年10月12日建设项目环境影响报告书（表）受理公告（杏坛）_1_mineru,report,佛山市顺德区钊河塑料五金制品有限公司改,,False,"# 建设项目环境影响报告表

（污染影响类）

（公示版）

项目名称： 佛山市塑裕新材料科技有限公司新建项目

建设单位（盖章）：佛山市塑裕新材料科技有限公司

编制日期：2023 年09 月

中华人民共和国生态环境部制

# 目 录

一、建设项目基本情况...  
二、建设项目工程分析. .18  
三、区域环境质量现状、环境保护目标及评价标准. .27  
四、主要环境影响和保护措施.."
2022_关于佛山市寅凯科技有限公司新建项目环境影响报告表的批复.pdf,80,E:\软件\mineru_extracted\2024_2024年6月17日建设项目环境影响报告书（表）受理公告（北滘）_1_mineru\full.md,2024_2024年6月17日建设项目环境影响报告书（表）受理公告（北滘）_1_mineru,report,佛山市寅凯科技有限公司,,False,"# 建设项目环境影响报告表

（污染影响类）

项目名称：佛山市寅凯科技有限公司扩建项目

建设单位（盖章）：佛山市寅凯科技有限公司

编制日期： 2024 年 6 月

中华人民共和国生态环境部制

编制单位和编制人员情况表
<table><tr><td rowspan=1 colspan=1>项目编号</td><td></td><td rowspan=1 colspan=2>8r34xe</t"
2022_关于佛山市顺德区侨晟绝缘材料有限公司分车间新建项目环境影响报告表的批复.pdf,80,E:\软件\mineru_extracted\2023_2023年10月12日建设项目环境影响报告书（表）受理公告（杏坛）_1_mineru\full.md,2023_2023年10月12日建设项目环境影响报告书（表）受理公告（杏坛）_1_mineru,report,佛山市顺德区侨晟绝缘材料有限公司分车间,,False,"# 建设项目环境影响报告表

（污染影响类）

（公示版）

项目名称： 佛山市塑裕新材料科技有限公司新建项目

建设单位（盖章）：佛山市塑裕新材料科技有限公司

编制日期：2023 年09 月

中华人民共和国生态环境部制

# 目 录

一、建设项目基本情况...  
二、建设项目工程分析. .18  
三、区域环境质量现状、环境保护目标及评价标准. .27  
四、主要环境影响和保护措施.."
2022_关于佛山市顺德区凯硕精密模具自动化科技有限公司迁扩建项目环境影响报告表的批复.pdf,80,E:\软件\mineru_extracted\2023_2023年10月12日建设项目环境影响报告书（表）受理公告（杏坛）_1_mineru\full.md,2023_2023年10月12日建设项目环境影响报告书（表）受理公告（杏坛）_1_mineru,report,佛山市顺德区凯硕精密模具自动化科技有限公司迁,,False,"# 建设项目环境影响报告表

（污染影响类）

（公示版）

项目名称： 佛山市塑裕新材料科技有限公司新建项目

建设单位（盖章）：佛山市塑裕新材料科技有限公司

编制日期：2023 年09 月

中华人民共和国生态环境部制

# 目 录

一、建设项目基本情况...  
二、建设项目工程分析. .18  
三、区域环境质量现状、环境保护目标及评价标准. .27  
四、主要环境影响和保护措施.."
2022_关于佛山市顺德区北滘逸勤塑料五金厂年产压花皮保温管165吨、排水管130吨、散附件包50吨、风道板4000箱迁扩建项目环境影响报告表的批复.pdf,80,E:\软件\mineru_extracted\2023_2023年10月12日建设项目环境影响报告书（表）受理公告（杏坛）_1_mineru\full.md,2023_2023年10月12日建设项目环境影响报告书（表）受理公告（杏坛）_1_mineru,report,佛山市顺德区北滘逸勤塑料五金厂年产压花皮保温管165吨、排水管130吨、散附件包50吨、风道板4000箱迁,,False,"# 建设项目环境影响报告表

（污染影响类）

（公示版）

项目名称： 佛山市塑裕新材料科技有限公司新建项目

建设单位（盖章）：佛山市塑裕新材料科技有限公司

编制日期：2023 年09 月

中华人民共和国生态环境部制

# 目 录

一、建设项目基本情况...  
二、建设项目工程分析. .18  
三、区域环境质量现状、环境保护目标及评价标准. .27  
四、主要环境影响和保护措施.."
2022_关于佛山市顺德区北滘镇凯益橡塑五金制品厂新建项目环境影响报告表的批复.pdf,80,E:\软件\mineru_extracted\2023_2023年10月12日建设项目环境影响报告书（表）受理公告（杏坛）_1_mineru\full.md,2023_2023年10月12日建设项目环境影响报告书（表）受理公告（杏坛）_1_mineru,report,佛山市顺德区北滘镇凯益橡塑五金制品厂,,False,"# 建设项目环境影响报告表

（污染影响类）

（公示版）

项目名称： 佛山市塑裕新材料科技有限公司新建项目

建设单位（盖章）：佛山市塑裕新材料科技有限公司

编制日期：2023 年09 月

中华人民共和国生态环境部制

# 目 录

一、建设项目基本情况...  
二、建设项目工程分析. .18  
三、区域环境质量现状、环境保护目标及评价标准. .27  
四、主要环境影响和保护措施.."
2022_关于佛山市顺德区北滘镇南源西路（伦桂路至丽的花园）建设工程环境影响报告表的批复.pdf,80,E:\软件\mineru_extracted\2023_2023年10月12日建设项目环境影响报告书（表）受理公告（杏坛）_1_mineru\full.md,2023_2023年10月12日建设项目环境影响报告书（表）受理公告（杏坛）_1_mineru,report,佛山市顺德区北滘镇南源西路（伦桂路至丽的花园）,,False,"# 建设项目环境影响报告表

（污染影响类）

（公示版）

项目名称： 佛山市塑裕新材料科技有限公司新建项目

建设单位（盖章）：佛山市塑裕新材料科技有限公司

编制日期：2023 年09 月

中华人民共和国生态环境部制

# 目 录

一、建设项目基本情况...  
二、建设项目工程分析. .18  
三、区域环境质量现状、环境保护目标及评价标准. .27  
四、主要环境影响和保护措施.."
2022_关于佛山市顺德区北滘镇合成南路（济虹路至南源西路）建设工程环境影响报告表的批复.pdf,80,E:\软件\mineru_extracted\2023_2023年10月12日建设项目环境影响报告书（表）受理公告（杏坛）_1_mineru\full.md,2023_2023年10月12日建设项目环境影响报告书（表）受理公告（杏坛）_1_mineru,report,佛山市顺德区北滘镇合成南路（济虹路至南源西路）,,False,"# 建设项目环境影响报告表

（污染影响类）

（公示版）

项目名称： 佛山市塑裕新材料科技有限公司新建项目

建设单位（盖章）：佛山市塑裕新材料科技有限公司

编制日期：2023 年09 月

中华人民共和国生态环境部制

# 目 录

一、建设项目基本情况...  
二、建设项目工程分析. .18  
三、区域环境质量现状、环境保护目标及评价标准. .27  
四、主要环境影响和保护措施.."
2022_关于佛山市顺德区北滘镇合成西路（翰城至美的实验学校）建设工程环境影响报告表的批复.pdf,80,E:\软件\mineru_extracted\2023_2023年10月12日建设项目环境影响报告书（表）受理公告（杏坛）_1_mineru\full.md,2023_2023年10月12日建设项目环境影响报告书（表）受理公告（杏坛）_1_mineru,report,佛山市顺德区北滘镇合成西路（翰城至美的实验学校）,,False,"# 建设项目环境影响报告表

（污染影响类）

（公示版）

项目名称： 佛山市塑裕新材料科技有限公司新建项目

建设单位（盖章）：佛山市塑裕新材料科技有限公司

编制日期：2023 年09 月

中华人民共和国生态环境部制

# 目 录

一、建设项目基本情况...  
二、建设项目工程分析. .18  
三、区域环境质量现状、环境保护目标及评价标准. .27  
四、主要环境影响和保护措施.."
2022_关于佛山市顺德区北滘镇坤洲智盛电器实业有限公司迁扩建项目环境影响报告表的批复.pdf,80,E:\软件\mineru_extracted\2023_2023年10月12日建设项目环境影响报告书（表）受理公告（杏坛）_1_mineru\full.md,2023_2023年10月12日建设项目环境影响报告书（表）受理公告（杏坛）_1_mineru,report,佛山市顺德区北滘镇坤洲智盛电器实业有限公司迁,,False,"# 建设项目环境影响报告表

（污染影响类）

（公示版）

项目名称： 佛山市塑裕新材料科技有限公司新建项目

建设单位（盖章）：佛山市塑裕新材料科技有限公司

编制日期：2023 年09 月

中华人民共和国生态环境部制

# 目 录

一、建设项目基本情况...  
二、建设项目工程分析. .18  
三、区域环境质量现状、环境保护目标及评价标准. .27  
四、主要环境影响和保护措施.."
2022_关于佛山市顺德区北滘镇振德包装彩印厂迁改扩建项目环境影响报告表的批复.pdf,80,E:\软件\mineru_extracted\2023_2023年10月12日建设项目环境影响报告书（表）受理公告（杏坛）_1_mineru\full.md,2023_2023年10月12日建设项目环境影响报告书（表）受理公告（杏坛）_1_mineru,report,佛山市顺德区北滘镇振德包装彩印厂迁改,,False,"# 建设项目环境影响报告表

（污染影响类）

（公示版）

项目名称： 佛山市塑裕新材料科技有限公司新建项目

建设单位（盖章）：佛山市塑裕新材料科技有限公司

编制日期：2023 年09 月

中华人民共和国生态环境部制

# 目 录

一、建设项目基本情况...  
二、建设项目工程分析. .18  
三、区域环境质量现状、环境保护目标及评价标准. .27  
四、主要环境影响和保护措施.."
2022_关于佛山市顺德区北滘镇星榆印刷厂年产IMD覆膜件控制面板480万件新建项目环境影响报告表的批复.pdf,80,E:\软件\mineru_extracted\2023_2023年10月12日建设项目环境影响报告书（表）受理公告（杏坛）_1_mineru\full.md,2023_2023年10月12日建设项目环境影响报告书（表）受理公告（杏坛）_1_mineru,report,佛山市顺德区北滘镇星榆印刷厂年产IMD覆膜件控制面板480万件,,False,"# 建设项目环境影响报告表

（污染影响类）

（公示版）

项目名称： 佛山市塑裕新材料科技有限公司新建项目

建设单位（盖章）：佛山市塑裕新材料科技有限公司

编制日期：2023 年09 月

中华人民共和国生态环境部制

# 目 录

一、建设项目基本情况...  
二、建设项目工程分析. .18  
三、区域环境质量现状、环境保护目标及评价标准. .27  
四、主要环境影响和保护措施.."
2022_关于佛山市顺德区北滘镇济虹路（伦桂路至合成南路）建设工程环境影响报告表的批复.pdf,80,E:\软件\mineru_extracted\2023_2023年10月12日建设项目环境影响报告书（表）受理公告（杏坛）_1_mineru\full.md,2023_2023年10月12日建设项目环境影响报告书（表）受理公告（杏坛）_1_mineru,report,佛山市顺德区北滘镇济虹路（伦桂路至合成南路）,,False,"# 建设项目环境影响报告表

（污染影响类）

（公示版）

项目名称： 佛山市塑裕新材料科技有限公司新建项目

建设单位（盖章）：佛山市塑裕新材料科技有限公司

编制日期：2023 年09 月

中华人民共和国生态环境部制

# 目 录

一、建设项目基本情况...  
二、建设项目工程分析. .18  
三、区域环境质量现状、环境保护目标及评价标准. .27  
四、主要环境影响和保护措施.."
2022_关于佛山市顺德区北滘镇美雅尔喷涂有限公司扩建项目环境影响报告表的批复.pdf,80,E:\软件\mineru_extracted\2023_2023年10月12日建设项目环境影响报告书（表）受理公告（杏坛）_1_mineru\full.md,2023_2023年10月12日建设项目环境影响报告书（表）受理公告（杏坛）_1_mineru,report,佛山市顺德区北滘镇美雅尔喷涂有限公司,,False,"# 建设项目环境影响报告表

（污染影响类）

（公示版）

项目名称： 佛山市塑裕新材料科技有限公司新建项目

建设单位（盖章）：佛山市塑裕新材料科技有限公司

编制日期：2023 年09 月

中华人民共和国生态环境部制

# 目 录

一、建设项目基本情况...  
二、建设项目工程分析. .18  
三、区域环境质量现状、环境保护目标及评价标准. .27  
四、主要环境影响和保护措施.."
2022_关于佛山市顺德区北滘镇鸿源路工程建设项目环境影响报告表的批复.pdf,80,E:\软件\mineru_extracted\2023_2023年10月12日建设项目环境影响报告书（表）受理公告（杏坛）_1_mineru\full.md,2023_2023年10月12日建设项目环境影响报告书（表）受理公告（杏坛）_1_mineru,report,佛山市顺德区北滘镇鸿源路工程,,False,"# 建设项目环境影响报告表

（污染影响类）

（公示版）

项目名称： 佛山市塑裕新材料科技有限公司新建项目

建设单位（盖章）：佛山市塑裕新材料科技有限公司

编制日期：2023 年09 月

中华人民共和国生态环境部制

# 目 录

一、建设项目基本情况...  
二、建设项目工程分析. .18  
三、区域环境质量现状、环境保护目标及评价标准. .27  
四、主要环境影响和保护措施.."
2022_关于佛山市顺德区嵘海汽车科技有限公司迁扩建项目环境影响报告表的批复.pdf,80,E:\软件\mineru_extracted\2023_2023年10月12日建设项目环境影响报告书（表）受理公告（杏坛）_1_mineru\full.md,2023_2023年10月12日建设项目环境影响报告书（表）受理公告（杏坛）_1_mineru,report,佛山市顺德区嵘海汽车科技有限公司迁,,False,"# 建设项目环境影响报告表

（污染影响类）

（公示版）

项目名称： 佛山市塑裕新材料科技有限公司新建项目

建设单位（盖章）：佛山市塑裕新材料科技有限公司

编制日期：2023 年09 月

中华人民共和国生态环境部制

# 目 录

一、建设项目基本情况...  
二、建设项目工程分析. .18  
三、区域环境质量现状、环境保护目标及评价标准. .27  
四、主要环境影响和保护措施.."
2022_关于佛山市顺德区志信塑胶制品有限公司迁扩建项目环境影响报告表的批复.pdf,80,E:\软件\mineru_extracted\2023_2023年10月12日建设项目环境影响报告书（表）受理公告（杏坛）_1_mineru\full.md,2023_2023年10月12日建设项目环境影响报告书（表）受理公告（杏坛）_1_mineru,report,佛山市顺德区志信塑胶制品有限公司迁,,False,"# 建设项目环境影响报告表

（污染影响类）

（公示版）

项目名称： 佛山市塑裕新材料科技有限公司新建项目

建设单位（盖章）：佛山市塑裕新材料科技有限公司

编制日期：2023 年09 月

中华人民共和国生态环境部制

# 目 录

一、建设项目基本情况...  
二、建设项目工程分析. .18  
三、区域环境质量现状、环境保护目标及评价标准. .27  
四、主要环境影响和保护措施.."
2022_关于佛山市顺德区森泰科电器制造有限公司迁扩建项目环境影响报告表的批复.pdf,80,E:\软件\mineru_extracted\2023_2023年10月12日建设项目环境影响报告书（表）受理公告（杏坛）_1_mineru\full.md,2023_2023年10月12日建设项目环境影响报告书（表）受理公告（杏坛）_1_mineru,report,佛山市顺德区森泰科电器制造有限公司迁,,False,"# 建设项目环境影响报告表

（污染影响类）

（公示版）

项目名称： 佛山市塑裕新材料科技有限公司新建项目

建设单位（盖章）：佛山市塑裕新材料科技有限公司

编制日期：2023 年09 月

中华人民共和国生态环境部制

# 目 录

一、建设项目基本情况...  
二、建设项目工程分析. .18  
三、区域环境质量现状、环境保护目标及评价标准. .27  
四、主要环境影响和保护措施.."
2022_关于佛山市顺德区永智盛橡塑科技有限公司新建项目环境影响报告表的批复.pdf,80,E:\软件\mineru_extracted\2023_2023年10月12日建设项目环境影响报告书（表）受理公告（杏坛）_1_mineru\full.md,2023_2023年10月12日建设项目环境影响报告书（表）受理公告（杏坛）_1_mineru,report,佛山市顺德区永智盛橡塑科技有限公司,,False,"# 建设项目环境影响报告表

（污染影响类）

（公示版）

项目名称： 佛山市塑裕新材料科技有限公司新建项目

建设单位（盖章）：佛山市塑裕新材料科技有限公司

编制日期：2023 年09 月

中华人民共和国生态环境部制

# 目 录

一、建设项目基本情况...  
二、建设项目工程分析. .18  
三、区域环境质量现状、环境保护目标及评价标准. .27  
四、主要环境影响和保护措施.."
2022_关于佛山市顺德区磐泰特种线材有限公司迁扩建项目环境影响报告表的批复.pdf,80,E:\软件\mineru_extracted\2023_2023年10月12日建设项目环境影响报告书（表）受理公告（杏坛）_1_mineru\full.md,2023_2023年10月12日建设项目环境影响报告书（表）受理公告（杏坛）_1_mineru,report,佛山市顺德区磐泰特种线材有限公司迁,,False,"# 建设项目环境影响报告表

（污染影响类）

（公示版）

项目名称： 佛山市塑裕新材料科技有限公司新建项目

建设单位（盖章）：佛山市塑裕新材料科技有限公司

编制日期：2023 年09 月

中华人民共和国生态环境部制

# 目 录

一、建设项目基本情况...  
二、建设项目工程分析. .18  
三、区域环境质量现状、环境保护目标及评价标准. .27  
四、主要环境影响和保护措施.."
2022_关于佛山市顺德区美的饮水机制造有限公司注塑车间改扩建项目环境影响报告表的批复.pdf,80,E:\软件\mineru_extracted\2023_2023年10月12日建设项目环境影响报告书（表）受理公告（杏坛）_1_mineru\full.md,2023_2023年10月12日建设项目环境影响报告书（表）受理公告（杏坛）_1_mineru,report,佛山市顺德区美的饮水机制造有限公司注塑车间改,,False,"# 建设项目环境影响报告表

（污染影响类）

（公示版）

项目名称： 佛山市塑裕新材料科技有限公司新建项目

建设单位（盖章）：佛山市塑裕新材料科技有限公司

编制日期：2023 年09 月

中华人民共和国生态环境部制

# 目 录

一、建设项目基本情况...  
二、建设项目工程分析. .18  
三、区域环境质量现状、环境保护目标及评价标准. .27  
四、主要环境影响和保护措施.."
2022_关于佛山市顺德区茂高塑料模具有限公司改扩建项目环境影响报告表的批复.pdf,80,E:\软件\mineru_extracted\2023_2023年10月12日建设项目环境影响报告书（表）受理公告（杏坛）_1_mineru\full.md,2023_2023年10月12日建设项目环境影响报告书（表）受理公告（杏坛）_1_mineru,report,佛山市顺德区茂高塑料模具有限公司改,,False,"# 建设项目环境影响报告表

（污染影响类）

（公示版）

项目名称： 佛山市塑裕新材料科技有限公司新建项目

建设单位（盖章）：佛山市塑裕新材料科技有限公司

编制日期：2023 年09 月

中华人民共和国生态环境部制

# 目 录

一、建设项目基本情况...  
二、建设项目工程分析. .18  
三、区域环境质量现状、环境保护目标及评价标准. .27  
四、主要环境影响和保护措施.."
2022_关于佛山市顺德区讯德电子电器有限公司年产9500万个电容器迁扩建项目环境影响报告表的批复.pdf,80,E:\软件\mineru_extracted\2023_2023年10月12日建设项目环境影响报告书（表）受理公告（杏坛）_1_mineru\full.md,2023_2023年10月12日建设项目环境影响报告书（表）受理公告（杏坛）_1_mineru,report,佛山市顺德区讯德电子电器有限公司年产9500万个电容器迁,,False,"# 建设项目环境影响报告表

（污染影响类）

（公示版）

项目名称： 佛山市塑裕新材料科技有限公司新建项目

建设单位（盖章）：佛山市塑裕新材料科技有限公司

编制日期：2023 年09 月

中华人民共和国生态环境部制

# 目 录

一、建设项目基本情况...  
二、建设项目工程分析. .18  
三、区域环境质量现状、环境保护目标及评价标准. .27  
四、主要环境影响和保护措施.."
2022_关于佛山市顺德区顺美莱电子实业有限公司迁扩建项目环境影响报告表的批复.pdf,80,E:\软件\mineru_extracted\2023_2023年10月12日建设项目环境影响报告书（表）受理公告（杏坛）_1_mineru\full.md,2023_2023年10月12日建设项目环境影响报告书（表）受理公告（杏坛）_1_mineru,report,佛山市顺德区顺美莱电子实业有限公司迁,,False,"# 建设项目环境影响报告表

（污染影响类）

（公示版）

项目名称： 佛山市塑裕新材料科技有限公司新建项目

建设单位（盖章）：佛山市塑裕新材料科技有限公司

编制日期：2023 年09 月

中华人民共和国生态环境部制

# 目 录

一、建设项目基本情况...  
二、建设项目工程分析. .18  
三、区域环境质量现状、环境保护目标及评价标准. .27  
四、主要环境影响和保护措施.."
2022_关于佛山市顺德区骏威宝金属制品有限公司搬迁改扩建项目环境影响报告表的批复.pdf,80,E:\软件\mineru_extracted\2023_2023年10月12日建设项目环境影响报告书（表）受理公告（杏坛）_1_mineru\full.md,2023_2023年10月12日建设项目环境影响报告书（表）受理公告（杏坛）_1_mineru,report,佛山市顺德区骏威宝金属制品有限公司搬迁改,,False,"# 建设项目环境影响报告表

（污染影响类）

（公示版）

项目名称： 佛山市塑裕新材料科技有限公司新建项目

建设单位（盖章）：佛山市塑裕新材料科技有限公司

编制日期：2023 年09 月

中华人民共和国生态环境部制

# 目 录

一、建设项目基本情况...  
二、建设项目工程分析. .18  
三、区域环境质量现状、环境保护目标及评价标准. .27  
四、主要环境影响和保护措施.."
2022_关于佛山市顺德鸿成电器实业有限公司北滘分公司新建项目环境影响报告表的批复.pdf,80,E:\软件\mineru_extracted\2024_2024年12月27日建设项目环境影响报告书（表）受理公告（佛山市生态环境局顺德分局）_2_mineru\full.md,2024_2024年12月27日建设项目环境影响报告书（表）受理公告（佛山市生态环境局顺德分局）_2_mineru,report,佛山市顺德鸿成电器实业有限公司北滘分公司,,False,"# 建设项目环境影响报告表

（污染影响类）

项目名称：佛山市顺德区鸿铁电器器业有限公司新建项目

建设单位（盖章）：佛山市顺德鸿铁实业有限公司

编制日期：2024年9月

![](images/bcf2675553f8ae5379e318f27eb94b85949d4ea0c61343eb3e0e8dab2673e133.jpg)  
佛山市 4406064231435

中华人民共和国生态"
2022_关于广东美的暖通设备有限公司改扩建项目环境影响报告表的批复.pdf,80,E:\软件\mineru_extracted\2024_2024年4月16日建设项目环境影响报告书（表）受理公告（北滘）_2_mineru\full.md,2024_2024年4月16日建设项目环境影响报告书（表）受理公告（北滘）_2_mineru,report,广东美的暖通设备有限公司改,,False,"# 建设项目环境影响报告表

（污染影响类）

项目名称：广东美的暖通设备有限公司扩建项目

建设单位（盖章）：广东美的暖通设备有限公司

编制日期： 2024 年 3 月

中华人民共和国生态环境部制

编制单位和编制人员情况表
<table><tr><td rowspan=1 colspan=2>项目编号</td><td rowspan=1 colspan=2>pju2an</td></tr>"
2022_（佛环0304环审【2022】第0001号）佛山市生态环境局关于佛山市顺德区新凯明印刷有限公司迁扩建项目环境影响报告表的批复.pdf,80,E:\软件\mineru_extracted\2023_2023年10月12日建设项目环境影响报告书（表）受理公告（杏坛）_1_mineru\full.md,2023_2023年10月12日建设项目环境影响报告书（表）受理公告（杏坛）_1_mineru,report,佛山市顺德区新凯明印刷有限公司迁,佛环0304环审【2022】第0001号）佛,False,"# 建设项目环境影响报告表

（污染影响类）

（公示版）

项目名称： 佛山市塑裕新材料科技有限公司新建项目

建设单位（盖章）：佛山市塑裕新材料科技有限公司

编制日期：2023 年09 月

中华人民共和国生态环境部制

# 目 录

一、建设项目基本情况...  
二、建设项目工程分析. .18  
三、区域环境质量现状、环境保护目标及评价标准. .27  
四、主要环境影响和保护措施.."
2022_（佛环0304环审〔2022〕89号）佛山市生态环境局关于佛山市顺德区旺海饲料实业有限公司改扩建项目环境影响报告表的批复.pdf,80,E:\软件\mineru_extracted\2023_2023年10月12日建设项目环境影响报告书（表）受理公告（杏坛）_1_mineru\full.md,2023_2023年10月12日建设项目环境影响报告书（表）受理公告（杏坛）_1_mineru,report,佛山市顺德区旺海饲料实业有限公司改,佛环0304环审〔2022〕89号）佛山市生,False,"# 建设项目环境影响报告表

（污染影响类）

（公示版）

项目名称： 佛山市塑裕新材料科技有限公司新建项目

建设单位（盖章）：佛山市塑裕新材料科技有限公司

编制日期：2023 年09 月

中华人民共和国生态环境部制

# 目 录

一、建设项目基本情况...  
二、建设项目工程分析. .18  
三、区域环境质量现状、环境保护目标及评价标准. .27  
四、主要环境影响和保护措施.."
2023_佛山市生态环境局关于佛山东澳电热制品有限公司新建项目环境影响报告表的批复.pdf,80,E:\软件\mineru_extracted\2023_2023年3月3日建设项目环境影响报告受理公告（容桂）_2_mineru\full.md,2023_2023年3月3日建设项目环境影响报告受理公告（容桂）_2_mineru,report,佛山东澳电热制品有限公司,,False,"# 建设项目环境影响报告表

项目名称：佛山东电热制品限公司新建项目

![](images/95df5e2c05d748a249142ef60ecf2d70bce242e485bfdccd62ac876dc8c70ba3.jpg)

<details>
<summary>text_image</summary>

保有限公司
生态环境部制
</details>

编制单位和编制人员情况表

<t"
2023_佛山市生态环境局关于佛山市卓展电器科技有限公司迁扩建项目环境影响报告表的批复.pdf,80,E:\软件\mineru_extracted\2023_2023年9月6日建设项目环境影响报告受理公告（容桂）_mineru\full.md,2023_2023年9月6日建设项目环境影响报告受理公告（容桂）_mineru,report,佛山市卓展电器科技有限公司迁,,False,"# 建设项目环境影响报告表

（污染影响类）

项目名称：佛山市卓展电器科技有限公司扩建项目建设单位（盖章）：佛山市卓展电器科技有限公司编制日期2023年8月

中华人民共和国生态环境部制

![](images/4580f3c1ce7ea91964602f287f7461f6a1b0b639dd09a71238c91b6ad1812ada.jpg)  
佛山市怡景环境科技有限公司 4406064"
2023_佛山市生态环境局关于佛山市银惠科技有限公司新建项目环境影响报告表的批复.pdf,80,E:\软件\mineru_extracted\2023_2023年11月14日建设项目环境影响报告受理公告（容桂）_3_mineru\full.md,2023_2023年11月14日建设项目环境影响报告受理公告（容桂）_3_mineru,report,佛山市银惠科技有限公司,,False,"# 建设项目环境影响报告表

（污染影响类）

![](images/f40ab53d325a656858cdb84dcc2aa694cfcef08fd32b5251c81425585a549cd0.jpg)

<details>
<summary>text_image</summary>

科技有限公司
技有限公司新建历
市银惠科技有限公
</details>

项目名称：佛山市银惠科

建设单"
2023_佛山市生态环境局关于佛山市顺德区万桂坊纺织品加工厂年产复合布料100万米新建项目环境影响报告表的批复.pdf,80,E:\软件\mineru_extracted\2023_2023年10月12日建设项目环境影响报告书（表）受理公告（杏坛）_1_mineru\full.md,2023_2023年10月12日建设项目环境影响报告书（表）受理公告（杏坛）_1_mineru,report,佛山市顺德区万桂坊纺织品加工厂年产复合布料100万米,,False,"# 建设项目环境影响报告表

（污染影响类）

（公示版）

项目名称： 佛山市塑裕新材料科技有限公司新建项目

建设单位（盖章）：佛山市塑裕新材料科技有限公司

编制日期：2023 年09 月

中华人民共和国生态环境部制

# 目 录

一、建设项目基本情况...  
二、建设项目工程分析. .18  
三、区域环境质量现状、环境保护目标及评价标准. .27  
四、主要环境影响和保护措施.."
2023_佛山市生态环境局关于佛山市顺德区佳佳之铭金属制品有限公司建设项目环境影响报告表的批复.pdf,80,E:\软件\mineru_extracted\2023_2023年10月12日建设项目环境影响报告书（表）受理公告（杏坛）_1_mineru\full.md,2023_2023年10月12日建设项目环境影响报告书（表）受理公告（杏坛）_1_mineru,report,佛山市顺德区佳佳之铭金属制品有限公司,,False,"# 建设项目环境影响报告表

（污染影响类）

（公示版）

项目名称： 佛山市塑裕新材料科技有限公司新建项目

建设单位（盖章）：佛山市塑裕新材料科技有限公司

编制日期：2023 年09 月

中华人民共和国生态环境部制

# 目 录

一、建设项目基本情况...  
二、建设项目工程分析. .18  
三、区域环境质量现状、环境保护目标及评价标准. .27  
四、主要环境影响和保护措施.."
2023_佛山市生态环境局关于佛山市顺德区兆志恒塑料厂新建项目环境影响报告表的批复.pdf,80,E:\软件\mineru_extracted\2023_2023年10月12日建设项目环境影响报告书（表）受理公告（杏坛）_1_mineru\full.md,2023_2023年10月12日建设项目环境影响报告书（表）受理公告（杏坛）_1_mineru,report,佛山市顺德区兆志恒塑料厂,,False,"# 建设项目环境影响报告表

（污染影响类）

（公示版）

项目名称： 佛山市塑裕新材料科技有限公司新建项目

建设单位（盖章）：佛山市塑裕新材料科技有限公司

编制日期：2023 年09 月

中华人民共和国生态环境部制

# 目 录

一、建设项目基本情况...  
二、建设项目工程分析. .18  
三、区域环境质量现状、环境保护目标及评价标准. .27  
四、主要环境影响和保护措施.."
2023_佛山市生态环境局关于佛山市顺德区卓星电器有限公司新建项目环境影响报告表的批复.pdf,80,E:\软件\mineru_extracted\2023_2023年10月12日建设项目环境影响报告书（表）受理公告（杏坛）_1_mineru\full.md,2023_2023年10月12日建设项目环境影响报告书（表）受理公告（杏坛）_1_mineru,report,佛山市顺德区卓星电器有限公司,,False,"# 建设项目环境影响报告表

（污染影响类）

（公示版）

项目名称： 佛山市塑裕新材料科技有限公司新建项目

建设单位（盖章）：佛山市塑裕新材料科技有限公司

编制日期：2023 年09 月

中华人民共和国生态环境部制

# 目 录

一、建设项目基本情况...  
二、建设项目工程分析. .18  
三、区域环境质量现状、环境保护目标及评价标准. .27  
四、主要环境影响和保护措施.."
2023_佛山市生态环境局关于佛山市顺德区大疆创新科技有限公司新建项目环境影响报告表的批复.pdf,80,E:\软件\mineru_extracted\2023_2023年10月12日建设项目环境影响报告书（表）受理公告（杏坛）_1_mineru\full.md,2023_2023年10月12日建设项目环境影响报告书（表）受理公告（杏坛）_1_mineru,report,佛山市顺德区大疆创新科技有限公司,,False,"# 建设项目环境影响报告表

（污染影响类）

（公示版）

项目名称： 佛山市塑裕新材料科技有限公司新建项目

建设单位（盖章）：佛山市塑裕新材料科技有限公司

编制日期：2023 年09 月

中华人民共和国生态环境部制

# 目 录

一、建设项目基本情况...  
二、建设项目工程分析. .18  
三、区域环境质量现状、环境保护目标及评价标准. .27  
四、主要环境影响和保护措施.."
2023_佛山市生态环境局关于佛山市顺德区容桂展汇塑料制品厂扩建项目环境影响报告表的批复.pdf,80,E:\软件\mineru_extracted\2023_2023年10月12日建设项目环境影响报告书（表）受理公告（杏坛）_1_mineru\full.md,2023_2023年10月12日建设项目环境影响报告书（表）受理公告（杏坛）_1_mineru,report,佛山市顺德区容桂展汇塑料制品厂,,False,"# 建设项目环境影响报告表

（污染影响类）

（公示版）

项目名称： 佛山市塑裕新材料科技有限公司新建项目

建设单位（盖章）：佛山市塑裕新材料科技有限公司

编制日期：2023 年09 月

中华人民共和国生态环境部制

# 目 录

一、建设项目基本情况...  
二、建设项目工程分析. .18  
三、区域环境质量现状、环境保护目标及评价标准. .27  
四、主要环境影响和保护措施.."
2023_佛山市生态环境局关于佛山市顺德区容桂永阳印刷厂迁建项目环境影响报告表的批复.pdf,80,E:\软件\mineru_extracted\2023_2023年10月12日建设项目环境影响报告书（表）受理公告（杏坛）_1_mineru\full.md,2023_2023年10月12日建设项目环境影响报告书（表）受理公告（杏坛）_1_mineru,report,佛山市顺德区容桂永阳印刷厂,,False,"# 建设项目环境影响报告表

（污染影响类）

（公示版）

项目名称： 佛山市塑裕新材料科技有限公司新建项目

建设单位（盖章）：佛山市塑裕新材料科技有限公司

编制日期：2023 年09 月

中华人民共和国生态环境部制

# 目 录

一、建设项目基本情况...  
二、建设项目工程分析. .18  
三、区域环境质量现状、环境保护目标及评价标准. .27  
四、主要环境影响和保护措施.."
2023_佛山市生态环境局关于佛山市顺德区容桂街道桂洲大道西延线（大福路至华基路段）新建工程环境影响报告表的批复.pdf,80,E:\软件\mineru_extracted\2023_2023年10月12日建设项目环境影响报告书（表）受理公告（杏坛）_1_mineru\full.md,2023_2023年10月12日建设项目环境影响报告书（表）受理公告（杏坛）_1_mineru,report,佛山市顺德区容桂街道桂洲大道西延线（大福路至华基路段）,,False,"# 建设项目环境影响报告表

（污染影响类）

（公示版）

项目名称： 佛山市塑裕新材料科技有限公司新建项目

建设单位（盖章）：佛山市塑裕新材料科技有限公司

编制日期：2023 年09 月

中华人民共和国生态环境部制

# 目 录

一、建设项目基本情况...  
二、建设项目工程分析. .18  
三、区域环境质量现状、环境保护目标及评价标准. .27  
四、主要环境影响和保护措施.."
2023_佛山市生态环境局关于佛山市顺德区帮全电子有限公司迁扩建项目环境影响报告表的批复.pdf,80,E:\软件\mineru_extracted\2023_2023年10月12日建设项目环境影响报告书（表）受理公告（杏坛）_1_mineru\full.md,2023_2023年10月12日建设项目环境影响报告书（表）受理公告（杏坛）_1_mineru,report,佛山市顺德区帮全电子有限公司迁,,False,"# 建设项目环境影响报告表

（污染影响类）

（公示版）

项目名称： 佛山市塑裕新材料科技有限公司新建项目

建设单位（盖章）：佛山市塑裕新材料科技有限公司

编制日期：2023 年09 月

中华人民共和国生态环境部制

# 目 录

一、建设项目基本情况...  
二、建设项目工程分析. .18  
三、区域环境质量现状、环境保护目标及评价标准. .27  
四、主要环境影响和保护措施.."
2023_佛山市生态环境局关于佛山市顺德区康正卫生材料有限公司迁扩建项目环境影响报告表的批复.pdf,80,E:\软件\mineru_extracted\2023_2023年10月12日建设项目环境影响报告书（表）受理公告（杏坛）_1_mineru\full.md,2023_2023年10月12日建设项目环境影响报告书（表）受理公告（杏坛）_1_mineru,report,佛山市顺德区康正卫生材料有限公司迁,,False,"# 建设项目环境影响报告表

（污染影响类）

（公示版）

项目名称： 佛山市塑裕新材料科技有限公司新建项目

建设单位（盖章）：佛山市塑裕新材料科技有限公司

编制日期：2023 年09 月

中华人民共和国生态环境部制

# 目 录

一、建设项目基本情况...  
二、建设项目工程分析. .18  
三、区域环境质量现状、环境保护目标及评价标准. .27  
四、主要环境影响和保护措施.."
2023_佛山市生态环境局关于佛山市顺德区徽煌喜塑料制品有限公司年产塑料制品5880万个新建项目环境影响报告表的批复.pdf,80,E:\软件\mineru_extracted\2023_2023年10月12日建设项目环境影响报告书（表）受理公告（杏坛）_1_mineru\full.md,2023_2023年10月12日建设项目环境影响报告书（表）受理公告（杏坛）_1_mineru,report,佛山市顺德区徽煌喜塑料制品有限公司年产塑料制品5880万个,,False,"# 建设项目环境影响报告表

（污染影响类）

（公示版）

项目名称： 佛山市塑裕新材料科技有限公司新建项目

建设单位（盖章）：佛山市塑裕新材料科技有限公司

编制日期：2023 年09 月

中华人民共和国生态环境部制

# 目 录

一、建设项目基本情况...  
二、建设项目工程分析. .18  
三、区域环境质量现状、环境保护目标及评价标准. .27  
四、主要环境影响和保护措施.."
2023_佛山市生态环境局关于佛山市顺德区湘雅塑料实业有限公司迁扩建项目环境影响报告表的批复.pdf,80,E:\软件\mineru_extracted\2023_2023年10月12日建设项目环境影响报告书（表）受理公告（杏坛）_1_mineru\full.md,2023_2023年10月12日建设项目环境影响报告书（表）受理公告（杏坛）_1_mineru,report,佛山市顺德区湘雅塑料实业有限公司迁,,False,"# 建设项目环境影响报告表

（污染影响类）

（公示版）

项目名称： 佛山市塑裕新材料科技有限公司新建项目

建设单位（盖章）：佛山市塑裕新材料科技有限公司

编制日期：2023 年09 月

中华人民共和国生态环境部制

# 目 录

一、建设项目基本情况...  
二、建设项目工程分析. .18  
三、区域环境质量现状、环境保护目标及评价标准. .27  
四、主要环境影响和保护措施.."
2023_佛山市生态环境局关于佛山市顺德区英礼纳五金塑胶制品有限公司新建项目环境影响报告表的批复.pdf,80,E:\软件\mineru_extracted\2023_2023年10月12日建设项目环境影响报告书（表）受理公告（杏坛）_1_mineru\full.md,2023_2023年10月12日建设项目环境影响报告书（表）受理公告（杏坛）_1_mineru,report,佛山市顺德区英礼纳五金塑胶制品有限公司,,False,"# 建设项目环境影响报告表

（污染影响类）

（公示版）

项目名称： 佛山市塑裕新材料科技有限公司新建项目

建设单位（盖章）：佛山市塑裕新材料科技有限公司

编制日期：2023 年09 月

中华人民共和国生态环境部制

# 目 录

一、建设项目基本情况...  
二、建设项目工程分析. .18  
三、区域环境质量现状、环境保护目标及评价标准. .27  
四、主要环境影响和保护措施.."
2023_佛山市生态环境局关于佛山市顺德区金乔电器有限公司迁扩建项目环境影响报告表的批复.pdf,80,E:\软件\mineru_extracted\2023_2023年10月12日建设项目环境影响报告书（表）受理公告（杏坛）_1_mineru\full.md,2023_2023年10月12日建设项目环境影响报告书（表）受理公告（杏坛）_1_mineru,report,佛山市顺德区金乔电器有限公司迁,,False,"# 建设项目环境影响报告表

（污染影响类）

（公示版）

项目名称： 佛山市塑裕新材料科技有限公司新建项目

建设单位（盖章）：佛山市塑裕新材料科技有限公司

编制日期：2023 年09 月

中华人民共和国生态环境部制

# 目 录

一、建设项目基本情况...  
二、建设项目工程分析. .18  
三、区域环境质量现状、环境保护目标及评价标准. .27  
四、主要环境影响和保护措施.."
2023_佛山市生态环境局关于佛山欣达胜精密科技有限公司新建项目环境影响报告表的批复.pdf,80,E:\软件\mineru_extracted\2023_2023年5月9日建设项目环境影响报告书（表）受理公告（北滘）_mineru\full.md,2023_2023年5月9日建设项目环境影响报告书（表）受理公告（北滘）_mineru,report,佛山欣达胜精密科技有限公司,,False,"# 建设项目环境影响报告表

# （污染影响类）

项目名称：佛山欣达胜精密科限公司新建项目

建设单位（盖章）：佛山欣胜精密科技有限公司

编制日期： 2023年4

中华人民共 制

![](images/302800588ab7732349ae94177154c5883877f89f16f28ee6b291646dd0f2a2b6.jpg)

<details>
<summary>text_"
2023_佛山市生态环境局关于佛山董大塑胶模具有限公司建设项目环境影响报告表的批复.pdf,80,E:\软件\mineru_extracted\2023_2023年7月5日建设项目环境影响报告书（表）受理公告（北滘）_1_mineru\full.md,2023_2023年7月5日建设项目环境影响报告书（表）受理公告（北滘）_1_mineru,report,佛山董大塑胶模具有限公司,,False,"# 建设项目环境影响报告表

（污染影响类）

![](images/9be56c13387ebea28bf93dc23d096b5b3ab26d358e1c77140306e0ef7bef0309.jpg)

<details>
<summary>text_image</summary>

大型胶模具有限公司
三
限公司建设项目
</details>

项目名称：佛山董大塑胶模具有

建设单位（"
2023_佛山市生态环境局关于华东师范大学附属顺德美的学校（二期）建设项目环境影响报告表的批复.pdf,80,E:\软件\mineru_extracted\2024_2024年8月16日建设项目环境影响报告书（表）受理公告（北滘）_mineru\full.md,2024_2024年8月16日建设项目环境影响报告书（表）受理公告（北滘）_mineru,report,华东师范大学附属顺德美的学校（二期）,,False,"# 建设项目环境影响报告表（污染影响类）

项目名称：华东师范大学第附属中学美的中学建设项目

建设单位（盖章）： 佛市顺德区育局

![](images/2a1ec27d3a8ba668f72dcced318daf8e736cefd4274e18d60f9be0a4a65ad119.jpg)  
佛山市顺德区教区局

编制日期： 2024年5月

![](images/65150723a47bc"
2023_佛山市生态环境局关于广东博成塑料制品有限公司迁扩建项目环境影响报告表的批复.pdf,80,E:\软件\mineru_extracted\2023_2023年2月15日建设项目环境影响报告受理公告（容桂）_3_mineru\full.md,2023_2023年2月15日建设项目环境影响报告受理公告（容桂）_3_mineru,report,广东博成塑料制品有限公司迁,,False,"# 建设项目环境影响报告表

（污染影响类）

项目名称：广东博成塑料制品有限公连建项目

建设单位（盖章）：广东博成塑料制品有限公司

编制日期：2022年12月

中华人民共和国生态环境部制

编制单位和编制人员情况表

<table><tr><td colspan=""2"">项目编号</td><td colspan=""3"">vj096z</td></tr><tr><td colspan=""2"""
2023_佛山市生态环境局关于广东庆多新材料科技有限公司迁扩建项目环境影响报告表的批复.pdf,80,E:\软件\mineru_extracted\2023_2023年3月2日建设项目环境影响报告书（表）受理公告（北滘）_mineru\full.md,2023_2023年3月2日建设项目环境影响报告书（表）受理公告（北滘）_mineru,report,广东庆多新材料科技有限公司迁,,False,"# 建设项目环境影响报告表

编制单位和编制人员情况表

<table><tr><td colspan=""2"">项目编号</td><td colspan=""3"">b70101</td></tr><tr><td colspan=""2"">建设项目名称</td><td colspan=""3"">广东庆多新材料科技有限公司新建项目</td></tr><tr><td colspan=""2"">建设项目类别</t"
2023_佛山市生态环境局关于广东珺悦塑料制品有限公司新建项目环境影响报告表的批复.pdf,80,E:\软件\mineru_extracted\2023_2023年2月15日建设项目环境影响报告受理公告（容桂）_2_mineru\full.md,2023_2023年2月15日建设项目环境影响报告受理公告（容桂）_2_mineru,report,广东珺悦塑料制品有限公司,,False,"# 建设项目环境影响报告表

（污染影响类）

项目名称：广东悦塑料制品有限公司新建项目

建设单位（盖章）广东珺悦塑料制品有限公司

编制日期：2022年12月

![](images/0dca4aeece02d5c02a7c98fc99b7ed1a115863b1db01479867989c45635c6fa8.jpg)

<details>
<summary>text_image</summ"
2023_佛山市生态环境局关于广东美的智能科技有限公司新建项目环境影响报告表的批复.pdf,80,E:\软件\mineru_extracted\2023_2023年10月13日建设项目环境影响报告书（表）受理公告（北滘）_mineru\full.md,2023_2023年10月13日建设项目环境影响报告书（表）受理公告（北滘）_mineru,report,广东美的智能科技有限公司,,False,"# （污染影响类）

#

目名称： 广东美的智能科技有限公司新广美的智科技有限公司2023年7

![](images/f395309fb4d3f324589b60d084cb346ab6ef0edd77ce8abd1076738e50a39ffb.jpg)

<details>
<summary>text_image</summary>

Red handwritten Chinese cha"
2023_佛环0304环审〔2022〕129号  佛山市生态环境局关于佛山市顺德区欧拓机械有限公司新建项目环境影响报告表的批复.pdf,80,E:\软件\mineru_extracted\2023_2023年10月12日建设项目环境影响报告书（表）受理公告（杏坛）_1_mineru\full.md,2023_2023年10月12日建设项目环境影响报告书（表）受理公告（杏坛）_1_mineru,report,佛山市顺德区欧拓机械有限公司,佛环0304环审〔2022〕129号,False,"# 建设项目环境影响报告表

（污染影响类）

（公示版）

项目名称： 佛山市塑裕新材料科技有限公司新建项目

建设单位（盖章）：佛山市塑裕新材料科技有限公司

编制日期：2023 年09 月

中华人民共和国生态环境部制

# 目 录

一、建设项目基本情况...  
二、建设项目工程分析. .18  
三、区域环境质量现状、环境保护目标及评价标准. .27  
四、主要环境影响和保护措施.."
2023_佛环0304环审〔2022〕130号  佛山市生态环境局关于佛山市顺德区正冠橡胶制品有限公司迁扩建项目环境影响报告表的批复.pdf,80,E:\软件\mineru_extracted\2023_2023年10月12日建设项目环境影响报告书（表）受理公告（杏坛）_1_mineru\full.md,2023_2023年10月12日建设项目环境影响报告书（表）受理公告（杏坛）_1_mineru,report,佛山市顺德区正冠橡胶制品有限公司迁,佛环0304环审〔2022〕130号,False,"# 建设项目环境影响报告表

（污染影响类）

（公示版）

项目名称： 佛山市塑裕新材料科技有限公司新建项目

建设单位（盖章）：佛山市塑裕新材料科技有限公司

编制日期：2023 年09 月

中华人民共和国生态环境部制

# 目 录

一、建设项目基本情况...  
二、建设项目工程分析. .18  
三、区域环境质量现状、环境保护目标及评价标准. .27  
四、主要环境影响和保护措施.."
2023_佛环0304环审〔2023〕16号 佛山市生态环境局关于佛山市顺德区志森塑料制品有限公司新建项目环境影响报告表的批复.pdf,80,E:\软件\mineru_extracted\2023_2023年10月12日建设项目环境影响报告书（表）受理公告（杏坛）_1_mineru\full.md,2023_2023年10月12日建设项目环境影响报告书（表）受理公告（杏坛）_1_mineru,report,佛山市顺德区志森塑料制品有限公司,佛环0304环审〔2023〕16号,False,"# 建设项目环境影响报告表

（污染影响类）

（公示版）

项目名称： 佛山市塑裕新材料科技有限公司新建项目

建设单位（盖章）：佛山市塑裕新材料科技有限公司

编制日期：2023 年09 月

中华人民共和国生态环境部制

# 目 录

一、建设项目基本情况...  
二、建设项目工程分析. .18  
三、区域环境质量现状、环境保护目标及评价标准. .27  
四、主要环境影响和保护措施.."
2023_佛环0304环审〔2023〕17号__佛山市生态环境局关于佛山市顺德区品顺为智能电器有限公司新建项目环境影响报告表的批复.pdf,80,E:\软件\mineru_extracted\2023_2023年10月12日建设项目环境影响报告书（表）受理公告（杏坛）_1_mineru\full.md,2023_2023年10月12日建设项目环境影响报告书（表）受理公告（杏坛）_1_mineru,report,佛山市顺德区品顺为智能电器有限公司,佛环0304环审〔2023〕17号__佛山市,False,"# 建设项目环境影响报告表

（污染影响类）

（公示版）

项目名称： 佛山市塑裕新材料科技有限公司新建项目

建设单位（盖章）：佛山市塑裕新材料科技有限公司

编制日期：2023 年09 月

中华人民共和国生态环境部制

# 目 录

一、建设项目基本情况...  
二、建设项目工程分析. .18  
三、区域环境质量现状、环境保护目标及评价标准. .27  
四、主要环境影响和保护措施.."
2023_佛环0304环审〔2023〕1号__佛山市生态环境局关于佛山市顺德区欧佩家五金制品有限公司迁建项目环境影响报告表的批复.pdf,80,E:\软件\mineru_extracted\2023_2023年10月12日建设项目环境影响报告书（表）受理公告（杏坛）_1_mineru\full.md,2023_2023年10月12日建设项目环境影响报告书（表）受理公告（杏坛）_1_mineru,report,佛山市顺德区欧佩家五金制品有限公司,佛环0304环审〔2023〕1号__佛山市生,False,"# 建设项目环境影响报告表

（污染影响类）

（公示版）

项目名称： 佛山市塑裕新材料科技有限公司新建项目

建设单位（盖章）：佛山市塑裕新材料科技有限公司

编制日期：2023 年09 月

中华人民共和国生态环境部制

# 目 录

一、建设项目基本情况...  
二、建设项目工程分析. .18  
三、区域环境质量现状、环境保护目标及评价标准. .27  
四、主要环境影响和保护措施.."
2023_佛环0304环审〔2023〕23号 佛山市生态环境局关于佛山市顺德区格瑞夫五金制品有限公司迁扩建项目环境影响报告表的批复.pdf,80,E:\软件\mineru_extracted\2023_2023年10月12日建设项目环境影响报告书（表）受理公告（杏坛）_1_mineru\full.md,2023_2023年10月12日建设项目环境影响报告书（表）受理公告（杏坛）_1_mineru,report,佛山市顺德区格瑞夫五金制品有限公司迁,佛环0304环审〔2023〕23号,False,"# 建设项目环境影响报告表

（污染影响类）

（公示版）

项目名称： 佛山市塑裕新材料科技有限公司新建项目

建设单位（盖章）：佛山市塑裕新材料科技有限公司

编制日期：2023 年09 月

中华人民共和国生态环境部制

# 目 录

一、建设项目基本情况...  
二、建设项目工程分析. .18  
三、区域环境质量现状、环境保护目标及评价标准. .27  
四、主要环境影响和保护措施.."
2023_佛环0304环审〔2023〕24号 佛山市生态环境局关于佛山市顺德区金翔来塑料包装制品有限公司迁扩建项目环境影响报告表的批复.pdf,80,E:\软件\mineru_extracted\2023_2023年10月12日建设项目环境影响报告书（表）受理公告（杏坛）_1_mineru\full.md,2023_2023年10月12日建设项目环境影响报告书（表）受理公告（杏坛）_1_mineru,report,佛山市顺德区金翔来塑料包装制品有限公司迁,佛环0304环审〔2023〕24号,False,"# 建设项目环境影响报告表

（污染影响类）

（公示版）

项目名称： 佛山市塑裕新材料科技有限公司新建项目

建设单位（盖章）：佛山市塑裕新材料科技有限公司

编制日期：2023 年09 月

中华人民共和国生态环境部制

# 目 录

一、建设项目基本情况...  
二、建设项目工程分析. .18  
三、区域环境质量现状、环境保护目标及评价标准. .27  
四、主要环境影响和保护措施.."
2023_佛环0304环审〔2023〕29号  佛山市生态环境局关于佛山市必酷智能科技有限公司新建项目环境影响报告表的批复.pdf,80,E:\软件\mineru_extracted\2023_2023年11月14日项目环境影响报告受理公告（勒流）_mineru\full.md,2023_2023年11月14日项目环境影响报告受理公告（勒流）_mineru,report,佛山市必酷智能科技有限公司,佛环0304环审〔2023〕29号,False,"# 建设项目环境影响报告表

# （污染影响类)

项目名称：佛山市必酷智能科技有限公司项目建设单

中华人 境部制

![](images/5cfc7690d5e43043366b1e263c7d6f1ce4a4ec006fad6db35ca65b9542264926.jpg)

<details>
<summary>text_image</summary>

环境技术部
民和固生态环
</de"
2023_佛环03环审〔2022〕113号佛山市生态环境局关于佛山市顺德区简得建材有限公司搬迁项目建设项目环境影响报告表的批复.pdf,80,E:\软件\mineru_extracted\2023_2023年10月12日建设项目环境影响报告书（表）受理公告（杏坛）_1_mineru\full.md,2023_2023年10月12日建设项目环境影响报告书（表）受理公告（杏坛）_1_mineru,report,佛山市顺德区简得建材有限公司搬迁项目,佛环03环审〔2022〕113号佛山市生态环,False,"# 建设项目环境影响报告表

（污染影响类）

（公示版）

项目名称： 佛山市塑裕新材料科技有限公司新建项目

建设单位（盖章）：佛山市塑裕新材料科技有限公司

编制日期：2023 年09 月

中华人民共和国生态环境部制

# 目 录

一、建设项目基本情况...  
二、建设项目工程分析. .18  
三、区域环境质量现状、环境保护目标及评价标准. .27  
四、主要环境影响和保护措施.."
2023_佛环03环审〔2023〕103号佛山市生态环境局关于广东省佛山市环宸磁电科技有限公司建设项目环境影响报告书的批复.pdf,80,E:\软件\mineru_extracted\2023_2023年12月28日建设项目环境影响报告书（表）受理公告（龙江）_mineru\full.md,2023_2023年12月28日建设项目环境影响报告书（表）受理公告（龙江）_mineru,report,广东省佛山市环宸磁电科技有限公司,佛环03环审〔2023〕103号佛山市生态环,False,"# 建设项目环境影响报告表

（污染影响类）

项目名称：广东省佛山市顺德区龙江西溪加油站建设项目

建设单位（盖章）：佛山市粤银油石油有限公司

编制日期：2023年11月

![](images/595651409d4faa43da7a942f960f9679af8a770601f1985ffe7b0d370f3eefc1.jpg)

<details>
<summary>text_image"
2023_佛环03环审〔2023〕35号佛山市生态环境局关于永创翔亿（佛山）新能源材料技术有限公司新建项目建设项目环境影响报告表的批复.pdf,80,E:\软件\mineru_extracted\2023_2023年4月11日建设项目环境影响报告书（表）受理公告（佛山市生态环境局顺德分局）_mineru\full.md,2023_2023年4月11日建设项目环境影响报告书（表）受理公告（佛山市生态环境局顺德分局）_mineru,report,永创翔亿（佛山）新能源材料,佛环03环审〔2023〕35号佛山市生态环境,False,"# 建设项目环境影响报告表

（污染影响类）

项目名称：永创翔亿（佛山）新能源材料技术有限公司新建项目建设单位（盖章）：永创翔亿佛山）新能源材料技术有限公司编制日期：2023年3月

中华人民共和国生

![](images/b95ff80398de6990189617068838a05d1f84b733a30c5c5e54f9b4a93f3ef551.jpg)

<details>
<summ"
2023_公示佛山市生态环境局关于佛山市塑裕新材料科技有限公司新建项目环境影响报告表的批复.pdf,80,E:\软件\mineru_extracted\2023_2023年10月12日建设项目环境影响报告书（表）受理公告（杏坛）_1_mineru\full.md,2023_2023年10月12日建设项目环境影响报告书（表）受理公告（杏坛）_1_mineru,report,佛山市塑裕新材料科技有限公司,,False,"# 建设项目环境影响报告表

（污染影响类）

（公示版）

项目名称： 佛山市塑裕新材料科技有限公司新建项目

建设单位（盖章）：佛山市塑裕新材料科技有限公司

编制日期：2023 年09 月

中华人民共和国生态环境部制

# 目 录

一、建设项目基本情况...  
二、建设项目工程分析. .18  
三、区域环境质量现状、环境保护目标及评价标准. .27  
四、主要环境影响和保护措施.."
2023_公示佛山市生态环境局关于佛山市真本包装科技有限公司新建项目环境影响报告表的批复.pdf,80,E:\软件\mineru_extracted\2023_2023年12月11日建设项目环境影响报告书（表）受理公告（杏坛）_mineru\full.md,2023_2023年12月11日建设项目环境影响报告书（表）受理公告（杏坛）_mineru,report,佛山市真本包装科技有限公司,,False,"# 建设项目环境影响报告表

（污染影响类）

项目名称：佛山市真本包装科技有限公司新建项目建设单位（盖章）：佛山市真本包装科技有限公司40606451编制日期：2023年12月

中华人民 竞部制

![](images/e729dfbc17e4925728886f10e6e1bb3c7f3c9df414d5399adf3ec8c862ae79e8.jpg)

<details>
<summar"
2023_公示佛山市生态环境局关于佛山市粤企强新材料有限公司新建项目环境影响报告表的批复.pdf,80,E:\软件\mineru_extracted\2023_2023年7月6日建设项目环境影响报告书（表）受理公告（杏坛）_mineru\full.md,2023_2023年7月6日建设项目环境影响报告书（表）受理公告（杏坛）_mineru,report,佛山市粤企强新材料有限公司,,False,"# 建设项目环境影响报告表

# (污染影响类)

![](images/2dbbff8ea6fd34d6587b7c054d3b63ba8c317923a6da3b95e3ebf0aeb0c29620.jpg)

<details>
<summary>text_image</summary>

新疆新材有限公司
995603
060645
材料有限公司新建项
</details>

项目名称：佛"
2023_公示佛山市生态环境局关于佛山市顺康荣新材料科技有限公司新建项目环境影响报告表的批复.pdf,80,E:\软件\mineru_extracted\2023_2023年12月4日建设项目环境影响报告书（表）受理公告（杏坛）_mineru\full.md,2023_2023年12月4日建设项目环境影响报告书（表）受理公告（杏坛）_mineru,report,佛山市顺康荣新材料科技有限公司,,False,"# 建设项目环境影响报告表

# （污染影响类）

项目名称：佛山市顺康荣新材料科技有限公司新建项目

建设单位（盖章）：佛山市顺康荣新材料科技有限公司

编制日期：2023 年11月

中华人民共和国生态环境部制

打印编号：1693184137000

编制单位和编制人员情况表

<table><tr><td>项目编号</td><td colspan=""2"">082vaj</td></tr><"
2023_公示佛山市生态环境局关于佛山市顺德区世环力环保材料科技有限公司迁改扩建项目环境影响报告表的批复.pdf,80,E:\软件\mineru_extracted\2023_2023年10月12日建设项目环境影响报告书（表）受理公告（杏坛）_1_mineru\full.md,2023_2023年10月12日建设项目环境影响报告书（表）受理公告（杏坛）_1_mineru,report,佛山市顺德区世环力环保材料科技有限公司迁改,,False,"# 建设项目环境影响报告表

（污染影响类）

（公示版）

项目名称： 佛山市塑裕新材料科技有限公司新建项目

建设单位（盖章）：佛山市塑裕新材料科技有限公司

编制日期：2023 年09 月

中华人民共和国生态环境部制

# 目 录

一、建设项目基本情况...  
二、建设项目工程分析. .18  
三、区域环境质量现状、环境保护目标及评价标准. .27  
四、主要环境影响和保护措施.."
2023_公示佛山市生态环境局关于佛山市顺德区优菲电器科技有限公司迁扩建项目环境影响报告表的批复.pdf,80,E:\软件\mineru_extracted\2023_2023年10月12日建设项目环境影响报告书（表）受理公告（杏坛）_1_mineru\full.md,2023_2023年10月12日建设项目环境影响报告书（表）受理公告（杏坛）_1_mineru,report,佛山市顺德区优菲电器科技有限公司迁,,False,"# 建设项目环境影响报告表

（污染影响类）

（公示版）

项目名称： 佛山市塑裕新材料科技有限公司新建项目

建设单位（盖章）：佛山市塑裕新材料科技有限公司

编制日期：2023 年09 月

中华人民共和国生态环境部制

# 目 录

一、建设项目基本情况...  
二、建设项目工程分析. .18  
三、区域环境质量现状、环境保护目标及评价标准. .27  
四、主要环境影响和保护措施.."
2023_公示佛山市生态环境局关于佛山市顺德区准一电器有限公司造粒车间新建项目环境影响报告表的批复.pdf,80,E:\软件\mineru_extracted\2023_2023年10月12日建设项目环境影响报告书（表）受理公告（杏坛）_1_mineru\full.md,2023_2023年10月12日建设项目环境影响报告书（表）受理公告（杏坛）_1_mineru,report,佛山市顺德区准一电器有限公司造粒车间,,False,"# 建设项目环境影响报告表

（污染影响类）

（公示版）

项目名称： 佛山市塑裕新材料科技有限公司新建项目

建设单位（盖章）：佛山市塑裕新材料科技有限公司

编制日期：2023 年09 月

中华人民共和国生态环境部制

# 目 录

一、建设项目基本情况...  
二、建设项目工程分析. .18  
三、区域环境质量现状、环境保护目标及评价标准. .27  
四、主要环境影响和保护措施.."
2023_公示佛山市生态环境局关于佛山市顺德区创河塑料制品有限公司改扩建项目环境影响报告表的批复.pdf,80,E:\软件\mineru_extracted\2023_2023年10月12日建设项目环境影响报告书（表）受理公告（杏坛）_1_mineru\full.md,2023_2023年10月12日建设项目环境影响报告书（表）受理公告（杏坛）_1_mineru,report,佛山市顺德区创河塑料制品有限公司改,,False,"# 建设项目环境影响报告表

（污染影响类）

（公示版）

项目名称： 佛山市塑裕新材料科技有限公司新建项目

建设单位（盖章）：佛山市塑裕新材料科技有限公司

编制日期：2023 年09 月

中华人民共和国生态环境部制

# 目 录

一、建设项目基本情况...  
二、建设项目工程分析. .18  
三、区域环境质量现状、环境保护目标及评价标准. .27  
四、主要环境影响和保护措施.."
2023_公示佛山市生态环境局关于佛山市顺德区华隆宝利材料科技有限公司搬迁扩建项目环境影响报告表的批复.pdf,80,E:\软件\mineru_extracted\2023_2023年10月12日建设项目环境影响报告书（表）受理公告（杏坛）_1_mineru\full.md,2023_2023年10月12日建设项目环境影响报告书（表）受理公告（杏坛）_1_mineru,report,佛山市顺德区华隆宝利材料科技有限公司搬迁,,False,"# 建设项目环境影响报告表

（污染影响类）

（公示版）

项目名称： 佛山市塑裕新材料科技有限公司新建项目

建设单位（盖章）：佛山市塑裕新材料科技有限公司

编制日期：2023 年09 月

中华人民共和国生态环境部制

# 目 录

一、建设项目基本情况...  
二、建设项目工程分析. .18  
三、区域环境质量现状、环境保护目标及评价标准. .27  
四、主要环境影响和保护措施.."
2023_公示佛山市生态环境局关于佛山市顺德区嘉特隆塑料制品有限公司迁扩建项目环境影响报告表的批复.pdf,80,E:\软件\mineru_extracted\2023_2023年10月12日建设项目环境影响报告书（表）受理公告（杏坛）_1_mineru\full.md,2023_2023年10月12日建设项目环境影响报告书（表）受理公告（杏坛）_1_mineru,report,佛山市顺德区嘉特隆塑料制品有限公司迁,,False,"# 建设项目环境影响报告表

（污染影响类）

（公示版）

项目名称： 佛山市塑裕新材料科技有限公司新建项目

建设单位（盖章）：佛山市塑裕新材料科技有限公司

编制日期：2023 年09 月

中华人民共和国生态环境部制

# 目 录

一、建设项目基本情况...  
二、建设项目工程分析. .18  
三、区域环境质量现状、环境保护目标及评价标准. .27  
四、主要环境影响和保护措施.."
2023_公示佛山市生态环境局关于佛山市顺德区昊亨建材有限公司新建项目环境影响报告表的批复.pdf,80,E:\软件\mineru_extracted\2023_2023年10月12日建设项目环境影响报告书（表）受理公告（杏坛）_1_mineru\full.md,2023_2023年10月12日建设项目环境影响报告书（表）受理公告（杏坛）_1_mineru,report,佛山市顺德区昊亨建材有限公司,,False,"# 建设项目环境影响报告表

（污染影响类）

（公示版）

项目名称： 佛山市塑裕新材料科技有限公司新建项目

建设单位（盖章）：佛山市塑裕新材料科技有限公司

编制日期：2023 年09 月

中华人民共和国生态环境部制

# 目 录

一、建设项目基本情况...  
二、建设项目工程分析. .18  
三、区域环境质量现状、环境保护目标及评价标准. .27  
四、主要环境影响和保护措施.."
2023_公示佛山市生态环境局关于佛山市顺德区杏坛镇毓盛包装容器制造厂迁扩建项目环境影响报告表的批复.pdf,80,E:\软件\mineru_extracted\2023_2023年10月12日建设项目环境影响报告书（表）受理公告（杏坛）_1_mineru\full.md,2023_2023年10月12日建设项目环境影响报告书（表）受理公告（杏坛）_1_mineru,report,佛山市顺德区杏坛镇毓盛包装容器制造厂迁,,False,"# 建设项目环境影响报告表

（污染影响类）

（公示版）

项目名称： 佛山市塑裕新材料科技有限公司新建项目

建设单位（盖章）：佛山市塑裕新材料科技有限公司

编制日期：2023 年09 月

中华人民共和国生态环境部制

# 目 录

一、建设项目基本情况...  
二、建设项目工程分析. .18  
三、区域环境质量现状、环境保护目标及评价标准. .27  
四、主要环境影响和保护措施.."
2023_公示佛山市生态环境局关于佛山市顺德区植俊塑料制品有限公司新建项目环境影响报告表的批复.pdf,80,E:\软件\mineru_extracted\2023_2023年10月12日建设项目环境影响报告书（表）受理公告（杏坛）_1_mineru\full.md,2023_2023年10月12日建设项目环境影响报告书（表）受理公告（杏坛）_1_mineru,report,佛山市顺德区植俊塑料制品有限公司,,False,"# 建设项目环境影响报告表

（污染影响类）

（公示版）

项目名称： 佛山市塑裕新材料科技有限公司新建项目

建设单位（盖章）：佛山市塑裕新材料科技有限公司

编制日期：2023 年09 月

中华人民共和国生态环境部制

# 目 录

一、建设项目基本情况...  
二、建设项目工程分析. .18  
三、区域环境质量现状、环境保护目标及评价标准. .27  
四、主要环境影响和保护措施.."
2023_公示佛山市生态环境局关于佛山市顺德区沃朋新材料科技有限公司新建项目环境影响报告表的批复.pdf,80,E:\软件\mineru_extracted\2023_2023年10月12日建设项目环境影响报告书（表）受理公告（杏坛）_1_mineru\full.md,2023_2023年10月12日建设项目环境影响报告书（表）受理公告（杏坛）_1_mineru,report,佛山市顺德区沃朋新材料科技有限公司,,False,"# 建设项目环境影响报告表

（污染影响类）

（公示版）

项目名称： 佛山市塑裕新材料科技有限公司新建项目

建设单位（盖章）：佛山市塑裕新材料科技有限公司

编制日期：2023 年09 月

中华人民共和国生态环境部制

# 目 录

一、建设项目基本情况...  
二、建设项目工程分析. .18  
三、区域环境质量现状、环境保护目标及评价标准. .27  
四、主要环境影响和保护措施.."
2023_公示佛山市生态环境局关于佛山市顺德区贺胜塑料五金有限公司迁扩建项目环境影响报告表的批复.pdf,80,E:\软件\mineru_extracted\2023_2023年10月12日建设项目环境影响报告书（表）受理公告（杏坛）_1_mineru\full.md,2023_2023年10月12日建设项目环境影响报告书（表）受理公告（杏坛）_1_mineru,report,佛山市顺德区贺胜塑料五金有限公司迁,,False,"# 建设项目环境影响报告表

（污染影响类）

（公示版）

项目名称： 佛山市塑裕新材料科技有限公司新建项目

建设单位（盖章）：佛山市塑裕新材料科技有限公司

编制日期：2023 年09 月

中华人民共和国生态环境部制

# 目 录

一、建设项目基本情况...  
二、建设项目工程分析. .18  
三、区域环境质量现状、环境保护目标及评价标准. .27  
四、主要环境影响和保护措施.."
2023_公示佛山市生态环境局关于佛山市顺德区顺盈达塑料五金厂新建项目环境影响报告表的批复.pdf,80,E:\软件\mineru_extracted\2023_2023年10月12日建设项目环境影响报告书（表）受理公告（杏坛）_1_mineru\full.md,2023_2023年10月12日建设项目环境影响报告书（表）受理公告（杏坛）_1_mineru,report,佛山市顺德区顺盈达塑料五金厂,,False,"# 建设项目环境影响报告表

（污染影响类）

（公示版）

项目名称： 佛山市塑裕新材料科技有限公司新建项目

建设单位（盖章）：佛山市塑裕新材料科技有限公司

编制日期：2023 年09 月

中华人民共和国生态环境部制

# 目 录

一、建设项目基本情况...  
二、建设项目工程分析. .18  
三、区域环境质量现状、环境保护目标及评价标准. .27  
四、主要环境影响和保护措施.."
2023_公示佛山市生态环境局关于佛山市顺德区骏亨光电科技有限公司迁建项目环境影响报告表的批复.pdf,80,E:\软件\mineru_extracted\2023_2023年10月12日建设项目环境影响报告书（表）受理公告（杏坛）_1_mineru\full.md,2023_2023年10月12日建设项目环境影响报告书（表）受理公告（杏坛）_1_mineru,report,佛山市顺德区骏亨光电科技有限公司,,False,"# 建设项目环境影响报告表

（污染影响类）

（公示版）

项目名称： 佛山市塑裕新材料科技有限公司新建项目

建设单位（盖章）：佛山市塑裕新材料科技有限公司

编制日期：2023 年09 月

中华人民共和国生态环境部制

# 目 录

一、建设项目基本情况...  
二、建设项目工程分析. .18  
三、区域环境质量现状、环境保护目标及评价标准. .27  
四、主要环境影响和保护措施.."
2023_公示佛山市生态环境局关于广东普瑞达科技有限公司新建项目环境影响报告表的批复.pdf,80,E:\软件\mineru_extracted\2023_2023年3月10日建设项目环境影响报告书（表）受理公告（杏坛）_mineru\full.md,2023_2023年3月10日建设项目环境影响报告书（表）受理公告（杏坛）_mineru,report,广东普瑞达科技有限公司,,False,"# 建设项目环境影响报告表

（污染影响类）

项目名称：广东普瑞达科技有限技司新建项目

建设单位（盖章）：广东普瑞达科技有限公司

编制日期： 2023年3月

中华人民共和国生态环境部制

打印编号：1669881319000

编制单位和编制人员情况表

<table><tr><td>项目编号</td><td>50bm1p</td></tr><tr><td>建设项目名称</td><td>广"
2023_关于佛山市中胜亿智能科技有限公司年产小家电控制板300万块新建项目环境影响报告表的批复.pdf,80,E:\软件\mineru_extracted\2023_2023年4月23日建设项目环境影响报告受理公告（容桂）_1_mineru\full.md,2023_2023年4月23日建设项目环境影响报告受理公告（容桂）_1_mineru,report,佛山市中胜亿智能科技有限公司年产小家电控制板300万块,,False,"# 建设项目环境影响报告表

（污染影响类）

项目名称：佛山市中胜亿智能科技有 空制板300

万块新建项目

建设单位（盖章）：佛山市中胜亿

编制日期：2023年4月

![](images/1b18f1913dcb87d1d7b6401edc9e36aac9f860e6aa7d608724b20255a86c8856.jpg)

<details>
<summary>text_image<"
2023_关于佛山市顺德区丰誉喷涂有限公司改扩建项目环境影响报告表的批复.pdf,80,E:\软件\mineru_extracted\2023_2023年10月12日建设项目环境影响报告书（表）受理公告（杏坛）_1_mineru\full.md,2023_2023年10月12日建设项目环境影响报告书（表）受理公告（杏坛）_1_mineru,report,佛山市顺德区丰誉喷涂有限公司改,,False,"# 建设项目环境影响报告表

（污染影响类）

（公示版）

项目名称： 佛山市塑裕新材料科技有限公司新建项目

建设单位（盖章）：佛山市塑裕新材料科技有限公司

编制日期：2023 年09 月

中华人民共和国生态环境部制

# 目 录

一、建设项目基本情况...  
二、建设项目工程分析. .18  
三、区域环境质量现状、环境保护目标及评价标准. .27  
四、主要环境影响和保护措施.."
2023_关于佛山市顺德区奥圣塑料五金制品有限公司搬迁扩建项目环境影响报告表的批复.pdf,80,E:\软件\mineru_extracted\2023_2023年10月12日建设项目环境影响报告书（表）受理公告（杏坛）_1_mineru\full.md,2023_2023年10月12日建设项目环境影响报告书（表）受理公告（杏坛）_1_mineru,report,佛山市顺德区奥圣塑料五金制品有限公司搬迁,,False,"# 建设项目环境影响报告表

（污染影响类）

（公示版）

项目名称： 佛山市塑裕新材料科技有限公司新建项目

建设单位（盖章）：佛山市塑裕新材料科技有限公司

编制日期：2023 年09 月

中华人民共和国生态环境部制

# 目 录

一、建设项目基本情况...  
二、建设项目工程分析. .18  
三、区域环境质量现状、环境保护目标及评价标准. .27  
四、主要环境影响和保护措施.."
2023_关于佛山市顺德区康琳电器实业有限公司改扩建项目环境影响报告表的批复.pdf,80,E:\软件\mineru_extracted\2023_2023年10月12日建设项目环境影响报告书（表）受理公告（杏坛）_1_mineru\full.md,2023_2023年10月12日建设项目环境影响报告书（表）受理公告（杏坛）_1_mineru,report,佛山市顺德区康琳电器实业有限公司改,,False,"# 建设项目环境影响报告表

（污染影响类）

（公示版）

项目名称： 佛山市塑裕新材料科技有限公司新建项目

建设单位（盖章）：佛山市塑裕新材料科技有限公司

编制日期：2023 年09 月

中华人民共和国生态环境部制

# 目 录

一、建设项目基本情况...  
二、建设项目工程分析. .18  
三、区域环境质量现状、环境保护目标及评价标准. .27  
四、主要环境影响和保护措施.."
2023_关于佛山市顺德区艺百通五金制品有限公司新建项目环境影响报告表的批复.pdf,80,E:\软件\mineru_extracted\2023_2023年10月12日建设项目环境影响报告书（表）受理公告（杏坛）_1_mineru\full.md,2023_2023年10月12日建设项目环境影响报告书（表）受理公告（杏坛）_1_mineru,report,佛山市顺德区艺百通五金制品有限公司,,False,"# 建设项目环境影响报告表

（污染影响类）

（公示版）

项目名称： 佛山市塑裕新材料科技有限公司新建项目

建设单位（盖章）：佛山市塑裕新材料科技有限公司

编制日期：2023 年09 月

中华人民共和国生态环境部制

# 目 录

一、建设项目基本情况...  
二、建设项目工程分析. .18  
三、区域环境质量现状、环境保护目标及评价标准. .27  
四、主要环境影响和保护措施.."
2023_关于佛山市顺德区诚尔威塑料制品有限公司新建项目环境影响报告表的批复.pdf,80,E:\软件\mineru_extracted\2023_2023年10月12日建设项目环境影响报告书（表）受理公告（杏坛）_1_mineru\full.md,2023_2023年10月12日建设项目环境影响报告书（表）受理公告（杏坛）_1_mineru,report,佛山市顺德区诚尔威塑料制品有限公司,,False,"# 建设项目环境影响报告表

（污染影响类）

（公示版）

项目名称： 佛山市塑裕新材料科技有限公司新建项目

建设单位（盖章）：佛山市塑裕新材料科技有限公司

编制日期：2023 年09 月

中华人民共和国生态环境部制

# 目 录

一、建设项目基本情况...  
二、建设项目工程分析. .18  
三、区域环境质量现状、环境保护目标及评价标准. .27  
四、主要环境影响和保护措施.."
2023_关于佛山市顺德区骏悦塑料五金制品有限公司新建项目环境影响报告表的批复.pdf,80,E:\软件\mineru_extracted\2023_2023年10月12日建设项目环境影响报告书（表）受理公告（杏坛）_1_mineru\full.md,2023_2023年10月12日建设项目环境影响报告书（表）受理公告（杏坛）_1_mineru,report,佛山市顺德区骏悦塑料五金制品有限公司,,False,"# 建设项目环境影响报告表

（污染影响类）

（公示版）

项目名称： 佛山市塑裕新材料科技有限公司新建项目

建设单位（盖章）：佛山市塑裕新材料科技有限公司

编制日期：2023 年09 月

中华人民共和国生态环境部制

# 目 录

一、建设项目基本情况...  
二、建设项目工程分析. .18  
三、区域环境质量现状、环境保护目标及评价标准. .27  
四、主要环境影响和保护措施.."
2023_关于广东东亚电器有限公司扩建项目建设项目环境影响报告表的批复.pdf,80,E:\软件\mineru_extracted\2023_2023年2月24日建设项目环境影响报告受理公告（容桂）_2_mineru\full.md,2023_2023年2月24日建设项目环境影响报告受理公告（容桂）_2_mineru,report,广东东亚电器有限公司,,False,"# 建设项目环境影响报告表

（污染影响类）

项目名称：广东东亚电器有限公司扩建项目

建设单位（盖章）：广东东亚电器有限公司有限

名称： 广东东亚电器有限公司扩

中华人民共和国生态环境部制

打印编号：1624432651000

编制单位和编制人员情况表

<table><tr><td colspan=""2"">项目编号</td><td colspan=""3"">h2w0g7</td></t"
2023_承诺制公示佛山市生态环境局关于佛山市顺德区基诺德电器制造有限公司智富园17栋生产车间新建项目环境影响报告表的批复.pdf,80,E:\软件\mineru_extracted\2023_2023年10月12日建设项目环境影响报告书（表）受理公告（杏坛）_1_mineru\full.md,2023_2023年10月12日建设项目环境影响报告书（表）受理公告（杏坛）_1_mineru,report,佛山市顺德区基诺德电器制造有限公司智富园17栋生产车间,,False,"# 建设项目环境影响报告表

（污染影响类）

（公示版）

项目名称： 佛山市塑裕新材料科技有限公司新建项目

建设单位（盖章）：佛山市塑裕新材料科技有限公司

编制日期：2023 年09 月

中华人民共和国生态环境部制

# 目 录

一、建设项目基本情况...  
二、建设项目工程分析. .18  
三、区域环境质量现状、环境保护目标及评价标准. .27  
四、主要环境影响和保护措施.."
2023_承诺制公示佛山市生态环境局关于佛山市顺德区寰塑塑料制品有限公司迁建项目环境影响报告表的批复.pdf,80,E:\软件\mineru_extracted\2023_2023年10月12日建设项目环境影响报告书（表）受理公告（杏坛）_1_mineru\full.md,2023_2023年10月12日建设项目环境影响报告书（表）受理公告（杏坛）_1_mineru,report,佛山市顺德区寰塑塑料制品有限公司,,False,"# 建设项目环境影响报告表

（污染影响类）

（公示版）

项目名称： 佛山市塑裕新材料科技有限公司新建项目

建设单位（盖章）：佛山市塑裕新材料科技有限公司

编制日期：2023 年09 月

中华人民共和国生态环境部制

# 目 录

一、建设项目基本情况...  
二、建设项目工程分析. .18  
三、区域环境质量现状、环境保护目标及评价标准. .27  
四、主要环境影响和保护措施.."
2023_承诺制公示佛山市生态环境局关于佛山市顺德区德钲电器实业有限公司迁扩建项目环境影响报告表的批复.pdf,80,E:\软件\mineru_extracted\2023_2023年10月12日建设项目环境影响报告书（表）受理公告（杏坛）_1_mineru\full.md,2023_2023年10月12日建设项目环境影响报告书（表）受理公告（杏坛）_1_mineru,report,佛山市顺德区德钲电器实业有限公司迁,,False,"# 建设项目环境影响报告表

（污染影响类）

（公示版）

项目名称： 佛山市塑裕新材料科技有限公司新建项目

建设单位（盖章）：佛山市塑裕新材料科技有限公司

编制日期：2023 年09 月

中华人民共和国生态环境部制

# 目 录

一、建设项目基本情况...  
二、建设项目工程分析. .18  
三、区域环境质量现状、环境保护目标及评价标准. .27  
四、主要环境影响和保护措施.."
2023_承诺制公示佛山市生态环境局关于佛山市顺德区智铎模具有限公司新建项目环境影响报告表的批复.pdf,80,E:\软件\mineru_extracted\2023_2023年10月12日建设项目环境影响报告书（表）受理公告（杏坛）_1_mineru\full.md,2023_2023年10月12日建设项目环境影响报告书（表）受理公告（杏坛）_1_mineru,report,佛山市顺德区智铎模具有限公司,,False,"# 建设项目环境影响报告表

（污染影响类）

（公示版）

项目名称： 佛山市塑裕新材料科技有限公司新建项目

建设单位（盖章）：佛山市塑裕新材料科技有限公司

编制日期：2023 年09 月

中华人民共和国生态环境部制

# 目 录

一、建设项目基本情况...  
二、建设项目工程分析. .18  
三、区域环境质量现状、环境保护目标及评价标准. .27  
四、主要环境影响和保护措施.."
2023_承诺制公示佛山市生态环境局关于佛山市顺德区瑾毅新材料有限公司新建项目环境影响报告表的批复.pdf,80,E:\软件\mineru_extracted\2023_2023年10月12日建设项目环境影响报告书（表）受理公告（杏坛）_1_mineru\full.md,2023_2023年10月12日建设项目环境影响报告书（表）受理公告（杏坛）_1_mineru,report,佛山市顺德区瑾毅新材料有限公司,,False,"# 建设项目环境影响报告表

（污染影响类）

（公示版）

项目名称： 佛山市塑裕新材料科技有限公司新建项目

建设单位（盖章）：佛山市塑裕新材料科技有限公司

编制日期：2023 年09 月

中华人民共和国生态环境部制

# 目 录

一、建设项目基本情况...  
二、建设项目工程分析. .18  
三、区域环境质量现状、环境保护目标及评价标准. .27  
四、主要环境影响和保护措施.."
2023_承诺制公示佛山市生态环境局关于佛山市顺德区盖密尔塑料制品有限公司迁建项目环境影响报告表的批复.pdf,80,E:\软件\mineru_extracted\2023_2023年10月12日建设项目环境影响报告书（表）受理公告（杏坛）_1_mineru\full.md,2023_2023年10月12日建设项目环境影响报告书（表）受理公告（杏坛）_1_mineru,report,佛山市顺德区盖密尔塑料制品有限公司,,False,"# 建设项目环境影响报告表

（污染影响类）

（公示版）

项目名称： 佛山市塑裕新材料科技有限公司新建项目

建设单位（盖章）：佛山市塑裕新材料科技有限公司

编制日期：2023 年09 月

中华人民共和国生态环境部制

# 目 录

一、建设项目基本情况...  
二、建设项目工程分析. .18  
三、区域环境质量现状、环境保护目标及评价标准. .27  
四、主要环境影响和保护措施.."
2023_承诺制公示佛山市生态环境局关于佛山市顺德区胜宏鑫新材料有限公司新建项目环境影响报告表的批复.pdf,80,E:\软件\mineru_extracted\2023_2023年10月12日建设项目环境影响报告书（表）受理公告（杏坛）_1_mineru\full.md,2023_2023年10月12日建设项目环境影响报告书（表）受理公告（杏坛）_1_mineru,report,佛山市顺德区胜宏鑫新材料有限公司,,False,"# 建设项目环境影响报告表

（污染影响类）

（公示版）

项目名称： 佛山市塑裕新材料科技有限公司新建项目

建设单位（盖章）：佛山市塑裕新材料科技有限公司

编制日期：2023 年09 月

中华人民共和国生态环境部制

# 目 录

一、建设项目基本情况...  
二、建设项目工程分析. .18  
三、区域环境质量现状、环境保护目标及评价标准. .27  
四、主要环境影响和保护措施.."
2023_承诺制公示佛山市生态环境局关于佛山市顺德区进优电器科技有限公司年产绞肉刀40万把新建项目环境影响报告表的批复.pdf,80,E:\软件\mineru_extracted\2023_2023年10月12日建设项目环境影响报告书（表）受理公告（杏坛）_1_mineru\full.md,2023_2023年10月12日建设项目环境影响报告书（表）受理公告（杏坛）_1_mineru,report,佛山市顺德区进优电器科技有限公司年产绞肉刀40万把,,False,"# 建设项目环境影响报告表

（污染影响类）

（公示版）

项目名称： 佛山市塑裕新材料科技有限公司新建项目

建设单位（盖章）：佛山市塑裕新材料科技有限公司

编制日期：2023 年09 月

中华人民共和国生态环境部制

# 目 录

一、建设项目基本情况...  
二、建设项目工程分析. .18  
三、区域环境质量现状、环境保护目标及评价标准. .27  
四、主要环境影响和保护措施.."
2023_（佛环0304环审〔2023〕10号）佛山市生态环境局关于广东图特家居科技股份有限公司智能制造基地建设项目环境影响报告表的批复.pdf,80,E:\软件\mineru_extracted\2023_2023年5月16日项目环境影响报告受理公告（勒流）_2_mineru\full.md,2023_2023年5月16日项目环境影响报告受理公告（勒流）_2_mineru,report,广东图特家居科技股份有限公司智能制造基地,佛环0304环审〔2023〕10号）佛山市生,False,"# 建设项目环境影响报告表

![](images/c33a0f5d8c64cdb56f586af580f47a9cf49cd6407c2b7ff77c6442d929de18fc.jpg)

<details>
<summary>text_image</summary>

佛山市顺德区环境部制
东莞市
东莞市
</details>

<table><tr><td colspan=""2"">项目编号"
2023_（佛环0304环审〔2023〕14号）佛山市生态环境局关于佛山市顺德区粤元素家具配件厂新建项目环境影响报告表的批复.pdf,80,E:\软件\mineru_extracted\2023_2023年10月12日建设项目环境影响报告书（表）受理公告（杏坛）_1_mineru\full.md,2023_2023年10月12日建设项目环境影响报告书（表）受理公告（杏坛）_1_mineru,report,佛山市顺德区粤元素家具配件厂,佛环0304环审〔2023〕14号）佛山市生,False,"# 建设项目环境影响报告表

（污染影响类）

（公示版）

项目名称： 佛山市塑裕新材料科技有限公司新建项目

建设单位（盖章）：佛山市塑裕新材料科技有限公司

编制日期：2023 年09 月

中华人民共和国生态环境部制

# 目 录

一、建设项目基本情况...  
二、建设项目工程分析. .18  
三、区域环境质量现状、环境保护目标及评价标准. .27  
四、主要环境影响和保护措施.."
2023_（佛环0304环审〔2023〕4号）佛山市生态环境局关于广东椿岛电控科技有限公司扩建项目环境影响报告表的批复.pdf,80,E:\软件\mineru_extracted\2023_2023年3月28日项目环境影响报告受理公告（勒流）_3_mineru\full.md,2023_2023年3月28日项目环境影响报告受理公告（勒流）_3_mineru,report,广东椿岛电控科技有限公司,佛环0304环审〔2023〕4号）佛山市生态,False,"# 建设项目环境影响报告表

（污染影响类）

项目名称： 广东椿岛电控科技有限公司扩建项

建设单位（盖章）： 广东椿岛电控科技有限公

编制日期： 二零二三年三

编制单位和编制人员情况表

<table><tr><td colspan=""2"">项目编号</td><td colspan=""3"">563r3f</td></tr><tr><td colspan=""2"">建设项目名称</td><td"
2023_（佛环0304环审〔2023〕7号）佛山市生态环境局关于佛山杏邦金属表面处理有限公司新建项目环境影响报告表的批复.pdf,80,E:\软件\mineru_extracted\2023_2023年3月31日项目环境影响报告受理公告（勒流）_1_mineru\full.md,2023_2023年3月31日项目环境影响报告受理公告（勒流）_1_mineru,report,佛山杏邦金属表面处理有限公司,佛环0304环审〔2023〕7号）佛山市生态,False,"# 建设项目环境影响报告表

（污染影响类）

项目名称：佛山杏邦金属表面 建项目建设单位（盖章）：佛山杏邦 限公司编制日期： 2023年0

![](images/470a2491bcf950198faa17cd1a4a9482d7dc70200936711db57190c7b65c15f4.jpg)

<details>
<summary>text_image</summary>

金属表面处"
2023_（佛环0304环审〔2023〕9号）佛山市生态环境局关于佛山市顺德区久新光电科技有限公司迁扩建项目环境影响报告表的批复.pdf,80,E:\软件\mineru_extracted\2023_2023年10月12日建设项目环境影响报告书（表）受理公告（杏坛）_1_mineru\full.md,2023_2023年10月12日建设项目环境影响报告书（表）受理公告（杏坛）_1_mineru,report,佛山市顺德区久新光电科技有限公司迁,佛环0304环审〔2023〕9号）佛山市生态,False,"# 建设项目环境影响报告表

（污染影响类）

（公示版）

项目名称： 佛山市塑裕新材料科技有限公司新建项目

建设单位（盖章）：佛山市塑裕新材料科技有限公司

编制日期：2023 年09 月

中华人民共和国生态环境部制

# 目 录

一、建设项目基本情况...  
二、建设项目工程分析. .18  
三、区域环境质量现状、环境保护目标及评价标准. .27  
四、主要环境影响和保护措施.."
2024_佛山市生态环境局关于佛山市万朗磁塑制品有限公司顺德分公司新建项目建设项目环境影响报告表的批复.pdf,80,E:\软件\mineru_extracted\2024_2024年8月9日建设项目环境影响报告表受理公告（容桂）_1_mineru\full.md,2024_2024年8月9日建设项目环境影响报告表受理公告（容桂）_1_mineru,report,佛山市万朗磁塑制品有限公司顺德分公司,,False,"# 建设项目环境影响报告表（污染影响类）

项目名称：佛山市万朗磁塑制有限公司信分公司新建项目

建设单位（盖章）：佛山市万塑制品有公司顺德分公司

编制日期： 2024年月110

![](images/f120f08e2f97e334ca35b8eafa7e47dd13fb983f48b3d8c30a9002097b26b593.jpg)  
民兴市万思技塑制品有限公司限部分公司 140606"
2024_佛山市生态环境局关于佛山市佳德迩电器有限公司新建项目建设项目环境影响报告表的批复.pdf,80,E:\软件\mineru_extracted\2024_2024年5月31日建设项目环境影响报告表受理公告（容桂）_mineru\full.md,2024_2024年5月31日建设项目环境影响报告表受理公告（容桂）_mineru,report,佛山市佳德迩电器有限公司,,False,"报告表编号：

# 建设项目环境影响报告表（污染影响类）

项目名称：佛山市佳德途电器有限公司新建项目

建设单位（盖章）：佛山市佳德迩电器有限公司

编制日期：2024年05月

![](images/db33d46fb63ad1ad1228bfbc6cfc91a69985634b8f43ce4692a33062dfd2fd43.jpg)  
毓然森保（广东）有限药司 4406064407245"
2024_佛山市生态环境局关于佛山市健乾塑料制品有限公司建设项目环境影响报告表的批复.pdf,80,E:\软件\mineru_extracted\2024_2024年7月31日建设项目环境影响报告书（表）受理公告（北滘）_1_mineru\full.md,2024_2024年7月31日建设项目环境影响报告书（表）受理公告（北滘）_1_mineru,report,佛山市健乾塑料制品有限公司,,False,"# 建设项目环境影响报告表（污染影响类）

![](images/145d3fe85e8b141c73e811817b275e50e1686167c9eae4515f8a90d08417b7cf.jpg)  
佛山市健乾塑料制品有限公司 4408064650685

项目名称：佛山市健乾塑料制品有限公司建设项目

建设单位（盖章）：佛山市健乾塑料制品有限公司

编制日期： 2024年6月

中华人"
2024_佛山市生态环境局关于佛山市力晟塑胶制品有限公司新建项目环境影响报告表的批复-非盖章版.pdf,80,E:\软件\mineru_extracted\2023_2023年12月19日建设项目环境影响报告书（表）受理公告（北滘）_2_mineru\full.md,2023_2023年12月19日建设项目环境影响报告书（表）受理公告（北滘）_2_mineru,report,佛山市力晟塑胶制品有限公司,,False,"# 建设项目环境影响报告表

（污染影响类）

![](images/707ed7d30d4050500208bb91641d47692cff2d1a06930ec58698464cdb10715f.jpg)

<details>
<summary>text_image</summary>

晟塑胶制品有限公司
晟塑胶制品有限
</details>

项目名称：佛山市力 公司新建项目建设单位（盖章"
2024_佛山市生态环境局关于佛山市掌拓精密科技有限公司建设项目环境影响报告表的批复.pdf,80,E:\软件\mineru_extracted\2024_2024年2月22日建设项目环境影响报告书（表）受理公告（北滘）_2_mineru\full.md,2024_2024年2月22日建设项目环境影响报告书（表）受理公告（北滘）_2_mineru,report,佛山市掌拓精密科技有限公司,,False,"# 建设项目环境影响报告表

（污染影响类）

![](images/9439a22b2c8359814b1731a10337779a974f6e214edc444a7abf3f51cb3179fa.jpg)  
武市保会 100500 470E

项目名称：佛山市掌拓精密科技有限公司建设项目

建设单位（盖章）：佛山市掌拓精密科技有限公司

编制日期： 2024年1月

中华人民共和国生态环境部"
2024_佛山市生态环境局关于佛山市晶莱达玻璃制品有限公司新建项目建设项目环境影响报告表的批复.pdf,80,E:\软件\mineru_extracted\2024_2024年7月1日建设项目环境影响报告表受理公告（容桂）_3_mineru\full.md,2024_2024年7月1日建设项目环境影响报告表受理公告（容桂）_3_mineru,report,佛山市晶莱达玻璃制品有限公司,,False,"# 建设项目环境影响报告表

（污染影响类）

项目名称：佛山市晶莱达玻璃制品有限公司新建项目

建设单位（盖章）：佛山市晶莱达玻璃制品有限公司

![](images/1f19df87e743e53d06c6a662213a2b2c4523baeefeb9aa52f34b2bdd813879e3.jpg)  
山市品莱达玻璃能品有限公司 1000648392

编制日期： 2024年4月

中华"
2024_佛山市生态环境局关于佛山市极威新材料有限公司顺德实验室新建项目环境影响报告表的批复.pdf,80,E:\软件\mineru_extracted\2023_2023年11月14日建设项目环境影响报告受理公告（容桂）_2_mineru\full.md,2023_2023年11月14日建设项目环境影响报告受理公告（容桂）_2_mineru,report,佛山市极威新材料有限公司顺德实验室,,False,"# 建设项目环境影响报告表

（污染影响类）

![](images/c38f07d2016c3c2f2892f7916125655d2422005a8d630cba88dc1c3bd5165d85.jpg)

<details>
<summary>text_image</summary>

Foshan Jiwei New Materials
市极威新材料有限公司
：佛山市极威新材料
</det"
2024_佛山市生态环境局关于佛山市汇千和纸业有限公司新建项目建设项目环境影响报告表的批复.pdf,80,E:\软件\mineru_extracted\2024_2024年7月24日建设项目环境影响报告表受理公告（容桂）_4_mineru\full.md,2024_2024年7月24日建设项目环境影响报告表受理公告（容桂）_4_mineru,report,佛山市汇千和纸业有限公司,,False,"# 建设项目环境影响报告表

（污染影响类）

项目名称：佛山市汇千和业有限公司新建项目

建设单位（盖章）：佛山市汇和纸业有限公司

编制日期：2024年

![](images/16cb9906e661ffd0c71c46b5981386b922aa36a966f601862f7cff43268461cb.jpg)  
泰山市汇千和线业有限公司 44 06 102

中华人民和国态境部制

!"
2024_佛山市生态环境局关于佛山市美之雪制冷设备有限公司迁扩建项目环境影响报告表的批复.pdf,80,E:\软件\mineru_extracted\2023_2023年12月11日建设项目环境影响报告书（表）受理公告（北滘）_2_mineru\full.md,2023_2023年12月11日建设项目环境影响报告书（表）受理公告（北滘）_2_mineru,report,佛山市美之雪制冷设备有限公司迁,,False,"# 建设项目环境影响报告表

（污染影响类）

项目名称：佛山市美之雪制冷设备有限公司迁扩建项目建设单位（盖章）：佛山美之雪制冷设备有限公司编制日期： 2023年1

中华人民共和国生态

![](images/ca854ebae7634a05e0323c01d5c7893505f70c29293b43e2a887339018b514d9.jpg)

<details>
<summary>text"
2024_佛山市生态环境局关于佛山市贝力商用制冷设备有限公司新建项目环境影响报告表的批复.pdf,80,E:\软件\mineru_extracted\2023_2023年12月11日建设项目环境影响报告书（表）受理公告（北滘）_1_mineru\full.md,2023_2023年12月11日建设项目环境影响报告书（表）受理公告（北滘）_1_mineru,report,佛山市贝力商用制冷设备有限公司,,False,"# （污染影响类）

（污染影响类）

![](images/7405dddf1896f968d2a1b8ca24bd10928e6c3dfad4525b0ce1eac00757be9af2.jpg)

<details>
<summary>text_image</summary>

市贝力商用制冷设备有限公司
商用制冷设备有
</details>

项目名称：佛山市贝力 限公司新建项目目名称：佛"
2024_佛山市生态环境局关于佛山市轩民泰科技有限公司新建项目环境影响报告表的批复.pdf,80,E:\软件\mineru_extracted\2024_2024年4月16日建设项目环境影响报告书（表）受理公告（北滘）_1_mineru\full.md,2024_2024年4月16日建设项目环境影响报告书（表）受理公告（北滘）_1_mineru,report,佛山市轩民泰科技有限公司,,False,"# 建设项目环境影响报告表

（污染影响类）

项目名称：佛山市轩民科技有限公新建项目

建设单位（盖章）：佛山轩民泰科技有限公司

![](images/e1c740ad297be02c498a1914072e33ee8ff5a3be3a0a3ad8e4623326b636608b.jpg)  
广山海轩民泰科技有限公司

编制日期：2024年0月

中华人民共和国生态环境部制

![](ima"
2024_佛山市生态环境局关于佛山市锐义弹簧精密制造有限公司新建项目建设项目环境影响报告表的批复.pdf,80,E:\软件\mineru_extracted\2024_2024年1月8日建设项目环境影响报告受理公告（容桂）_2_mineru\full.md,2024_2024年1月8日建设项目环境影响报告受理公告（容桂）_2_mineru,report,佛山市锐义弹簧精密制造有限公司,,False,"# 建设项目环境影响报告表

（污染影响类）

项目名称：佛山市锐义弹簧精密制造有限公新建项目建设单位（盖章）：佛山市锐义弹装精密制有限公司编制日期：2023年12月

![](images/3baa26dc0ab31f0c8f5d512c4426a131d2d02a5faa0f7cd3c02d6b28ac06e7dc.jpg)

中华人民共和国

![](images/9f4ef2536157b"
2024_佛山市生态环境局关于佛山市顺德区佳兴电器实业有限公司容桂分公司新建项目建设项目环境影响报告表的批复.pdf,80,E:\软件\mineru_extracted\2023_2023年10月12日建设项目环境影响报告书（表）受理公告（杏坛）_1_mineru\full.md,2023_2023年10月12日建设项目环境影响报告书（表）受理公告（杏坛）_1_mineru,report,佛山市顺德区佳兴电器实业有限公司容桂分公司,,False,"# 建设项目环境影响报告表

（污染影响类）

（公示版）

项目名称： 佛山市塑裕新材料科技有限公司新建项目

建设单位（盖章）：佛山市塑裕新材料科技有限公司

编制日期：2023 年09 月

中华人民共和国生态环境部制

# 目 录

一、建设项目基本情况...  
二、建设项目工程分析. .18  
三、区域环境质量现状、环境保护目标及评价标准. .27  
四、主要环境影响和保护措施.."
2024_佛山市生态环境局关于佛山市顺德区信平电器有限公司迁扩建项目建设项目环境影响报告表的批复.pdf,80,E:\软件\mineru_extracted\2023_2023年10月12日建设项目环境影响报告书（表）受理公告（杏坛）_1_mineru\full.md,2023_2023年10月12日建设项目环境影响报告书（表）受理公告（杏坛）_1_mineru,report,佛山市顺德区信平电器有限公司迁,,False,"# 建设项目环境影响报告表

（污染影响类）

（公示版）

项目名称： 佛山市塑裕新材料科技有限公司新建项目

建设单位（盖章）：佛山市塑裕新材料科技有限公司

编制日期：2023 年09 月

中华人民共和国生态环境部制

# 目 录

一、建设项目基本情况...  
二、建设项目工程分析. .18  
三、区域环境质量现状、环境保护目标及评价标准. .27  
四、主要环境影响和保护措施.."
2024_佛山市生态环境局关于佛山市顺德区全华工艺饰品有限公司新建项目建设项目环境影响报告表的批复.pdf,80,E:\软件\mineru_extracted\2023_2023年10月12日建设项目环境影响报告书（表）受理公告（杏坛）_1_mineru\full.md,2023_2023年10月12日建设项目环境影响报告书（表）受理公告（杏坛）_1_mineru,report,佛山市顺德区全华工艺饰品有限公司,,False,"# 建设项目环境影响报告表

（污染影响类）

（公示版）

项目名称： 佛山市塑裕新材料科技有限公司新建项目

建设单位（盖章）：佛山市塑裕新材料科技有限公司

编制日期：2023 年09 月

中华人民共和国生态环境部制

# 目 录

一、建设项目基本情况...  
二、建设项目工程分析. .18  
三、区域环境质量现状、环境保护目标及评价标准. .27  
四、主要环境影响和保护措施.."
2024_佛山市生态环境局关于佛山市顺德区北滘镇实验中学新建项目环境影响报告表的批复.pdf,80,E:\软件\mineru_extracted\2023_2023年10月12日建设项目环境影响报告书（表）受理公告（杏坛）_1_mineru\full.md,2023_2023年10月12日建设项目环境影响报告书（表）受理公告（杏坛）_1_mineru,report,佛山市顺德区北滘镇实验中学,,False,"# 建设项目环境影响报告表

（污染影响类）

（公示版）

项目名称： 佛山市塑裕新材料科技有限公司新建项目

建设单位（盖章）：佛山市塑裕新材料科技有限公司

编制日期：2023 年09 月

中华人民共和国生态环境部制

# 目 录

一、建设项目基本情况...  
二、建设项目工程分析. .18  
三、区域环境质量现状、环境保护目标及评价标准. .27  
四、主要环境影响和保护措施.."
2024_佛山市生态环境局关于佛山市顺德区千品赛食品有限公司新建项目环境影响报告表的批复.pdf,80,E:\软件\mineru_extracted\2023_2023年10月12日建设项目环境影响报告书（表）受理公告（杏坛）_1_mineru\full.md,2023_2023年10月12日建设项目环境影响报告书（表）受理公告（杏坛）_1_mineru,report,佛山市顺德区千品赛食品有限公司,,False,"# 建设项目环境影响报告表

（污染影响类）

（公示版）

项目名称： 佛山市塑裕新材料科技有限公司新建项目

建设单位（盖章）：佛山市塑裕新材料科技有限公司

编制日期：2023 年09 月

中华人民共和国生态环境部制

# 目 录

一、建设项目基本情况...  
二、建设项目工程分析. .18  
三、区域环境质量现状、环境保护目标及评价标准. .27  
四、主要环境影响和保护措施.."
2024_佛山市生态环境局关于佛山市顺德区壹驰五金厂迁改扩建项目建设项目环境影响报告表的批复.pdf,80,E:\软件\mineru_extracted\2023_2023年10月12日建设项目环境影响报告书（表）受理公告（杏坛）_1_mineru\full.md,2023_2023年10月12日建设项目环境影响报告书（表）受理公告（杏坛）_1_mineru,report,佛山市顺德区壹驰五金厂迁改,,False,"# 建设项目环境影响报告表

（污染影响类）

（公示版）

项目名称： 佛山市塑裕新材料科技有限公司新建项目

建设单位（盖章）：佛山市塑裕新材料科技有限公司

编制日期：2023 年09 月

中华人民共和国生态环境部制

# 目 录

一、建设项目基本情况...  
二、建设项目工程分析. .18  
三、区域环境质量现状、环境保护目标及评价标准. .27  
四、主要环境影响和保护措施.."
2024_佛山市生态环境局关于佛山市顺德区官皇五金塑料有限公司迁改扩建项目建设项目环境影响报告表的批复.pdf,80,E:\软件\mineru_extracted\2023_2023年10月12日建设项目环境影响报告书（表）受理公告（杏坛）_1_mineru\full.md,2023_2023年10月12日建设项目环境影响报告书（表）受理公告（杏坛）_1_mineru,report,佛山市顺德区官皇五金塑料有限公司迁改,,False,"# 建设项目环境影响报告表

（污染影响类）

（公示版）

项目名称： 佛山市塑裕新材料科技有限公司新建项目

建设单位（盖章）：佛山市塑裕新材料科技有限公司

编制日期：2023 年09 月

中华人民共和国生态环境部制

# 目 录

一、建设项目基本情况...  
二、建设项目工程分析. .18  
三、区域环境质量现状、环境保护目标及评价标准. .27  
四、主要环境影响和保护措施.."
2024_佛山市生态环境局关于佛山市顺德区广挚金属制品厂新建项目建设项目环境影响报告表的批复.pdf,80,E:\软件\mineru_extracted\2023_2023年10月12日建设项目环境影响报告书（表）受理公告（杏坛）_1_mineru\full.md,2023_2023年10月12日建设项目环境影响报告书（表）受理公告（杏坛）_1_mineru,report,佛山市顺德区广挚金属制品厂,,False,"# 建设项目环境影响报告表

（污染影响类）

（公示版）

项目名称： 佛山市塑裕新材料科技有限公司新建项目

建设单位（盖章）：佛山市塑裕新材料科技有限公司

编制日期：2023 年09 月

中华人民共和国生态环境部制

# 目 录

一、建设项目基本情况...  
二、建设项目工程分析. .18  
三、区域环境质量现状、环境保护目标及评价标准. .27  
四、主要环境影响和保护措施.."
2024_佛山市生态环境局关于佛山市顺德区恒百健塑料制品有限公司第二分公司新建项目环境影响报告表的批复.pdf,80,E:\软件\mineru_extracted\2023_2023年10月12日建设项目环境影响报告书（表）受理公告（杏坛）_1_mineru\full.md,2023_2023年10月12日建设项目环境影响报告书（表）受理公告（杏坛）_1_mineru,report,佛山市顺德区恒百健塑料制品有限公司第二分公司,,False,"# 建设项目环境影响报告表

（污染影响类）

（公示版）

项目名称： 佛山市塑裕新材料科技有限公司新建项目

建设单位（盖章）：佛山市塑裕新材料科技有限公司

编制日期：2023 年09 月

中华人民共和国生态环境部制

# 目 录

一、建设项目基本情况...  
二、建设项目工程分析. .18  
三、区域环境质量现状、环境保护目标及评价标准. .27  
四、主要环境影响和保护措施.."
2024_佛山市生态环境局关于佛山市顺德区恒百健塑料制品有限公司迁扩建项目环境影响报告表的批复5号.pdf,80,E:\软件\mineru_extracted\2023_2023年10月12日建设项目环境影响报告书（表）受理公告（杏坛）_1_mineru\full.md,2023_2023年10月12日建设项目环境影响报告书（表）受理公告（杏坛）_1_mineru,report,佛山市顺德区恒百健塑料制品有限公司迁,,False,"# 建设项目环境影响报告表

（污染影响类）

（公示版）

项目名称： 佛山市塑裕新材料科技有限公司新建项目

建设单位（盖章）：佛山市塑裕新材料科技有限公司

编制日期：2023 年09 月

中华人民共和国生态环境部制

# 目 录

一、建设项目基本情况...  
二、建设项目工程分析. .18  
三、区域环境质量现状、环境保护目标及评价标准. .27  
四、主要环境影响和保护措施.."
2024_佛山市生态环境局关于佛山市顺德区新洪福电子科技有限公司新建项目建设项目环境影响报告表的批复.pdf,80,E:\软件\mineru_extracted\2023_2023年10月12日建设项目环境影响报告书（表）受理公告（杏坛）_1_mineru\full.md,2023_2023年10月12日建设项目环境影响报告书（表）受理公告（杏坛）_1_mineru,report,佛山市顺德区新洪福电子科技有限公司,,False,"# 建设项目环境影响报告表

（污染影响类）

（公示版）

项目名称： 佛山市塑裕新材料科技有限公司新建项目

建设单位（盖章）：佛山市塑裕新材料科技有限公司

编制日期：2023 年09 月

中华人民共和国生态环境部制

# 目 录

一、建设项目基本情况...  
二、建设项目工程分析. .18  
三、区域环境质量现状、环境保护目标及评价标准. .27  
四、主要环境影响和保护措施.."
2024_佛山市生态环境局关于佛山市顺德区柯云电器有限公司迁改扩建项目环境影响报告表的批复.pdf,80,E:\软件\mineru_extracted\2023_2023年10月12日建设项目环境影响报告书（表）受理公告（杏坛）_1_mineru\full.md,2023_2023年10月12日建设项目环境影响报告书（表）受理公告（杏坛）_1_mineru,report,佛山市顺德区柯云电器有限公司迁改,,False,"# 建设项目环境影响报告表

（污染影响类）

（公示版）

项目名称： 佛山市塑裕新材料科技有限公司新建项目

建设单位（盖章）：佛山市塑裕新材料科技有限公司

编制日期：2023 年09 月

中华人民共和国生态环境部制

# 目 录

一、建设项目基本情况...  
二、建设项目工程分析. .18  
三、区域环境质量现状、环境保护目标及评价标准. .27  
四、主要环境影响和保护措施.."
2024_佛山市生态环境局关于佛山市顺德区桂南路道路工程建设项目环境影响报告表的批复 (2).pdf,80,E:\软件\mineru_extracted\2023_2023年10月12日建设项目环境影响报告书（表）受理公告（杏坛）_1_mineru\full.md,2023_2023年10月12日建设项目环境影响报告书（表）受理公告（杏坛）_1_mineru,report,佛山市顺德区桂南路道路工程,,False,"# 建设项目环境影响报告表

（污染影响类）

（公示版）

项目名称： 佛山市塑裕新材料科技有限公司新建项目

建设单位（盖章）：佛山市塑裕新材料科技有限公司

编制日期：2023 年09 月

中华人民共和国生态环境部制

# 目 录

一、建设项目基本情况...  
二、建设项目工程分析. .18  
三、区域环境质量现状、环境保护目标及评价标准. .27  
四、主要环境影响和保护措施.."
2024_佛山市生态环境局关于佛山市顺德区生海电子科技有限公司建设项目环境影响报告表的批复.pdf,80,E:\软件\mineru_extracted\2023_2023年10月12日建设项目环境影响报告书（表）受理公告（杏坛）_1_mineru\full.md,2023_2023年10月12日建设项目环境影响报告书（表）受理公告（杏坛）_1_mineru,report,佛山市顺德区生海电子科技有限公司,,False,"# 建设项目环境影响报告表

（污染影响类）

（公示版）

项目名称： 佛山市塑裕新材料科技有限公司新建项目

建设单位（盖章）：佛山市塑裕新材料科技有限公司

编制日期：2023 年09 月

中华人民共和国生态环境部制

# 目 录

一、建设项目基本情况...  
二、建设项目工程分析. .18  
三、区域环境质量现状、环境保护目标及评价标准. .27  
四、主要环境影响和保护措施.."
2024_佛山市生态环境局关于佛山市顺德区睿焙制冷设备有限公司迁建项目环境影响报告表的批复.pdf,80,E:\软件\mineru_extracted\2023_2023年10月12日建设项目环境影响报告书（表）受理公告（杏坛）_1_mineru\full.md,2023_2023年10月12日建设项目环境影响报告书（表）受理公告（杏坛）_1_mineru,report,佛山市顺德区睿焙制冷设备有限公司,,False,"# 建设项目环境影响报告表

（污染影响类）

（公示版）

项目名称： 佛山市塑裕新材料科技有限公司新建项目

建设单位（盖章）：佛山市塑裕新材料科技有限公司

编制日期：2023 年09 月

中华人民共和国生态环境部制

# 目 录

一、建设项目基本情况...  
二、建设项目工程分析. .18  
三、区域环境质量现状、环境保护目标及评价标准. .27  
四、主要环境影响和保护措施.."
2024_佛山市生态环境局关于佛山市顺德区睿裕电器制造有限公司扩建项目重新报批环境影响报告表的批复.pdf,80,E:\软件\mineru_extracted\2023_2023年10月12日建设项目环境影响报告书（表）受理公告（杏坛）_1_mineru\full.md,2023_2023年10月12日建设项目环境影响报告书（表）受理公告（杏坛）_1_mineru,report,佛山市顺德区睿裕电器制造有限公司,,False,"# 建设项目环境影响报告表

（污染影响类）

（公示版）

项目名称： 佛山市塑裕新材料科技有限公司新建项目

建设单位（盖章）：佛山市塑裕新材料科技有限公司

编制日期：2023 年09 月

中华人民共和国生态环境部制

# 目 录

一、建设项目基本情况...  
二、建设项目工程分析. .18  
三、区域环境质量现状、环境保护目标及评价标准. .27  
四、主要环境影响和保护措施.."
2024_佛山市生态环境局关于佛山市顺德区精睿电子有限公司迁扩建项目建设项目环境影响报告表的批复.pdf,80,E:\软件\mineru_extracted\2023_2023年10月12日建设项目环境影响报告书（表）受理公告（杏坛）_1_mineru\full.md,2023_2023年10月12日建设项目环境影响报告书（表）受理公告（杏坛）_1_mineru,report,佛山市顺德区精睿电子有限公司迁,,False,"# 建设项目环境影响报告表

（污染影响类）

（公示版）

项目名称： 佛山市塑裕新材料科技有限公司新建项目

建设单位（盖章）：佛山市塑裕新材料科技有限公司

编制日期：2023 年09 月

中华人民共和国生态环境部制

# 目 录

一、建设项目基本情况...  
二、建设项目工程分析. .18  
三、区域环境质量现状、环境保护目标及评价标准. .27  
四、主要环境影响和保护措施.."
2024_佛山市生态环境局关于佛山市顺德区美德创金属制品厂技改项目建设项目环境影响报告表的批复.pdf,80,E:\软件\mineru_extracted\2023_2023年10月12日建设项目环境影响报告书（表）受理公告（杏坛）_1_mineru\full.md,2023_2023年10月12日建设项目环境影响报告书（表）受理公告（杏坛）_1_mineru,report,佛山市顺德区美德创金属制品厂,,False,"# 建设项目环境影响报告表

（污染影响类）

（公示版）

项目名称： 佛山市塑裕新材料科技有限公司新建项目

建设单位（盖章）：佛山市塑裕新材料科技有限公司

编制日期：2023 年09 月

中华人民共和国生态环境部制

# 目 录

一、建设项目基本情况...  
二、建设项目工程分析. .18  
三、区域环境质量现状、环境保护目标及评价标准. .27  
四、主要环境影响和保护措施.."
2024_佛山市生态环境局关于佛山市顺德区耀辉阳复合材料有限公司新建项目环境影响报告表的批复.pdf,80,E:\软件\mineru_extracted\2023_2023年10月12日建设项目环境影响报告书（表）受理公告（杏坛）_1_mineru\full.md,2023_2023年10月12日建设项目环境影响报告书（表）受理公告（杏坛）_1_mineru,report,佛山市顺德区耀辉阳复合材料有限公司,,False,"# 建设项目环境影响报告表

（污染影响类）

（公示版）

项目名称： 佛山市塑裕新材料科技有限公司新建项目

建设单位（盖章）：佛山市塑裕新材料科技有限公司

编制日期：2023 年09 月

中华人民共和国生态环境部制

# 目 录

一、建设项目基本情况...  
二、建设项目工程分析. .18  
三、区域环境质量现状、环境保护目标及评价标准. .27  
四、主要环境影响和保护措施.."
2024_佛山市生态环境局关于佛山市顺德区耀顺欣模具厂新建项目建设项目环境影响报告表的批复.pdf,80,E:\软件\mineru_extracted\2023_2023年10月12日建设项目环境影响报告书（表）受理公告（杏坛）_1_mineru\full.md,2023_2023年10月12日建设项目环境影响报告书（表）受理公告（杏坛）_1_mineru,report,佛山市顺德区耀顺欣模具厂,,False,"# 建设项目环境影响报告表

（污染影响类）

（公示版）

项目名称： 佛山市塑裕新材料科技有限公司新建项目

建设单位（盖章）：佛山市塑裕新材料科技有限公司

编制日期：2023 年09 月

中华人民共和国生态环境部制

# 目 录

一、建设项目基本情况...  
二、建设项目工程分析. .18  
三、区域环境质量现状、环境保护目标及评价标准. .27  
四、主要环境影响和保护措施.."
2024_佛山市生态环境局关于佛山市顺德区荣亿食品有限公司新建项目建设项目环境影响报告表的批复.pdf,80,E:\软件\mineru_extracted\2023_2023年10月12日建设项目环境影响报告书（表）受理公告（杏坛）_1_mineru\full.md,2023_2023年10月12日建设项目环境影响报告书（表）受理公告（杏坛）_1_mineru,report,佛山市顺德区荣亿食品有限公司,,False,"# 建设项目环境影响报告表

（污染影响类）

（公示版）

项目名称： 佛山市塑裕新材料科技有限公司新建项目

建设单位（盖章）：佛山市塑裕新材料科技有限公司

编制日期：2023 年09 月

中华人民共和国生态环境部制

# 目 录

一、建设项目基本情况...  
二、建设项目工程分析. .18  
三、区域环境质量现状、环境保护目标及评价标准. .27  
四、主要环境影响和保护措施.."
2024_佛山市生态环境局关于佛山市顺德区迅优美手板模型制造厂迁建项目环境影响报告表的批复.pdf,80,E:\软件\mineru_extracted\2023_2023年10月12日建设项目环境影响报告书（表）受理公告（杏坛）_1_mineru\full.md,2023_2023年10月12日建设项目环境影响报告书（表）受理公告（杏坛）_1_mineru,report,佛山市顺德区迅优美手板模型制造厂,,False,"# 建设项目环境影响报告表

（污染影响类）

（公示版）

项目名称： 佛山市塑裕新材料科技有限公司新建项目

建设单位（盖章）：佛山市塑裕新材料科技有限公司

编制日期：2023 年09 月

中华人民共和国生态环境部制

# 目 录

一、建设项目基本情况...  
二、建设项目工程分析. .18  
三、区域环境质量现状、环境保护目标及评价标准. .27  
四、主要环境影响和保护措施.."
2024_佛山市生态环境局关于佛山市顺德区迈泺塑料科技有限公司新建项目建设项目环境影响报告表的批复.pdf,80,E:\软件\mineru_extracted\2023_2023年10月12日建设项目环境影响报告书（表）受理公告（杏坛）_1_mineru\full.md,2023_2023年10月12日建设项目环境影响报告书（表）受理公告（杏坛）_1_mineru,report,佛山市顺德区迈泺塑料科技有限公司,,False,"# 建设项目环境影响报告表

（污染影响类）

（公示版）

项目名称： 佛山市塑裕新材料科技有限公司新建项目

建设单位（盖章）：佛山市塑裕新材料科技有限公司

编制日期：2023 年09 月

中华人民共和国生态环境部制

# 目 录

一、建设项目基本情况...  
二、建设项目工程分析. .18  
三、区域环境质量现状、环境保护目标及评价标准. .27  
四、主要环境影响和保护措施.."
2024_佛山市生态环境局关于佛山市顺德区金百盈五金厂新建项目建设项目环境影响报告表的批复.pdf,80,E:\软件\mineru_extracted\2023_2023年10月12日建设项目环境影响报告书（表）受理公告（杏坛）_1_mineru\full.md,2023_2023年10月12日建设项目环境影响报告书（表）受理公告（杏坛）_1_mineru,report,佛山市顺德区金百盈五金厂,,False,"# 建设项目环境影响报告表

（污染影响类）

（公示版）

项目名称： 佛山市塑裕新材料科技有限公司新建项目

建设单位（盖章）：佛山市塑裕新材料科技有限公司

编制日期：2023 年09 月

中华人民共和国生态环境部制

# 目 录

一、建设项目基本情况...  
二、建设项目工程分析. .18  
三、区域环境质量现状、环境保护目标及评价标准. .27  
四、主要环境影响和保护措施.."
2024_佛山市生态环境局关于佛山市顺德区长怡五金塑料有限公司迁建项目建设项目环境影响报告表的批复.pdf,80,E:\软件\mineru_extracted\2023_2023年10月12日建设项目环境影响报告书（表）受理公告（杏坛）_1_mineru\full.md,2023_2023年10月12日建设项目环境影响报告书（表）受理公告（杏坛）_1_mineru,report,佛山市顺德区长怡五金塑料有限公司,,False,"# 建设项目环境影响报告表

（污染影响类）

（公示版）

项目名称： 佛山市塑裕新材料科技有限公司新建项目

建设单位（盖章）：佛山市塑裕新材料科技有限公司

编制日期：2023 年09 月

中华人民共和国生态环境部制

# 目 录

一、建设项目基本情况...  
二、建设项目工程分析. .18  
三、区域环境质量现状、环境保护目标及评价标准. .27  
四、主要环境影响和保护措施.."
2024_佛山市生态环境局关于佛山市颖颐塑料制品有限公司建设项目环境影响报告表的批复.pdf,80,E:\软件\mineru_extracted\2024_2024年4月10日建设项目环境影响报告书（表）受理公告（北滘）_mineru\full.md,2024_2024年4月10日建设项目环境影响报告书（表）受理公告（北滘）_mineru,report,佛山市颖颐塑料制品有限公司,,False,"# 建设项目环境影响报告表（污染影响类）

![](images/c7e46a53a66e9a9d9653bcd83d1d0cbdc6e91d41f6788adeca9ca8064ff54965.jpg)  
西山市级颐塑科制品有限公司

项目名称：佛山市颖颐塑料制品有限公司建设项目

建设单位（盖章）：佛山市颖颐塑料制品有限公司

编制日期： 2023年12月

中华人民共和国生态环境部制

!"
2024_佛山市生态环境局关于佛山沃龙科技有限公司建设项目环境影响报告表的批复.pdf,80,E:\软件\mineru_extracted\2024_2024年12月16日建设项目环境影响报告书（表）受理公告（北滘）_1_mineru\full.md,2024_2024年12月16日建设项目环境影响报告书（表）受理公告（北滘）_1_mineru,report,佛山沃龙科技有限公司,,False,"# 建设项目环境影响报告表（污染影响类）

![](images/9229df16a19083675af119dae155d98577b3c9511005846a04cc3d83db9529ca.jpg)  
佛山沃龙科技有限公公司 L05 06064

项目名称：佛山沃龙科技有限公司建设项目

建设单位（盖章）：佛山沃龙科技有限公司

编制日期： 2024年10月

![](images/f9b"
2024_佛山市生态环境局关于佛山耀冠塑料制品有限公司建设项目环境影响报告表的批复.pdf,80,E:\软件\mineru_extracted\2024_2024年8月15日建设项目环境影响报告书（表）受理公告（北滘）_3_mineru\full.md,2024_2024年8月15日建设项目环境影响报告书（表）受理公告（北滘）_3_mineru,report,佛山耀冠塑料制品有限公司,,False,"# 建设项目环境影响报告表（污染影响类）

![](images/6b16effb205cd64d5a90dba456a5503fba24f97f1008b4739168934c8d095612.jpg)  
佛山耀冠塑料制品有限公司 S

项目名称：佛山耀冠塑料制品有限公司建设项目建设单位（盖章）：佛山耀冠塑料制品有限公司编制日期：2024年6月

![](images/e14eacb47f28"
2024_佛山市生态环境局关于佛山陀普科技有限公司电池生产及研发线新建项目建设项目环境影响报告表的批复.pdf,80,E:\软件\mineru_extracted\2024_2024年6月24日建设项目环境影响报告表受理公告（容桂）_1_mineru\full.md,2024_2024年6月24日建设项目环境影响报告表受理公告（容桂）_1_mineru,report,佛山陀普科技有限公司电池生产及研发线,,False,"# 建设项目环境影响报告表

（污染影响类）

项目名称：佛山陀普科技有限公司电池生产及研发线新建项目

建设单位（盖章）：佛山陀普科技有限公司

![](images/aaad069eea6034a06bbcf9d87866ce24e235a8e12955dcc92a9f96b36d0ee3e1.jpg)  
佛山陀普科技有限公司 13064235666

编制日期：\_\_ 2024年2月

"
2024_佛山市生态环境局关于佛山顺德旭亨电子有限公司建设项目环境影响报告表的批复.pdf,80,E:\软件\mineru_extracted\2024_2024年12月16日建设项目环境影响报告书（表）受理公告（北滘）_2_mineru\full.md,2024_2024年12月16日建设项目环境影响报告书（表）受理公告（北滘）_2_mineru,report,佛山顺德旭亨电子有限公司,,False,"# 建设项目环境影响报告表（污染影响类）

项目名称：佛山顺德旭亨电子有限公司建设项自

![](images/b48ec55ad0930c8f428779adcc5fe7faeeb6e7cc83fa43ecefe27e8c473f3b01.jpg)  
佛山顺德旭亨电子有限公司 140608470287

建设单位（盖章）：佛山顺德旭亨电子有限公司

编制日期： 2024年11月

中华人民共和"
2024_佛山市生态环境局关于华东师范大学第二附属中学美的中学建设项目环境影响报告表的批复.pdf,80,E:\软件\mineru_extracted\2024_2024年8月16日建设项目环境影响报告书（表）受理公告（北滘）_mineru\full.md,2024_2024年8月16日建设项目环境影响报告书（表）受理公告（北滘）_mineru,report,华东师范大学第二附属中学美的中学,,False,"# 建设项目环境影响报告表（污染影响类）

项目名称：华东师范大学第附属中学美的中学建设项目

建设单位（盖章）： 佛市顺德区育局

![](images/2a1ec27d3a8ba668f72dcced318daf8e736cefd4274e18d60f9be0a4a65ad119.jpg)  
佛山市顺德区教区局

编制日期： 2024年5月

![](images/65150723a47bc"
2024_佛山市生态环境局关于广东宝晶新材料有限公司新建项目建设项目环境影响报告表的批复.pdf,80,E:\软件\mineru_extracted\2024_2024年9月12日建设项目环境影响报告表受理公告（容桂）_mineru\full.md,2024_2024年9月12日建设项目环境影响报告表受理公告（容桂）_mineru,report,广东宝晶新材料有限公司,,False,"# 建设项目环境影响报告表

（污染影响类）

项目名称：广东宝晶新

建设单位（盖章）：广东宝晶新材料有限公司

编制日期：2024年8月

中华人民共和

打印编号：1724039988000

## 编制单位和编制人员情况表

<table><tr><td rowspan=1 colspan=1>项目编号</td><td rowspan=1 colspan=1>v4z840</td></tr"
2024_佛山市生态环境局关于广东惠特普科技有限公司迁扩建项目环境影响报告表的批复.pdf,80,E:\软件\mineru_extracted\2024_2024年2月22日建设项目环境影响报告书（表）受理公告（北滘）_3_mineru\full.md,2024_2024年2月22日建设项目环境影响报告书（表）受理公告（北滘）_3_mineru,report,广东惠特普科技有限公司迁,,False,"# 建设项目环境影响报告表

（污染影响类）

项目名称：广东惠特普科技有限公司项目

建设单位（盖章）：广东特普科技有限公司

编制日期：2024年1月

![](images/d2d467dfa4c26dcdacdf562f3c634cabb56a631374f6f348f93402c5ba047d37.jpg)  
广东惠特技有限公司 406460007

中华人民共和国生态环境部制

!["
2024_佛山市生态环境局关于广东泰诺辉实业有限公司建设项目环境影响报告表的批复.pdf,80,E:\软件\mineru_extracted\2024_2024年12月10日建设项目环境影响报告书（表）受理公告（北滘）_1_mineru\full.md,2024_2024年12月10日建设项目环境影响报告书（表）受理公告（北滘）_1_mineru,report,广东泰诺辉实业有限公司,,False,"# 建设项目环境影响报告表（污染影响类）

项目名称：广东泰诺辉实业有限公司建设项目

建设单位（盖章）：广东泰诺辉实业有限公司

编制日期：2024年11

![](images/3d10f3452efa7f1e605ef241c3637f042863752ad99f2b71b054575d299ced35.jpg)  
有 1

![](images/4e2554933ae108f2d6b88"
2024_佛山市生态环境局关于广东美的暖通设备有限公司扩建项目环境影响报告表的批复.pdf,80,E:\软件\mineru_extracted\2024_2024年4月16日建设项目环境影响报告书（表）受理公告（北滘）_2_mineru\full.md,2024_2024年4月16日建设项目环境影响报告书（表）受理公告（北滘）_2_mineru,report,广东美的暖通设备有限公司,,False,"# 建设项目环境影响报告表

（污染影响类）

项目名称：广东美的暖通设备有限公司扩建项目

建设单位（盖章）：广东美的暖通设备有限公司

编制日期： 2024 年 3 月

中华人民共和国生态环境部制

编制单位和编制人员情况表
<table><tr><td rowspan=1 colspan=2>项目编号</td><td rowspan=1 colspan=2>pju2an</td></tr>"
2024_佛山市生态环境局关于广东长珠新材料科技有限公司改扩建项目环境影响报告表的批复.pdf,80,E:\软件\mineru_extracted\2024_2024年5月22日建设项目环境影响报告书（表）受理公告（北滘）_mineru\full.md,2024_2024年5月22日建设项目环境影响报告书（表）受理公告（北滘）_mineru,report,广东长珠新材料科技有限公司改,,False,"# 建设项目环境影响报告表（污染影响类）

位（盖章）： 广东长珠新材料科技有限公司

建设单位（盖章）：东长珠新材料科技有限公司

编日期：20242月

![](images/bf2dc677b0bb072255b739ece2ef7a3d7a41ada61f82d928bee247f0a5607104.jpg)  
材料科技司 64 ，

中华人民共和国生态环境部制

打印编号：170893"
2024_佛山市生态环境局关于泽皓讯联（广东）科技有限公司建设项目环境影响报告表的批复.pdf,80,E:\软件\mineru_extracted\2024_2024年6月26日建设项目环境影响报告书（表）受理公告（北滘）_2_mineru\full.md,2024_2024年6月26日建设项目环境影响报告书（表）受理公告（北滘）_2_mineru,report,泽皓讯联（广东）科技有限公司,,False,"# 建设项目环境影响报告表（污染影响类）

项目名称：泽皓讯联广东科技有限公司建设项目

建设单位（盖章）：泽皓讯联（广科技有限公司

编制日期： 2024华喜

中华人民共和国生态环境部制

![](images/b30e4bcf495fe90250f339e9f94ea88dec0405759dd5814fe4b90cb2668c2d12.jpg)  
蓝瀚（广东）鑫态环境科技有限公司 440"
2024_佛山市生态环境局关于美的集团创新科技园建设项目环境影响报告表的批复.pdf,80,E:\软件\mineru_extracted\2024_2024年5月30日建设项目环境影响报告书（表）受理公告（北滘）_mineru\full.md,2024_2024年5月30日建设项目环境影响报告书（表）受理公告（北滘）_mineru,report,美的集团创新科技园,,False,"# （污染影响类）（污染影响类）

名称： 美的集团创新科技园建设

建设单位（盖章）： 广东的制设备有限公司

编制日期： 2024年5月

中华人民和国生态环境部制

![](images/3ddcfe514c89e72dc5c31138474601b52025893ac5e8a68246d892bd4f02da4b.jpg)  
广东顺澳环境科学研究院有限公司 0

打印编号：1716886"
2024_佛山市生态环境局关于顺德区容桂水系水环境综合治理工程—水质净化厂建设工程（容桂东部水质净化厂）建设项目环境影响报告表的批复.pdf,80,E:\软件\mineru_extracted\2024_2024年7月12日建设项目环境影响报告表受理公告（容桂）_1_mineru\full.md,2024_2024年7月12日建设项目环境影响报告表受理公告（容桂）_1_mineru,report,顺德区容桂水系水环境综合治理工程—水质净化厂,,False,"# 建设项目环境影响报告表

（污染影响类）

项目名称：顺德区容桂水系水环境综合治理工程-水质海化建设工程（容桂东部水质净化厂）

建设单位（盖章广东顺控水务投资设有限公司

![](images/e8826bc1b397f98f146388be7186dc7076e45b2f998697f8bde51eb080d6d3bd.jpg)

编制日期：2024年7月

![](images/4280"
2024_佛山市生态环境局关于顺德区容桂水系水环境综合治理工程—水质净化厂建设工程（容桂南部水质净化厂）建设项目环境影响报告表的批复.pdf,80,E:\软件\mineru_extracted\2024_2024年7月12日建设项目环境影响报告表受理公告（容桂）_1_mineru\full.md,2024_2024年7月12日建设项目环境影响报告表受理公告（容桂）_1_mineru,report,顺德区容桂水系水环境综合治理工程—水质净化厂,,False,"# 建设项目环境影响报告表

（污染影响类）

项目名称：顺德区容桂水系水环境综合治理工程-水质海化建设工程（容桂东部水质净化厂）

建设单位（盖章广东顺控水务投资设有限公司

![](images/e8826bc1b397f98f146388be7186dc7076e45b2f998697f8bde51eb080d6d3bd.jpg)

编制日期：2024年7月

![](images/4280"
2024_佛环0305环审〔2024〕12号【佛山市生态环境局关于佛山市中顺永星金属制品有限公司建设项目环境影响报告表的批复】（公示）.pdf,80,E:\软件\mineru_extracted\2024_2024年4月30日建设项目环境影响报告受理公告（陈村）_mineru\full.md,2024_2024年4月30日建设项目环境影响报告受理公告（陈村）_mineru,report,佛山市中顺永星金属制品有限公司,佛环0305环审〔2024〕12号【佛山市生,False,"# 建设项目环境影响报告表

（污染影响类）

项目名称：佛山市中顺永星金属制品有限公司建设项目

建设单位（盖章）：佛山市中顺永星金属制品有限公司

位（盖章 市中顺永

中华人民共和国生态环境部制

![](images/cdc304bd99d400bca686e874e1fa9c8c3ff8c252e20f516346f9488b5e02fab3.jpg)  
广东鑫江环保科技有限限公司 4"
2024_佛环0305环审〔2024〕14号【佛山市生态环境局关于佛山市众合聚鑫金属制品有限公司新建项目建设项目环境影响报告表的批复】（公示）.pdf,80,E:\软件\mineru_extracted\2024_2024年5月30日建设项目环境影响报告受理公告（陈村）_mineru\full.md,2024_2024年5月30日建设项目环境影响报告受理公告（陈村）_mineru,report,佛山市众合聚鑫金属制品有限公司,佛环0305环审〔2024〕14号【佛山市生,False,"报告表编号：

# 建设项目环境影响报告表（污染影响类）

# 项目名称：佛山市众合聚鑫金属制品有限公司新建项目建设单位(盖章)：佛山市众合聚鑫金属制品有限公司

编制日期：

![](images/9be1514fda545f18209f8ce2b1b3872efd3ab232d953336dc0ccb0f7508cc7e1.jpg)

中华人民共和国生态环境部制

![](images/c27"
2024_佛环0305环审〔2024〕18号【佛山市生态环境局关于佛山市豪宇不锈钢有限公司新建项目环境影响报告表的批复】（公示）.pdf,80,E:\软件\mineru_extracted\2024_2024年7月31日建设项目环境影响报告受理公告（陈村）_2_mineru\full.md,2024_2024年7月31日建设项目环境影响报告受理公告（陈村）_2_mineru,report,佛山市豪宇不锈钢有限公司,佛环0305环审〔2024〕18号【佛山市生,False,"# 建设项目环境影响报告表

（污染影响类）

项目名称：佛山市钢有公司新建项目

建设单位盖章）：佛行豪宇不钢有限公司

： 佛山市豪宇不锈钢有限公司新建项

中华人民共和国生态环境部制

## 编制单位和编制人员情况表

<table><tr><td>项目编号</td><td colspan=""2"">1488rb</td><td colspan=""2""></td></tr><tr><td>建设"
2024_佛环0305环审〔2024〕21号【佛山市生态环境局关于佛山市顺德区威合信热熔胶有限公司迁扩建项目建设项目环境影响报告表的批复】（公示）.pdf,80,E:\软件\mineru_extracted\2023_2023年10月12日建设项目环境影响报告书（表）受理公告（杏坛）_1_mineru\full.md,2023_2023年10月12日建设项目环境影响报告书（表）受理公告（杏坛）_1_mineru,report,佛山市顺德区威合信热熔胶有限公司迁,佛环0305环审〔2024〕21号【佛山市生,False,"# 建设项目环境影响报告表

（污染影响类）

（公示版）

项目名称： 佛山市塑裕新材料科技有限公司新建项目

建设单位（盖章）：佛山市塑裕新材料科技有限公司

编制日期：2023 年09 月

中华人民共和国生态环境部制

# 目 录

一、建设项目基本情况...  
二、建设项目工程分析. .18  
三、区域环境质量现状、环境保护目标及评价标准. .27  
四、主要环境影响和保护措施.."
2024_佛环0305环审〔2024〕22号【佛山市生态环境局关于佛山市鑫喜豪金属制品有限公司建设项目环境影响报告表的批复】（公示）.pdf,80,E:\软件\mineru_extracted\2024_2024年8月7日建设项目环境影响报告受理公告（陈村）_mineru\full.md,2024_2024年8月7日建设项目环境影响报告受理公告（陈村）_mineru,report,佛山市鑫喜豪金属制品有限公司,佛环0305环审〔2024〕22号【佛山市生,False,"# 建设项目环境影响报告表

（污染影响类）

![](images/5076bc5145eab8bd80f440866e66a193a4d1e3e0a1a83540665b3d5557b990e6.jpg)  
佛山市鑫喜豪金属制品有限公司 44000 15720

# 项目名称：佛山市鑫喜豪金属制品有限公司建设项目建设单位（盖章）：佛山市鑫喜豪金属制品有限公司

编制日期： 2024年7月

"
2024_佛环0305环审〔2024〕25号【佛山市生态环境局关于佛山市天成达金属有限公司搬迁及改扩建项目建设项目环境影响报告表的批复】（公示）.pdf,80,E:\软件\mineru_extracted\2024_2024年10月22日建设项目环境影响报告受理公告（陈村）_mineru\full.md,2024_2024年10月22日建设项目环境影响报告受理公告（陈村）_mineru,report,佛山市天成达金属有限公司搬迁及改,佛环0305环审〔2024〕25号【佛山市生,False,"# 建设项目环境影响报告表

# (污染影响类)

项目名称:佛山市天成达金属有限公司搬迁及改扩建项目

建设单位（盖章）：佛山市天成达金属有限公司

编制日期：2024年9月

![](images/dabadb80c0fe4d76773e949cbdd8387828ec14807c3806d0158c08e97d564077.jpg)

<details>
<summary>text_imag"
2024_佛环0305环审〔2024〕27号【佛山市生态环境局关于陈村镇广隆工业区道路工程—工业大道西建设项目环境影响报告表的批复】（公示）.pdf,80,E:\软件\mineru_extracted\2024_2024年10月31日建设项目环境影响报告受理公告（陈村）_mineru\full.md,2024_2024年10月31日建设项目环境影响报告受理公告（陈村）_mineru,report,陈村镇广隆工业区道路工程—工业大道西,佛环0305环审〔2024〕27号【佛山市生,False,"# 建设项目环境影响报告表

（生态影响类）

项目名称：陈村镇广隆工业区道路工程—工业大设单位（盖章）：佛山市顺德区陈村镇建设工程管理

中华人民共和国生环境部制

![](images/93364bfa6861852df793d01f0b615d5a9cd6542d031beb36d87386c61cf3c2a8.jpg)

![](images/d46cb6b638f5f780e6e7aab"
2024_佛环03环审〔2024〕10号佛山市生态环境局关于佛山市顺德区铭锌德塑料实业有限公司迁扩建项目建设项目环境影响报告表的批复.pdf,80,E:\软件\mineru_extracted\2023_2023年10月12日建设项目环境影响报告书（表）受理公告（杏坛）_1_mineru\full.md,2023_2023年10月12日建设项目环境影响报告书（表）受理公告（杏坛）_1_mineru,report,佛山市顺德区铭锌德塑料实业有限公司迁,佛环03环审〔2024〕10号佛山市生态环境,False,"# 建设项目环境影响报告表

（污染影响类）

（公示版）

项目名称： 佛山市塑裕新材料科技有限公司新建项目

建设单位（盖章）：佛山市塑裕新材料科技有限公司

编制日期：2023 年09 月

中华人民共和国生态环境部制

# 目 录

一、建设项目基本情况...  
二、建设项目工程分析. .18  
三、区域环境质量现状、环境保护目标及评价标准. .27  
四、主要环境影响和保护措施.."
2024_佛环03环审〔2024〕14号佛山市生态环境局关于佛山市顺德区美嘉尔电器制造有限公司迁扩建项目环境影响报告表的批复.pdf,80,E:\软件\mineru_extracted\2023_2023年10月12日建设项目环境影响报告书（表）受理公告（杏坛）_1_mineru\full.md,2023_2023年10月12日建设项目环境影响报告书（表）受理公告（杏坛）_1_mineru,report,佛山市顺德区美嘉尔电器制造有限公司迁,佛环03环审〔2024〕14号佛山市生态环境,False,"# 建设项目环境影响报告表

（污染影响类）

（公示版）

项目名称： 佛山市塑裕新材料科技有限公司新建项目

建设单位（盖章）：佛山市塑裕新材料科技有限公司

编制日期：2023 年09 月

中华人民共和国生态环境部制

# 目 录

一、建设项目基本情况...  
二、建设项目工程分析. .18  
三、区域环境质量现状、环境保护目标及评价标准. .27  
四、主要环境影响和保护措施.."
2024_佛环03环审〔2024〕62号佛山市生态环境局关于佛山汇诚科技有限公司新建项目建设项目环境影响报告表的批复.pdf,80,E:\软件\mineru_extracted\2024_2024年1月22日建设项目环境影响报告表受理公告（佛山市生态环境局顺德分局）_2_mineru\full.md,2024_2024年1月22日建设项目环境影响报告表受理公告（佛山市生态环境局顺德分局）_2_mineru,report,佛山汇诚科技有限公司,佛环03环审〔2024〕62号佛山市生态环境,False,"# 建设项目环境影响报告表

(污染影响类）

项目名称：佛山汇诚科技有限公同新建目

建设单位（盖章）：佛山汇诚科技有限公司

编制日期：2023年12月

![](images/1faffdf597865f20bd0432be498ac84e15e9e24750067160100ac97966b98f95.jpg)  
佛质诚科技有翻司 4406043473526

中华人民共和国生态环境部制"
2024_佛环03环审〔2024〕64号佛山市生态环境局关于佛山市鑫金宝金属制品有限公司新建项目建设项目环境影响报告表的批复.pdf,80,E:\软件\mineru_extracted\2023_2023年12月25日建设项目环境影响报告书（表）受理公告（佛山市生态环境局顺德分局）_4_mineru\full.md,2023_2023年12月25日建设项目环境影响报告书（表）受理公告（佛山市生态环境局顺德分局）_4_mineru,report,佛山市鑫金宝金属制品有限公司,佛环03环审〔2024〕64号佛山市生态环境,False,"# 建设项目环境影响报告表

（污染影响类）

项目名称：佛山市鑫金宝金属制品有限公司新建项目

建设单位（盖章）：佛山市鑫金宝金属制品有限公司

编制日期：2023年11 月

中华人民共和国生态环境部制

编制单位和编制人员情况表

<table><tr><td>项目编号</td><td colspan=""3"">8mdlb6</td></tr><tr><td>建设项目名称</td><td co"
2024_公示佛山市生态环境局关于佛山市大隅新材料有限公司新建项目环境影响报告表的批复.pdf,80,E:\软件\mineru_extracted\2023_2023年12月28日建设项目环境影响报告书（表）受理公告（杏坛）_2_mineru\full.md,2023_2023年12月28日建设项目环境影响报告书（表）受理公告（杏坛）_2_mineru,report,佛山市大隅新材料有限公司,,False,"# 建设项目环境影响报告表

# （污染影响类）

项目名称：佛山市大隅新材料有限公司新建项目

建设单位（盖章）：佛山市大隅新材料有限公司

编制日期： 二〇二三年十二月

中华人民共和国生态环境部制

中

011

![](images/fd8e8f5643279fa11e4b1a3d26345982c2c003e3ed5005e14b00d3951f716288.jpg)

<detail"
2024_公示佛山市生态环境局关于佛山市顺德区山泰金属制品有限公司迁建项目环境影响报告表的批复.pdf,80,E:\软件\mineru_extracted\2023_2023年10月12日建设项目环境影响报告书（表）受理公告（杏坛）_1_mineru\full.md,2023_2023年10月12日建设项目环境影响报告书（表）受理公告（杏坛）_1_mineru,report,佛山市顺德区山泰金属制品有限公司,,False,"# 建设项目环境影响报告表

（污染影响类）

（公示版）

项目名称： 佛山市塑裕新材料科技有限公司新建项目

建设单位（盖章）：佛山市塑裕新材料科技有限公司

编制日期：2023 年09 月

中华人民共和国生态环境部制

# 目 录

一、建设项目基本情况...  
二、建设项目工程分析. .18  
三、区域环境质量现状、环境保护目标及评价标准. .27  
四、主要环境影响和保护措施.."
2024_公示佛山市生态环境局关于佛山市顺德区鑫达通洁具配件厂新建项目环境影响报告表的批复.pdf,80,E:\软件\mineru_extracted\2023_2023年10月12日建设项目环境影响报告书（表）受理公告（杏坛）_1_mineru\full.md,2023_2023年10月12日建设项目环境影响报告书（表）受理公告（杏坛）_1_mineru,report,佛山市顺德区鑫达通洁具配件厂,,False,"# 建设项目环境影响报告表

（污染影响类）

（公示版）

项目名称： 佛山市塑裕新材料科技有限公司新建项目

建设单位（盖章）：佛山市塑裕新材料科技有限公司

编制日期：2023 年09 月

中华人民共和国生态环境部制

# 目 录

一、建设项目基本情况...  
二、建设项目工程分析. .18  
三、区域环境质量现状、环境保护目标及评价标准. .27  
四、主要环境影响和保护措施.."
2024_关于佛山市顺德区兆博塑料制品有限公司新建项目建设项目环境影响报告表的批复.pdf,80,E:\软件\mineru_extracted\2023_2023年10月12日建设项目环境影响报告书（表）受理公告（杏坛）_1_mineru\full.md,2023_2023年10月12日建设项目环境影响报告书（表）受理公告（杏坛）_1_mineru,report,佛山市顺德区兆博塑料制品有限公司,,False,"# 建设项目环境影响报告表

（污染影响类）

（公示版）

项目名称： 佛山市塑裕新材料科技有限公司新建项目

建设单位（盖章）：佛山市塑裕新材料科技有限公司

编制日期：2023 年09 月

中华人民共和国生态环境部制

# 目 录

一、建设项目基本情况...  
二、建设项目工程分析. .18  
三、区域环境质量现状、环境保护目标及评价标准. .27  
四、主要环境影响和保护措施.."
2024_关于佛山市顺德区匡工精密模具有限公司搬迁项目建设项目环境影响报告表的批复.pdf,80,E:\软件\mineru_extracted\2023_2023年10月12日建设项目环境影响报告书（表）受理公告（杏坛）_1_mineru\full.md,2023_2023年10月12日建设项目环境影响报告书（表）受理公告（杏坛）_1_mineru,report,佛山市顺德区匡工精密模具有限公司搬迁项目,,False,"# 建设项目环境影响报告表

（污染影响类）

（公示版）

项目名称： 佛山市塑裕新材料科技有限公司新建项目

建设单位（盖章）：佛山市塑裕新材料科技有限公司

编制日期：2023 年09 月

中华人民共和国生态环境部制

# 目 录

一、建设项目基本情况...  
二、建设项目工程分析. .18  
三、区域环境质量现状、环境保护目标及评价标准. .27  
四、主要环境影响和保护措施.."
2024_关于佛山市顺德区天聚电器实业有限公司扩建项目建设项目环境影响报告表的批复.pdf,80,E:\软件\mineru_extracted\2023_2023年10月12日建设项目环境影响报告书（表）受理公告（杏坛）_1_mineru\full.md,2023_2023年10月12日建设项目环境影响报告书（表）受理公告（杏坛）_1_mineru,report,佛山市顺德区天聚电器实业有限公司,,False,"# 建设项目环境影响报告表

（污染影响类）

（公示版）

项目名称： 佛山市塑裕新材料科技有限公司新建项目

建设单位（盖章）：佛山市塑裕新材料科技有限公司

编制日期：2023 年09 月

中华人民共和国生态环境部制

# 目 录

一、建设项目基本情况...  
二、建设项目工程分析. .18  
三、区域环境质量现状、环境保护目标及评价标准. .27  
四、主要环境影响和保护措施.."
2024_关于佛山市顺德区瑞卓越电子厂新建项目建设项目环境影响报告表的批复.pdf,80,E:\软件\mineru_extracted\2023_2023年10月12日建设项目环境影响报告书（表）受理公告（杏坛）_1_mineru\full.md,2023_2023年10月12日建设项目环境影响报告书（表）受理公告（杏坛）_1_mineru,report,佛山市顺德区瑞卓越电子厂,,False,"# 建设项目环境影响报告表

（污染影响类）

（公示版）

项目名称： 佛山市塑裕新材料科技有限公司新建项目

建设单位（盖章）：佛山市塑裕新材料科技有限公司

编制日期：2023 年09 月

中华人民共和国生态环境部制

# 目 录

一、建设项目基本情况...  
二、建设项目工程分析. .18  
三、区域环境质量现状、环境保护目标及评价标准. .27  
四、主要环境影响和保护措施.."
2024_承诺制公示佛山市生态环境局关于佛山市顺德区金福华包装实业有限公司扩建项目环境影响报告表的批复.pdf,80,E:\软件\mineru_extracted\2023_2023年10月12日建设项目环境影响报告书（表）受理公告（杏坛）_1_mineru\full.md,2023_2023年10月12日建设项目环境影响报告书（表）受理公告（杏坛）_1_mineru,report,佛山市顺德区金福华包装实业有限公司,,False,"# 建设项目环境影响报告表

（污染影响类）

（公示版）

项目名称： 佛山市塑裕新材料科技有限公司新建项目

建设单位（盖章）：佛山市塑裕新材料科技有限公司

编制日期：2023 年09 月

中华人民共和国生态环境部制

# 目 录

一、建设项目基本情况...  
二、建设项目工程分析. .18  
三、区域环境质量现状、环境保护目标及评价标准. .27  
四、主要环境影响和保护措施.."
2024_（佛环0304环审〔2024〕5号） 佛山市生态环境局关于佛山市顺德区华标塑胶科技有限公司新建项目环境影响报告表的批复.pdf,80,E:\软件\mineru_extracted\2023_2023年10月12日建设项目环境影响报告书（表）受理公告（杏坛）_1_mineru\full.md,2023_2023年10月12日建设项目环境影响报告书（表）受理公告（杏坛）_1_mineru,report,佛山市顺德区华标塑胶科技有限公司,佛环0304环审〔2024〕5号）,False,"# 建设项目环境影响报告表

（污染影响类）

（公示版）

项目名称： 佛山市塑裕新材料科技有限公司新建项目

建设单位（盖章）：佛山市塑裕新材料科技有限公司

编制日期：2023 年09 月

中华人民共和国生态环境部制

# 目 录

一、建设项目基本情况...  
二、建设项目工程分析. .18  
三、区域环境质量现状、环境保护目标及评价标准. .27  
四、主要环境影响和保护措施.."
2024_（佛环0304环审〔2024〕7号）佛山市生态环境局关于佛山市顺德区明森佳五金弹簧有限公司新建项目环境影响报告表的批复.pdf,80,E:\软件\mineru_extracted\2023_2023年10月12日建设项目环境影响报告书（表）受理公告（杏坛）_1_mineru\full.md,2023_2023年10月12日建设项目环境影响报告书（表）受理公告（杏坛）_1_mineru,report,佛山市顺德区明森佳五金弹簧有限公司,佛环0304环审〔2024〕7号）佛山市生态,False,"# 建设项目环境影响报告表

（污染影响类）

（公示版）

项目名称： 佛山市塑裕新材料科技有限公司新建项目

建设单位（盖章）：佛山市塑裕新材料科技有限公司

编制日期：2023 年09 月

中华人民共和国生态环境部制

# 目 录

一、建设项目基本情况...  
二、建设项目工程分析. .18  
三、区域环境质量现状、环境保护目标及评价标准. .27  
四、主要环境影响和保护措施.."
2025_20250320-佛山市生态环境局关于佛山市顺德区良钿电器有限公司迁改扩建项目环境影响报告表的批复.pdf,80,E:\软件\mineru_extracted\2023_2023年10月12日建设项目环境影响报告书（表）受理公告（杏坛）_1_mineru\full.md,2023_2023年10月12日建设项目环境影响报告书（表）受理公告（杏坛）_1_mineru,report,佛山市顺德区良钿电器有限公司迁改,,False,"# 建设项目环境影响报告表

（污染影响类）

（公示版）

项目名称： 佛山市塑裕新材料科技有限公司新建项目

建设单位（盖章）：佛山市塑裕新材料科技有限公司

编制日期：2023 年09 月

中华人民共和国生态环境部制

# 目 录

一、建设项目基本情况...  
二、建设项目工程分析. .18  
三、区域环境质量现状、环境保护目标及评价标准. .27  
四、主要环境影响和保护措施.."
2025_20250326-佛山市生态环境局关于佛山市伯利菲精密模具有限公司建设项目环境影响报告表的批复（无红头）.pdf,80,E:\软件\mineru_extracted\2025_2025年3月11日建设项目环境影响报告书（表）受理公告（北滘）_mineru\full.md,2025_2025年3月11日建设项目环境影响报告书（表）受理公告（北滘）_mineru,report,佛山市伯利菲精密模具有限公司,,False,"# 建设项目环境影响报告表（污染影响类）

![](images/02eef326a3482428fe72f95ac93b1da9d24ab70e096ff42c74f67e8a28c48ff1.jpg)  
佛山市伯利菲精密模具有限公司 口 0646992

项目名称：佛山市伯利菲精密模具有限公司建设项目

建设单位（盖章）：佛山市伯利菲精密模具有限公司

编制日期： 2025年1月

![]("
2025_20250521-佛山市生态环境局关于佛山市顺德区金凌厨具设备有限公司迁建项目环境影响报告表的批复.pdf,80,E:\软件\mineru_extracted\2023_2023年10月12日建设项目环境影响报告书（表）受理公告（杏坛）_1_mineru\full.md,2023_2023年10月12日建设项目环境影响报告书（表）受理公告（杏坛）_1_mineru,report,佛山市顺德区金凌厨具设备有限公司,,False,"# 建设项目环境影响报告表

（污染影响类）

（公示版）

项目名称： 佛山市塑裕新材料科技有限公司新建项目

建设单位（盖章）：佛山市塑裕新材料科技有限公司

编制日期：2023 年09 月

中华人民共和国生态环境部制

# 目 录

一、建设项目基本情况...  
二、建设项目工程分析. .18  
三、区域环境质量现状、环境保护目标及评价标准. .27  
四、主要环境影响和保护措施.."
2025_佛山市生态环境局关于佛山市优稀帝音响有限公司新建项目环境影响报告表的批复.pdf,80,E:\软件\mineru_extracted\2025_2025年2月24日建设项目环境影响报告书（表）受理公告（北滘）_2_mineru\full.md,2025_2025年2月24日建设项目环境影响报告书（表）受理公告（北滘）_2_mineru,report,佛山市优稀帝音响有限公司,,False,"# 建设项目环境影响报告表

（污染影响类）

项目名称：佛山市优稀帝音响有限公司新建项目

建设单位（盖章）：佛山市优稀帝音响有限公司

编制日期：2025 年2 月

中华人民共和国生态环境部制

编制单位和编制人员情况表
<table><tr><td rowspan=1 colspan=2>项目编号</td><td rowspan=1 colspan=4>3ln3xf</td></tr><t"
2025_佛山市生态环境局关于佛山市富潮盈电子有限公司建设项目环境影响报告表的批复（无章）.pdf,80,E:\软件\mineru_extracted\2025_2025年5月27日建设项目环境影响报告书（表）受理公告（北滘）_2_mineru\full.md,2025_2025年5月27日建设项目环境影响报告书（表）受理公告（北滘）_2_mineru,report,佛山市富潮盈电子有限公司,,False,"# 建设项目环境影响报告表

（污染影响类）

项目名称：佛山市富潮盈电子有限公司建

建设单位（盖章）：佛山市富潮盈电子有限公司

编制日期： 2月

![](images/93766266213070ecffe9481fa17443518887ba34229f2c68e2874ebdf361b92f.jpg)  
佛山市富潮盈电子有限公司

![](images/6665c077c83af40"
2025_佛山市生态环境局关于佛山市建超金属制品有限公司新建项目环境影响报告表的批复（无章）.pdf,80,E:\软件\mineru_extracted\2025_2025年7月2日建设项目环境影响报告书（表）受理公告（北滘）_mineru\full.md,2025_2025年7月2日建设项目环境影响报告书（表）受理公告（北滘）_mineru,report,佛山市建超金属制品有限公司,,False,"# 建设项目环境影响报告表（污染影响类）

![](images/e00363a498e514038e86184b9408d85312abddeaf09879511911863a00f4db39.jpg)  
超金属制品有限公司 0 。 坊 44

项目名称：佛山市建超金属制品有限公司新建项目

![](images/3a892c74b082adae898af378894638156c162f99"
2025_佛山市生态环境局关于佛山市益田五金塑料制品有限公司迁扩建项目建设项目环境影响报告表的批复.pdf,80,E:\软件\mineru_extracted\2025_2025年2月25日建设项目环境影响报告表受理公告（容桂）_3_mineru\full.md,2025_2025年2月25日建设项目环境影响报告表受理公告（容桂）_3_mineru,report,佛山市益田五金塑料制品有限公司迁,,False,"# 建设项目环境影响报告表

（污染影响类）

项目名称：佛山市益田五金塑料制品有限公司迁扩建项目

建设单位（盖章）：佛山市益田五金塑料制品有限公司编制日期：2025年01月

中华人民和国生态环境部制

![](images/a963f5739d95bec051d8ff937f712588cc4023591aae327d3ad6ce678960126f.jpg)  
毓然珍保（广东）有限公司 "
2025_佛山市生态环境局关于佛山市盛泰合创科技有限公司建设项目建设项目环境影响报告表的批复.pdf,80,E:\软件\mineru_extracted\2026_2026年5月6日建设项目环境影响报告表受理公告（佛山市生态环境局顺德分局）_8_mineru\full.md,2026_2026年5月6日建设项目环境影响报告表受理公告（佛山市生态环境局顺德分局）_8_mineru,report,佛山市盛泰合创科技有限公司,,False,"# 建设项目环境影响报告表

（污染影响类）

![](images/e3fcce38f33c4de70958099dc593086cc1366c222a5addf6dea71b30b8d3902e.jpg)

<details>
<summary>text_image</summary>

泰合创科技有限公司
成立日期
有限公司
2014年5月26日
</details>

项目名称：佛山市盛泰"
2025_佛山市生态环境局关于佛山市美斯达光电科技有限公司新建项目环境影响报告表的批复（无章）.pdf,80,E:\软件\mineru_extracted\2025_2025年5月13日建设项目环境影响报告书（表）受理公告（北滘）_mineru\full.md,2025_2025年5月13日建设项目环境影响报告书（表）受理公告（北滘）_mineru,report,佛山市美斯达光电科技有限公司,,False,"# 建设项目环境影响报告表

（污染影响类）

项目名称：佛山市美斯达光电科技有限公司新建项目

建设单位（盖章）：佛山市美斯达光电科技有限公司

编制日期：2025年月

中华人民共和国生态环境部制

![](images/243cf046b5d83a8501d6876b28271ebec4aec5017e80e175648932eff0601e81.jpg)  
毓然环保（广东有限公司 1 0"
2025_佛山市生态环境局关于佛山市翔正天塑料有限公司新建项目建设项目环境影响报告表的批复.pdf,80,E:\软件\mineru_extracted\2025_2025年1月16日建设项目环境影响报告表受理公告（容桂）_1_mineru\full.md,2025_2025年1月16日建设项目环境影响报告表受理公告（容桂）_1_mineru,report,佛山市翔正天塑料有限公司,,False,"# 建设项目环境影响报告表

（污染影响类）

项目名称：佛山市翔正天塑料有限公司新建项目

建设单位（盖章）：佛山市翔正天塑料有限公司

编制日期：2024年12月

![](images/6c08412bc767e0357a1fa9db8ef76be646188370d75fa099b9ab45237140cb7c.jpg)  
佛山市燕天塑科有限公司 4406064729045

![](i"
2025_佛山市生态环境局关于佛山市衍源塑胶制品有限公司扩建项目环境影响报告表的批复.pdf,80,E:\软件\mineru_extracted\2025_2025年3月21日建设项目环境影响报告书（表）受理公告（北滘）_mineru\full.md,2025_2025年3月21日建设项目环境影响报告书（表）受理公告（北滘）_mineru,report,佛山市衍源塑胶制品有限公司,,False,"口

# 建设项目环境影响报告表

（污染影响类）

项目名称：佛山市行源塑制品限公扩建项目

建设单位（盖章）：佛山市源塑胶制品有限公司

![](images/d7844695e6d58fde72ae4e1c55413959a6b17593f9b0643c538ba37b8a0674e4.jpg)

二零月

中华人民共和国生态环境

![](images/c8cdbc5ead91b60c9b"
2025_佛山市生态环境局关于佛山市银泓燃具电器有限公司新建项目建设项目环境影响报告表的批复.pdf,80,E:\软件\mineru_extracted\2024_2024年12月10日建设项目环境影响报告表受理公告（容桂）_mineru\full.md,2024_2024年12月10日建设项目环境影响报告表受理公告（容桂）_mineru,report,佛山市银泓燃具电器有限公司,,False,"# 建设项目环境影响报告表

（污染影响类）

项目名称：佛山市银泓燃具电器有限公司新建项目

建设单位（盖章）：佛山市银泓燃具电器有限公司

编制日期： 2084年11

中华人民共和国生态环境部制

![](images/dcf13810a3eea71febfa8faba042aeec667319b9b1419ecfc658e5f5dde6b111.jpg)  
镇然保（广东）有限公司 110"
2025_佛山市生态环境局关于佛山市顺德区云起龙骧模具有限公司迁改扩建项目建设项目环境影响报告表的批复.pdf,80,E:\软件\mineru_extracted\2023_2023年10月12日建设项目环境影响报告书（表）受理公告（杏坛）_1_mineru\full.md,2023_2023年10月12日建设项目环境影响报告书（表）受理公告（杏坛）_1_mineru,report,佛山市顺德区云起龙骧模具有限公司迁改,,False,"# 建设项目环境影响报告表

（污染影响类）

（公示版）

项目名称： 佛山市塑裕新材料科技有限公司新建项目

建设单位（盖章）：佛山市塑裕新材料科技有限公司

编制日期：2023 年09 月

中华人民共和国生态环境部制

# 目 录

一、建设项目基本情况...  
二、建设项目工程分析. .18  
三、区域环境质量现状、环境保护目标及评价标准. .27  
四、主要环境影响和保护措施.."
2025_佛山市生态环境局关于佛山市顺德区伟联塑料制品厂新建项目建设项目环境影响报告表的批复.pdf,80,E:\软件\mineru_extracted\2023_2023年10月12日建设项目环境影响报告书（表）受理公告（杏坛）_1_mineru\full.md,2023_2023年10月12日建设项目环境影响报告书（表）受理公告（杏坛）_1_mineru,report,佛山市顺德区伟联塑料制品厂,,False,"# 建设项目环境影响报告表

（污染影响类）

（公示版）

项目名称： 佛山市塑裕新材料科技有限公司新建项目

建设单位（盖章）：佛山市塑裕新材料科技有限公司

编制日期：2023 年09 月

中华人民共和国生态环境部制

# 目 录

一、建设项目基本情况...  
二、建设项目工程分析. .18  
三、区域环境质量现状、环境保护目标及评价标准. .27  
四、主要环境影响和保护措施.."
2025_佛山市生态环境局关于佛山市顺德区华方电器实业有限公司迁扩建项目建设项目环境影响报告表的批复.pdf,80,E:\软件\mineru_extracted\2023_2023年10月12日建设项目环境影响报告书（表）受理公告（杏坛）_1_mineru\full.md,2023_2023年10月12日建设项目环境影响报告书（表）受理公告（杏坛）_1_mineru,report,佛山市顺德区华方电器实业有限公司迁,,False,"# 建设项目环境影响报告表

（污染影响类）

（公示版）

项目名称： 佛山市塑裕新材料科技有限公司新建项目

建设单位（盖章）：佛山市塑裕新材料科技有限公司

编制日期：2023 年09 月

中华人民共和国生态环境部制

# 目 录

一、建设项目基本情况...  
二、建设项目工程分析. .18  
三、区域环境质量现状、环境保护目标及评价标准. .27  
四、主要环境影响和保护措施.."
2025_佛山市生态环境局关于佛山市顺德区南乔纸品有限公司迁改扩建项目建设项目环境影响报告表的批复.pdf,80,E:\软件\mineru_extracted\2023_2023年10月12日建设项目环境影响报告书（表）受理公告（杏坛）_1_mineru\full.md,2023_2023年10月12日建设项目环境影响报告书（表）受理公告（杏坛）_1_mineru,report,佛山市顺德区南乔纸品有限公司迁改,,False,"# 建设项目环境影响报告表

（污染影响类）

（公示版）

项目名称： 佛山市塑裕新材料科技有限公司新建项目

建设单位（盖章）：佛山市塑裕新材料科技有限公司

编制日期：2023 年09 月

中华人民共和国生态环境部制

# 目 录

一、建设项目基本情况...  
二、建设项目工程分析. .18  
三、区域环境质量现状、环境保护目标及评价标准. .27  
四、主要环境影响和保护措施.."
2025_佛山市生态环境局关于佛山市顺德区嘉保洁具有限公司迁建项目建设项目环境影响报告表的批复.pdf,80,E:\软件\mineru_extracted\2023_2023年10月12日建设项目环境影响报告书（表）受理公告（杏坛）_1_mineru\full.md,2023_2023年10月12日建设项目环境影响报告书（表）受理公告（杏坛）_1_mineru,report,佛山市顺德区嘉保洁具有限公司,,False,"# 建设项目环境影响报告表

（污染影响类）

（公示版）

项目名称： 佛山市塑裕新材料科技有限公司新建项目

建设单位（盖章）：佛山市塑裕新材料科技有限公司

编制日期：2023 年09 月

中华人民共和国生态环境部制

# 目 录

一、建设项目基本情况...  
二、建设项目工程分析. .18  
三、区域环境质量现状、环境保护目标及评价标准. .27  
四、主要环境影响和保护措施.."
2025_佛山市生态环境局关于佛山市顺德区大疆创新科技有限公司实验室新建项目环境影响报告表的批复（无章）.pdf,80,E:\软件\mineru_extracted\2023_2023年10月12日建设项目环境影响报告书（表）受理公告（杏坛）_1_mineru\full.md,2023_2023年10月12日建设项目环境影响报告书（表）受理公告（杏坛）_1_mineru,report,佛山市顺德区大疆创新科技有限公司实验室,,False,"# 建设项目环境影响报告表

（污染影响类）

（公示版）

项目名称： 佛山市塑裕新材料科技有限公司新建项目

建设单位（盖章）：佛山市塑裕新材料科技有限公司

编制日期：2023 年09 月

中华人民共和国生态环境部制

# 目 录

一、建设项目基本情况...  
二、建设项目工程分析. .18  
三、区域环境质量现状、环境保护目标及评价标准. .27  
四、主要环境影响和保护措施.."
2025_佛山市生态环境局关于佛山市顺德区容声塑胶有限公司年增0.8万吨塑料制品扩建项目建设项目环境影响报告表的批复.pdf,80,E:\软件\mineru_extracted\2023_2023年10月12日建设项目环境影响报告书（表）受理公告（杏坛）_1_mineru\full.md,2023_2023年10月12日建设项目环境影响报告书（表）受理公告（杏坛）_1_mineru,report,佛山市顺德区容声塑胶有限公司年增0.8万吨塑料制品,,False,"# 建设项目环境影响报告表

（污染影响类）

（公示版）

项目名称： 佛山市塑裕新材料科技有限公司新建项目

建设单位（盖章）：佛山市塑裕新材料科技有限公司

编制日期：2023 年09 月

中华人民共和国生态环境部制

# 目 录

一、建设项目基本情况...  
二、建设项目工程分析. .18  
三、区域环境质量现状、环境保护目标及评价标准. .27  
四、主要环境影响和保护措施.."
2025_佛山市生态环境局关于佛山市顺德区尧航五金塑料实业有限公司建设项目环境影响报告表的批复（无章）.pdf,80,E:\软件\mineru_extracted\2023_2023年10月12日建设项目环境影响报告书（表）受理公告（杏坛）_1_mineru\full.md,2023_2023年10月12日建设项目环境影响报告书（表）受理公告（杏坛）_1_mineru,report,佛山市顺德区尧航五金塑料实业有限公司,,False,"# 建设项目环境影响报告表

（污染影响类）

（公示版）

项目名称： 佛山市塑裕新材料科技有限公司新建项目

建设单位（盖章）：佛山市塑裕新材料科技有限公司

编制日期：2023 年09 月

中华人民共和国生态环境部制

# 目 录

一、建设项目基本情况...  
二、建设项目工程分析. .18  
三、区域环境质量现状、环境保护目标及评价标准. .27  
四、主要环境影响和保护措施.."
2025_佛山市生态环境局关于佛山市顺德区德伟创科技有限公司实验室新建项目建设项目环境影响报告表的批复.pdf,80,E:\软件\mineru_extracted\2023_2023年10月12日建设项目环境影响报告书（表）受理公告（杏坛）_1_mineru\full.md,2023_2023年10月12日建设项目环境影响报告书（表）受理公告（杏坛）_1_mineru,report,佛山市顺德区德伟创科技有限公司实验室,,False,"# 建设项目环境影响报告表

（污染影响类）

（公示版）

项目名称： 佛山市塑裕新材料科技有限公司新建项目

建设单位（盖章）：佛山市塑裕新材料科技有限公司

编制日期：2023 年09 月

中华人民共和国生态环境部制

# 目 录

一、建设项目基本情况...  
二、建设项目工程分析. .18  
三、区域环境质量现状、环境保护目标及评价标准. .27  
四、主要环境影响和保护措施.."
2025_佛山市生态环境局关于佛山市顺德区泓兴达塑料制品有限公司厂房迁建项目环境影响报告表的批复（无章）.pdf,80,E:\软件\mineru_extracted\2023_2023年10月12日建设项目环境影响报告书（表）受理公告（杏坛）_1_mineru\full.md,2023_2023年10月12日建设项目环境影响报告书（表）受理公告（杏坛）_1_mineru,report,佛山市顺德区泓兴达塑料制品有限公司厂房,,False,"# 建设项目环境影响报告表

（污染影响类）

（公示版）

项目名称： 佛山市塑裕新材料科技有限公司新建项目

建设单位（盖章）：佛山市塑裕新材料科技有限公司

编制日期：2023 年09 月

中华人民共和国生态环境部制

# 目 录

一、建设项目基本情况...  
二、建设项目工程分析. .18  
三、区域环境质量现状、环境保护目标及评价标准. .27  
四、主要环境影响和保护措施.."
2025_佛山市生态环境局关于佛山市顺德区法拉第电器制造有限公司新建项目建设项目环境影响报告表的批复.pdf,80,E:\软件\mineru_extracted\2023_2023年10月12日建设项目环境影响报告书（表）受理公告（杏坛）_1_mineru\full.md,2023_2023年10月12日建设项目环境影响报告书（表）受理公告（杏坛）_1_mineru,report,佛山市顺德区法拉第电器制造有限公司,,False,"# 建设项目环境影响报告表

（污染影响类）

（公示版）

项目名称： 佛山市塑裕新材料科技有限公司新建项目

建设单位（盖章）：佛山市塑裕新材料科技有限公司

编制日期：2023 年09 月

中华人民共和国生态环境部制

# 目 录

一、建设项目基本情况...  
二、建设项目工程分析. .18  
三、区域环境质量现状、环境保护目标及评价标准. .27  
四、主要环境影响和保护措施.."
2025_佛山市生态环境局关于佛山市顺德区泰启来塑料模具厂新建项目建设项目环境影响报告表的批复.pdf,80,E:\软件\mineru_extracted\2023_2023年10月12日建设项目环境影响报告书（表）受理公告（杏坛）_1_mineru\full.md,2023_2023年10月12日建设项目环境影响报告书（表）受理公告（杏坛）_1_mineru,report,佛山市顺德区泰启来塑料模具厂,,False,"# 建设项目环境影响报告表

（污染影响类）

（公示版）

项目名称： 佛山市塑裕新材料科技有限公司新建项目

建设单位（盖章）：佛山市塑裕新材料科技有限公司

编制日期：2023 年09 月

中华人民共和国生态环境部制

# 目 录

一、建设项目基本情况...  
二、建设项目工程分析. .18  
三、区域环境质量现状、环境保护目标及评价标准. .27  
四、主要环境影响和保护措施.."
2025_佛山市生态环境局关于佛山市顺德区瑞鼎俪铜业有限公司新建项目建设项目环境影响报告表的批复.pdf,80,E:\软件\mineru_extracted\2023_2023年10月12日建设项目环境影响报告书（表）受理公告（杏坛）_1_mineru\full.md,2023_2023年10月12日建设项目环境影响报告书（表）受理公告（杏坛）_1_mineru,report,佛山市顺德区瑞鼎俪铜业有限公司,,False,"# 建设项目环境影响报告表

（污染影响类）

（公示版）

项目名称： 佛山市塑裕新材料科技有限公司新建项目

建设单位（盖章）：佛山市塑裕新材料科技有限公司

编制日期：2023 年09 月

中华人民共和国生态环境部制

# 目 录

一、建设项目基本情况...  
二、建设项目工程分析. .18  
三、区域环境质量现状、环境保护目标及评价标准. .27  
四、主要环境影响和保护措施.."
2025_佛山市生态环境局关于佛山市顺德区盈立方五金塑料制品有限公司迁扩建项目（重新报批)建设项目环境影响报告表的批复.pdf,80,E:\软件\mineru_extracted\2023_2023年10月12日建设项目环境影响报告书（表）受理公告（杏坛）_1_mineru\full.md,2023_2023年10月12日建设项目环境影响报告书（表）受理公告（杏坛）_1_mineru,report,佛山市顺德区盈立方五金塑料制品有限公司迁,,False,"# 建设项目环境影响报告表

（污染影响类）

（公示版）

项目名称： 佛山市塑裕新材料科技有限公司新建项目

建设单位（盖章）：佛山市塑裕新材料科技有限公司

编制日期：2023 年09 月

中华人民共和国生态环境部制

# 目 录

一、建设项目基本情况...  
二、建设项目工程分析. .18  
三、区域环境质量现状、环境保护目标及评价标准. .27  
四、主要环境影响和保护措施.."
2025_佛山市生态环境局关于佛山市顺德区芯信电子厂新建项目建设项目环境影响报告表的批复.pdf,80,E:\软件\mineru_extracted\2023_2023年10月12日建设项目环境影响报告书（表）受理公告（杏坛）_1_mineru\full.md,2023_2023年10月12日建设项目环境影响报告书（表）受理公告（杏坛）_1_mineru,report,佛山市顺德区芯信电子厂,,False,"# 建设项目环境影响报告表

（污染影响类）

（公示版）

项目名称： 佛山市塑裕新材料科技有限公司新建项目

建设单位（盖章）：佛山市塑裕新材料科技有限公司

编制日期：2023 年09 月

中华人民共和国生态环境部制

# 目 录

一、建设项目基本情况...  
二、建设项目工程分析. .18  
三、区域环境质量现状、环境保护目标及评价标准. .27  
四、主要环境影响和保护措施.."
2025_佛山市生态环境局关于佛山市顺德区蒂锦电器有限公司迁建项目建设项目环境影响报告表的批复.pdf,80,E:\软件\mineru_extracted\2023_2023年10月12日建设项目环境影响报告书（表）受理公告（杏坛）_1_mineru\full.md,2023_2023年10月12日建设项目环境影响报告书（表）受理公告（杏坛）_1_mineru,report,佛山市顺德区蒂锦电器有限公司,,False,"# 建设项目环境影响报告表

（污染影响类）

（公示版）

项目名称： 佛山市塑裕新材料科技有限公司新建项目

建设单位（盖章）：佛山市塑裕新材料科技有限公司

编制日期：2023 年09 月

中华人民共和国生态环境部制

# 目 录

一、建设项目基本情况...  
二、建设项目工程分析. .18  
三、区域环境质量现状、环境保护目标及评价标准. .27  
四、主要环境影响和保护措施.."
2025_佛山市生态环境局关于佛山市顺德区鸿贵城塑料制品有限公司搬迁扩建项目建设项目环境影响报告表的批复.pdf,80,E:\软件\mineru_extracted\2023_2023年10月12日建设项目环境影响报告书（表）受理公告（杏坛）_1_mineru\full.md,2023_2023年10月12日建设项目环境影响报告书（表）受理公告（杏坛）_1_mineru,report,佛山市顺德区鸿贵城塑料制品有限公司搬迁,,False,"# 建设项目环境影响报告表

（污染影响类）

（公示版）

项目名称： 佛山市塑裕新材料科技有限公司新建项目

建设单位（盖章）：佛山市塑裕新材料科技有限公司

编制日期：2023 年09 月

中华人民共和国生态环境部制

# 目 录

一、建设项目基本情况...  
二、建设项目工程分析. .18  
三、区域环境质量现状、环境保护目标及评价标准. .27  
四、主要环境影响和保护措施.."
2025_佛山市生态环境局关于广东富信科技股份有限公司技改项目建设项目环境影响报告表的批复.pdf,80,E:\软件\mineru_extracted\2025_2025年1月16日建设项目环境影响报告表受理公告（容桂）_2_mineru\full.md,2025_2025年1月16日建设项目环境影响报告表受理公告（容桂）_2_mineru,report,广东富信科技股份有限公司,,False,"# 建设项目环境影响报告表

（污染影响类）

项目名称：广东富信科技股份有限公司技改项目

建设单位（盖章）：广东富信科技股份有限公

编制日期： 2024年12月

中华人民和国生态环境部制

![](images/18c3e9ef95c62238d67cdaa7a4ded5fbeb72ced9702a57298469afaa8fa0a06e.jpg)  
广东州德环境科学研究院务限公司 44"
2025_佛山市生态环境局关于广东顺控水务投资建设有限公司水质检测站新建项目环境影响报告表的批复（无章）.pdf,80,E:\软件\mineru_extracted\2024_2024年7月12日建设项目环境影响报告表受理公告（容桂）_1_mineru\full.md,2024_2024年7月12日建设项目环境影响报告表受理公告（容桂）_1_mineru,report,广东顺控水务投资,,False,"# 建设项目环境影响报告表

（污染影响类）

项目名称：顺德区容桂水系水环境综合治理工程-水质海化建设工程（容桂东部水质净化厂）

建设单位（盖章广东顺控水务投资设有限公司

![](images/e8826bc1b397f98f146388be7186dc7076e45b2f998697f8bde51eb080d6d3bd.jpg)

编制日期：2024年7月

![](images/4280"
2025_佛山市生态环境局复函（佛山市生态环境局关于佛山市顺德区德力高纸类包装有限公司迁扩建项目环境影响报告表的批复）无章.pdf,80,E:\软件\mineru_extracted\2023_2023年10月12日建设项目环境影响报告书（表）受理公告（杏坛）_1_mineru\full.md,2023_2023年10月12日建设项目环境影响报告书（表）受理公告（杏坛）_1_mineru,report,佛山市顺德区德力高纸类包装有限公司迁,,False,"# 建设项目环境影响报告表

（污染影响类）

（公示版）

项目名称： 佛山市塑裕新材料科技有限公司新建项目

建设单位（盖章）：佛山市塑裕新材料科技有限公司

编制日期：2023 年09 月

中华人民共和国生态环境部制

# 目 录

一、建设项目基本情况...  
二、建设项目工程分析. .18  
三、区域环境质量现状、环境保护目标及评价标准. .27  
四、主要环境影响和保护措施.."
2025_佛环0305环审〔2025〕15号【佛山市生态环境局关于佛山市顺德区黔粤兴五金有限公司迁扩建项目建设项目环境影响报告表的批复】（公示）.pdf,80,E:\软件\mineru_extracted\2023_2023年10月12日建设项目环境影响报告书（表）受理公告（杏坛）_1_mineru\full.md,2023_2023年10月12日建设项目环境影响报告书（表）受理公告（杏坛）_1_mineru,report,佛山市顺德区黔粤兴五金有限公司迁,佛环0305环审〔2025〕15号【佛山市生,False,"# 建设项目环境影响报告表

（污染影响类）

（公示版）

项目名称： 佛山市塑裕新材料科技有限公司新建项目

建设单位（盖章）：佛山市塑裕新材料科技有限公司

编制日期：2023 年09 月

中华人民共和国生态环境部制

# 目 录

一、建设项目基本情况...  
二、建设项目工程分析. .18  
三、区域环境质量现状、环境保护目标及评价标准. .27  
四、主要环境影响和保护措施.."
2025_佛环0305环审〔2025〕1号【佛山市生态环境局关于广东康立泰新材料有限公司研发中心建设项目环境影响报告表的批复】.pdf,80,E:\软件\mineru_extracted\2024_2024年12月16日建设项目环境影响报告受理公告（陈村）_mineru\full.md,2024_2024年12月16日建设项目环境影响报告受理公告（陈村）_mineru,report,广东康立泰新材料有限公司研发中心,佛环0305环审〔2025〕1号【佛山市生态,False,"# 建设项目环境影响报告表（污染影响类）

项目名称：广东康立泰新材料有限公司研发中心建设项目

广东康立泰新材新替限公司

编制日期：

![](images/d3ac1b82610630ff2f163e3ed8e731632cb947af1b32106118a604bbf4644e69.jpg)  
广东东立学新精有限公司 4306683085358

![](images/c91a4c219"
2025_佛环0305环审〔2025〕3号【佛山市生态环境局关于佛山市顺德区鸿明胜兴金属加工厂新建项目建设项目环境影响报告表的批复】（公示）.pdf,80,E:\软件\mineru_extracted\2023_2023年10月12日建设项目环境影响报告书（表）受理公告（杏坛）_1_mineru\full.md,2023_2023年10月12日建设项目环境影响报告书（表）受理公告（杏坛）_1_mineru,report,佛山市顺德区鸿明胜兴金属加工厂,佛环0305环审〔2025〕3号【佛山市生态,False,"# 建设项目环境影响报告表

（污染影响类）

（公示版）

项目名称： 佛山市塑裕新材料科技有限公司新建项目

建设单位（盖章）：佛山市塑裕新材料科技有限公司

编制日期：2023 年09 月

中华人民共和国生态环境部制

# 目 录

一、建设项目基本情况...  
二、建设项目工程分析. .18  
三、区域环境质量现状、环境保护目标及评价标准. .27  
四、主要环境影响和保护措施.."
2025_佛环0305环审〔2025〕9号【佛山市生态环境局关于佛山市凯琪威电子有限公司新建项目建设项目环境影响报告表的批复】（公示）.pdf,80,E:\软件\mineru_extracted\2023_2023年2月28日建设项目环境影响报告书（表）受理公告（佛山市生态环境局顺德分局）_mineru\full.md,2023_2023年2月28日建设项目环境影响报告书（表）受理公告（佛山市生态环境局顺德分局）_mineru,report,佛山市凯琪威电子有限公司,佛环0305环审〔2025〕9号【佛山市生态,False,"# 设项目环境影响报告表

# 染影响类）

名称： 佛山市凯琪威电子有限公司新建项目

单位（盖章）：佛山市凯琪威电子有限公司

日期： 年 月

中华人民共和国生态环境部制

编制单位和编制人员情况表

<table><tr><td>项目编号</td><td colspan=""2"">kb6653</td></tr><tr><td>建设项目名称</td><td colspan=""2"">佛山市凯琪"
2025_佛环03环审〔2025〕156号佛山市生态环境局关于佛山市顺德区伦教华盛真空镀膜厂建设项目-建设项目环境影响报告表的批复.pdf,80,E:\软件\mineru_extracted\2023_2023年10月12日建设项目环境影响报告书（表）受理公告（杏坛）_1_mineru\full.md,2023_2023年10月12日建设项目环境影响报告书（表）受理公告（杏坛）_1_mineru,report,佛山市顺德区伦教华盛真空镀膜厂,佛环03环审〔2025〕156号佛山市生态环,False,"# 建设项目环境影响报告表

（污染影响类）

（公示版）

项目名称： 佛山市塑裕新材料科技有限公司新建项目

建设单位（盖章）：佛山市塑裕新材料科技有限公司

编制日期：2023 年09 月

中华人民共和国生态环境部制

# 目 录

一、建设项目基本情况...  
二、建设项目工程分析. .18  
三、区域环境质量现状、环境保护目标及评价标准. .27  
四、主要环境影响和保护措施.."
2025_佛环03环审〔2025〕161号佛山市生态环境局关于佛山市顺德区精源丰硅胶科技有限公司新建项目-建设项目环境影响报告表的批复.pdf,80,E:\软件\mineru_extracted\2023_2023年10月12日建设项目环境影响报告书（表）受理公告（杏坛）_1_mineru\full.md,2023_2023年10月12日建设项目环境影响报告书（表）受理公告（杏坛）_1_mineru,report,佛山市顺德区精源丰硅胶科技有限公司,佛环03环审〔2025〕161号佛山市生态环,False,"# 建设项目环境影响报告表

（污染影响类）

（公示版）

项目名称： 佛山市塑裕新材料科技有限公司新建项目

建设单位（盖章）：佛山市塑裕新材料科技有限公司

编制日期：2023 年09 月

中华人民共和国生态环境部制

# 目 录

一、建设项目基本情况...  
二、建设项目工程分析. .18  
三、区域环境质量现状、环境保护目标及评价标准. .27  
四、主要环境影响和保护措施.."
2025_佛环03环审〔2025〕167号佛山市生态环境局关于佛山市顺德区友成金属制品厂有限公司改扩建项目建设项目环境影响报告表的批复.pdf,80,E:\软件\mineru_extracted\2023_2023年10月12日建设项目环境影响报告书（表）受理公告（杏坛）_1_mineru\full.md,2023_2023年10月12日建设项目环境影响报告书（表）受理公告（杏坛）_1_mineru,report,佛山市顺德区友成金属制品厂有限公司改,佛环03环审〔2025〕167号佛山市生态环,False,"# 建设项目环境影响报告表

（污染影响类）

（公示版）

项目名称： 佛山市塑裕新材料科技有限公司新建项目

建设单位（盖章）：佛山市塑裕新材料科技有限公司

编制日期：2023 年09 月

中华人民共和国生态环境部制

# 目 录

一、建设项目基本情况...  
二、建设项目工程分析. .18  
三、区域环境质量现状、环境保护目标及评价标准. .27  
四、主要环境影响和保护措施.."
2025_佛环03环审〔2025〕168号佛山市生态环境局关于佛山市顺德区精昂模具有限公司新建项目建设项目环境影响报告表的批复.pdf,80,E:\软件\mineru_extracted\2023_2023年10月12日建设项目环境影响报告书（表）受理公告（杏坛）_1_mineru\full.md,2023_2023年10月12日建设项目环境影响报告书（表）受理公告（杏坛）_1_mineru,report,佛山市顺德区精昂模具有限公司,佛环03环审〔2025〕168号佛山市生态环,False,"# 建设项目环境影响报告表

（污染影响类）

（公示版）

项目名称： 佛山市塑裕新材料科技有限公司新建项目

建设单位（盖章）：佛山市塑裕新材料科技有限公司

编制日期：2023 年09 月

中华人民共和国生态环境部制

# 目 录

一、建设项目基本情况...  
二、建设项目工程分析. .18  
三、区域环境质量现状、环境保护目标及评价标准. .27  
四、主要环境影响和保护措施.."
2025_佛环03环审〔2025〕169号佛山市生态环境局关于佛山市顺德区奥卓电器有限公司迁扩建项目建设项目环境影响报告表的批复.pdf,80,E:\软件\mineru_extracted\2023_2023年10月12日建设项目环境影响报告书（表）受理公告（杏坛）_1_mineru\full.md,2023_2023年10月12日建设项目环境影响报告书（表）受理公告（杏坛）_1_mineru,report,佛山市顺德区奥卓电器有限公司迁,佛环03环审〔2025〕169号佛山市生态环,False,"# 建设项目环境影响报告表

（污染影响类）

（公示版）

项目名称： 佛山市塑裕新材料科技有限公司新建项目

建设单位（盖章）：佛山市塑裕新材料科技有限公司

编制日期：2023 年09 月

中华人民共和国生态环境部制

# 目 录

一、建设项目基本情况...  
二、建设项目工程分析. .18  
三、区域环境质量现状、环境保护目标及评价标准. .27  
四、主要环境影响和保护措施.."
2025_佛环03环审〔2025〕174号佛山市生态环境局关于佛山市兆景天包装材料有限公司新建项目建设项目环境影响报告表的批复.pdf,80,E:\软件\mineru_extracted\2025_2025年3月17日建设项目环境影响报告书（表）受理公告（佛山市生态环境局顺德分局）_3_mineru\full.md,2025_2025年3月17日建设项目环境影响报告书（表）受理公告（佛山市生态环境局顺德分局）_3_mineru,report,佛山市兆景天包装材料有限公司,佛环03环审〔2025〕174号佛山市生态环,False,"# 建设项目环境影响报告表

（污染影响类）

项目名称：佛山市兆景天包装材料有限公司新建项目

建设单位（盖章）：佛山市兆景天包装材料有限公司

编制日期：2025年01月

![](images/16671ca79cc920eef95f4257d88284f87ea316b97a68b212cc7c41fa2f335aee.jpg)  
武市公 福

中华人民共和国生态环境部制

![](im"
2025_佛环03环审〔2025〕176号佛山市生态环境局关于佛山市顺德区哥博电器有限公司改扩建项目建设项目环境影响报告表的批复.pdf,80,E:\软件\mineru_extracted\2023_2023年10月12日建设项目环境影响报告书（表）受理公告（杏坛）_1_mineru\full.md,2023_2023年10月12日建设项目环境影响报告书（表）受理公告（杏坛）_1_mineru,report,佛山市顺德区哥博电器有限公司改,佛环03环审〔2025〕176号佛山市生态环,False,"# 建设项目环境影响报告表

（污染影响类）

（公示版）

项目名称： 佛山市塑裕新材料科技有限公司新建项目

建设单位（盖章）：佛山市塑裕新材料科技有限公司

编制日期：2023 年09 月

中华人民共和国生态环境部制

# 目 录

一、建设项目基本情况...  
二、建设项目工程分析. .18  
三、区域环境质量现状、环境保护目标及评价标准. .27  
四、主要环境影响和保护措施.."
2025_佛环03环审〔2025〕177号佛山市生态环境局关于佛山市顺德区罗氏五金制品实业有限公司迁改扩建项目建设项目环境影响报告表的批复.pdf,80,E:\软件\mineru_extracted\2023_2023年10月12日建设项目环境影响报告书（表）受理公告（杏坛）_1_mineru\full.md,2023_2023年10月12日建设项目环境影响报告书（表）受理公告（杏坛）_1_mineru,report,佛山市顺德区罗氏五金制品实业有限公司迁改,佛环03环审〔2025〕177号佛山市生态环,False,"# 建设项目环境影响报告表

（污染影响类）

（公示版）

项目名称： 佛山市塑裕新材料科技有限公司新建项目

建设单位（盖章）：佛山市塑裕新材料科技有限公司

编制日期：2023 年09 月

中华人民共和国生态环境部制

# 目 录

一、建设项目基本情况...  
二、建设项目工程分析. .18  
三、区域环境质量现状、环境保护目标及评价标准. .27  
四、主要环境影响和保护措施.."
2025_佛环03环审〔2025〕181号佛山市生态环境局关于佛山市顺德区福利来酒店傢具有限公司扩建项目建设项目环境影响报告书的批复.pdf,80,E:\软件\mineru_extracted\2023_2023年10月12日建设项目环境影响报告书（表）受理公告（杏坛）_1_mineru\full.md,2023_2023年10月12日建设项目环境影响报告书（表）受理公告（杏坛）_1_mineru,report,佛山市顺德区福利来酒店傢具有限公司,佛环03环审〔2025〕181号佛山市生态环,False,"# 建设项目环境影响报告表

（污染影响类）

（公示版）

项目名称： 佛山市塑裕新材料科技有限公司新建项目

建设单位（盖章）：佛山市塑裕新材料科技有限公司

编制日期：2023 年09 月

中华人民共和国生态环境部制

# 目 录

一、建设项目基本情况...  
二、建设项目工程分析. .18  
三、区域环境质量现状、环境保护目标及评价标准. .27  
四、主要环境影响和保护措施.."
2025_佛环03环审〔2025〕182号佛山市生态环境局关于佛山市顺德区万怡家居用品有限公司新建项目建设项目环境影响报告表的批复.pdf,80,E:\软件\mineru_extracted\2023_2023年10月12日建设项目环境影响报告书（表）受理公告（杏坛）_1_mineru\full.md,2023_2023年10月12日建设项目环境影响报告书（表）受理公告（杏坛）_1_mineru,report,佛山市顺德区万怡家居用品有限公司,佛环03环审〔2025〕182号佛山市生态环,False,"# 建设项目环境影响报告表

（污染影响类）

（公示版）

项目名称： 佛山市塑裕新材料科技有限公司新建项目

建设单位（盖章）：佛山市塑裕新材料科技有限公司

编制日期：2023 年09 月

中华人民共和国生态环境部制

# 目 录

一、建设项目基本情况...  
二、建设项目工程分析. .18  
三、区域环境质量现状、环境保护目标及评价标准. .27  
四、主要环境影响和保护措施.."
2025_佛环03环审〔2025〕184号佛山市生态环境局关于广东联迪科电器实业有限公司新建项目建设项目环境影响报告表的批复.pdf,80,E:\软件\mineru_extracted\2025_2025年3月12日建设项目环境影响报告书（表）受理公告（佛山市生态环境局顺德分局）_1_mineru\full.md,2025_2025年3月12日建设项目环境影响报告书（表）受理公告（佛山市生态环境局顺德分局）_1_mineru,report,广东联迪科电器实业有限公司,佛环03环审〔2025〕184号佛山市生态环,False,"# 建设项目环境影响报告表

（污染影响类）

项目名称：东联迪科实普限公司新建项目

![](images/6a8b8021fc73b0db24e9ae35021331c9e3a93865884d09fe59bc573c36bd3744.jpg)  
广东联迪科电器实业有限公司 440606456880.

建设单位（盖章联迪科电器实业有限公司

编制日期： 2024年12月

![](imag"
2025_佛环03环审〔2025〕185号佛山市生态环境局关于佛山市顺德区冠明希科技有限公司建设项目建设项目环境影响报告表的批复.pdf,80,E:\软件\mineru_extracted\2023_2023年10月12日建设项目环境影响报告书（表）受理公告（杏坛）_1_mineru\full.md,2023_2023年10月12日建设项目环境影响报告书（表）受理公告（杏坛）_1_mineru,report,佛山市顺德区冠明希科技有限公司,佛环03环审〔2025〕185号佛山市生态环,False,"# 建设项目环境影响报告表

（污染影响类）

（公示版）

项目名称： 佛山市塑裕新材料科技有限公司新建项目

建设单位（盖章）：佛山市塑裕新材料科技有限公司

编制日期：2023 年09 月

中华人民共和国生态环境部制

# 目 录

一、建设项目基本情况...  
二、建设项目工程分析. .18  
三、区域环境质量现状、环境保护目标及评价标准. .27  
四、主要环境影响和保护措施.."
2025_佛环03环审〔2025〕187号佛山市生态环境局关于佛山市顺德区勒流利博电器五金厂搬迁项目建设项目环境影响报告表的批复.pdf,80,E:\软件\mineru_extracted\2023_2023年10月12日建设项目环境影响报告书（表）受理公告（杏坛）_1_mineru\full.md,2023_2023年10月12日建设项目环境影响报告书（表）受理公告（杏坛）_1_mineru,report,佛山市顺德区勒流利博电器五金厂搬迁项目,佛环03环审〔2025〕187号佛山市生态环,False,"# 建设项目环境影响报告表

（污染影响类）

（公示版）

项目名称： 佛山市塑裕新材料科技有限公司新建项目

建设单位（盖章）：佛山市塑裕新材料科技有限公司

编制日期：2023 年09 月

中华人民共和国生态环境部制

# 目 录

一、建设项目基本情况...  
二、建设项目工程分析. .18  
三、区域环境质量现状、环境保护目标及评价标准. .27  
四、主要环境影响和保护措施.."
2025_佛环03环审〔2025〕189号佛山市生态环境局关于广东日钢机械有限公司哥林柱智能装备研发制造基地建设项目建设项目环境影响报告表的批复.pdf,80,E:\软件\mineru_extracted\2025_2025年8月13日建设项目环境影响报告表受理公告（伦教）_1_mineru\full.md,2025_2025年8月13日建设项目环境影响报告表受理公告（伦教）_1_mineru,report,广东日钢机械有限公司哥林柱智能装备研发制造基地,佛环03环审〔2025〕189号佛山市生态环,False,"# 建设项目环境影响报告表

（污染影响类）

目名称：广东日钢机械有限公司热处理车间扩

建设单位（盖章）：广东钢机械有限公司

编制日期：2025年7月

![](images/eb76bc84803b970ebbd0f5839ebba26425fea6c17836511f3155c83c7f91e652.jpg)

![](images/bc789df282ccdea33e518bde41b"
2025_佛环03环审〔2025〕195号佛山市生态环境局关于佛山市顺德区豪朗展业电器有限公司迁改建项目建设项目环境影响报告表的批复.pdf,80,E:\软件\mineru_extracted\2023_2023年10月12日建设项目环境影响报告书（表）受理公告（杏坛）_1_mineru\full.md,2023_2023年10月12日建设项目环境影响报告书（表）受理公告（杏坛）_1_mineru,report,佛山市顺德区豪朗展业电器有限公司迁改建项目,佛环03环审〔2025〕195号佛山市生态环,False,"# 建设项目环境影响报告表

（污染影响类）

（公示版）

项目名称： 佛山市塑裕新材料科技有限公司新建项目

建设单位（盖章）：佛山市塑裕新材料科技有限公司

编制日期：2023 年09 月

中华人民共和国生态环境部制

# 目 录

一、建设项目基本情况...  
二、建设项目工程分析. .18  
三、区域环境质量现状、环境保护目标及评价标准. .27  
四、主要环境影响和保护措施.."
2025_佛环03环审〔2025〕198号佛山市生态环境局关于佛山市顺德区畅一包装材料有限公司迁扩建项目建设项目环境影响报告表的批复.pdf,80,E:\软件\mineru_extracted\2023_2023年10月12日建设项目环境影响报告书（表）受理公告（杏坛）_1_mineru\full.md,2023_2023年10月12日建设项目环境影响报告书（表）受理公告（杏坛）_1_mineru,report,佛山市顺德区畅一包装材料有限公司迁,佛环03环审〔2025〕198号佛山市生态环,False,"# 建设项目环境影响报告表

（污染影响类）

（公示版）

项目名称： 佛山市塑裕新材料科技有限公司新建项目

建设单位（盖章）：佛山市塑裕新材料科技有限公司

编制日期：2023 年09 月

中华人民共和国生态环境部制

# 目 录

一、建设项目基本情况...  
二、建设项目工程分析. .18  
三、区域环境质量现状、环境保护目标及评价标准. .27  
四、主要环境影响和保护措施.."
2025_佛环03环审〔2025〕205号佛山市生态环境局关于广东菲尼环保材料有限公司迁建项目建设项目环境影响报告表的批复.pdf,80,E:\软件\mineru_extracted\2025_2025年3月6日建设项目环境影响报告书（表）受理公告（佛山市生态环境局顺德分局）_4_mineru\full.md,2025_2025年3月6日建设项目环境影响报告书（表）受理公告（佛山市生态环境局顺德分局）_4_mineru,report,广东菲尼环保材料有限公司,佛环03环审〔2025〕205号佛山市生态环,False,"# 建设项目环境影响报告表

（污染影响类）

项目名称：广东尼环保材料有限公司迁建项目

建设单位（盖章）东菲尼环保材料有限公司

编制日期：2024年1月

中华人民 竞部制

![](images/a532dab0358b6bd758bdf03cbf73d4fe012255e0e11ce5facd05ce955d6f8418.jpg)

<details>
<summary>text_ima"
2025_佛环03环审〔2025〕207号佛山市生态环境局关于佛山市顺德区日洋电器有限公司新建项目建设项目环境影响报告表的批复.pdf,80,E:\软件\mineru_extracted\2023_2023年10月12日建设项目环境影响报告书（表）受理公告（杏坛）_1_mineru\full.md,2023_2023年10月12日建设项目环境影响报告书（表）受理公告（杏坛）_1_mineru,report,佛山市顺德区日洋电器有限公司,佛环03环审〔2025〕207号佛山市生态环,False,"# 建设项目环境影响报告表

（污染影响类）

（公示版）

项目名称： 佛山市塑裕新材料科技有限公司新建项目

建设单位（盖章）：佛山市塑裕新材料科技有限公司

编制日期：2023 年09 月

中华人民共和国生态环境部制

# 目 录

一、建设项目基本情况...  
二、建设项目工程分析. .18  
三、区域环境质量现状、环境保护目标及评价标准. .27  
四、主要环境影响和保护措施.."
2025_佛环03环审〔2025〕212号佛山市生态环境局关于佛山市顺德区铭三锋模具有限公司迁扩建项目建设项目环境影响报告表的批复.pdf,80,E:\软件\mineru_extracted\2023_2023年10月12日建设项目环境影响报告书（表）受理公告（杏坛）_1_mineru\full.md,2023_2023年10月12日建设项目环境影响报告书（表）受理公告（杏坛）_1_mineru,report,佛山市顺德区铭三锋模具有限公司迁,佛环03环审〔2025〕212号佛山市生态环,False,"# 建设项目环境影响报告表

（污染影响类）

（公示版）

项目名称： 佛山市塑裕新材料科技有限公司新建项目

建设单位（盖章）：佛山市塑裕新材料科技有限公司

编制日期：2023 年09 月

中华人民共和国生态环境部制

# 目 录

一、建设项目基本情况...  
二、建设项目工程分析. .18  
三、区域环境质量现状、环境保护目标及评价标准. .27  
四、主要环境影响和保护措施.."
2025_佛环03环审〔2025〕214号佛山市生态环境局关于佛山市顺德区彩立方标牌有限公司迁改建项目建设项目环境影响报告表的批复.pdf,80,E:\软件\mineru_extracted\2023_2023年10月12日建设项目环境影响报告书（表）受理公告（杏坛）_1_mineru\full.md,2023_2023年10月12日建设项目环境影响报告书（表）受理公告（杏坛）_1_mineru,report,佛山市顺德区彩立方标牌有限公司迁改建项目,佛环03环审〔2025〕214号佛山市生态环,False,"# 建设项目环境影响报告表

（污染影响类）

（公示版）

项目名称： 佛山市塑裕新材料科技有限公司新建项目

建设单位（盖章）：佛山市塑裕新材料科技有限公司

编制日期：2023 年09 月

中华人民共和国生态环境部制

# 目 录

一、建设项目基本情况...  
二、建设项目工程分析. .18  
三、区域环境质量现状、环境保护目标及评价标准. .27  
四、主要环境影响和保护措施.."
2025_佛环03环审〔2025〕215号佛山市生态环境局关于佛山市顺德区施恩电气有限公司迁扩建项目建设项目环境影响报告表的批复.pdf,80,E:\软件\mineru_extracted\2023_2023年10月12日建设项目环境影响报告书（表）受理公告（杏坛）_1_mineru\full.md,2023_2023年10月12日建设项目环境影响报告书（表）受理公告（杏坛）_1_mineru,report,佛山市顺德区施恩电气有限公司迁,佛环03环审〔2025〕215号佛山市生态环,False,"# 建设项目环境影响报告表

（污染影响类）

（公示版）

项目名称： 佛山市塑裕新材料科技有限公司新建项目

建设单位（盖章）：佛山市塑裕新材料科技有限公司

编制日期：2023 年09 月

中华人民共和国生态环境部制

# 目 录

一、建设项目基本情况...  
二、建设项目工程分析. .18  
三、区域环境质量现状、环境保护目标及评价标准. .27  
四、主要环境影响和保护措施.."
2025_佛环03环审〔2025〕219号佛山市生态环境局关于佛山市顺德区持之以恒电子厂新建项目建设项目环境影响报告表的批复.pdf,80,E:\软件\mineru_extracted\2023_2023年10月12日建设项目环境影响报告书（表）受理公告（杏坛）_1_mineru\full.md,2023_2023年10月12日建设项目环境影响报告书（表）受理公告（杏坛）_1_mineru,report,佛山市顺德区持之以恒电子厂,佛环03环审〔2025〕219号佛山市生态环,False,"# 建设项目环境影响报告表

（污染影响类）

（公示版）

项目名称： 佛山市塑裕新材料科技有限公司新建项目

建设单位（盖章）：佛山市塑裕新材料科技有限公司

编制日期：2023 年09 月

中华人民共和国生态环境部制

# 目 录

一、建设项目基本情况...  
二、建设项目工程分析. .18  
三、区域环境质量现状、环境保护目标及评价标准. .27  
四、主要环境影响和保护措施.."
2025_佛环03环审〔2025〕220号佛山市生态环境局关于佛山市鑫发顺不锈钢有限公司新建项目建设项目环境影响报告表的批复.pdf,80,E:\软件\mineru_extracted\2025_2025年1月22日建设项目环境影响报告书（表）受理公告（佛山市生态环境局顺德分局）_mineru\full.md,2025_2025年1月22日建设项目环境影响报告书（表）受理公告（佛山市生态环境局顺德分局）_mineru,report,佛山市鑫发顺不锈钢有限公司,佛环03环审〔2025〕220号佛山市生态环,False,"# 建设项目环境影响报告表（污染影响类）

项目名称佛山市鑫发顺不锈钢有限公司新建项目

建设单位盖章：佛山市鑫发顺不锈钢有限公司

编制日期：2025年1月

中华人民共国生态环境部制

![](images/e447dea4c781b137b338e5ef3e4f30af5970cee3b20a7b1baca870fb98a03458.jpg)  
广东顺意环境科学研究院有限公司 060609"
2025_佛环03环审〔2025〕221号佛山市生态环境局关于佛山市顺德区安驰实业有限公司扩建项目建设项目环境影响报告表的批复.pdf,80,E:\软件\mineru_extracted\2023_2023年10月12日建设项目环境影响报告书（表）受理公告（杏坛）_1_mineru\full.md,2023_2023年10月12日建设项目环境影响报告书（表）受理公告（杏坛）_1_mineru,report,佛山市顺德区安驰实业有限公司,佛环03环审〔2025〕221号佛山市生态环,False,"# 建设项目环境影响报告表

（污染影响类）

（公示版）

项目名称： 佛山市塑裕新材料科技有限公司新建项目

建设单位（盖章）：佛山市塑裕新材料科技有限公司

编制日期：2023 年09 月

中华人民共和国生态环境部制

# 目 录

一、建设项目基本情况...  
二、建设项目工程分析. .18  
三、区域环境质量现状、环境保护目标及评价标准. .27  
四、主要环境影响和保护措施.."
2025_佛环03环审〔2025〕223号佛山市生态环境局关于佛山市顺德区麦克苏五金电器有限公司新建项目建设项目环境影响报告表的批复.pdf,80,E:\软件\mineru_extracted\2023_2023年10月12日建设项目环境影响报告书（表）受理公告（杏坛）_1_mineru\full.md,2023_2023年10月12日建设项目环境影响报告书（表）受理公告（杏坛）_1_mineru,report,佛山市顺德区麦克苏五金电器有限公司,佛环03环审〔2025〕223号佛山市生态环,False,"# 建设项目环境影响报告表

（污染影响类）

（公示版）

项目名称： 佛山市塑裕新材料科技有限公司新建项目

建设单位（盖章）：佛山市塑裕新材料科技有限公司

编制日期：2023 年09 月

中华人民共和国生态环境部制

# 目 录

一、建设项目基本情况...  
二、建设项目工程分析. .18  
三、区域环境质量现状、环境保护目标及评价标准. .27  
四、主要环境影响和保护措施.."
2025_佛环03环审〔2025〕225号佛山市生态环境局关于佛山市顺德区科本电器有限公司迁扩建项目建设项目环境影响报告表的批复.pdf,80,E:\软件\mineru_extracted\2023_2023年10月12日建设项目环境影响报告书（表）受理公告（杏坛）_1_mineru\full.md,2023_2023年10月12日建设项目环境影响报告书（表）受理公告（杏坛）_1_mineru,report,佛山市顺德区科本电器有限公司迁,佛环03环审〔2025〕225号佛山市生态环,False,"# 建设项目环境影响报告表

（污染影响类）

（公示版）

项目名称： 佛山市塑裕新材料科技有限公司新建项目

建设单位（盖章）：佛山市塑裕新材料科技有限公司

编制日期：2023 年09 月

中华人民共和国生态环境部制

# 目 录

一、建设项目基本情况...  
二、建设项目工程分析. .18  
三、区域环境质量现状、环境保护目标及评价标准. .27  
四、主要环境影响和保护措施.."
2025_佛环03环审〔2025〕227号佛山市生态环境局关于佛山憬源磁性材料有限公司建设项目建设项目环境影响报告表的批复.pdf,80,E:\软件\mineru_extracted\2025_2025年6月5日建设项目环境影响报告书（表）受理公告（佛山市生态环境局顺德分局）_1_mineru\full.md,2025_2025年6月5日建设项目环境影响报告书（表）受理公告（佛山市生态环境局顺德分局）_1_mineru,report,佛山憬源磁性材料有限公司,佛环03环审〔2025〕227号佛山市生态环,False,"# 建设项目环境影响报告表

（污染影响类）

![](images/09f5e0f87abe52f1ef03b40bd0ffa35455cc3aaac3bb7546c3a814583b42caa7.jpg)

<details>
<summary>text_image</summary>

材料有限公司
406064604078
佛山市顺德区
</details>

![](images/9d8"
2025_佛环03环审〔2025〕230号佛山市生态环境局关于佛山市顺德区北滘镇坤州智盛电器实业有限公司第一分公司新建项目建设项目环境影响报告表的批复.pdf,80,E:\软件\mineru_extracted\2023_2023年10月12日建设项目环境影响报告书（表）受理公告（杏坛）_1_mineru\full.md,2023_2023年10月12日建设项目环境影响报告书（表）受理公告（杏坛）_1_mineru,report,佛山市顺德区北滘镇坤州智盛电器实业有限公司第一分公司,佛环03环审〔2025〕230号佛山市生态环,False,"# 建设项目环境影响报告表

（污染影响类）

（公示版）

项目名称： 佛山市塑裕新材料科技有限公司新建项目

建设单位（盖章）：佛山市塑裕新材料科技有限公司

编制日期：2023 年09 月

中华人民共和国生态环境部制

# 目 录

一、建设项目基本情况...  
二、建设项目工程分析. .18  
三、区域环境质量现状、环境保护目标及评价标准. .27  
四、主要环境影响和保护措施.."
2025_佛环03环审〔2025〕237号佛山市生态环境局关于佛山市顺德区汉蒲电器科技有限公司迁扩建项目建设项目环境影响报告表的批复.pdf,80,E:\软件\mineru_extracted\2023_2023年10月12日建设项目环境影响报告书（表）受理公告（杏坛）_1_mineru\full.md,2023_2023年10月12日建设项目环境影响报告书（表）受理公告（杏坛）_1_mineru,report,佛山市顺德区汉蒲电器科技有限公司迁,佛环03环审〔2025〕237号佛山市生态环,False,"# 建设项目环境影响报告表

（污染影响类）

（公示版）

项目名称： 佛山市塑裕新材料科技有限公司新建项目

建设单位（盖章）：佛山市塑裕新材料科技有限公司

编制日期：2023 年09 月

中华人民共和国生态环境部制

# 目 录

一、建设项目基本情况...  
二、建设项目工程分析. .18  
三、区域环境质量现状、环境保护目标及评价标准. .27  
四、主要环境影响和保护措施.."
2025_佛环03环审〔2025〕245号佛山市生态环境局关于佛山市爱拉宝科技有限公司新建项目建设项目环境影响报告表的批复.pdf,80,E:\软件\mineru_extracted\2025_2025年5月29日建设项目环境影响报告书（表）受理公告（佛山市生态环境局顺德分局）_2_mineru\full.md,2025_2025年5月29日建设项目环境影响报告书（表）受理公告（佛山市生态环境局顺德分局）_2_mineru,report,佛山市爱拉宝科技有限公司,佛环03环审〔2025〕245号佛山市生态环,False,"# 建设项目环境影响报告表（污染影响类）

项目名称：佛山市

建设单位（盖章）

司新建项目

支有限公司

编制日期：2025

中华人民共和国生态环境产

编制单位和编制人员情况表
<table><tr><td>项目编号</td><td>7d5619</td><td></td></tr><tr><td>建设项目名称</td><td>佛山市爱拉宝科技有限公司</td><td>及电</td></"
2025_佛环03环审〔2025〕247号佛山市生态环境局关于佛山市顺德区源峰电子有限公司迁扩建项目建设项目环境影响报告表的批复.pdf,80,E:\软件\mineru_extracted\2023_2023年10月12日建设项目环境影响报告书（表）受理公告（杏坛）_1_mineru\full.md,2023_2023年10月12日建设项目环境影响报告书（表）受理公告（杏坛）_1_mineru,report,佛山市顺德区源峰电子有限公司迁,佛环03环审〔2025〕247号佛山市生态环,False,"# 建设项目环境影响报告表

（污染影响类）

（公示版）

项目名称： 佛山市塑裕新材料科技有限公司新建项目

建设单位（盖章）：佛山市塑裕新材料科技有限公司

编制日期：2023 年09 月

中华人民共和国生态环境部制

# 目 录

一、建设项目基本情况...  
二、建设项目工程分析. .18  
三、区域环境质量现状、环境保护目标及评价标准. .27  
四、主要环境影响和保护措施.."
2025_佛环03环审〔2025〕248号佛山市生态环境局关于佛山市顺德区尚臻五金实业有限公司新建项目建设项目环境影响报告表的批复.pdf,80,E:\软件\mineru_extracted\2023_2023年10月12日建设项目环境影响报告书（表）受理公告（杏坛）_1_mineru\full.md,2023_2023年10月12日建设项目环境影响报告书（表）受理公告（杏坛）_1_mineru,report,佛山市顺德区尚臻五金实业有限公司,佛环03环审〔2025〕248号佛山市生态环,False,"# 建设项目环境影响报告表

（污染影响类）

（公示版）

项目名称： 佛山市塑裕新材料科技有限公司新建项目

建设单位（盖章）：佛山市塑裕新材料科技有限公司

编制日期：2023 年09 月

中华人民共和国生态环境部制

# 目 录

一、建设项目基本情况...  
二、建设项目工程分析. .18  
三、区域环境质量现状、环境保护目标及评价标准. .27  
四、主要环境影响和保护措施.."
2025_佛环03环审〔2025〕250号佛山市生态环境局关于佛山市顺德区容桂铭鸿燃具有限公司改扩建项目建设项目环境影响报告表的批复.pdf,80,E:\软件\mineru_extracted\2023_2023年10月12日建设项目环境影响报告书（表）受理公告（杏坛）_1_mineru\full.md,2023_2023年10月12日建设项目环境影响报告书（表）受理公告（杏坛）_1_mineru,report,佛山市顺德区容桂铭鸿燃具有限公司改,佛环03环审〔2025〕250号佛山市生态环,False,"# 建设项目环境影响报告表

（污染影响类）

（公示版）

项目名称： 佛山市塑裕新材料科技有限公司新建项目

建设单位（盖章）：佛山市塑裕新材料科技有限公司

编制日期：2023 年09 月

中华人民共和国生态环境部制

# 目 录

一、建设项目基本情况...  
二、建设项目工程分析. .18  
三、区域环境质量现状、环境保护目标及评价标准. .27  
四、主要环境影响和保护措施.."
2025_佛环03环审〔2025〕251号佛山市生态环境局关于佛山市顺德区君兴金属制品有限公司新建项目建设项目环境影响报告表的批复.pdf,80,E:\软件\mineru_extracted\2023_2023年10月12日建设项目环境影响报告书（表）受理公告（杏坛）_1_mineru\full.md,2023_2023年10月12日建设项目环境影响报告书（表）受理公告（杏坛）_1_mineru,report,佛山市顺德区君兴金属制品有限公司,佛环03环审〔2025〕251号佛山市生态环,False,"# 建设项目环境影响报告表

（污染影响类）

（公示版）

项目名称： 佛山市塑裕新材料科技有限公司新建项目

建设单位（盖章）：佛山市塑裕新材料科技有限公司

编制日期：2023 年09 月

中华人民共和国生态环境部制

# 目 录

一、建设项目基本情况...  
二、建设项目工程分析. .18  
三、区域环境质量现状、环境保护目标及评价标准. .27  
四、主要环境影响和保护措施.."
2025_佛环03环审〔2025〕252号佛山市生态环境局关于佛山市顺德区乔晶电子股份有限公司迁改建项目建设项目环境影响报告表的批复.pdf,80,E:\软件\mineru_extracted\2023_2023年10月12日建设项目环境影响报告书（表）受理公告（杏坛）_1_mineru\full.md,2023_2023年10月12日建设项目环境影响报告书（表）受理公告（杏坛）_1_mineru,report,佛山市顺德区乔晶电子股份有限公司迁改建项目,佛环03环审〔2025〕252号佛山市生态环,False,"# 建设项目环境影响报告表

（污染影响类）

（公示版）

项目名称： 佛山市塑裕新材料科技有限公司新建项目

建设单位（盖章）：佛山市塑裕新材料科技有限公司

编制日期：2023 年09 月

中华人民共和国生态环境部制

# 目 录

一、建设项目基本情况...  
二、建设项目工程分析. .18  
三、区域环境质量现状、环境保护目标及评价标准. .27  
四、主要环境影响和保护措施.."
2025_佛环03环审〔2025〕253号佛山市生态环境局关于顺德区均安镇启欣印花厂新建项目建设项目环境影响报告表的批复.pdf,80,E:\软件\mineru_extracted\2023_2023年3月13日建设项目环境影响报告书（表）受理公告（均安）_1_mineru\full.md,2023_2023年3月13日建设项目环境影响报告书（表）受理公告（均安）_1_mineru,report,顺德区均安镇启欣印花厂,佛环03环审〔2025〕253号佛山市生态环,False,"# 建设项目环境影响报告表

（污染影响类）

项目名称：佛山市顺德区均安镇正华塑料模具

建设单位（盖章）：佛山市顺德区均安镇正

编制日期：2022年11月

![](images/5f6236e5c804baf45a8d0b2db15e40a2f163b3e71027ebbbee5fae17e5c0f369.jpg)

<details>
<summary>text_image</summa"
2025_佛环03环审〔2025〕256号佛山市生态环境局关于佛山市顺德区源峰五金电器有限公司迁扩建项目建设项目环境影响报告表的批复.pdf,80,E:\软件\mineru_extracted\2023_2023年10月12日建设项目环境影响报告书（表）受理公告（杏坛）_1_mineru\full.md,2023_2023年10月12日建设项目环境影响报告书（表）受理公告（杏坛）_1_mineru,report,佛山市顺德区源峰五金电器有限公司迁,佛环03环审〔2025〕256号佛山市生态环,False,"# 建设项目环境影响报告表

（污染影响类）

（公示版）

项目名称： 佛山市塑裕新材料科技有限公司新建项目

建设单位（盖章）：佛山市塑裕新材料科技有限公司

编制日期：2023 年09 月

中华人民共和国生态环境部制

# 目 录

一、建设项目基本情况...  
二、建设项目工程分析. .18  
三、区域环境质量现状、环境保护目标及评价标准. .27  
四、主要环境影响和保护措施.."
2025_佛环03环审〔2025〕259号佛山市生态环境局关于佛山市顺德区勒流众三达不锈钢表面处理厂锅炉技改项目建设项目环境影响报告表的批复.pdf,80,E:\软件\mineru_extracted\2023_2023年10月12日建设项目环境影响报告书（表）受理公告（杏坛）_1_mineru\full.md,2023_2023年10月12日建设项目环境影响报告书（表）受理公告（杏坛）_1_mineru,report,佛山市顺德区勒流众三达不锈钢表面处理厂锅炉,佛环03环审〔2025〕259号佛山市生态环,False,"# 建设项目环境影响报告表

（污染影响类）

（公示版）

项目名称： 佛山市塑裕新材料科技有限公司新建项目

建设单位（盖章）：佛山市塑裕新材料科技有限公司

编制日期：2023 年09 月

中华人民共和国生态环境部制

# 目 录

一、建设项目基本情况...  
二、建设项目工程分析. .18  
三、区域环境质量现状、环境保护目标及评价标准. .27  
四、主要环境影响和保护措施.."
2025_佛环03环审〔2025〕260号佛山市生态环境局关于佛山市顺德区哥力电器有限公司搬迁项目建设项目环境影响报告表的批复.pdf,80,E:\软件\mineru_extracted\2023_2023年10月12日建设项目环境影响报告书（表）受理公告（杏坛）_1_mineru\full.md,2023_2023年10月12日建设项目环境影响报告书（表）受理公告（杏坛）_1_mineru,report,佛山市顺德区哥力电器有限公司搬迁项目,佛环03环审〔2025〕260号佛山市生态环,False,"# 建设项目环境影响报告表

（污染影响类）

（公示版）

项目名称： 佛山市塑裕新材料科技有限公司新建项目

建设单位（盖章）：佛山市塑裕新材料科技有限公司

编制日期：2023 年09 月

中华人民共和国生态环境部制

# 目 录

一、建设项目基本情况...  
二、建设项目工程分析. .18  
三、区域环境质量现状、环境保护目标及评价标准. .27  
四、主要环境影响和保护措施.."
2025_佛环03环审〔2025〕261号佛山市生态环境局关于佛山市顺德区勒流镇德星电器有限公司搬迁项目建设项目环境影响报告表的批复.pdf,80,E:\软件\mineru_extracted\2023_2023年10月12日建设项目环境影响报告书（表）受理公告（杏坛）_1_mineru\full.md,2023_2023年10月12日建设项目环境影响报告书（表）受理公告（杏坛）_1_mineru,report,佛山市顺德区勒流镇德星电器有限公司搬迁项目,佛环03环审〔2025〕261号佛山市生态环,False,"# 建设项目环境影响报告表

（污染影响类）

（公示版）

项目名称： 佛山市塑裕新材料科技有限公司新建项目

建设单位（盖章）：佛山市塑裕新材料科技有限公司

编制日期：2023 年09 月

中华人民共和国生态环境部制

# 目 录

一、建设项目基本情况...  
二、建设项目工程分析. .18  
三、区域环境质量现状、环境保护目标及评价标准. .27  
四、主要环境影响和保护措施.."
2025_佛环03环审〔2025〕263号佛山市生态环境局关于佛山市顺德区锦誉模具配件厂迁建项目建设项目环境影响报告表的批复.pdf,80,E:\软件\mineru_extracted\2023_2023年10月12日建设项目环境影响报告书（表）受理公告（杏坛）_1_mineru\full.md,2023_2023年10月12日建设项目环境影响报告书（表）受理公告（杏坛）_1_mineru,report,佛山市顺德区锦誉模具配件厂,佛环03环审〔2025〕263号佛山市生态环,False,"# 建设项目环境影响报告表

（污染影响类）

（公示版）

项目名称： 佛山市塑裕新材料科技有限公司新建项目

建设单位（盖章）：佛山市塑裕新材料科技有限公司

编制日期：2023 年09 月

中华人民共和国生态环境部制

# 目 录

一、建设项目基本情况...  
二、建设项目工程分析. .18  
三、区域环境质量现状、环境保护目标及评价标准. .27  
四、主要环境影响和保护措施.."
2025_佛环03环审〔2025〕264号佛山市生态环境局关于佛山市顺德区维鑫源生物技术有限公司新建项目建设项目环境影响报告表的批复.pdf,80,E:\软件\mineru_extracted\2023_2023年10月12日建设项目环境影响报告书（表）受理公告（杏坛）_1_mineru\full.md,2023_2023年10月12日建设项目环境影响报告书（表）受理公告（杏坛）_1_mineru,report,佛山市顺德区维鑫源生物,佛环03环审〔2025〕264号佛山市生态环,False,"# 建设项目环境影响报告表

（污染影响类）

（公示版）

项目名称： 佛山市塑裕新材料科技有限公司新建项目

建设单位（盖章）：佛山市塑裕新材料科技有限公司

编制日期：2023 年09 月

中华人民共和国生态环境部制

# 目 录

一、建设项目基本情况...  
二、建设项目工程分析. .18  
三、区域环境质量现状、环境保护目标及评价标准. .27  
四、主要环境影响和保护措施.."
2025_佛环03环审〔2025〕267号佛山市生态环境局关于佛山市顺德区卓宏塑料制品有限公司新建项目建设项目环境影响报告表的批复.pdf,80,E:\软件\mineru_extracted\2023_2023年10月12日建设项目环境影响报告书（表）受理公告（杏坛）_1_mineru\full.md,2023_2023年10月12日建设项目环境影响报告书（表）受理公告（杏坛）_1_mineru,report,佛山市顺德区卓宏塑料制品有限公司,佛环03环审〔2025〕267号佛山市生态环,False,"# 建设项目环境影响报告表

（污染影响类）

（公示版）

项目名称： 佛山市塑裕新材料科技有限公司新建项目

建设单位（盖章）：佛山市塑裕新材料科技有限公司

编制日期：2023 年09 月

中华人民共和国生态环境部制

# 目 录

一、建设项目基本情况...  
二、建设项目工程分析. .18  
三、区域环境质量现状、环境保护目标及评价标准. .27  
四、主要环境影响和保护措施.."
2025_佛环03环审〔2025〕273号佛山市生态环境局关于佛山市顺德区灏配电器实业有限公司迁扩建项目建设项目环境影响报告表的批复.pdf,80,E:\软件\mineru_extracted\2023_2023年10月12日建设项目环境影响报告书（表）受理公告（杏坛）_1_mineru\full.md,2023_2023年10月12日建设项目环境影响报告书（表）受理公告（杏坛）_1_mineru,report,佛山市顺德区灏配电器实业有限公司迁,佛环03环审〔2025〕273号佛山市生态环,False,"# 建设项目环境影响报告表

（污染影响类）

（公示版）

项目名称： 佛山市塑裕新材料科技有限公司新建项目

建设单位（盖章）：佛山市塑裕新材料科技有限公司

编制日期：2023 年09 月

中华人民共和国生态环境部制

# 目 录

一、建设项目基本情况...  
二、建设项目工程分析. .18  
三、区域环境质量现状、环境保护目标及评价标准. .27  
四、主要环境影响和保护措施.."
2025_佛环03环审〔2025〕274号佛山市生态环境局关于佛山市顺德区辉阳橡胶制品厂新建项目建设项目环境影响报告表的批复.pdf,80,E:\软件\mineru_extracted\2023_2023年10月12日建设项目环境影响报告书（表）受理公告（杏坛）_1_mineru\full.md,2023_2023年10月12日建设项目环境影响报告书（表）受理公告（杏坛）_1_mineru,report,佛山市顺德区辉阳橡胶制品厂,佛环03环审〔2025〕274号佛山市生态环,False,"# 建设项目环境影响报告表

（污染影响类）

（公示版）

项目名称： 佛山市塑裕新材料科技有限公司新建项目

建设单位（盖章）：佛山市塑裕新材料科技有限公司

编制日期：2023 年09 月

中华人民共和国生态环境部制

# 目 录

一、建设项目基本情况...  
二、建设项目工程分析. .18  
三、区域环境质量现状、环境保护目标及评价标准. .27  
四、主要环境影响和保护措施.."
2025_佛环03环审〔2025〕283号佛山市生态环境局关于佛山市顺德区明哥燃具有限公司新建项目建设项目环境影响报告表的批复.pdf,80,E:\软件\mineru_extracted\2023_2023年10月12日建设项目环境影响报告书（表）受理公告（杏坛）_1_mineru\full.md,2023_2023年10月12日建设项目环境影响报告书（表）受理公告（杏坛）_1_mineru,report,佛山市顺德区明哥燃具有限公司,佛环03环审〔2025〕283号佛山市生态环,False,"# 建设项目环境影响报告表

（污染影响类）

（公示版）

项目名称： 佛山市塑裕新材料科技有限公司新建项目

建设单位（盖章）：佛山市塑裕新材料科技有限公司

编制日期：2023 年09 月

中华人民共和国生态环境部制

# 目 录

一、建设项目基本情况...  
二、建设项目工程分析. .18  
三、区域环境质量现状、环境保护目标及评价标准. .27  
四、主要环境影响和保护措施.."
2025_佛环03环审〔2025〕284号佛山市生态环境局关于佛山市顺德区福兴特机械配件有限公司迁改建项目建设项目环境影响报告表的批复.pdf,80,E:\软件\mineru_extracted\2023_2023年10月12日建设项目环境影响报告书（表）受理公告（杏坛）_1_mineru\full.md,2023_2023年10月12日建设项目环境影响报告书（表）受理公告（杏坛）_1_mineru,report,佛山市顺德区福兴特机械配件有限公司迁改建项目,佛环03环审〔2025〕284号佛山市生态环,False,"# 建设项目环境影响报告表

（污染影响类）

（公示版）

项目名称： 佛山市塑裕新材料科技有限公司新建项目

建设单位（盖章）：佛山市塑裕新材料科技有限公司

编制日期：2023 年09 月

中华人民共和国生态环境部制

# 目 录

一、建设项目基本情况...  
二、建设项目工程分析. .18  
三、区域环境质量现状、环境保护目标及评价标准. .27  
四、主要环境影响和保护措施.."
2025_佛环03环审〔2025〕292号佛山市生态环境局关于佛山市顺德区敬雅印刷有限公司新建项目建设项目环境影响报告表的批复.pdf,80,E:\软件\mineru_extracted\2023_2023年10月12日建设项目环境影响报告书（表）受理公告（杏坛）_1_mineru\full.md,2023_2023年10月12日建设项目环境影响报告书（表）受理公告（杏坛）_1_mineru,report,佛山市顺德区敬雅印刷有限公司,佛环03环审〔2025〕292号佛山市生态环,False,"# 建设项目环境影响报告表

（污染影响类）

（公示版）

项目名称： 佛山市塑裕新材料科技有限公司新建项目

建设单位（盖章）：佛山市塑裕新材料科技有限公司

编制日期：2023 年09 月

中华人民共和国生态环境部制

# 目 录

一、建设项目基本情况...  
二、建设项目工程分析. .18  
三、区域环境质量现状、环境保护目标及评价标准. .27  
四、主要环境影响和保护措施.."
2025_佛环03环审〔2025〕293号佛山市生态环境局关于佛山市顺德区荣仁塑料制品有限公司迁扩建项目建设项目环境影响报告表的批复.pdf,80,E:\软件\mineru_extracted\2023_2023年10月12日建设项目环境影响报告书（表）受理公告（杏坛）_1_mineru\full.md,2023_2023年10月12日建设项目环境影响报告书（表）受理公告（杏坛）_1_mineru,report,佛山市顺德区荣仁塑料制品有限公司迁,佛环03环审〔2025〕293号佛山市生态环,False,"# 建设项目环境影响报告表

（污染影响类）

（公示版）

项目名称： 佛山市塑裕新材料科技有限公司新建项目

建设单位（盖章）：佛山市塑裕新材料科技有限公司

编制日期：2023 年09 月

中华人民共和国生态环境部制

# 目 录

一、建设项目基本情况...  
二、建设项目工程分析. .18  
三、区域环境质量现状、环境保护目标及评价标准. .27  
四、主要环境影响和保护措施.."
2025_佛环03环审〔2025〕300号佛山市生态环境局关于佛山市顺德区泰莱仕塑料制品有限公司迁扩建项目建设项目环境影响报告表的批复.pdf,80,E:\软件\mineru_extracted\2023_2023年10月12日建设项目环境影响报告书（表）受理公告（杏坛）_1_mineru\full.md,2023_2023年10月12日建设项目环境影响报告书（表）受理公告（杏坛）_1_mineru,report,佛山市顺德区泰莱仕塑料制品有限公司迁,佛环03环审〔2025〕300号佛山市生态环,False,"# 建设项目环境影响报告表

（污染影响类）

（公示版）

项目名称： 佛山市塑裕新材料科技有限公司新建项目

建设单位（盖章）：佛山市塑裕新材料科技有限公司

编制日期：2023 年09 月

中华人民共和国生态环境部制

# 目 录

一、建设项目基本情况...  
二、建设项目工程分析. .18  
三、区域环境质量现状、环境保护目标及评价标准. .27  
四、主要环境影响和保护措施.."
2025_佛环03环审〔2025〕301号佛山市生态环境局关于佛山市顺德区溢塑塑料五金制品有限公司迁建项目建设项目环境影响报告表的批复.pdf,80,E:\软件\mineru_extracted\2023_2023年10月12日建设项目环境影响报告书（表）受理公告（杏坛）_1_mineru\full.md,2023_2023年10月12日建设项目环境影响报告书（表）受理公告（杏坛）_1_mineru,report,佛山市顺德区溢塑塑料五金制品有限公司,佛环03环审〔2025〕301号佛山市生态环,False,"# 建设项目环境影响报告表

（污染影响类）

（公示版）

项目名称： 佛山市塑裕新材料科技有限公司新建项目

建设单位（盖章）：佛山市塑裕新材料科技有限公司

编制日期：2023 年09 月

中华人民共和国生态环境部制

# 目 录

一、建设项目基本情况...  
二、建设项目工程分析. .18  
三、区域环境质量现状、环境保护目标及评价标准. .27  
四、主要环境影响和保护措施.."
2025_佛环03环审〔2025〕302号佛山市生态环境局关于佛山市顺德区益和印刷实业有限公司搬迁项目建设项目环境影响报告表的批复.pdf,80,E:\软件\mineru_extracted\2023_2023年10月12日建设项目环境影响报告书（表）受理公告（杏坛）_1_mineru\full.md,2023_2023年10月12日建设项目环境影响报告书（表）受理公告（杏坛）_1_mineru,report,佛山市顺德区益和印刷实业有限公司搬迁项目,佛环03环审〔2025〕302号佛山市生态环,False,"# 建设项目环境影响报告表

（污染影响类）

（公示版）

项目名称： 佛山市塑裕新材料科技有限公司新建项目

建设单位（盖章）：佛山市塑裕新材料科技有限公司

编制日期：2023 年09 月

中华人民共和国生态环境部制

# 目 录

一、建设项目基本情况...  
二、建设项目工程分析. .18  
三、区域环境质量现状、环境保护目标及评价标准. .27  
四、主要环境影响和保护措施.."
2025_佛环03环审〔2025〕311号佛山市生态环境局关于广东泛亚精饰新材料有限公司新建项目建设项目环境影响报告表的批复.pdf,80,E:\软件\mineru_extracted\2025_2025年9月12日建设项目环境影响报告书（表）受理公告（佛山市生态环境局顺德分局）_1_mineru\full.md,2025_2025年9月12日建设项目环境影响报告书（表）受理公告（佛山市生态环境局顺德分局）_1_mineru,report,广东泛亚精饰新材料有限公司,佛环03环审〔2025〕311号佛山市生态环,False,"# 建设项目环境影响报告表（污染影响类）

项目名称：广东泛亚精饰新料限公司新建项目

建设单位（盖章）：广亚精饰新材料有限公司

![](images/986e909e58b607a013b913f0dad0293ed134d73903bd5014e0aff2ccfa2e6169.jpg)  
广东泛亚精体新材料有限公司 4406871705

编制日期：20258月

![](images/c"
2025_佛环03环审〔2025〕313号佛山市生态环境局关于佛山市顺德区勒流凯图塑料五金制品厂再次搬迁项目建设项目环境影响报告表的批复.pdf,80,E:\软件\mineru_extracted\2023_2023年10月12日建设项目环境影响报告书（表）受理公告（杏坛）_1_mineru\full.md,2023_2023年10月12日建设项目环境影响报告书（表）受理公告（杏坛）_1_mineru,report,佛山市顺德区勒流凯图塑料五金制品厂再次搬迁项目,佛环03环审〔2025〕313号佛山市生态环,False,"# 建设项目环境影响报告表

（污染影响类）

（公示版）

项目名称： 佛山市塑裕新材料科技有限公司新建项目

建设单位（盖章）：佛山市塑裕新材料科技有限公司

编制日期：2023 年09 月

中华人民共和国生态环境部制

# 目 录

一、建设项目基本情况...  
二、建设项目工程分析. .18  
三、区域环境质量现状、环境保护目标及评价标准. .27  
四、主要环境影响和保护措施.."
2025_佛环03环审〔2025〕319号佛山市生态环境局关于佛山市顺德区东展达塑料制品有限公司年产家电塑料配件500吨新建项目建设项目环境影响报告表的批复.pdf,80,E:\软件\mineru_extracted\2023_2023年10月12日建设项目环境影响报告书（表）受理公告（杏坛）_1_mineru\full.md,2023_2023年10月12日建设项目环境影响报告书（表）受理公告（杏坛）_1_mineru,report,佛山市顺德区东展达塑料制品有限公司年产家电塑料配件500吨,佛环03环审〔2025〕319号佛山市生态环,False,"# 建设项目环境影响报告表

（污染影响类）

（公示版）

项目名称： 佛山市塑裕新材料科技有限公司新建项目

建设单位（盖章）：佛山市塑裕新材料科技有限公司

编制日期：2023 年09 月

中华人民共和国生态环境部制

# 目 录

一、建设项目基本情况...  
二、建设项目工程分析. .18  
三、区域环境质量现状、环境保护目标及评价标准. .27  
四、主要环境影响和保护措施.."
2025_佛环03环审〔2025〕320号佛山市生态环境局关于佛山市顺德区天盛菱光塑料有限公司新建项目建设项目环境影响报告表的批复.pdf,80,E:\软件\mineru_extracted\2023_2023年10月12日建设项目环境影响报告书（表）受理公告（杏坛）_1_mineru\full.md,2023_2023年10月12日建设项目环境影响报告书（表）受理公告（杏坛）_1_mineru,report,佛山市顺德区天盛菱光塑料有限公司,佛环03环审〔2025〕320号佛山市生态环,False,"# 建设项目环境影响报告表

（污染影响类）

（公示版）

项目名称： 佛山市塑裕新材料科技有限公司新建项目

建设单位（盖章）：佛山市塑裕新材料科技有限公司

编制日期：2023 年09 月

中华人民共和国生态环境部制

# 目 录

一、建设项目基本情况...  
二、建设项目工程分析. .18  
三、区域环境质量现状、环境保护目标及评价标准. .27  
四、主要环境影响和保护措施.."
2025_佛环03环审〔2025〕325号佛山市生态环境局关于佛山市顺德区郁其电子有限公司新建项目建设项目环境影响报告表的批复.pdf,80,E:\软件\mineru_extracted\2023_2023年10月12日建设项目环境影响报告书（表）受理公告（杏坛）_1_mineru\full.md,2023_2023年10月12日建设项目环境影响报告书（表）受理公告（杏坛）_1_mineru,report,佛山市顺德区郁其电子有限公司,佛环03环审〔2025〕325号佛山市生态环,False,"# 建设项目环境影响报告表

（污染影响类）

（公示版）

项目名称： 佛山市塑裕新材料科技有限公司新建项目

建设单位（盖章）：佛山市塑裕新材料科技有限公司

编制日期：2023 年09 月

中华人民共和国生态环境部制

# 目 录

一、建设项目基本情况...  
二、建设项目工程分析. .18  
三、区域环境质量现状、环境保护目标及评价标准. .27  
四、主要环境影响和保护措施.."
2025_佛环03环审〔2025〕331号佛山市生态环境局关于佛山市顺德区冠宇达电源有限公司建设项目建设项目环境影响报告表的批复.pdf,80,E:\软件\mineru_extracted\2023_2023年10月12日建设项目环境影响报告书（表）受理公告（杏坛）_1_mineru\full.md,2023_2023年10月12日建设项目环境影响报告书（表）受理公告（杏坛）_1_mineru,report,佛山市顺德区冠宇达电源有限公司,佛环03环审〔2025〕331号佛山市生态环,False,"# 建设项目环境影响报告表

（污染影响类）

（公示版）

项目名称： 佛山市塑裕新材料科技有限公司新建项目

建设单位（盖章）：佛山市塑裕新材料科技有限公司

编制日期：2023 年09 月

中华人民共和国生态环境部制

# 目 录

一、建设项目基本情况...  
二、建设项目工程分析. .18  
三、区域环境质量现状、环境保护目标及评价标准. .27  
四、主要环境影响和保护措施.."
2025_佛环03环审〔2025〕333号佛山市生态环境局关于佛山市顺德区陈村镇丰禾纸箱包装厂迁扩建项目建设项目环境影响报告表的批复.pdf,80,E:\软件\mineru_extracted\2023_2023年10月12日建设项目环境影响报告书（表）受理公告（杏坛）_1_mineru\full.md,2023_2023年10月12日建设项目环境影响报告书（表）受理公告（杏坛）_1_mineru,report,佛山市顺德区陈村镇丰禾纸箱包装厂迁,佛环03环审〔2025〕333号佛山市生态环,False,"# 建设项目环境影响报告表

（污染影响类）

（公示版）

项目名称： 佛山市塑裕新材料科技有限公司新建项目

建设单位（盖章）：佛山市塑裕新材料科技有限公司

编制日期：2023 年09 月

中华人民共和国生态环境部制

# 目 录

一、建设项目基本情况...  
二、建设项目工程分析. .18  
三、区域环境质量现状、环境保护目标及评价标准. .27  
四、主要环境影响和保护措施.."
2025_佛环03环审〔2025〕344号佛山市生态环境局关于佛山市顺德区杏坛镇帝润塑料五金厂新建项目建设项目环境影响报告表的批复.pdf,80,E:\软件\mineru_extracted\2023_2023年10月12日建设项目环境影响报告书（表）受理公告（杏坛）_1_mineru\full.md,2023_2023年10月12日建设项目环境影响报告书（表）受理公告（杏坛）_1_mineru,report,佛山市顺德区杏坛镇帝润塑料五金厂,佛环03环审〔2025〕344号佛山市生态环,False,"# 建设项目环境影响报告表

（污染影响类）

（公示版）

项目名称： 佛山市塑裕新材料科技有限公司新建项目

建设单位（盖章）：佛山市塑裕新材料科技有限公司

编制日期：2023 年09 月

中华人民共和国生态环境部制

# 目 录

一、建设项目基本情况...  
二、建设项目工程分析. .18  
三、区域环境质量现状、环境保护目标及评价标准. .27  
四、主要环境影响和保护措施.."
2025_佛环03环审〔2025〕345号佛山市生态环境局关于佛山市顺德区鸿实合成材料有限公司迁扩建项目建设项目环境影响报告表的批复.pdf,80,E:\软件\mineru_extracted\2023_2023年10月12日建设项目环境影响报告书（表）受理公告（杏坛）_1_mineru\full.md,2023_2023年10月12日建设项目环境影响报告书（表）受理公告（杏坛）_1_mineru,report,佛山市顺德区鸿实合成材料有限公司迁,佛环03环审〔2025〕345号佛山市生态环,False,"# 建设项目环境影响报告表

（污染影响类）

（公示版）

项目名称： 佛山市塑裕新材料科技有限公司新建项目

建设单位（盖章）：佛山市塑裕新材料科技有限公司

编制日期：2023 年09 月

中华人民共和国生态环境部制

# 目 录

一、建设项目基本情况...  
二、建设项目工程分析. .18  
三、区域环境质量现状、环境保护目标及评价标准. .27  
四、主要环境影响和保护措施.."
2025_佛环03环审〔2025〕346号佛山市生态环境局关于佛山市顺德区信祥塑料厂（个人独资）新建项目建设项目环境影响报告表的批复.pdf,80,E:\软件\mineru_extracted\2023_2023年10月12日建设项目环境影响报告书（表）受理公告（杏坛）_1_mineru\full.md,2023_2023年10月12日建设项目环境影响报告书（表）受理公告（杏坛）_1_mineru,report,佛山市顺德区信祥塑料厂（个人独资）,佛环03环审〔2025〕346号佛山市生态环,False,"# 建设项目环境影响报告表

（污染影响类）

（公示版）

项目名称： 佛山市塑裕新材料科技有限公司新建项目

建设单位（盖章）：佛山市塑裕新材料科技有限公司

编制日期：2023 年09 月

中华人民共和国生态环境部制

# 目 录

一、建设项目基本情况...  
二、建设项目工程分析. .18  
三、区域环境质量现状、环境保护目标及评价标准. .27  
四、主要环境影响和保护措施.."
2025_佛环03环审〔2025〕348号佛山市生态环境局关于佛山市顺德区嘉营塑料制品有限公司新建项目建设项目环境影响报告表的批复.pdf,80,E:\软件\mineru_extracted\2023_2023年10月12日建设项目环境影响报告书（表）受理公告（杏坛）_1_mineru\full.md,2023_2023年10月12日建设项目环境影响报告书（表）受理公告（杏坛）_1_mineru,report,佛山市顺德区嘉营塑料制品有限公司,佛环03环审〔2025〕348号佛山市生态环,False,"# 建设项目环境影响报告表

（污染影响类）

（公示版）

项目名称： 佛山市塑裕新材料科技有限公司新建项目

建设单位（盖章）：佛山市塑裕新材料科技有限公司

编制日期：2023 年09 月

中华人民共和国生态环境部制

# 目 录

一、建设项目基本情况...  
二、建设项目工程分析. .18  
三、区域环境质量现状、环境保护目标及评价标准. .27  
四、主要环境影响和保护措施.."
2025_佛环03环审〔2025〕355号佛山市生态环境局关于佛山市惠丰合金有限公司迁扩建项目建设项目环境影响报告表的批复.pdf,80,E:\软件\mineru_extracted\2025_2025年11月13日建设项目环境影响报告表受理公告（佛山市生态环境局顺德分局）_3_mineru\full.md,2025_2025年11月13日建设项目环境影响报告表受理公告（佛山市生态环境局顺德分局）_3_mineru,report,佛山市惠丰合金有限公司迁,佛环03环审〔2025〕355号佛山市生态环,False,"# 建设项目环境影响报告表（污染影响类）

项目名称：佛山市惠丰合金有限公

建设单位（盖章）：佛山市惠丰合金有限公司

![](images/7a5b4c99f27e5ca8971301f926d7e91df0e7c76841b5d83288a8acb531de1ad5.jpg)  
佛山惠丰合金有限公司 210

编制日期：2025年6月

![](images/f48536ef8466173"
2025_佛环03环审〔2025〕358号佛山市生态环境局关于佛山市顺德区昌立美塑料制品有限公司新建项目建设项目环境影响报告表的批复.pdf,80,E:\软件\mineru_extracted\2023_2023年10月12日建设项目环境影响报告书（表）受理公告（杏坛）_1_mineru\full.md,2023_2023年10月12日建设项目环境影响报告书（表）受理公告（杏坛）_1_mineru,report,佛山市顺德区昌立美塑料制品有限公司,佛环03环审〔2025〕358号佛山市生态环,False,"# 建设项目环境影响报告表

（污染影响类）

（公示版）

项目名称： 佛山市塑裕新材料科技有限公司新建项目

建设单位（盖章）：佛山市塑裕新材料科技有限公司

编制日期：2023 年09 月

中华人民共和国生态环境部制

# 目 录

一、建设项目基本情况...  
二、建设项目工程分析. .18  
三、区域环境质量现状、环境保护目标及评价标准. .27  
四、主要环境影响和保护措施.."
2025_佛环03环审〔2025〕366号佛山市生态环境局关于佛山市顺德区佳林塑料模具厂迁扩建项目建设项目环境影响报告表的批复.pdf,80,E:\软件\mineru_extracted\2023_2023年10月12日建设项目环境影响报告书（表）受理公告（杏坛）_1_mineru\full.md,2023_2023年10月12日建设项目环境影响报告书（表）受理公告（杏坛）_1_mineru,report,佛山市顺德区佳林塑料模具厂迁,佛环03环审〔2025〕366号佛山市生态环,False,"# 建设项目环境影响报告表

（污染影响类）

（公示版）

项目名称： 佛山市塑裕新材料科技有限公司新建项目

建设单位（盖章）：佛山市塑裕新材料科技有限公司

编制日期：2023 年09 月

中华人民共和国生态环境部制

# 目 录

一、建设项目基本情况...  
二、建设项目工程分析. .18  
三、区域环境质量现状、环境保护目标及评价标准. .27  
四、主要环境影响和保护措施.."
2025_佛环03环审〔2025〕368号佛山市生态环境局关于佛山市顺德区明凌涂料有限公司建设项目建设项目环境影响报告表的批复.pdf,80,E:\软件\mineru_extracted\2023_2023年10月12日建设项目环境影响报告书（表）受理公告（杏坛）_1_mineru\full.md,2023_2023年10月12日建设项目环境影响报告书（表）受理公告（杏坛）_1_mineru,report,佛山市顺德区明凌涂料有限公司,佛环03环审〔2025〕368号佛山市生态环,False,"# 建设项目环境影响报告表

（污染影响类）

（公示版）

项目名称： 佛山市塑裕新材料科技有限公司新建项目

建设单位（盖章）：佛山市塑裕新材料科技有限公司

编制日期：2023 年09 月

中华人民共和国生态环境部制

# 目 录

一、建设项目基本情况...  
二、建设项目工程分析. .18  
三、区域环境质量现状、环境保护目标及评价标准. .27  
四、主要环境影响和保护措施.."
2025_佛环03环审〔2025〕369号佛山市生态环境局关于佛山市顺德区杰润五金塑料有限公司容桂街道容奇大道以南、华基路以西地块新建项目建设项目环境影响报告表的批复.pdf,80,E:\软件\mineru_extracted\2023_2023年10月12日建设项目环境影响报告书（表）受理公告（杏坛）_1_mineru\full.md,2023_2023年10月12日建设项目环境影响报告书（表）受理公告（杏坛）_1_mineru,report,佛山市顺德区杰润五金塑料有限公司容桂街道容奇大道以南、华基路以西地块,佛环03环审〔2025〕369号佛山市生态环,False,"# 建设项目环境影响报告表

（污染影响类）

（公示版）

项目名称： 佛山市塑裕新材料科技有限公司新建项目

建设单位（盖章）：佛山市塑裕新材料科技有限公司

编制日期：2023 年09 月

中华人民共和国生态环境部制

# 目 录

一、建设项目基本情况...  
二、建设项目工程分析. .18  
三、区域环境质量现状、环境保护目标及评价标准. .27  
四、主要环境影响和保护措施.."
2025_佛环03环审〔2025〕373号佛山市生态环境局关于佛山市顺德区骏雄包装材料有限公司新建项目建设项目环境影响报告表的批复.pdf,80,E:\软件\mineru_extracted\2023_2023年10月12日建设项目环境影响报告书（表）受理公告（杏坛）_1_mineru\full.md,2023_2023年10月12日建设项目环境影响报告书（表）受理公告（杏坛）_1_mineru,report,佛山市顺德区骏雄包装材料有限公司,佛环03环审〔2025〕373号佛山市生态环,False,"# 建设项目环境影响报告表

（污染影响类）

（公示版）

项目名称： 佛山市塑裕新材料科技有限公司新建项目

建设单位（盖章）：佛山市塑裕新材料科技有限公司

编制日期：2023 年09 月

中华人民共和国生态环境部制

# 目 录

一、建设项目基本情况...  
二、建设项目工程分析. .18  
三、区域环境质量现状、环境保护目标及评价标准. .27  
四、主要环境影响和保护措施.."
2025_佛环03环审〔2025〕374_号佛山市生态环境局关于佛山市顺德区美莱宝塑料有限公司扩建项目建设项目环境影响报告表的批复.pdf,80,E:\软件\mineru_extracted\2023_2023年10月12日建设项目环境影响报告书（表）受理公告（杏坛）_1_mineru\full.md,2023_2023年10月12日建设项目环境影响报告书（表）受理公告（杏坛）_1_mineru,report,佛山市顺德区美莱宝塑料有限公司,佛环03环审〔2025〕374_号佛山市生态,False,"# 建设项目环境影响报告表

（污染影响类）

（公示版）

项目名称： 佛山市塑裕新材料科技有限公司新建项目

建设单位（盖章）：佛山市塑裕新材料科技有限公司

编制日期：2023 年09 月

中华人民共和国生态环境部制

# 目 录

一、建设项目基本情况...  
二、建设项目工程分析. .18  
三、区域环境质量现状、环境保护目标及评价标准. .27  
四、主要环境影响和保护措施.."
2025_佛环03环审〔2025〕376号佛山市生态环境局关于佛山市顺德区捷盛能源有限公司新建项目建设项目环境影响报告表的批复.pdf,80,E:\软件\mineru_extracted\2023_2023年10月12日建设项目环境影响报告书（表）受理公告（杏坛）_1_mineru\full.md,2023_2023年10月12日建设项目环境影响报告书（表）受理公告（杏坛）_1_mineru,report,佛山市顺德区捷盛能源有限公司,佛环03环审〔2025〕376号佛山市生态环,False,"# 建设项目环境影响报告表

（污染影响类）

（公示版）

项目名称： 佛山市塑裕新材料科技有限公司新建项目

建设单位（盖章）：佛山市塑裕新材料科技有限公司

编制日期：2023 年09 月

中华人民共和国生态环境部制

# 目 录

一、建设项目基本情况...  
二、建设项目工程分析. .18  
三、区域环境质量现状、环境保护目标及评价标准. .27  
四、主要环境影响和保护措施.."
2025_佛环03环审〔2025〕377号佛山市生态环境局关于佛山市顺德区本立电器科技有限公司迁扩建项目建设项目环境影响报告表的批复.pdf,80,E:\软件\mineru_extracted\2023_2023年10月12日建设项目环境影响报告书（表）受理公告（杏坛）_1_mineru\full.md,2023_2023年10月12日建设项目环境影响报告书（表）受理公告（杏坛）_1_mineru,report,佛山市顺德区本立电器科技有限公司迁,佛环03环审〔2025〕377号佛山市生态环,False,"# 建设项目环境影响报告表

（污染影响类）

（公示版）

项目名称： 佛山市塑裕新材料科技有限公司新建项目

建设单位（盖章）：佛山市塑裕新材料科技有限公司

编制日期：2023 年09 月

中华人民共和国生态环境部制

# 目 录

一、建设项目基本情况...  
二、建设项目工程分析. .18  
三、区域环境质量现状、环境保护目标及评价标准. .27  
四、主要环境影响和保护措施.."
2026_佛山市生态环境局关于佛山安丰辰模塑有限公司新建项目环境影响报告表的批复.pdf,80,E:\软件\mineru_extracted\2026_2026年1月12日建设项目环境影响报告书（表）受理公告（北滘）_2_mineru\full.md,2026_2026年1月12日建设项目环境影响报告书（表）受理公告（北滘）_2_mineru,report,佛山安丰辰模塑有限公司,,False,"# 建设项目环境影响报告表

（污染影响类）

项目名称：佛山安丰辰模塑有限公司新建项目

![](images/c5e3985b12c20287e630bafea352728c63a171df1bf8719451b98df7ff4f8892.jpg)  
佛山安手 ￥ 40606

建设单位（盖章）：佛山安生辰模塑有限公司

编制日期： 2025年11月

中华人民和国生境制

![](imag"
2026_佛山市生态环境局关于佛山市亿才塑料制品有限公司迁扩建项目建设项目环境影响报告表的批复.pdf,80,E:\软件\mineru_extracted\2026_2026年02月27日建设项目环境影响报告表受理公告（容桂）_2_mineru\full.md,2026_2026年02月27日建设项目环境影响报告表受理公告（容桂）_2_mineru,report,佛山市亿才塑料制品有限公司迁,,False,"# 建设项目环境影响报告表

（污染影响类）

# 项目名称：佛山市亿才塑料制品有限有限公司迁扩建项目建设单位（盖章）：佛山市亿才塑料制品有限公司编制日期：2025年11月

![](images/babb7a12a9b5193ebc1dd4a0c46e683d6744f4223f817c55af3f71e784e159d7.jpg)

编制单位和编制人员情况表

![](images/73bff"
2026_佛山市生态环境局关于佛山市华智弈胜科技有限公司扩建项目环境影响报告表的批复.pdf,80,E:\软件\mineru_extracted\2026_2026年4月29日建设项目环境影响报告书（表）受理公告（北滘）_2_mineru\full.md,2026_2026年4月29日建设项目环境影响报告书（表）受理公告（北滘）_2_mineru,report,佛山市华智弈胜科技有限公司,,False,"# 建设项目环境影响报告表（污染影响类）

![](images/c66e065a1ee3cf56b874bbfbc02572a20b62fb069f0960f746e9e41b6eebbefa.jpg)  
佛山市华智奔胜科技有限公司 4406004443371

# 项目名称：佛山市华智弈胜科技有限公司扩建项目建设单位（盖章）：佛山市华智弈胜科技有限公司编制日期：2026年3月

![](im"
2026_佛山市生态环境局关于佛山市旭泰固林塑料制品有限公司新建项目建设项环境影响报告表的批复.pdf,80,E:\软件\mineru_extracted\2026_2026年01月13日建设项目环境影响报告表受理公告（容桂）_3_mineru\full.md,2026_2026年01月13日建设项目环境影响报告表受理公告（容桂）_3_mineru,report,佛山市旭泰固林塑料制品有限公司,,False,"# 建设项目环境影响报告表

（污染影响类）

项目名称：佛山市旭泰固林塑料制品有限公司新建项目

建设单位（盖章）：佛山市旭泰固林塑料制品有限公司

编制日期：2025年12月

中华人民共和国生态环境部制

![](images/77b5d46a25436c785e4f8fe422c6a8fcfb02119480446cbad75c4be7ab3d655b.jpg)  
毓然环保（东）有限公司"
2026_佛山市生态环境局关于佛山市锦延宁塑料制品有限公司新建项目建设项目环境影响报告表的批复.pdf,80,E:\软件\mineru_extracted\2026_2026年01月13日建设项目环境影响报告表受理公告（容桂）_2_mineru\full.md,2026_2026年01月13日建设项目环境影响报告表受理公告（容桂）_2_mineru,report,佛山市锦延宁塑料制品有限公司,,False,"# 建设项目环境影响报告表

（污染影响类）

项目名称：佛山市锦延宁塑料制品有限公司新建项目

![](images/e403732b3b93f5158b13cce7336a0e254402aa9798d81ec892a429c20a8e27f0.jpg)  
佛少锦延宁塑料制品有限公司 19 4406064

建设单位（盖章）：佛山市锦延宁塑料制品有限公司

编制日期：2025年10月

中华"
2026_佛山市生态环境局关于佛山市顺德区佳碧景环保科技有限公司建设项目建设项目环境影响报告表的批复.pdf,80,E:\软件\mineru_extracted\2023_2023年10月12日建设项目环境影响报告书（表）受理公告（杏坛）_1_mineru\full.md,2023_2023年10月12日建设项目环境影响报告书（表）受理公告（杏坛）_1_mineru,report,佛山市顺德区佳碧景环保科技有限公司,,False,"# 建设项目环境影响报告表

（污染影响类）

（公示版）

项目名称： 佛山市塑裕新材料科技有限公司新建项目

建设单位（盖章）：佛山市塑裕新材料科技有限公司

编制日期：2023 年09 月

中华人民共和国生态环境部制

# 目 录

一、建设项目基本情况...  
二、建设项目工程分析. .18  
三、区域环境质量现状、环境保护目标及评价标准. .27  
四、主要环境影响和保护措施.."
2026_佛山市生态环境局关于佛山市顺德区恒熙新材料科技有限公司新建项目建设项目环境影响报告表的批复.pdf,80,E:\软件\mineru_extracted\2023_2023年10月12日建设项目环境影响报告书（表）受理公告（杏坛）_1_mineru\full.md,2023_2023年10月12日建设项目环境影响报告书（表）受理公告（杏坛）_1_mineru,report,佛山市顺德区恒熙新材料科技有限公司,,False,"# 建设项目环境影响报告表

（污染影响类）

（公示版）

项目名称： 佛山市塑裕新材料科技有限公司新建项目

建设单位（盖章）：佛山市塑裕新材料科技有限公司

编制日期：2023 年09 月

中华人民共和国生态环境部制

# 目 录

一、建设项目基本情况...  
二、建设项目工程分析. .18  
三、区域环境质量现状、环境保护目标及评价标准. .27  
四、主要环境影响和保护措施.."
2026_佛山市生态环境局关于佛山市顺德区擎天塑料制品有限公司搬迁项目建设项目环境影响报告表的批复.pdf,80,E:\软件\mineru_extracted\2023_2023年10月12日建设项目环境影响报告书（表）受理公告（杏坛）_1_mineru\full.md,2023_2023年10月12日建设项目环境影响报告书（表）受理公告（杏坛）_1_mineru,report,佛山市顺德区擎天塑料制品有限公司搬迁项目,,False,"# 建设项目环境影响报告表

（污染影响类）

（公示版）

项目名称： 佛山市塑裕新材料科技有限公司新建项目

建设单位（盖章）：佛山市塑裕新材料科技有限公司

编制日期：2023 年09 月

中华人民共和国生态环境部制

# 目 录

一、建设项目基本情况...  
二、建设项目工程分析. .18  
三、区域环境质量现状、环境保护目标及评价标准. .27  
四、主要环境影响和保护措施.."
2026_佛山市生态环境局关于佛山市顺德区新臻柏顺精密模具有限公司新建项目环境影响报告表的批复.pdf,80,E:\软件\mineru_extracted\2023_2023年10月12日建设项目环境影响报告书（表）受理公告（杏坛）_1_mineru\full.md,2023_2023年10月12日建设项目环境影响报告书（表）受理公告（杏坛）_1_mineru,report,佛山市顺德区新臻柏顺精密模具有限公司,,False,"# 建设项目环境影响报告表

（污染影响类）

（公示版）

项目名称： 佛山市塑裕新材料科技有限公司新建项目

建设单位（盖章）：佛山市塑裕新材料科技有限公司

编制日期：2023 年09 月

中华人民共和国生态环境部制

# 目 录

一、建设项目基本情况...  
二、建设项目工程分析. .18  
三、区域环境质量现状、环境保护目标及评价标准. .27  
四、主要环境影响和保护措施.."
2026_佛山市生态环境局关于佛山市顺德区盛吸金新材料有限公司新建项目建设项目环境影响报告表的批复.pdf,80,E:\软件\mineru_extracted\2023_2023年10月12日建设项目环境影响报告书（表）受理公告（杏坛）_1_mineru\full.md,2023_2023年10月12日建设项目环境影响报告书（表）受理公告（杏坛）_1_mineru,report,佛山市顺德区盛吸金新材料有限公司,,False,"# 建设项目环境影响报告表

（污染影响类）

（公示版）

项目名称： 佛山市塑裕新材料科技有限公司新建项目

建设单位（盖章）：佛山市塑裕新材料科技有限公司

编制日期：2023 年09 月

中华人民共和国生态环境部制

# 目 录

一、建设项目基本情况...  
二、建设项目工程分析. .18  
三、区域环境质量现状、环境保护目标及评价标准. .27  
四、主要环境影响和保护措施.."
2026_佛山市生态环境局关于佛山市顺德区顺志程塑胶制品有限公司改扩建项目环境影响报告表的批复（无章）.pdf,80,E:\软件\mineru_extracted\2023_2023年10月12日建设项目环境影响报告书（表）受理公告（杏坛）_1_mineru\full.md,2023_2023年10月12日建设项目环境影响报告书（表）受理公告（杏坛）_1_mineru,report,佛山市顺德区顺志程塑胶制品有限公司改,,False,"# 建设项目环境影响报告表

（污染影响类）

（公示版）

项目名称： 佛山市塑裕新材料科技有限公司新建项目

建设单位（盖章）：佛山市塑裕新材料科技有限公司

编制日期：2023 年09 月

中华人民共和国生态环境部制

# 目 录

一、建设项目基本情况...  
二、建设项目工程分析. .18  
三、区域环境质量现状、环境保护目标及评价标准. .27  
四、主要环境影响和保护措施.."
2026_佛山市生态环境局关于佛山市领展智能科技有限公司重新报批项目建设项目环境影响报告表的批复.pdf,80,E:\软件\mineru_extracted\2025_2025年12月12日建设项目环境影响报告表受理公告（容桂）_1_mineru\full.md,2025_2025年12月12日建设项目环境影响报告表受理公告（容桂）_1_mineru,report,佛山市领展智能科技有限公司重新报批项目,,False,"#

<table><tr><td rowspan=1 colspan=2>项目编号</td><td rowspan=1 colspan=3>n0e5v0</td></tr><tr><td rowspan=1 colspan=2>建设项目名称</td><td rowspan=1 colspan=3>佛山市领展智能科技有限公司重新报批项目</td></tr><tr><td rowspan=1 col"
2026_佛山市生态环境局关于佛山润昌模具有限公司建设项目环境影响报告表的批复（无章）.pdf,80,E:\软件\mineru_extracted\2026_2026年3月4日建设项目环境影响报告书（表）受理公告（北滘）_mineru\full.md,2026_2026年3月4日建设项目环境影响报告书（表）受理公告（北滘）_mineru,report,佛山润昌模具有限公司,,False,"# 建设项目环境影响报告表

（污染影响类）

项目名称：佛山润革模具有限公司建设项具司

建设单位（盖：佛山模具有限公司

编制日期：205年12月

中华人民共和国生态环境部制

# 编制单位和编制人员情况表

<table><tr><td rowspan=1 colspan=1>项目编号</td><td rowspan=1 colspan=1>42ah04</td></tr><tr><td "
2026_佛山市生态环境局关于佛山耀冠塑料制品有限公司第二车间新建项目环境影响报告表的批复.pdf,80,E:\软件\mineru_extracted\2024_2024年8月15日建设项目环境影响报告书（表）受理公告（北滘）_3_mineru\full.md,2024_2024年8月15日建设项目环境影响报告书（表）受理公告（北滘）_3_mineru,report,佛山耀冠塑料制品有限公司第二车间,,False,"# 建设项目环境影响报告表（污染影响类）

![](images/6b16effb205cd64d5a90dba456a5503fba24f97f1008b4739168934c8d095612.jpg)  
佛山耀冠塑料制品有限公司 S

项目名称：佛山耀冠塑料制品有限公司建设项目建设单位（盖章）：佛山耀冠塑料制品有限公司编制日期：2024年6月

![](images/e14eacb47f28"
2026_佛山市生态环境局关于广东三睦科技有限公司新建项目建设项目环境影响报告表的批复.pdf,80,E:\软件\mineru_extracted\2026_2026年01月20日建设项目环境影响报告表受理公告（容桂）_mineru\full.md,2026_2026年01月20日建设项目环境影响报告表受理公告（容桂）_mineru,report,广东三睦科技有限公司,,False,"# 建设项目环境影响报告表

（污染影响类）

项目名称：广东三睦科技

建设单位（盖章）：广东

编制日期：2026年01月

![](images/362d86d6703aaedff6f69344fbfa32829c1bd97073bb8ce466967d005bb5b600.jpg)

![](images/a61c60631740e0b0ee39bdfd94f2895e686a4240be"
2026_佛环0305环审〔2025〕16号【佛山市生态环境局关于广东康立泰新材料有限公司研发中心重新报批建设项目环境影响报告表的批复】（公示）.pdf,80,E:\软件\mineru_extracted\2024_2024年12月16日建设项目环境影响报告受理公告（陈村）_mineru\full.md,2024_2024年12月16日建设项目环境影响报告受理公告（陈村）_mineru,report,广东康立泰新材料有限公司研发中心重新报批,佛环0305环审〔2025〕16号【佛山市生,False,"# 建设项目环境影响报告表（污染影响类）

项目名称：广东康立泰新材料有限公司研发中心建设项目

广东康立泰新材新替限公司

编制日期：

![](images/d3ac1b82610630ff2f163e3ed8e731632cb947af1b32106118a604bbf4644e69.jpg)  
广东东立学新精有限公司 4306683085358

![](images/c91a4c219"
2026_佛环0305环审〔2026〕1号【佛山市生态环境局关于佛山勇气科技有限公司新建项目建设项目环境影响报告表的批复】（公示版）.pdf,80,E:\软件\mineru_extracted\2025_2025年11月19日建设项目环境影响报告受理公告（陈村）_mineru\full.md,2025_2025年11月19日建设项目环境影响报告受理公告（陈村）_mineru,report,佛山勇气科技有限公司,佛环0305环审〔2026〕1号【佛山市生态,False,"# 建设项目环境影响报告表

（污染影响类）

项目名称：佛山勇气科技有限公司新建项

建设单位（盖章）：佛山勇气科技有限公司

编制日期：2025年9月

![](images/00aaeab7ea420165a494c8410054c4218b1a48dccb2624991ccac8deb303b231.jpg)  
佛勇项科技有限公司 4406064718868

![](images/ad"
2026_佛环0305环审〔2026〕5号【佛山市生态环境局关于佛山市点辉金属制品有限公司新建项目建设项目环境影响报告表的批复】（公示版）.pdf,80,E:\软件\mineru_extracted\2026_2026年4月8日建设项目环境影响报告受理公告（陈村）_2_mineru\full.md,2026_2026年4月8日建设项目环境影响报告受理公告（陈村）_2_mineru,report,佛山市点辉金属制品有限公司,佛环0305环审〔2026〕5号【佛山市生态,False,"# 建设项目环境影响报告表（污染影响类）

![](images/6c9f50248568f46ac113e690bb3e46e727ba2a658d1a026127dce7df093327dc.jpg)  
佛山市点辉金属制品有限公司 7518

项目名称：佛山市点辉金属制盈有限公司新建项目建设单位（盖章）：佛山市点辉金属制品有限公司编制日期：2026年3月

![](images/20e0c6"
2026_佛环03环审〔2025〕383号佛山市生态环境局关于佛山市顺德区东辰之星电子有限公司新建项目建设项目环境影响报告表的批复.pdf,80,E:\软件\mineru_extracted\2023_2023年10月12日建设项目环境影响报告书（表）受理公告（杏坛）_1_mineru\full.md,2023_2023年10月12日建设项目环境影响报告书（表）受理公告（杏坛）_1_mineru,report,佛山市顺德区东辰之星电子有限公司,佛环03环审〔2025〕383号佛山市生态环,False,"# 建设项目环境影响报告表

（污染影响类）

（公示版）

项目名称： 佛山市塑裕新材料科技有限公司新建项目

建设单位（盖章）：佛山市塑裕新材料科技有限公司

编制日期：2023 年09 月

中华人民共和国生态环境部制

# 目 录

一、建设项目基本情况...  
二、建设项目工程分析. .18  
三、区域环境质量现状、环境保护目标及评价标准. .27  
四、主要环境影响和保护措施.."
2026_佛环03环审〔2025〕384号佛山市生态环境局关于佛山市顺德区志美锐新材料有限公司新建项目建设项目环境影响报告表的批复.pdf,80,E:\软件\mineru_extracted\2023_2023年10月12日建设项目环境影响报告书（表）受理公告（杏坛）_1_mineru\full.md,2023_2023年10月12日建设项目环境影响报告书（表）受理公告（杏坛）_1_mineru,report,佛山市顺德区志美锐新材料有限公司,佛环03环审〔2025〕384号佛山市生态环,False,"# 建设项目环境影响报告表

（污染影响类）

（公示版）

项目名称： 佛山市塑裕新材料科技有限公司新建项目

建设单位（盖章）：佛山市塑裕新材料科技有限公司

编制日期：2023 年09 月

中华人民共和国生态环境部制

# 目 录

一、建设项目基本情况...  
二、建设项目工程分析. .18  
三、区域环境质量现状、环境保护目标及评价标准. .27  
四、主要环境影响和保护措施.."
2026_佛环03环审〔2025〕385号佛山市生态环境局关于佛山市顺德区森晖莹新材料有限公司新建项目建设项目环境影响报告表的批复.pdf,80,E:\软件\mineru_extracted\2023_2023年10月12日建设项目环境影响报告书（表）受理公告（杏坛）_1_mineru\full.md,2023_2023年10月12日建设项目环境影响报告书（表）受理公告（杏坛）_1_mineru,report,佛山市顺德区森晖莹新材料有限公司,佛环03环审〔2025〕385号佛山市生态环,False,"# 建设项目环境影响报告表

（污染影响类）

（公示版）

项目名称： 佛山市塑裕新材料科技有限公司新建项目

建设单位（盖章）：佛山市塑裕新材料科技有限公司

编制日期：2023 年09 月

中华人民共和国生态环境部制

# 目 录

一、建设项目基本情况...  
二、建设项目工程分析. .18  
三、区域环境质量现状、环境保护目标及评价标准. .27  
四、主要环境影响和保护措施.."
2026_佛环03环审〔2025〕387号佛山市生态环境局关于佛山市益发智能科技有限公司扩建项目建设项目环境影响报告表的批复.pdf,80,E:\软件\mineru_extracted\2025_2025年11月13日建设项目环境影响报告表受理公告（佛山市生态环境局顺德分局）_1_mineru\full.md,2025_2025年11月13日建设项目环境影响报告表受理公告（佛山市生态环境局顺德分局）_1_mineru,report,佛山市益发智能科技有限公司,佛环03环审〔2025〕387号佛山市生态环,False,"# 建设项目环境影响报告表

（污染影响类）

项目名称：佛山市益发智能科技有限公建项目

![](images/44ce675b266317ca7ba8f9480bdd03bfb33b71adce46cc6223e884c80e969700.jpg)  
发的能科技有限司

建设单位（盖章）：佛山市益发智能科技有限公司

编制日期： 2025年10月

中华人民共和国生态环境部制

![](im"
2026_佛环03环审〔2025〕390号佛山市生态环境局关于佛山市顺德区彩田新材料有限公司新建项目建设项目环境影响报告表的批复.pdf,80,E:\软件\mineru_extracted\2023_2023年10月12日建设项目环境影响报告书（表）受理公告（杏坛）_1_mineru\full.md,2023_2023年10月12日建设项目环境影响报告书（表）受理公告（杏坛）_1_mineru,report,佛山市顺德区彩田新材料有限公司,佛环03环审〔2025〕390号佛山市生态环,False,"# 建设项目环境影响报告表

（污染影响类）

（公示版）

项目名称： 佛山市塑裕新材料科技有限公司新建项目

建设单位（盖章）：佛山市塑裕新材料科技有限公司

编制日期：2023 年09 月

中华人民共和国生态环境部制

# 目 录

一、建设项目基本情况...  
二、建设项目工程分析. .18  
三、区域环境质量现状、环境保护目标及评价标准. .27  
四、主要环境影响和保护措施.."
2026_佛环03环审〔2025〕393号佛山市生态环境局关于佛山市顺德区纪宇电器有限公司新建项目建设项目环境影响报告表的批复.pdf,80,E:\软件\mineru_extracted\2023_2023年10月12日建设项目环境影响报告书（表）受理公告（杏坛）_1_mineru\full.md,2023_2023年10月12日建设项目环境影响报告书（表）受理公告（杏坛）_1_mineru,report,佛山市顺德区纪宇电器有限公司,佛环03环审〔2025〕393号佛山市生态环,False,"# 建设项目环境影响报告表

（污染影响类）

（公示版）

项目名称： 佛山市塑裕新材料科技有限公司新建项目

建设单位（盖章）：佛山市塑裕新材料科技有限公司

编制日期：2023 年09 月

中华人民共和国生态环境部制

# 目 录

一、建设项目基本情况...  
二、建设项目工程分析. .18  
三、区域环境质量现状、环境保护目标及评价标准. .27  
四、主要环境影响和保护措施.."
2026_佛环03环审〔2025〕395号佛山市生态环境局关于佛山市顺德区杏坛镇高赞国明橡胶五金制品厂迁改建项目建设项目环境影响报告表的批复.pdf,80,E:\软件\mineru_extracted\2023_2023年10月12日建设项目环境影响报告书（表）受理公告（杏坛）_1_mineru\full.md,2023_2023年10月12日建设项目环境影响报告书（表）受理公告（杏坛）_1_mineru,report,佛山市顺德区杏坛镇高赞国明橡胶五金制品厂迁改建项目,佛环03环审〔2025〕395号佛山市生态环,False,"# 建设项目环境影响报告表

（污染影响类）

（公示版）

项目名称： 佛山市塑裕新材料科技有限公司新建项目

建设单位（盖章）：佛山市塑裕新材料科技有限公司

编制日期：2023 年09 月

中华人民共和国生态环境部制

# 目 录

一、建设项目基本情况...  
二、建设项目工程分析. .18  
三、区域环境质量现状、环境保护目标及评价标准. .27  
四、主要环境影响和保护措施.."
2026_佛环03环审〔2026〕106号佛山市生态环境局关于佛山市顺德区巴德富实业有限公司顺德研发基地新建项目建设项目环境影响报告表的批复.pdf,80,E:\软件\mineru_extracted\2023_2023年10月12日建设项目环境影响报告书（表）受理公告（杏坛）_1_mineru\full.md,2023_2023年10月12日建设项目环境影响报告书（表）受理公告（杏坛）_1_mineru,report,佛山市顺德区巴德富实业有限公司顺德研发基地,佛环03环审〔2026〕106号佛山市生态环,False,"# 建设项目环境影响报告表

（污染影响类）

（公示版）

项目名称： 佛山市塑裕新材料科技有限公司新建项目

建设单位（盖章）：佛山市塑裕新材料科技有限公司

编制日期：2023 年09 月

中华人民共和国生态环境部制

# 目 录

一、建设项目基本情况...  
二、建设项目工程分析. .18  
三、区域环境质量现状、环境保护目标及评价标准. .27  
四、主要环境影响和保护措施.."
2026_佛环03环审〔2026〕110号佛山市生态环境局关于佛山市顺德区森晖莹新材料有限公司新建项目重新报批建设项目环境影响报告表的批复.pdf,80,E:\软件\mineru_extracted\2023_2023年10月12日建设项目环境影响报告书（表）受理公告（杏坛）_1_mineru\full.md,2023_2023年10月12日建设项目环境影响报告书（表）受理公告（杏坛）_1_mineru,report,佛山市顺德区森晖莹新材料有限公司,佛环03环审〔2026〕110号佛山市生态环,False,"# 建设项目环境影响报告表

（污染影响类）

（公示版）

项目名称： 佛山市塑裕新材料科技有限公司新建项目

建设单位（盖章）：佛山市塑裕新材料科技有限公司

编制日期：2023 年09 月

中华人民共和国生态环境部制

# 目 录

一、建设项目基本情况...  
二、建设项目工程分析. .18  
三、区域环境质量现状、环境保护目标及评价标准. .27  
四、主要环境影响和保护措施.."
2026_佛环03环审〔2026〕112号佛山市生态环境局关于佛山市依硕硅橡胶电子科技有限公司新建项目重新报批建设项目环境影响报告表的批复.pdf,80,E:\软件\mineru_extracted\2026_2026年4月16日建设项目环境影响报告表受理公告（佛山市生态环境局顺德分局）_1_mineru\full.md,2026_2026年4月16日建设项目环境影响报告表受理公告（佛山市生态环境局顺德分局）_1_mineru,report,佛山市依硕硅橡胶电子科技有限公司,佛环03环审〔2026〕112号佛山市生态环,False,"# 建设项目环境影响报告表

（污染影响类）

项目名称：佛山市依硕硅橡胶电子科技有限公司新建项且重新报批

建设单位（盖章）：佛山市依硕硅橡胶电子科技有限公司 市依硕硅健

编制日期：2026年4月

![](images/e8ec4b1d6dff2ec58bd2443aee86fc776f92a8bc7500093d9bf5a25c726a4bec.jpg)  
佛山市依硕硅橡胶电子科技有限公"
2026_佛环03环审〔2026〕115号佛山市生态环境局关于广东顺德大地缘新材料有限公司新建项目建设项目环境影响报告表的批复.pdf,80,E:\软件\mineru_extracted\2026_2026年4月16日建设项目环境影响报告表受理公告（佛山市生态环境局顺德分局）_2_mineru\full.md,2026_2026年4月16日建设项目环境影响报告表受理公告（佛山市生态环境局顺德分局）_2_mineru,report,广东顺德大地缘新材料有限公司,佛环03环审〔2026〕115号佛山市生态环,False,"# 建设项目环境影响报告表（污染影响类）

项目名称：广东顺德大地缘新材料有限公司新建项目建设单位（盖章）：广东顺德大地缘新材料有限公司编制日期：二〇二六年三月

![](images/6f0dadda364be4003bb5c9d96915eefd21f2a49a24b8c333d252de6c80c04fcd.jpg)  
广东德地缘新材料有限公司 司 46061

中华人民共和国生态

!["
2026_佛环03环审〔2026〕117号佛山市生态环境局关于广东图特精密五金科技股份有限公司改扩建项目建设项目环境影响报告表的批复.pdf,80,E:\软件\mineru_extracted\2024_2024年9月6日建设项目环境影响报告书（表）受理公告（佛山市生态环境局顺德分局）_2_mineru\full.md,2024_2024年9月6日建设项目环境影响报告书（表）受理公告（佛山市生态环境局顺德分局）_2_mineru,report,广东图特精密五金科技股份有限公司改,佛环03环审〔2026〕117号佛山市生态环,False,"# 建设项目环境影响报告表

（污染影响类）

项目名称：广东图特精密五金科技股份有限公司智能制造

基地建设项目重新报批

建设单位（盖章）：广东图特精密五金科技股份有限公司

编制日期： 2024年

![](images/f5c9a08faf7070f7c7aee47c10ab97f78cdd4325e2df381815aad14c7c622216.jpg)  
广东图徐精技金科技股份有限公"
2026_佛环03环审〔2026〕118号佛山市生态环境局关于佛山市顺德区汉荣塑料制品厂搬迁项目建设项目环境影响报告表的批复.pdf,80,E:\软件\mineru_extracted\2023_2023年10月12日建设项目环境影响报告书（表）受理公告（杏坛）_1_mineru\full.md,2023_2023年10月12日建设项目环境影响报告书（表）受理公告（杏坛）_1_mineru,report,佛山市顺德区汉荣塑料制品厂搬迁项目,佛环03环审〔2026〕118号佛山市生态环,False,"# 建设项目环境影响报告表

（污染影响类）

（公示版）

项目名称： 佛山市塑裕新材料科技有限公司新建项目

建设单位（盖章）：佛山市塑裕新材料科技有限公司

编制日期：2023 年09 月

中华人民共和国生态环境部制

# 目 录

一、建设项目基本情况...  
二、建设项目工程分析. .18  
三、区域环境质量现状、环境保护目标及评价标准. .27  
四、主要环境影响和保护措施.."
2026_佛环03环审〔2026〕120号佛山市生态环境局关于佛山市顺德区顺泰食品厂有限公司扩建项目建设项目环境影响报告表的批复.pdf,80,E:\软件\mineru_extracted\2023_2023年10月12日建设项目环境影响报告书（表）受理公告（杏坛）_1_mineru\full.md,2023_2023年10月12日建设项目环境影响报告书（表）受理公告（杏坛）_1_mineru,report,佛山市顺德区顺泰食品厂有限公司,佛环03环审〔2026〕120号佛山市生态环,False,"# 建设项目环境影响报告表

（污染影响类）

（公示版）

项目名称： 佛山市塑裕新材料科技有限公司新建项目

建设单位（盖章）：佛山市塑裕新材料科技有限公司

编制日期：2023 年09 月

中华人民共和国生态环境部制

# 目 录

一、建设项目基本情况...  
二、建设项目工程分析. .18  
三、区域环境质量现状、环境保护目标及评价标准. .27  
四、主要环境影响和保护措施.."
2026_佛环03环审〔2026〕122号佛山市生态环境局关于佛山市顺德区极摩力智能科技有限公司新建建设项目建设项目环境影响报告表的批复.pdf,80,E:\软件\mineru_extracted\2023_2023年10月12日建设项目环境影响报告书（表）受理公告（杏坛）_1_mineru\full.md,2023_2023年10月12日建设项目环境影响报告书（表）受理公告（杏坛）_1_mineru,report,佛山市顺德区极摩力智能科技有限公司,佛环03环审〔2026〕122号佛山市生态环,False,"# 建设项目环境影响报告表

（污染影响类）

（公示版）

项目名称： 佛山市塑裕新材料科技有限公司新建项目

建设单位（盖章）：佛山市塑裕新材料科技有限公司

编制日期：2023 年09 月

中华人民共和国生态环境部制

# 目 录

一、建设项目基本情况...  
二、建设项目工程分析. .18  
三、区域环境质量现状、环境保护目标及评价标准. .27  
四、主要环境影响和保护措施.."
2026_佛环03环审〔2026〕124号佛山市生态环境局关于佛山市远轮传动系统有限公司新建项目建设项目环境影响报告表的批复.pdf,80,E:\软件\mineru_extracted\2026_2026年4月20日建设项目环境影响报告表受理公告（佛山市生态环境局顺德分局）_7_mineru\full.md,2026_2026年4月20日建设项目环境影响报告表受理公告（佛山市生态环境局顺德分局）_7_mineru,report,佛山市远轮传动系统有限公司,佛环03环审〔2026〕124号佛山市生态环,False,"# 建设项目环境影响报告表（污染影响类）

项目名称：佛山市远轮传动系统有限公司新建项目

建设单位（盖章）：佛山市远轮传动系统有限公司

编制日期：2026年1月

![](images/296af2e3cedc0da699047a80d0bc36d2b08c06e253853f0a618c6ac27920a58f.jpg)  
佛山市远轮传防限公司 4400004014505

中华人民共和国"
2026_佛环03环审〔2026〕125号佛山市生态环境局关于佛山市彩特新材料有限公司新建项目建设项目环境影响报告表的批复.pdf,80,E:\软件\mineru_extracted\2026_2026年4月28日建设项目环境影响报告表受理公告（佛山市生态环境局顺德分局）_3_mineru\full.md,2026_2026年4月28日建设项目环境影响报告表受理公告（佛山市生态环境局顺德分局）_3_mineru,report,佛山市彩特新材料有限公司,佛环03环审〔2026〕125号佛山市生态环,False,"# 建设项目环境影响报告表

（污染影响类）

项目名称：佛山市彩特新材有限公司新建项目

建设单位（盖章：佛山市特新材料有限公司编制期：026年4月

中华人民共和国生态环境部制

![](images/6aa8242187c8f0dcf96b9dfabd1416fd8cf125b8fa3d446151e310de3e41419f.jpg)

打印编号：1776839880000

## 编制单"
2026_佛环03环审〔2026〕126号佛山市生态环境局关于佛山市宇一电器科技有限公司注塑分车间新建项目建设项目环境影响报告表的批复.pdf,80,E:\软件\mineru_extracted\2026_2026年4月28日建设项目环境影响报告表受理公告（佛山市生态环境局顺德分局）_1_mineru\full.md,2026_2026年4月28日建设项目环境影响报告表受理公告（佛山市生态环境局顺德分局）_1_mineru,report,佛山市宇一电器科技有限公司注塑分车间,佛环03环审〔2026〕126号佛山市生态环,False,"# 建设项目环境影响报告表

（污染影响类）

项目名称：佛山市宇一电器科技有限器稀车间新建项目

建设单位（盖章）：佛山市电器科技有限公司

2026月

中华人民共和国生态环境部制

![](images/3e0189434f8c21c3e61764ec392cf38660de0a08573012b55daea9d35c2e514f.jpg)  
广海国寰环保科技发展有限公司

![](ima"
2026_佛环03环审〔2026〕132号佛山市生态环境局关于佛山市聚和成新材料有限公司新建项目建设项目环境影响报告表的批复.pdf,80,E:\软件\mineru_extracted\2025_2025年3月12日建设项目环境影响报告书（表）受理公告（佛山市生态环境局顺德分局）_4_mineru\full.md,2025_2025年3月12日建设项目环境影响报告书（表）受理公告（佛山市生态环境局顺德分局）_4_mineru,report,佛山市聚和成新材料有限公司,佛环03环审〔2026〕132号佛山市生态环,False,"# 建设项目环境影响报告表

（污染影响类）

项目名称：佛山市聚和成新材料有限新设项目

建设单位（盖章）：佛山市聚和成材料有限公司

二零二五

![](images/321c036700cbbb2e83d2c921e8215e992895337729a9712e3fd695933ce6017b.jpg)

中华人民共和生态环境部制

![](images/33c6b8af1074314127"
2026_佛环03环审〔2026〕133号佛山市生态环境局关于佛山市顺誉电子科技有限公司扩建项目建设项目环境影响报告表的批复.pdf,80,E:\软件\mineru_extracted\2026_2026年5月6日建设项目环境影响报告表受理公告（佛山市生态环境局顺德分局）_7_mineru\full.md,2026_2026年5月6日建设项目环境影响报告表受理公告（佛山市生态环境局顺德分局）_7_mineru,report,佛山市顺誉电子科技有限公司,佛环03环审〔2026〕133号佛山市生态环,False,"# 建设项目环境影响报告表

（污染影响类

项目名称：佛山市顺誉电子科技有限公司扩建项目

建设单位（盖：佛山市顺誉电子科技有限公司

位（盖章）：佛山市顺誉电

![](images/afa60315bebae9548c7193dbacced4b237064309879c1e17624b462fed665411.jpg)

<details>
<summary>text_image</summ"
2026_佛环03环审〔2026〕134号佛山市生态环境局关于佛山市浩博瑞科技有限公司新建项目建设项目环境影响报告表的批复.pdf,80,E:\软件\mineru_extracted\2026_2026年4月20日建设项目环境影响报告表受理公告（佛山市生态环境局顺德分局）_10_mineru\full.md,2026_2026年4月20日建设项目环境影响报告表受理公告（佛山市生态环境局顺德分局）_10_mineru,report,佛山市浩博瑞科技有限公司,佛环03环审〔2026〕134号佛山市生态环,False,"# 建设项目环境影响报告表

（污染影响类）

项目名称：佛山市浩博瑞科技有限公司新建项目

建设单位（盖章）：佛山市浩博瑞技公司

编制日期：2026年4月

![](images/5beb92321412553881fa91f917a473e8ad8fc4c5626f5843092586990830b4e6.jpg)  
佛山市浩博瑞科技有限公司 4406064624974

中华人民共和国生"
2026_佛环03环审〔2026〕135号佛山市生态环境局关于佛山市盛泰合创科技有限公司新建项目（重新报批）建设项目环境影响报告表的批复.pdf,80,E:\软件\mineru_extracted\2026_2026年5月6日建设项目环境影响报告表受理公告（佛山市生态环境局顺德分局）_8_mineru\full.md,2026_2026年5月6日建设项目环境影响报告表受理公告（佛山市生态环境局顺德分局）_8_mineru,report,佛山市盛泰合创科技有限公司,佛环03环审〔2026〕135号佛山市生态环,False,"# 建设项目环境影响报告表

（污染影响类）

![](images/e3fcce38f33c4de70958099dc593086cc1366c222a5addf6dea71b30b8d3902e.jpg)

<details>
<summary>text_image</summary>

泰合创科技有限公司
成立日期
有限公司
2014年5月26日
</details>

项目名称：佛山市盛泰"
2026_佛环03环审〔2026〕137号佛山市生态环境局关于佛山市顺德区高鹏塑料有限公司迁扩建项目建设项目环境影响报告表的批复.pdf,80,E:\软件\mineru_extracted\2023_2023年10月12日建设项目环境影响报告书（表）受理公告（杏坛）_1_mineru\full.md,2023_2023年10月12日建设项目环境影响报告书（表）受理公告（杏坛）_1_mineru,report,佛山市顺德区高鹏塑料有限公司迁,佛环03环审〔2026〕137号佛山市生态环,False,"# 建设项目环境影响报告表

（污染影响类）

（公示版）

项目名称： 佛山市塑裕新材料科技有限公司新建项目

建设单位（盖章）：佛山市塑裕新材料科技有限公司

编制日期：2023 年09 月

中华人民共和国生态环境部制

# 目 录

一、建设项目基本情况...  
二、建设项目工程分析. .18  
三、区域环境质量现状、环境保护目标及评价标准. .27  
四、主要环境影响和保护措施.."
2026_佛环03环审〔2026〕14号佛山市生态环境局关于广州市谐程五金制品有限公司佛山分公司建设项目建设项目环境影响报告表的批复.pdf,80,E:\软件\mineru_extracted\2025_2025年12月8日建设项目环境影响报告表受理公告（佛山市生态环境局顺德分局）_1_mineru\full.md,2025_2025年12月8日建设项目环境影响报告表受理公告（佛山市生态环境局顺德分局）_1_mineru,report,广州市谐程五金制品有限公司佛山分公司,佛环03环审〔2026〕14号佛山市生态环境,False,"# 建设项目环境影响报告表（污染影响类）

![](images/dc1f025951010f75a919ca6dd129519169454a1dc4b0c83d75bbd9ac0bf8cfa2.jpg)  
广州市谐程五金制品有限公司佛山分公司 4803297

项目名称：广州市谐程五金制品有限公司佛山分公司建设项目建设单位（盖章）：广州市谐程五金制品有限公司佛山分公司

编制日期： 2025年"
2026_佛环03环审〔2026〕17号佛山市生态环境局关于佛山市顺德区威固星硅胶有限公司（伦教厂区）新建项目建设项目环境影响报告表的批复.pdf,80,E:\软件\mineru_extracted\2023_2023年10月12日建设项目环境影响报告书（表）受理公告（杏坛）_1_mineru\full.md,2023_2023年10月12日建设项目环境影响报告书（表）受理公告（杏坛）_1_mineru,report,佛山市顺德区威固星硅胶有限公司（伦教厂区）,佛环03环审〔2026〕17号佛山市生态环境,False,"# 建设项目环境影响报告表

（污染影响类）

（公示版）

项目名称： 佛山市塑裕新材料科技有限公司新建项目

建设单位（盖章）：佛山市塑裕新材料科技有限公司

编制日期：2023 年09 月

中华人民共和国生态环境部制

# 目 录

一、建设项目基本情况...  
二、建设项目工程分析. .18  
三、区域环境质量现状、环境保护目标及评价标准. .27  
四、主要环境影响和保护措施.."
2026_佛环03环审〔2026〕1号佛山市生态环境局关于广东秦楚环保科技有限公司新建项目建设项目环境影响报告表的批复.pdf,80,E:\软件\mineru_extracted\2025_2025年10月24日建设项目环境影响报告表受理公告（佛山市生态环境局顺德分局）_1_mineru\full.md,2025_2025年10月24日建设项目环境影响报告表受理公告（佛山市生态环境局顺德分局）_1_mineru,report,广东秦楚环保科技有限公司,佛环03环审〔2026〕1号佛山市生态环境局,False,"# 建设项目环境影响报告表

（污染影响类）

项目名称： 广东秦楚环保科技有限公司新建项目

建设单位（盖章）： 广东秦楚环保科技有限公司

编制日期： 2025 年 9 月

中华人民共和国生态环境部制

## 编制单位和编制人员情况表

<table><tr><td rowspan=1 colspan=1>项目编号</td><td rowspan=1 colspan=1>b48j5r</td"
2026_佛环03环审〔2026〕31号佛山市生态环境局关于佛山市顺德区大东树脂有限公司年产2000吨水性胶产品扩建项目建设项目环境影响报告表的批复.pdf,80,E:\软件\mineru_extracted\2023_2023年10月12日建设项目环境影响报告书（表）受理公告（杏坛）_1_mineru\full.md,2023_2023年10月12日建设项目环境影响报告书（表）受理公告（杏坛）_1_mineru,report,佛山市顺德区大东树脂有限公司年产2000吨水性胶产品,佛环03环审〔2026〕31号佛山市生态环境,False,"# 建设项目环境影响报告表

（污染影响类）

（公示版）

项目名称： 佛山市塑裕新材料科技有限公司新建项目

建设单位（盖章）：佛山市塑裕新材料科技有限公司

编制日期：2023 年09 月

中华人民共和国生态环境部制

# 目 录

一、建设项目基本情况...  
二、建设项目工程分析. .18  
三、区域环境质量现状、环境保护目标及评价标准. .27  
四、主要环境影响和保护措施.."
2026_佛环03环审〔2026〕34号佛山市生态环境局关于佛山市顺德区宏盛优环保科技有限公司新建项目建设项目环境影响报告表的批复.pdf,80,E:\软件\mineru_extracted\2023_2023年10月12日建设项目环境影响报告书（表）受理公告（杏坛）_1_mineru\full.md,2023_2023年10月12日建设项目环境影响报告书（表）受理公告（杏坛）_1_mineru,report,佛山市顺德区宏盛优环保科技有限公司,佛环03环审〔2026〕34号佛山市生态环境,False,"# 建设项目环境影响报告表

（污染影响类）

（公示版）

项目名称： 佛山市塑裕新材料科技有限公司新建项目

建设单位（盖章）：佛山市塑裕新材料科技有限公司

编制日期：2023 年09 月

中华人民共和国生态环境部制

# 目 录

一、建设项目基本情况...  
二、建设项目工程分析. .18  
三、区域环境质量现状、环境保护目标及评价标准. .27  
四、主要环境影响和保护措施.."
2026_佛环03环审〔2026〕39号佛山市生态环境局关于佛山市顺德区科艺杰精密模具有限公司新建项目建设项目环境影响报告表的批复.pdf,80,E:\软件\mineru_extracted\2023_2023年10月12日建设项目环境影响报告书（表）受理公告（杏坛）_1_mineru\full.md,2023_2023年10月12日建设项目环境影响报告书（表）受理公告（杏坛）_1_mineru,report,佛山市顺德区科艺杰精密模具有限公司,佛环03环审〔2026〕39号佛山市生态环境,False,"# 建设项目环境影响报告表

（污染影响类）

（公示版）

项目名称： 佛山市塑裕新材料科技有限公司新建项目

建设单位（盖章）：佛山市塑裕新材料科技有限公司

编制日期：2023 年09 月

中华人民共和国生态环境部制

# 目 录

一、建设项目基本情况...  
二、建设项目工程分析. .18  
三、区域环境质量现状、环境保护目标及评价标准. .27  
四、主要环境影响和保护措施.."
2026_佛环03环审〔2026〕44号佛山市生态环境局关于佛山顶锋日嘉模具有限公司二次扩建项目建设项目环境影响报告表的批复.pdf,80,E:\软件\mineru_extracted\2024_2024年9月14日建设项目环境影响报告受理公告（大良）_1_mineru\full.md,2024_2024年9月14日建设项目环境影响报告受理公告（大良）_1_mineru,report,佛山顶锋日嘉模具有限公司二次,佛环03环审〔2026〕44号佛山市生态环境,False,"# 建设项目环境影响报告表

（污染影响类）

项目名称：佛山顶锋日嘉模具有限公司改扩建项目

建设单位（盖章）：佛山顶锋日嘉模具有限公司

编制日期： 2024 年 9 月

中华人民共和国生态环境部制

## 编制单位和编制人员情况表

<table><tr><td rowspan=1 colspan=1>项目编号</td><td rowspan=1 colspan=1>51qhnd</td>"
2026_佛环03环审〔2026〕46号佛山市生态环境局关于佛山市顺德区宝顺泰电器有限责任公司新建项目建设项目环境影响报告表的批复.pdf,80,E:\软件\mineru_extracted\2023_2023年10月12日建设项目环境影响报告书（表）受理公告（杏坛）_1_mineru\full.md,2023_2023年10月12日建设项目环境影响报告书（表）受理公告（杏坛）_1_mineru,report,佛山市顺德区宝顺泰电器有限责任公司,佛环03环审〔2026〕46号佛山市生态环境,False,"# 建设项目环境影响报告表

（污染影响类）

（公示版）

项目名称： 佛山市塑裕新材料科技有限公司新建项目

建设单位（盖章）：佛山市塑裕新材料科技有限公司

编制日期：2023 年09 月

中华人民共和国生态环境部制

# 目 录

一、建设项目基本情况...  
二、建设项目工程分析. .18  
三、区域环境质量现状、环境保护目标及评价标准. .27  
四、主要环境影响和保护措施.."
2026_佛环03环审〔2026〕50号佛山市生态环境局关于佛山市顺德区勒流镇励进塑料制品有限公司建设项目建设项目环境影响报告表的批复.pdf,80,E:\软件\mineru_extracted\2023_2023年10月12日建设项目环境影响报告书（表）受理公告（杏坛）_1_mineru\full.md,2023_2023年10月12日建设项目环境影响报告书（表）受理公告（杏坛）_1_mineru,report,佛山市顺德区勒流镇励进塑料制品有限公司,佛环03环审〔2026〕50号佛山市生态环境,False,"# 建设项目环境影响报告表

（污染影响类）

（公示版）

项目名称： 佛山市塑裕新材料科技有限公司新建项目

建设单位（盖章）：佛山市塑裕新材料科技有限公司

编制日期：2023 年09 月

中华人民共和国生态环境部制

# 目 录

一、建设项目基本情况...  
二、建设项目工程分析. .18  
三、区域环境质量现状、环境保护目标及评价标准. .27  
四、主要环境影响和保护措施.."
2026_佛环03环审〔2026〕54号佛山市生态环境局关于佛山市顺德区创河塑料制品有限公司新建项目建设项目环境影响报告表的批复.pdf,80,E:\软件\mineru_extracted\2023_2023年10月12日建设项目环境影响报告书（表）受理公告（杏坛）_1_mineru\full.md,2023_2023年10月12日建设项目环境影响报告书（表）受理公告（杏坛）_1_mineru,report,佛山市顺德区创河塑料制品有限公司,佛环03环审〔2026〕54号佛山市生态环境,False,"# 建设项目环境影响报告表

（污染影响类）

（公示版）

项目名称： 佛山市塑裕新材料科技有限公司新建项目

建设单位（盖章）：佛山市塑裕新材料科技有限公司

编制日期：2023 年09 月

中华人民共和国生态环境部制

# 目 录

一、建设项目基本情况...  
二、建设项目工程分析. .18  
三、区域环境质量现状、环境保护目标及评价标准. .27  
四、主要环境影响和保护措施.."
2026_佛环03环审〔2026〕56号佛山市生态环境局关于佛山市顺德区勒流吉源电线厂迁建项目建设项目环境影响报告表的批复.pdf,80,E:\软件\mineru_extracted\2023_2023年10月12日建设项目环境影响报告书（表）受理公告（杏坛）_1_mineru\full.md,2023_2023年10月12日建设项目环境影响报告书（表）受理公告（杏坛）_1_mineru,report,佛山市顺德区勒流吉源电线厂,佛环03环审〔2026〕56号佛山市生态环境,False,"# 建设项目环境影响报告表

（污染影响类）

（公示版）

项目名称： 佛山市塑裕新材料科技有限公司新建项目

建设单位（盖章）：佛山市塑裕新材料科技有限公司

编制日期：2023 年09 月

中华人民共和国生态环境部制

# 目 录

一、建设项目基本情况...  
二、建设项目工程分析. .18  
三、区域环境质量现状、环境保护目标及评价标准. .27  
四、主要环境影响和保护措施.."
2026_佛环03环审〔2026〕60号佛山市生态环境局关于佛山大头马泵科技有限公司新建项目建设项目环境影响报告表的批复.pdf,80,E:\软件\mineru_extracted\2026_2026年1月8日建设项目环境影响报告表受理公告（佛山市生态环境局顺德分局）_3_mineru\full.md,2026_2026年1月8日建设项目环境影响报告表受理公告（佛山市生态环境局顺德分局）_3_mineru,report,佛山大头马泵科技有限公司,佛环03环审〔2026〕60号佛山市生态环境,False,"# 建设项目环境影响报告表

（污染影响类）

项目名称：佛山大头马泵科技有限公司新建项目

![](images/2c933da5ecd8531d4120f7dc15d96b0635f9e05160c2fefa3b8bb11c1bbd3ea3.jpg)

建设单位（盖章佛山大头马泵科技有限公司

编制期：2025年12月

![](images/b27d8673c68b8a45e9f47558b"
2026_佛环03环审〔2026〕61号佛山市生态环境局关于佛山市顺德区韩壹纤维有限公司技改项目建设项目环境影响报告表的批复.pdf,80,E:\软件\mineru_extracted\2023_2023年10月12日建设项目环境影响报告书（表）受理公告（杏坛）_1_mineru\full.md,2023_2023年10月12日建设项目环境影响报告书（表）受理公告（杏坛）_1_mineru,report,佛山市顺德区韩壹纤维有限公司,佛环03环审〔2026〕61号佛山市生态环境,False,"# 建设项目环境影响报告表

（污染影响类）

（公示版）

项目名称： 佛山市塑裕新材料科技有限公司新建项目

建设单位（盖章）：佛山市塑裕新材料科技有限公司

编制日期：2023 年09 月

中华人民共和国生态环境部制

# 目 录

一、建设项目基本情况...  
二、建设项目工程分析. .18  
三、区域环境质量现状、环境保护目标及评价标准. .27  
四、主要环境影响和保护措施.."
2026_佛环03环审〔2026〕66号佛山市生态环境局关于佛山市顺德区均安镇天威橡塑有限公司迁扩建项目建设项目环境影响报告表的批复.pdf,80,E:\软件\mineru_extracted\2023_2023年10月12日建设项目环境影响报告书（表）受理公告（杏坛）_1_mineru\full.md,2023_2023年10月12日建设项目环境影响报告书（表）受理公告（杏坛）_1_mineru,report,佛山市顺德区均安镇天威橡塑有限公司迁,佛环03环审〔2026〕66号佛山市生态环境,False,"# 建设项目环境影响报告表

（污染影响类）

（公示版）

项目名称： 佛山市塑裕新材料科技有限公司新建项目

建设单位（盖章）：佛山市塑裕新材料科技有限公司

编制日期：2023 年09 月

中华人民共和国生态环境部制

# 目 录

一、建设项目基本情况...  
二、建设项目工程分析. .18  
三、区域环境质量现状、环境保护目标及评价标准. .27  
四、主要环境影响和保护措施.."
2026_佛环03环审〔2026〕72号佛山市生态环境局关于佛山市顺德区昌奕模具有限公司建设项目建设项目环境影响报告表的批复.pdf,80,E:\软件\mineru_extracted\2023_2023年10月12日建设项目环境影响报告书（表）受理公告（杏坛）_1_mineru\full.md,2023_2023年10月12日建设项目环境影响报告书（表）受理公告（杏坛）_1_mineru,report,佛山市顺德区昌奕模具有限公司,佛环03环审〔2026〕72号佛山市生态环境,False,"# 建设项目环境影响报告表

（污染影响类）

（公示版）

项目名称： 佛山市塑裕新材料科技有限公司新建项目

建设单位（盖章）：佛山市塑裕新材料科技有限公司

编制日期：2023 年09 月

中华人民共和国生态环境部制

# 目 录

一、建设项目基本情况...  
二、建设项目工程分析. .18  
三、区域环境质量现状、环境保护目标及评价标准. .27  
四、主要环境影响和保护措施.."
2026_佛环03环审〔2026〕75号佛山市生态环境局关于佛山市顺德区珵锋塑业有限公司新建项目建设项目环境影响报告表的批复.pdf,80,E:\软件\mineru_extracted\2023_2023年10月12日建设项目环境影响报告书（表）受理公告（杏坛）_1_mineru\full.md,2023_2023年10月12日建设项目环境影响报告书（表）受理公告（杏坛）_1_mineru,report,佛山市顺德区珵锋塑业有限公司,佛环03环审〔2026〕75号佛山市生态环境,False,"# 建设项目环境影响报告表

（污染影响类）

（公示版）

项目名称： 佛山市塑裕新材料科技有限公司新建项目

建设单位（盖章）：佛山市塑裕新材料科技有限公司

编制日期：2023 年09 月

中华人民共和国生态环境部制

# 目 录

一、建设项目基本情况...  
二、建设项目工程分析. .18  
三、区域环境质量现状、环境保护目标及评价标准. .27  
四、主要环境影响和保护措施.."
2026_佛环03环审〔2026〕78号佛山市生态环境局关于佛山市辉众保温材料有限公司新建项目建设项目环境影响报告表的批复.pdf,80,E:\软件\mineru_extracted\2026_2026年1月8日建设项目环境影响报告表受理公告（佛山市生态环境局顺德分局）_2_mineru\full.md,2026_2026年1月8日建设项目环境影响报告表受理公告（佛山市生态环境局顺德分局）_2_mineru,report,佛山市辉众保温材料有限公司,佛环03环审〔2026〕78号佛山市生态环境,False,"# 建设项目环境影响报告表

（污染影响类）

项目名称：佛山市辉众保温材料有限公司新建项目

建设单位（盖章）：佛山市辉众保温材料有限公司

编制日期：2025年 12月

中华人民共和国生态环境部制

编制单位和编制人员情况表
<table><tr><td rowspan=1 colspan=2>项目编号</td><td rowspan=1 colspan=3>rs4703</td></tr>"
2026_佛环03环审〔2026〕79号佛山市生态环境局关于广东万家乐燃气具有限公司改扩建项目建设项目环境影响报告表的批复.pdf,80,E:\软件\mineru_extracted\2023_2023年1月16日建设项目环境影响报告受理公告（大良）_3_mineru\full.md,2023_2023年1月16日建设项目环境影响报告受理公告（大良）_3_mineru,report,广东万家乐燃气具有限公司改,佛环03环审〔2026〕79号佛山市生态环境,False,"# 建设项目环境影响报告表

（污染影响类）

项目名称：广东万家乐燃气具有限公司扩建项目

建设单位（盖章）：广东万家乐燃气具有限公司

编制日期： 2023 年 1 月

中华人民共和国生态环境部制

# 目录

一、建设项目基本情况.

二、建设项目工程分析. 13

三、区域环境质量现状、环境保护目标及评价标准. .. 40

四、主要环境影响和保护措施. . 46

五、环境保护措施监督"
2026_佛环03环审〔2026〕80号佛山市生态环境局关于泽皓讯联（广东）科技有限公司（重新报批）建设项目建设项目环境影响报告表的批复.pdf,80,E:\软件\mineru_extracted\2024_2024年6月26日建设项目环境影响报告书（表）受理公告（北滘）_2_mineru\full.md,2024_2024年6月26日建设项目环境影响报告书（表）受理公告（北滘）_2_mineru,report,泽皓讯联（广东）科技有限公司（重新报批）,佛环03环审〔2026〕80号佛山市生态环境,False,"# 建设项目环境影响报告表（污染影响类）

项目名称：泽皓讯联广东科技有限公司建设项目

建设单位（盖章）：泽皓讯联（广科技有限公司

编制日期： 2024华喜

中华人民共和国生态环境部制

![](images/b30e4bcf495fe90250f339e9f94ea88dec0405759dd5814fe4b90cb2668c2d12.jpg)  
蓝瀚（广东）鑫态环境科技有限公司 440"
2026_佛环03环审〔2026〕82号佛山市生态环境局关于佛山市顺德区荣兴塑料制品有限公司迁扩建项目建设项目环境影响报告表的批复.pdf,80,E:\软件\mineru_extracted\2023_2023年10月12日建设项目环境影响报告书（表）受理公告（杏坛）_1_mineru\full.md,2023_2023年10月12日建设项目环境影响报告书（表）受理公告（杏坛）_1_mineru,report,佛山市顺德区荣兴塑料制品有限公司迁,佛环03环审〔2026〕82号佛山市生态环境,False,"# 建设项目环境影响报告表

（污染影响类）

（公示版）

项目名称： 佛山市塑裕新材料科技有限公司新建项目

建设单位（盖章）：佛山市塑裕新材料科技有限公司

编制日期：2023 年09 月

中华人民共和国生态环境部制

# 目 录

一、建设项目基本情况...  
二、建设项目工程分析. .18  
三、区域环境质量现状、环境保护目标及评价标准. .27  
四、主要环境影响和保护措施.."
2026_佛环03环审〔2026〕86号佛山市生态环境局关于佛山市顺德区朗艺五金有限公司新建项目建设项目环境影响报告表的批复.pdf,80,E:\软件\mineru_extracted\2023_2023年10月12日建设项目环境影响报告书（表）受理公告（杏坛）_1_mineru\full.md,2023_2023年10月12日建设项目环境影响报告书（表）受理公告（杏坛）_1_mineru,report,佛山市顺德区朗艺五金有限公司,佛环03环审〔2026〕86号佛山市生态环境,False,"# 建设项目环境影响报告表

（污染影响类）

（公示版）

项目名称： 佛山市塑裕新材料科技有限公司新建项目

建设单位（盖章）：佛山市塑裕新材料科技有限公司

编制日期：2023 年09 月

中华人民共和国生态环境部制

# 目 录

一、建设项目基本情况...  
二、建设项目工程分析. .18  
三、区域环境质量现状、环境保护目标及评价标准. .27  
四、主要环境影响和保护措施.."
2026_佛环03环审〔2026〕90号佛山市生态环境局关于佛山市顺德区睿富鞋业制造有限公司迁改建项目建设项目环境影响报告表的批复.pdf,80,E:\软件\mineru_extracted\2023_2023年10月12日建设项目环境影响报告书（表）受理公告（杏坛）_1_mineru\full.md,2023_2023年10月12日建设项目环境影响报告书（表）受理公告（杏坛）_1_mineru,report,佛山市顺德区睿富鞋业制造有限公司迁改建项目,佛环03环审〔2026〕90号佛山市生态环境,False,"# 建设项目环境影响报告表

（污染影响类）

（公示版）

项目名称： 佛山市塑裕新材料科技有限公司新建项目

建设单位（盖章）：佛山市塑裕新材料科技有限公司

编制日期：2023 年09 月

中华人民共和国生态环境部制

# 目 录

一、建设项目基本情况...  
二、建设项目工程分析. .18  
三、区域环境质量现状、环境保护目标及评价标准. .27  
四、主要环境影响和保护措施.."
2026_佛环03环审〔2026〕95号佛山市生态环境局关于佛山市顺德区志晖新材料有限公司勒流分车间新建项目建设项目环境影响报告表的批复.pdf,80,E:\软件\mineru_extracted\2023_2023年10月12日建设项目环境影响报告书（表）受理公告（杏坛）_1_mineru\full.md,2023_2023年10月12日建设项目环境影响报告书（表）受理公告（杏坛）_1_mineru,report,佛山市顺德区志晖新材料有限公司勒流分车间,佛环03环审〔2026〕95号佛山市生态环境,False,"# 建设项目环境影响报告表

（污染影响类）

（公示版）

项目名称： 佛山市塑裕新材料科技有限公司新建项目

建设单位（盖章）：佛山市塑裕新材料科技有限公司

编制日期：2023 年09 月

中华人民共和国生态环境部制

# 目 录

一、建设项目基本情况...  
二、建设项目工程分析. .18  
三、区域环境质量现状、环境保护目标及评价标准. .27  
四、主要环境影响和保护措施.."
2026_佛环03环审〔2026〕9号佛山市生态环境局关于佛山市顺德区华坤涂料有限公司迁扩建项目建设项目环境影响报告表的批复.pdf,80,E:\软件\mineru_extracted\2023_2023年10月12日建设项目环境影响报告书（表）受理公告（杏坛）_1_mineru\full.md,2023_2023年10月12日建设项目环境影响报告书（表）受理公告（杏坛）_1_mineru,report,佛山市顺德区华坤涂料有限公司迁,佛环03环审〔2026〕9号佛山市生态环境局,False,"# 建设项目环境影响报告表

（污染影响类）

（公示版）

项目名称： 佛山市塑裕新材料科技有限公司新建项目

建设单位（盖章）：佛山市塑裕新材料科技有限公司

编制日期：2023 年09 月

中华人民共和国生态环境部制

# 目 录

一、建设项目基本情况...  
二、建设项目工程分析. .18  
三、区域环境质量现状、环境保护目标及评价标准. .27  
四、主要环境影响和保护措施.."
