pair_id,report_id,approval_id,report_file,report_company,report_project_name,approval_file,approval_company,approval_project_name,company_similarity,project_name_similarity,report_type_match,project_type_match,town_or_location_match,date_order_valid,match_score,pair_status,warnings
pair_05369,R00763,A00998,E:\软件\mineru_extracted\2025_2025年1月27日建设项目环境影响报告书（表）受理公告（均安）_1_mineru\full.md,佛山市顺德区安科塑料器有限公司,佛山市顺德区安科塑料器有限公司迁扩建项目,E:\软件\环评原始数据\顺德区批复\2023_佛环0309环审〔2023〕21号（迈惠）公示版.pdf,佛山市顺德区迈惠塑料模具有限公司,佛山市 顺德区迈惠塑料模具有限公司迁扩建项目,77.4,82.9,100.0,100.0,100.0,0.0,80.0,mismatch,company_not_strict_match
pair_05370,R00763,A03351,E:\软件\mineru_extracted\2025_2025年1月27日建设项目环境影响报告书（表）受理公告（均安）_1_mineru\full.md,佛山市顺德区安科塑料器有限公司,佛山市顺德区安科塑料器有限公司迁扩建项目,E:\软件\2023-2026年顺德批复文件\2023_佛环0309环审〔2023〕21号（迈惠）公示版.pdf,佛山市顺德区迈惠塑料模具有限公司,佛山市 顺德区迈惠塑料模具有限公司迁扩建项目,77.4,82.9,100.0,100.0,100.0,0.0,80.0,mismatch,company_not_strict_match
pair_05371,R00793,A00998,E:\软件\mineru_extracted\2025_2025年2月24日建设项目环境影响报告书（表）受理公告（均安）_2_mineru\full.md,佛山市顺德区安科塑料器有限公司,佛山市顺德区安科塑料器有限公司迁扩建项目,E:\软件\环评原始数据\顺德区批复\2023_佛环0309环审〔2023〕21号（迈惠）公示版.pdf,佛山市顺德区迈惠塑料模具有限公司,佛山市 顺德区迈惠塑料模具有限公司迁扩建项目,77.4,82.9,100.0,100.0,100.0,0.0,80.0,mismatch,company_not_strict_match
pair_05372,R00793,A03351,E:\软件\mineru_extracted\2025_2025年2月24日建设项目环境影响报告书（表）受理公告（均安）_2_mineru\full.md,佛山市顺德区安科塑料器有限公司,佛山市顺德区安科塑料器有限公司迁扩建项目,E:\软件\2023-2026年顺德批复文件\2023_佛环0309环审〔2023〕21号（迈惠）公示版.pdf,佛山市顺德区迈惠塑料模具有限公司,佛山市 顺德区迈惠塑料模具有限公司迁扩建项目,77.4,82.9,100.0,100.0,100.0,0.0,80.0,mismatch,company_not_strict_match
pair_05373,R00205,A01808,E:\软件\mineru_extracted\2023_2023年6月13日建设项目环境影响报告表受理公告（容桂）_1_mineru\full.md,佛山国金属制品有限公司,佛山国金属制品有限公司年产五配件100件建设项目,E:\软件\环评原始数据\顺德区批复\2025_佛山市生态环境局关于佛山市吉煌卓越五金制品有限公司新建项目建设项目环境影响报告表的批复.pdf,佛山市铂鸿金属制品有限公司,佛山市 铂鸿金属制品有限公司迁扩建项目建设项目,84.2,60.9,100.0,100.0,100.0,100.0,80.0,mismatch,company_not_strict_match;project_name_not_strict_match
pair_05374,R00205,A04161,E:\软件\mineru_extracted\2023_2023年6月13日建设项目环境影响报告表受理公告（容桂）_1_mineru\full.md,佛山国金属制品有限公司,佛山国金属制品有限公司年产五配件100件建设项目,E:\软件\2023-2026年顺德批复文件\2025_佛山市生态环境局关于佛山市吉煌卓越五金制品有限公司新建项目建设项目环境影响报告表的批复.pdf,佛山市铂鸿金属制品有限公司,佛山市 铂鸿金属制品有限公司迁扩建项目建设项目,84.2,60.9,100.0,100.0,100.0,100.0,80.0,mismatch,company_not_strict_match;project_name_not_strict_match
pair_05375,R01014,A00550,E:\软件\mineru_extracted\2026_2026年5月26日建设项目环境影响报告表受理公告（佛山市生态环境局顺德分局）_6_mineru\full.md,资料制品有限公司,佛山市赣瑞塑料制品有限公司建设项目,E:\软件\环评原始数据\顺德区批复\2022_2022_5406639_3.pdf,佛山市顺德区本奕塑料制品有限公司,佛山市顺德区本奕塑料制品有限公司搬迁扩 建项目,93.3,71.8,100.0,100.0,50.0,0.0,80.0,mismatch,
pair_05376,R01014,A02903,E:\软件\mineru_extracted\2026_2026年5月26日建设项目环境影响报告表受理公告（佛山市生态环境局顺德分局）_6_mineru\full.md,资料制品有限公司,佛山市赣瑞塑料制品有限公司建设项目,E:\软件\2023-2026年顺德批复文件\2022_2022_5406639_3.pdf,佛山市顺德区本奕塑料制品有限公司,佛山市顺德区本奕塑料制品有限公司搬迁扩 建项目,93.3,71.8,100.0,100.0,50.0,0.0,80.0,mismatch,
pair_05377,R00057,A01133,E:\软件\mineru_extracted\2023_2023年12月21日项目环境影响报告受理公告（勒流）_mineru\full.md,佛山市圣丝宝新材料有限公司,佛山市圣丝宝新材料有限公司新建项目,E:\软件\环评原始数据\顺德区批复\2023_佛环03环审〔2023〕77号.pdf,佛山市宏添新材料有限公司,佛山市宏添新材料有限公司搬迁项目建设项 目,80.0,72.7,100.0,100.0,50.0,100.0,80.0,mismatch,company_not_strict_match
pair_05378,R00057,A01664,E:\软件\mineru_extracted\2023_2023年12月21日项目环境影响报告受理公告（勒流）_mineru\full.md,佛山市圣丝宝新材料有限公司,佛山市圣丝宝新材料有限公司新建项目,E:\软件\环评原始数据\顺德区批复\2024_佛环03环审〔2024〕367号.pdf,佛山市景浤新材料有限公司,佛 山市景浤新材料有限公司搬迁项目建设项目,80.0,72.7,100.0,50.0,100.0,100.0,80.0,mismatch,company_not_strict_match;project_type_not_found_in_approval
pair_05379,R00057,A03486,E:\软件\mineru_extracted\2023_2023年12月21日项目环境影响报告受理公告（勒流）_mineru\full.md,佛山市圣丝宝新材料有限公司,佛山市圣丝宝新材料有限公司新建项目,E:\软件\2023-2026年顺德批复文件\2023_佛环03环审〔2023〕77号.pdf,佛山市宏添新材料有限公司,佛山市宏添新材料有限公司搬迁项目建设项 目,80.0,72.7,100.0,100.0,50.0,100.0,80.0,mismatch,company_not_strict_match
pair_05380,R00057,A04017,E:\软件\mineru_extracted\2023_2023年12月21日项目环境影响报告受理公告（勒流）_mineru\full.md,佛山市圣丝宝新材料有限公司,佛山市圣丝宝新材料有限公司新建项目,E:\软件\2023-2026年顺德批复文件\2024_佛环03环审〔2024〕367号.pdf,佛山市景浤新材料有限公司,佛 山市景浤新材料有限公司搬迁项目建设项目,80.0,72.7,100.0,50.0,100.0,100.0,80.0,mismatch,company_not_strict_match;project_type_not_found_in_approval
pair_05381,R00100,A01133,E:\软件\mineru_extracted\2023_2023年2月16日建设项目环境影响报告受理公告（大良）_mineru\full.md,佛山市中科兴新材料有限公司,佛山市中科兴新材料有限公司新建项目,E:\软件\环评原始数据\顺德区批复\2023_佛环03环审〔2023〕77号.pdf,佛山市宏添新材料有限公司,佛山市宏添新材料有限公司搬迁项目建设项 目,80.0,72.7,100.0,100.0,50.0,100.0,80.0,mismatch,company_not_strict_match
pair_05382,R00100,A03486,E:\软件\mineru_extracted\2023_2023年2月16日建设项目环境影响报告受理公告（大良）_mineru\full.md,佛山市中科兴新材料有限公司,佛山市中科兴新材料有限公司新建项目,E:\软件\2023-2026年顺德批复文件\2023_佛环03环审〔2023〕77号.pdf,佛山市宏添新材料有限公司,佛山市宏添新材料有限公司搬迁项目建设项 目,80.0,72.7,100.0,100.0,50.0,100.0,80.0,mismatch,company_not_strict_match
pair_05383,R00580,A01770,E:\软件\mineru_extracted\2024_2024年7月24日建设项目环境影响报告表受理公告（容桂）_1_mineru\full.md,广东千马电子有限公司,广东千马电子有限公司连有,E:\软件\环评原始数据\顺德区批复\2024_佛环03环审〔2024〕95号.pdf,广东国磁电子有限公司,广东国磁 电子有限公司新建项目建设项目,80.0,72.7,100.0,50.0,100.0,100.0,80.0,mismatch,company_not_strict_match;project_type_not_found_in_approval
pair_05384,R00580,A02007,E:\软件\mineru_extracted\2024_2024年7月24日建设项目环境影响报告表受理公告（容桂）_1_mineru\full.md,广东千马电子有限公司,广东千马电子有限公司连有,E:\软件\环评原始数据\顺德区批复\2025_佛环03环审〔2025〕204号佛山市生态环境局关于广东百威电子有限公司分车间新建项目建设项目环境影响报告表的批复.pdf,广东百威电子有限公司,广东 百威电子有限公司分车间新建项目建设项目,80.0,72.7,100.0,50.0,100.0,100.0,80.0,mismatch,company_not_strict_match;project_type_not_found_in_approval
pair_05385,R00580,A02100,E:\软件\mineru_extracted\2024_2024年7月24日建设项目环境影响报告表受理公告（容桂）_1_mineru\full.md,广东千马电子有限公司,广东千马电子有限公司连有,E:\软件\环评原始数据\顺德区批复\2025_佛环03环审〔2025〕297号佛山市生态环境局关于广东亿讯电子有限公司分车间新建项目建设项目环境影响报告表的批复.pdf,广东亿讯电子有限公司,广东亿讯 电子有限公司分车间新建项目建设项目,80.0,72.7,100.0,50.0,100.0,100.0,80.0,mismatch,company_not_strict_match;project_type_not_found_in_approval
pair_05386,R00580,A04123,E:\软件\mineru_extracted\2024_2024年7月24日建设项目环境影响报告表受理公告（容桂）_1_mineru\full.md,广东千马电子有限公司,广东千马电子有限公司连有,E:\软件\2023-2026年顺德批复文件\2024_佛环03环审〔2024〕95号.pdf,广东国磁电子有限公司,广东国磁 电子有限公司新建项目建设项目,80.0,72.7,100.0,50.0,100.0,100.0,80.0,mismatch,company_not_strict_match;project_type_not_found_in_approval
pair_05387,R00580,A04360,E:\软件\mineru_extracted\2024_2024年7月24日建设项目环境影响报告表受理公告（容桂）_1_mineru\full.md,广东千马电子有限公司,广东千马电子有限公司连有,E:\软件\2023-2026年顺德批复文件\2025_佛环03环审〔2025〕204号佛山市生态环境局关于广东百威电子有限公司分车间新建项目建设项目环境影响报告表的批复.pdf,广东百威电子有限公司,广东 百威电子有限公司分车间新建项目建设项目,80.0,72.7,100.0,50.0,100.0,100.0,80.0,mismatch,company_not_strict_match;project_type_not_found_in_approval
pair_05388,R00580,A04453,E:\软件\mineru_extracted\2024_2024年7月24日建设项目环境影响报告表受理公告（容桂）_1_mineru\full.md,广东千马电子有限公司,广东千马电子有限公司连有,E:\软件\2023-2026年顺德批复文件\2025_佛环03环审〔2025〕297号佛山市生态环境局关于广东亿讯电子有限公司分车间新建项目建设项目环境影响报告表的批复.pdf,广东亿讯电子有限公司,广东亿讯 电子有限公司分车间新建项目建设项目,80.0,72.7,100.0,50.0,100.0,100.0,80.0,mismatch,company_not_strict_match;project_type_not_found_in_approval
pair_05389,R00739,A00729,E:\软件\mineru_extracted\2025_2025年12月10日建设项目环境影响报告表受理公告（佛山市生态环境局顺德分局）_1_mineru\full.md,佛山市嘉雷塑料制品有限公司,佛山市嘉雷塑料制品有限公司新建项目,E:\软件\环评原始数据\顺德区批复\2022_佛环03环审〔2022〕82号.pdf,广东长运塑料制品有限公司,广东长运 塑料制品有限公司新建项目建设项目,80.0,72.7,100.0,50.0,100.0,100.0,80.0,mismatch,company_not_strict_match;project_type_not_found_in_approval
pair_05390,R00739,A03082,E:\软件\mineru_extracted\2025_2025年12月10日建设项目环境影响报告表受理公告（佛山市生态环境局顺德分局）_1_mineru\full.md,佛山市嘉雷塑料制品有限公司,佛山市嘉雷塑料制品有限公司新建项目,E:\软件\2023-2026年顺德批复文件\2022_佛环03环审〔2022〕82号.pdf,广东长运塑料制品有限公司,广东长运 塑料制品有限公司新建项目建设项目,80.0,72.7,100.0,50.0,100.0,100.0,80.0,mismatch,company_not_strict_match;project_type_not_found_in_approval
pair_05391,R00011,A01856,E:\软件\mineru_extracted\2023_2023年10月23日建设项目环境影响报告书（表）受理公告（北滘）_1_mineru\full.md,超越五金有限公司,佛山市越骏五金脊限公司新建项目,E:\软件\环评原始数据\顺德区批复\2025_佛山市生态环境局关于广东遨华电器有限公司年产冰箱20万台迁扩建项目建设项目环境影响报告表的批复.pdf,佛山市天泽丰五金有限公司,佛山市 天泽丰五金有限公司新建项目建设项目,85.7,73.3,100.0,50.0,50.0,100.0,80.0,mismatch,company_not_strict_match;project_type_not_found_in_approval
pair_05392,R00011,A02144,E:\软件\mineru_extracted\2023_2023年10月23日建设项目环境影响报告书（表）受理公告（北滘）_1_mineru\full.md,超越五金有限公司,佛山市越骏五金脊限公司新建项目,E:\软件\环评原始数据\顺德区批复\2025_佛环03环审〔2025〕33号.pdf,佛山市猛中火五金有限公司,佛山市猛 中火五金有限公司新建项目建设项目,85.7,73.3,100.0,50.0,50.0,100.0,80.0,mismatch,company_not_strict_match;project_type_not_found_in_approval
pair_05393,R00011,A02347,E:\软件\mineru_extracted\2023_2023年10月23日建设项目环境影响报告书（表）受理公告（北滘）_1_mineru\full.md,超越五金有限公司,佛山市越骏五金脊限公司新建项目,E:\软件\环评原始数据\顺德区批复\2026_佛环03环审〔2026〕22号佛山市生态环境局关于佛山市乾意五金有限公司建设项目建设项目环境影响报告表的批复.pdf,佛山市乾意五金有限公司,佛 山市乾意五金有限公司建设项目建设项目,85.7,73.3,100.0,50.0,50.0,100.0,80.0,mismatch,company_not_strict_match;project_type_not_found_in_approval
pair_05394,R00011,A04209,E:\软件\mineru_extracted\2023_2023年10月23日建设项目环境影响报告书（表）受理公告（北滘）_1_mineru\full.md,超越五金有限公司,佛山市越骏五金脊限公司新建项目,E:\软件\2023-2026年顺德批复文件\2025_佛山市生态环境局关于广东遨华电器有限公司年产冰箱20万台迁扩建项目建设项目环境影响报告表的批复.pdf,佛山市天泽丰五金有限公司,佛山市 天泽丰五金有限公司新建项目建设项目,85.7,73.3,100.0,50.0,50.0,100.0,80.0,mismatch,company_not_strict_match;project_type_not_found_in_approval
pair_05395,R00011,A04497,E:\软件\mineru_extracted\2023_2023年10月23日建设项目环境影响报告书（表）受理公告（北滘）_1_mineru\full.md,超越五金有限公司,佛山市越骏五金脊限公司新建项目,E:\软件\2023-2026年顺德批复文件\2025_佛环03环审〔2025〕33号.pdf,佛山市猛中火五金有限公司,佛山市猛 中火五金有限公司新建项目建设项目,85.7,73.3,100.0,50.0,50.0,100.0,80.0,mismatch,company_not_strict_match;project_type_not_found_in_approval
pair_05396,R00011,A04700,E:\软件\mineru_extracted\2023_2023年10月23日建设项目环境影响报告书（表）受理公告（北滘）_1_mineru\full.md,超越五金有限公司,佛山市越骏五金脊限公司新建项目,E:\软件\2023-2026年顺德批复文件\2026_佛环03环审〔2026〕22号佛山市生态环境局关于佛山市乾意五金有限公司建设项目建设项目环境影响报告表的批复.pdf,佛山市乾意五金有限公司,佛 山市乾意五金有限公司建设项目建设项目,85.7,73.3,100.0,50.0,50.0,100.0,80.0,mismatch,company_not_strict_match;project_type_not_found_in_approval
pair_05397,R00424,A01579,E:\软件\mineru_extracted\2024_2024年12月24日建设项目环境影响报告书（表）受理公告（佛山市生态环境局顺德分局）_1_mineru\full.md,广东华工博润新材料科技有限公司,广东华工博润新材料科技有限公司建设项目,E:\软件\环评原始数据\顺德区批复\2024_佛环03环审〔2024〕278号.pdf,广东承启新材料科技有限公司,广东承 启新材料科技有限公司新建项目建设项目,81.8,77.8,100.0,50.0,50.0,100.0,79.9,mismatch,company_not_strict_match;project_type_not_found_in_approval
pair_05398,R00424,A01608,E:\软件\mineru_extracted\2024_2024年12月24日建设项目环境影响报告书（表）受理公告（佛山市生态环境局顺德分局）_1_mineru\full.md,广东华工博润新材料科技有限公司,广东华工博润新材料科技有限公司建设项目,E:\软件\环评原始数据\顺德区批复\2024_佛环03环审〔2024〕308号.pdf,广东玖誉新材料科技有限公司,广东 玖誉新材料科技有限公司新建项目建设项目,81.8,77.8,100.0,50.0,50.0,100.0,79.9,mismatch,company_not_strict_match;project_type_not_found_in_approval
pair_05399,R00424,A01987,E:\软件\mineru_extracted\2024_2024年12月24日建设项目环境影响报告书（表）受理公告（佛山市生态环境局顺德分局）_1_mineru\full.md,广东华工博润新材料科技有限公司,广东华工博润新材料科技有限公司建设项目,E:\软件\环评原始数据\顺德区批复\2025_佛环03环审〔2025〕186号佛山市生态环境局关于广东赛那新材料科技有限公司新建项目建设项目环境影响报告表的批复.pdf,广东赛那新材料科技有限公司,广东赛那 新材料科技有限公司新建项目建设项目,81.8,77.8,100.0,50.0,50.0,100.0,79.9,mismatch,company_not_strict_match;project_type_not_found_in_approval
pair_05400,R00424,A03932,E:\软件\mineru_extracted\2024_2024年12月24日建设项目环境影响报告书（表）受理公告（佛山市生态环境局顺德分局）_1_mineru\full.md,广东华工博润新材料科技有限公司,广东华工博润新材料科技有限公司建设项目,E:\软件\2023-2026年顺德批复文件\2024_佛环03环审〔2024〕278号.pdf,广东承启新材料科技有限公司,广东承 启新材料科技有限公司新建项目建设项目,81.8,77.8,100.0,50.0,50.0,100.0,79.9,mismatch,company_not_strict_match;project_type_not_found_in_approval
pair_05401,R00424,A03961,E:\软件\mineru_extracted\2024_2024年12月24日建设项目环境影响报告书（表）受理公告（佛山市生态环境局顺德分局）_1_mineru\full.md,广东华工博润新材料科技有限公司,广东华工博润新材料科技有限公司建设项目,E:\软件\2023-2026年顺德批复文件\2024_佛环03环审〔2024〕308号.pdf,广东玖誉新材料科技有限公司,广东 玖誉新材料科技有限公司新建项目建设项目,81.8,77.8,100.0,50.0,50.0,100.0,79.9,mismatch,company_not_strict_match;project_type_not_found_in_approval
pair_05402,R00424,A04340,E:\软件\mineru_extracted\2024_2024年12月24日建设项目环境影响报告书（表）受理公告（佛山市生态环境局顺德分局）_1_mineru\full.md,广东华工博润新材料科技有限公司,广东华工博润新材料科技有限公司建设项目,E:\软件\2023-2026年顺德批复文件\2025_佛环03环审〔2025〕186号佛山市生态环境局关于广东赛那新材料科技有限公司新建项目建设项目环境影响报告表的批复.pdf,广东赛那新材料科技有限公司,广东赛那 新材料科技有限公司新建项目建设项目,81.8,77.8,100.0,50.0,50.0,100.0,79.9,mismatch,company_not_strict_match;project_type_not_found_in_approval
pair_05403,R00705,A01809,E:\软件\mineru_extracted\2024_2024年9月19日建设项目环境影响报告书（表）受理公告（佛山市生态环境局顺德分局）_4_mineru\full.md,佛山市顺德区兴致盛塑料制品有限公司,佛山市顺德区兴致盛塑料制品有限公司重新报批项目,E:\软件\环评原始数据\顺德区批复\2025_佛山市生态环境局关于佛山市天泽丰五金有限公司新建项目建设项目环境影响报告表的批复.pdf,佛山市顺德区鸿贵城塑料制品有限公司,佛 山市顺德区鸿贵城塑料制品有限公司搬迁扩建项目建设项目,82.4,70.0,100.0,100.0,50.0,100.0,79.9,mismatch,company_not_strict_match
pair_05404,R00705,A02123,E:\软件\mineru_extracted\2024_2024年9月19日建设项目环境影响报告书（表）受理公告（佛山市生态环境局顺德分局）_4_mineru\full.md,佛山市顺德区兴致盛塑料制品有限公司,佛山市顺德区兴致盛塑料制品有限公司重新报批项目,E:\软件\环评原始数据\顺德区批复\2025_佛环03环审〔2025〕319号佛山市生态环境局关于佛山市顺德区东展达塑料制品有限公司年产家电塑料配件500吨新建项目建设项目环境影响报告表的批复.pdf,佛山市顺德区东展达塑料制品有限公司,佛山市顺 德区东展达塑料制品有限公司年产家电塑料配件 500 吨新建项目 建设项目,82.4,70.0,100.0,50.0,100.0,100.0,79.9,mismatch,company_not_strict_match;project_type_not_found_in_approval
pair_05405,R00705,A04162,E:\软件\mineru_extracted\2024_2024年9月19日建设项目环境影响报告书（表）受理公告（佛山市生态环境局顺德分局）_4_mineru\full.md,佛山市顺德区兴致盛塑料制品有限公司,佛山市顺德区兴致盛塑料制品有限公司重新报批项目,E:\软件\2023-2026年顺德批复文件\2025_佛山市生态环境局关于佛山市天泽丰五金有限公司新建项目建设项目环境影响报告表的批复.pdf,佛山市顺德区鸿贵城塑料制品有限公司,佛 山市顺德区鸿贵城塑料制品有限公司搬迁扩建项目建设项目,82.4,70.0,100.0,100.0,50.0,100.0,79.9,mismatch,company_not_strict_match
pair_05406,R00705,A04476,E:\软件\mineru_extracted\2024_2024年9月19日建设项目环境影响报告书（表）受理公告（佛山市生态环境局顺德分局）_4_mineru\full.md,佛山市顺德区兴致盛塑料制品有限公司,佛山市顺德区兴致盛塑料制品有限公司重新报批项目,E:\软件\2023-2026年顺德批复文件\2025_佛环03环审〔2025〕319号佛山市生态环境局关于佛山市顺德区东展达塑料制品有限公司年产家电塑料配件500吨新建项目建设项目环境影响报告表的批复.pdf,佛山市顺德区东展达塑料制品有限公司,佛山市顺 德区东展达塑料制品有限公司年产家电塑料配件 500 吨新建项目 建设项目,82.4,70.0,100.0,50.0,100.0,100.0,79.9,mismatch,company_not_strict_match;project_type_not_found_in_approval
pair_05407,R00770,A01809,E:\软件\mineru_extracted\2025_2025年1月6日建设项目环境影响报告书（表）受理公告（佛山市生态环境局顺德分局）_2_mineru\full.md,佛山市顺德区兴致盛塑料制品有限公司,佛山市顺德区兴致盛塑料制品有限公司重新报批项目,E:\软件\环评原始数据\顺德区批复\2025_佛山市生态环境局关于佛山市天泽丰五金有限公司新建项目建设项目环境影响报告表的批复.pdf,佛山市顺德区鸿贵城塑料制品有限公司,佛 山市顺德区鸿贵城塑料制品有限公司搬迁扩建项目建设项目,82.4,70.0,100.0,100.0,50.0,100.0,79.9,mismatch,company_not_strict_match
pair_05408,R00770,A02123,E:\软件\mineru_extracted\2025_2025年1月6日建设项目环境影响报告书（表）受理公告（佛山市生态环境局顺德分局）_2_mineru\full.md,佛山市顺德区兴致盛塑料制品有限公司,佛山市顺德区兴致盛塑料制品有限公司重新报批项目,E:\软件\环评原始数据\顺德区批复\2025_佛环03环审〔2025〕319号佛山市生态环境局关于佛山市顺德区东展达塑料制品有限公司年产家电塑料配件500吨新建项目建设项目环境影响报告表的批复.pdf,佛山市顺德区东展达塑料制品有限公司,佛山市顺 德区东展达塑料制品有限公司年产家电塑料配件 500 吨新建项目 建设项目,82.4,70.0,100.0,50.0,100.0,100.0,79.9,mismatch,company_not_strict_match;project_type_not_found_in_approval
pair_05409,R00770,A04162,E:\软件\mineru_extracted\2025_2025年1月6日建设项目环境影响报告书（表）受理公告（佛山市生态环境局顺德分局）_2_mineru\full.md,佛山市顺德区兴致盛塑料制品有限公司,佛山市顺德区兴致盛塑料制品有限公司重新报批项目,E:\软件\2023-2026年顺德批复文件\2025_佛山市生态环境局关于佛山市天泽丰五金有限公司新建项目建设项目环境影响报告表的批复.pdf,佛山市顺德区鸿贵城塑料制品有限公司,佛 山市顺德区鸿贵城塑料制品有限公司搬迁扩建项目建设项目,82.4,70.0,100.0,100.0,50.0,100.0,79.9,mismatch,company_not_strict_match
pair_05410,R00770,A04476,E:\软件\mineru_extracted\2025_2025年1月6日建设项目环境影响报告书（表）受理公告（佛山市生态环境局顺德分局）_2_mineru\full.md,佛山市顺德区兴致盛塑料制品有限公司,佛山市顺德区兴致盛塑料制品有限公司重新报批项目,E:\软件\2023-2026年顺德批复文件\2025_佛环03环审〔2025〕319号佛山市生态环境局关于佛山市顺德区东展达塑料制品有限公司年产家电塑料配件500吨新建项目建设项目环境影响报告表的批复.pdf,佛山市顺德区东展达塑料制品有限公司,佛山市顺 德区东展达塑料制品有限公司年产家电塑料配件 500 吨新建项目 建设项目,82.4,70.0,100.0,50.0,100.0,100.0,79.9,mismatch,company_not_strict_match;project_type_not_found_in_approval
pair_05411,R00609,A03682,E:\软件\mineru_extracted\2024_2024年7月31日建设项目环境影响报告受理公告（陈村）_2_mineru\full.md,佛山市钢有公司,佛山市钢有公司新建项目,E:\软件\2023-2026年顺德批复文件\2024_佛山市生态环境局关于广东睿博检测顺德检测中心项目环境影响报告表的批复.pdf,金塑创新材料技术研发（佛山）有限公司,金 塑创新材料技术研发（佛山）有限公司建设项目,76.9,76.2,100.0,100.0,50.0,100.0,79.9,mismatch,company_not_strict_match
pair_05412,R00963,A02317,E:\软件\mineru_extracted\2026_2026年4月27日建设项目环境影响报告表受理公告（佛山市生态环境局顺德分局）_4_mineru\full.md,山市鑫博城金属科技有限公司,佛山市鑫博铖金属科技有限公司新建项目,E:\软件\环评原始数据\顺德区批复\2026_佛环03环审〔2026〕119号佛山市生态环境局关于佛山市新雷风金属科技有限公司新建项目建设项目环境影响报告表的批复.pdf,佛山市新雷风金属科技有限公司,佛山市 新雷风金属科技有限公司新建项目建设项目,76.9,83.3,100.0,50.0,50.0,100.0,79.9,mismatch,company_not_strict_match;project_type_not_found_in_approval
pair_05413,R00963,A04670,E:\软件\mineru_extracted\2026_2026年4月27日建设项目环境影响报告表受理公告（佛山市生态环境局顺德分局）_4_mineru\full.md,山市鑫博城金属科技有限公司,佛山市鑫博铖金属科技有限公司新建项目,E:\软件\2023-2026年顺德批复文件\2026_佛环03环审〔2026〕119号佛山市生态环境局关于佛山市新雷风金属科技有限公司新建项目建设项目环境影响报告表的批复.pdf,佛山市新雷风金属科技有限公司,佛山市 新雷风金属科技有限公司新建项目建设项目,76.9,83.3,100.0,50.0,50.0,100.0,79.9,mismatch,company_not_strict_match;project_type_not_found_in_approval
pair_05414,R00194,A02322,E:\软件\mineru_extracted\2023_2023年5月24日建设项目环境影响报告书（表）受理公告（佛山市生态环境局顺德分局）_mineru\full.md,市弘粤金属制品有限公司,佛山市弘粤金属制品有限公司新建项目,E:\软件\环评原始数据\顺德区批复\2026_佛环03环审〔2026〕123号佛山市生态环境局关于佛山市旭乾五金制品有限公司新建项目建设项目环境影响报告表的批复.pdf,佛山市旭乾五金制品有限公司,佛山市旭 乾五金制品有限公司新建项目建设项目,77.8,82.4,100.0,50.0,50.0,100.0,79.9,mismatch,company_not_strict_match;project_type_not_found_in_approval
pair_05415,R00194,A02418,E:\软件\mineru_extracted\2023_2023年5月24日建设项目环境影响报告书（表）受理公告（佛山市生态环境局顺德分局）_mineru\full.md,市弘粤金属制品有限公司,佛山市弘粤金属制品有限公司新建项目,E:\软件\环评原始数据\顺德区批复\2026_佛环03环审〔2026〕89号佛山市生态环境局关于佛山市贵旗五金制品有限公司新建项目建设项目环境影响报告表的批复.pdf,佛山市贵旗五金制品有限公司,佛山 市贵旗五金制品有限公司新建项目建设项目,77.8,82.4,100.0,50.0,50.0,100.0,79.9,mismatch,company_not_strict_match;project_type_not_found_in_approval
pair_05416,R00194,A04675,E:\软件\mineru_extracted\2023_2023年5月24日建设项目环境影响报告书（表）受理公告（佛山市生态环境局顺德分局）_mineru\full.md,市弘粤金属制品有限公司,佛山市弘粤金属制品有限公司新建项目,E:\软件\2023-2026年顺德批复文件\2026_佛环03环审〔2026〕123号佛山市生态环境局关于佛山市旭乾五金制品有限公司新建项目建设项目环境影响报告表的批复.pdf,佛山市旭乾五金制品有限公司,佛山市旭 乾五金制品有限公司新建项目建设项目,77.8,82.4,100.0,50.0,50.0,100.0,79.9,mismatch,company_not_strict_match;project_type_not_found_in_approval
pair_05417,R00194,A04771,E:\软件\mineru_extracted\2023_2023年5月24日建设项目环境影响报告书（表）受理公告（佛山市生态环境局顺德分局）_mineru\full.md,市弘粤金属制品有限公司,佛山市弘粤金属制品有限公司新建项目,E:\软件\2023-2026年顺德批复文件\2026_佛环03环审〔2026〕89号佛山市生态环境局关于佛山市贵旗五金制品有限公司新建项目建设项目环境影响报告表的批复.pdf,佛山市贵旗五金制品有限公司,佛山 市贵旗五金制品有限公司新建项目建设项目,77.8,82.4,100.0,50.0,50.0,100.0,79.9,mismatch,company_not_strict_match;project_type_not_found_in_approval
pair_05418,R00045,A00752,E:\软件\mineru_extracted\2023_2023年12月12日建设项目环境影响报告书（表）受理公告（杏坛）_mineru\full.md,佛山市玉大包装材料有限公司,佛山市玉大包装材料有限公司新建项目,E:\软件\环评原始数据\顺德区批复\2022_公示佛山市生态环境局关于佛山市冠林电子科技有限公司新建项目环境影响报告表的批复.pdf,佛山市创蔚来包装材料有限公司,佛山市创蔚来包装材料有限公司年产包装袋 480 万个新建项目,81.5,71.0,100.0,50.0,100.0,100.0,79.9,mismatch,company_not_strict_match;project_type_not_found_in_approval
pair_05419,R00045,A03105,E:\软件\mineru_extracted\2023_2023年12月12日建设项目环境影响报告书（表）受理公告（杏坛）_mineru\full.md,佛山市玉大包装材料有限公司,佛山市玉大包装材料有限公司新建项目,E:\软件\2023-2026年顺德批复文件\2022_公示佛山市生态环境局关于佛山市冠林电子科技有限公司新建项目环境影响报告表的批复.pdf,佛山市创蔚来包装材料有限公司,佛山市创蔚来包装材料有限公司年产包装袋 480 万个新建项目,81.5,71.0,100.0,50.0,100.0,100.0,79.9,mismatch,company_not_strict_match;project_type_not_found_in_approval
pair_05420,R00106,A00922,E:\软件\mineru_extracted\2023_2023年2月21日建设项目环境影响报告受理公告（大良）_2_mineru\full.md,佛山市顺德区金料科有限公司,佛山市顺德区金料科有限公司年产自粘,E:\软件\环评原始数据\顺德区批复\2023_佛山市生态环境局关于佛山市顺德区金乔电器有限公司迁扩建项目环境影响报告表的批复.pdf,佛山市顺德区金乔电器有限公司,佛山市 顺德区金乔电器有限公司迁扩建项目,81.5,71.0,100.0,100.0,50.0,100.0,79.9,mismatch,company_not_strict_match
pair_05421,R00106,A01754,E:\软件\mineru_extracted\2023_2023年2月21日建设项目环境影响报告受理公告（大良）_2_mineru\full.md,佛山市顺德区金料科有限公司,佛山市顺德区金料科有限公司年产自粘,E:\软件\环评原始数据\顺德区批复\2024_佛环03环审〔2024〕79号.pdf,佛山市顺德区友业塑料有限公司,佛 山市顺德区友业塑料有限公司改扩建项目,81.5,71.0,100.0,100.0,50.0,100.0,79.9,mismatch,company_not_strict_match
pair_05422,R00106,A02337,E:\软件\mineru_extracted\2023_2023年2月21日建设项目环境影响报告受理公告（大良）_2_mineru\full.md,佛山市顺德区金料科有限公司,佛山市顺德区金料科有限公司年产自粘,E:\软件\环评原始数据\顺德区批复\2026_佛环03环审〔2026〕137号佛山市生态环境局关于佛山市顺德区高鹏塑料有限公司迁扩建项目建设项目环境影响报告表的批复.pdf,佛山市顺德区高鹏塑料有限公司,佛山市 顺德区高鹏塑料有限公司迁扩建项目建设项目,81.5,71.0,100.0,100.0,50.0,100.0,79.9,mismatch,company_not_strict_match
pair_05423,R00106,A02429,E:\软件\mineru_extracted\2023_2023年2月21日建设项目环境影响报告受理公告（大良）_2_mineru\full.md,佛山市顺德区金料科有限公司,佛山市顺德区金料科有限公司年产自粘,E:\软件\环评原始数据\顺德区批复\2026_佛环03环审〔2026〕9号佛山市生态环境局关于佛山市顺德区华坤涂料有限公司迁扩建项目建设项目环境影响报告表的批复.pdf,佛山市顺德区华坤涂料有限公司,佛山市 顺德区华坤涂料有限公司迁扩建项目建设项目,81.5,71.0,100.0,100.0,50.0,100.0,79.9,mismatch,company_not_strict_match
pair_05424,R00106,A03275,E:\软件\mineru_extracted\2023_2023年2月21日建设项目环境影响报告受理公告（大良）_2_mineru\full.md,佛山市顺德区金料科有限公司,佛山市顺德区金料科有限公司年产自粘,E:\软件\2023-2026年顺德批复文件\2023_佛山市生态环境局关于佛山市顺德区金乔电器有限公司迁扩建项目环境影响报告表的批复.pdf,佛山市顺德区金乔电器有限公司,佛山市 顺德区金乔电器有限公司迁扩建项目,81.5,71.0,100.0,100.0,50.0,100.0,79.9,mismatch,company_not_strict_match
pair_05425,R00106,A04107,E:\软件\mineru_extracted\2023_2023年2月21日建设项目环境影响报告受理公告（大良）_2_mineru\full.md,佛山市顺德区金料科有限公司,佛山市顺德区金料科有限公司年产自粘,E:\软件\2023-2026年顺德批复文件\2024_佛环03环审〔2024〕79号.pdf,佛山市顺德区友业塑料有限公司,佛 山市顺德区友业塑料有限公司改扩建项目,81.5,71.0,100.0,100.0,50.0,100.0,79.9,mismatch,company_not_strict_match
pair_05426,R00106,A04269,E:\软件\mineru_extracted\2023_2023年2月21日建设项目环境影响报告受理公告（大良）_2_mineru\full.md,佛山市顺德区金料科有限公司,佛山市顺德区金料科有限公司年产自粘,E:\软件\2023-2026年顺德批复文件\2025_佛环03环审〔2025〕106号.pdf,佛山市顺德区马甲科技有限公司,佛山市 顺德区马甲科技有限公司迁扩建项目建设项目,81.5,71.0,100.0,100.0,50.0,100.0,79.9,mismatch,company_not_strict_match
pair_05427,R00106,A04690,E:\软件\mineru_extracted\2023_2023年2月21日建设项目环境影响报告受理公告（大良）_2_mineru\full.md,佛山市顺德区金料科有限公司,佛山市顺德区金料科有限公司年产自粘,E:\软件\2023-2026年顺德批复文件\2026_佛环03环审〔2026〕137号佛山市生态环境局关于佛山市顺德区高鹏塑料有限公司迁扩建项目建设项目环境影响报告表的批复.pdf,佛山市顺德区高鹏塑料有限公司,佛山市 顺德区高鹏塑料有限公司迁扩建项目建设项目,81.5,71.0,100.0,100.0,50.0,100.0,79.9,mismatch,company_not_strict_match
pair_05428,R00106,A04782,E:\软件\mineru_extracted\2023_2023年2月21日建设项目环境影响报告受理公告（大良）_2_mineru\full.md,佛山市顺德区金料科有限公司,佛山市顺德区金料科有限公司年产自粘,E:\软件\2023-2026年顺德批复文件\2026_佛环03环审〔2026〕9号佛山市生态环境局关于佛山市顺德区华坤涂料有限公司迁扩建项目建设项目环境影响报告表的批复.pdf,佛山市顺德区华坤涂料有限公司,佛山市 顺德区华坤涂料有限公司迁扩建项目建设项目,81.5,71.0,100.0,100.0,50.0,100.0,79.9,mismatch,company_not_strict_match
pair_05429,R00961,A02352,E:\软件\mineru_extracted\2026_2026年4月27日建设项目环境影响报告表受理公告（佛山市生态环境局顺德分局）_2_mineru\full.md,佛山市丹忱塑料五金有限公司,佛山市丹忱塑料五金有限公司新建项目,E:\软件\环评原始数据\顺德区批复\2026_佛环03环审〔2026〕27号佛山市生态环境局关于佛山市伟德业塑料五金有限公司迁扩建项目建设项目环境影响报告表的批复.pdf,佛山市伟德业塑料五金有限公司,佛山市伟 德业塑料五金有限公司迁扩建项目建设项目,81.5,71.0,100.0,100.0,50.0,100.0,79.9,mismatch,company_not_strict_match
pair_05430,R00961,A04705,E:\软件\mineru_extracted\2026_2026年4月27日建设项目环境影响报告表受理公告（佛山市生态环境局顺德分局）_2_mineru\full.md,佛山市丹忱塑料五金有限公司,佛山市丹忱塑料五金有限公司新建项目,E:\软件\2023-2026年顺德批复文件\2026_佛环03环审〔2026〕27号佛山市生态环境局关于佛山市伟德业塑料五金有限公司迁扩建项目建设项目环境影响报告表的批复.pdf,佛山市伟德业塑料五金有限公司,佛山市伟 德业塑料五金有限公司迁扩建项目建设项目,81.5,71.0,100.0,100.0,50.0,100.0,79.9,mismatch,company_not_strict_match
pair_05431,R00434,A00147,E:\软件\mineru_extracted\2024_2024年12月30日建设项目环境影响报告受理公告（大良）_mineru\full.md,佛山市顺德区电器有限公司,佛山市顺德区电器有限公司新建项目,E:\软件\环评原始数据\顺德区批复\2021_078-众途创（078号，总量控制指标，佛山景美）.pdf,佛山市顺德区柯云电器有限公司,佛山市顺德区柯云电器有限公司年产塑料 盖 2200 万个新建项目,92.3,80.0,100.0,50.0,50.0,0.0,79.9,mismatch,project_type_not_found_in_approval
pair_05432,R00434,A00455,E:\软件\mineru_extracted\2024_2024年12月30日建设项目环境影响报告受理公告（大良）_mineru\full.md,佛山市顺德区电器有限公司,佛山市顺德区电器有限公司新建项目,E:\软件\环评原始数据\顺德区批复\2021_（佛环0304环审[2021]第0007号）佛山市生态环境局关于佛山市顺德区程展电器有限公司年产家用电器配件100万套新建项目环境影响报告表的批复.pdf,佛山市顺德区程展电器有限公司,佛山市顺德区程展电器有限公司年产家用电器配 件 100 万套新建项目,92.3,80.0,100.0,50.0,50.0,0.0,79.9,mismatch,project_type_not_found_in_approval
pair_05433,R00434,A00543,E:\软件\mineru_extracted\2024_2024年12月30日建设项目环境影响报告受理公告（大良）_mineru\full.md,佛山市顺德区电器有限公司,佛山市顺德区电器有限公司新建项目,E:\软件\环评原始数据\顺德区批复\2022_2022_5354541_2.pdf,佛山市顺德区品帅电器有限公司,佛山市顺德区品帅电器有限公司生产锌合金 配件 50 吨/年、塑料制品 100 吨/年新建项目,92.3,80.0,100.0,50.0,50.0,0.0,79.9,mismatch,project_type_not_found_in_approval
pair_05434,R00434,A00641,E:\软件\mineru_extracted\2024_2024年12月30日建设项目环境影响报告受理公告（大良）_mineru\full.md,佛山市顺德区电器有限公司,佛山市顺德区电器有限公司新建项目,E:\软件\环评原始数据\顺德区批复\2022_佛环0304环审〔2022〕第0071号  佛山市生态环境局关于佛山市顺德区晨那电器有限公司年产商用食具消毒柜16500台新建项目环境影响报告表的批复(1).pdf,佛山市顺德区晨那电器有限公司,佛山 市顺德区晨那电器有限公司年产商用食具消毒柜 16500 台新建 项目,92.3,80.0,100.0,50.0,50.0,0.0,79.9,mismatch,project_type_not_found_in_approval
pair_05435,R00434,A02499,E:\软件\mineru_extracted\2024_2024年12月30日建设项目环境影响报告受理公告（大良）_mineru\full.md,佛山市顺德区电器有限公司,佛山市顺德区电器有限公司新建项目,E:\软件\2023-2026年顺德批复文件\2021_078-众途创（078号，总量控制指标，佛山景美）.pdf,佛山市顺德区柯云电器有限公司,佛山市顺德区柯云电器有限公司年产塑料 盖 2200 万个新建项目,92.3,80.0,100.0,50.0,50.0,0.0,79.9,mismatch,project_type_not_found_in_approval
pair_05436,R00434,A02808,E:\软件\mineru_extracted\2024_2024年12月30日建设项目环境影响报告受理公告（大良）_mineru\full.md,佛山市顺德区电器有限公司,佛山市顺德区电器有限公司新建项目,E:\软件\2023-2026年顺德批复文件\2021_（佛环0304环审[2021]第0007号）佛山市生态环境局关于佛山市顺德区程展电器有限公司年产家用电器配件100万套新建项目环境影响报告表的批复.pdf,佛山市顺德区程展电器有限公司,佛山市顺德区程展电器有限公司年产家用电器配 件 100 万套新建项目,92.3,80.0,100.0,50.0,50.0,0.0,79.9,mismatch,project_type_not_found_in_approval
pair_05437,R00434,A02896,E:\软件\mineru_extracted\2024_2024年12月30日建设项目环境影响报告受理公告（大良）_mineru\full.md,佛山市顺德区电器有限公司,佛山市顺德区电器有限公司新建项目,E:\软件\2023-2026年顺德批复文件\2022_2022_5354541_2.pdf,佛山市顺德区品帅电器有限公司,佛山市顺德区品帅电器有限公司生产锌合金 配件 50 吨/年、塑料制品 100 吨/年新建项目,92.3,80.0,100.0,50.0,50.0,0.0,79.9,mismatch,project_type_not_found_in_approval
pair_05438,R00434,A02994,E:\软件\mineru_extracted\2024_2024年12月30日建设项目环境影响报告受理公告（大良）_mineru\full.md,佛山市顺德区电器有限公司,佛山市顺德区电器有限公司新建项目,E:\软件\2023-2026年顺德批复文件\2022_佛环0304环审〔2022〕第0071号  佛山市生态环境局关于佛山市顺德区晨那电器有限公司年产商用食具消毒柜16500台新建项目环境影响报告表的批复(1).pdf,佛山市顺德区晨那电器有限公司,佛山 市顺德区晨那电器有限公司年产商用食具消毒柜 16500 台新建 项目,92.3,80.0,100.0,50.0,50.0,0.0,79.9,mismatch,project_type_not_found_in_approval
pair_05439,R00870,A00957,E:\软件\mineru_extracted\2025_2025年7月18日建设项目环境影响报告表受理公告（伦教）_2_mineru\full.md,料制品有限公司,佛山市顺德区鸡洲 料制品有限公司迁建项目,E:\软件\环评原始数据\顺德区批复\2023_佛环0304环审〔2023〕1号__佛山市生态环境局关于佛山市顺德区欧佩家五金制品有限公司迁建项目环境影响报告表的批复.pdf,佛山市顺德区欧佩家五金制品有限公司,佛山市顺德区欧佩家五金制品有限公司迁 建项目,92.3,80.0,100.0,50.0,50.0,0.0,79.9,mismatch,project_type_not_found_in_approval
pair_05440,R00870,A03310,E:\软件\mineru_extracted\2025_2025年7月18日建设项目环境影响报告表受理公告（伦教）_2_mineru\full.md,料制品有限公司,佛山市顺德区鸡洲 料制品有限公司迁建项目,E:\软件\2023-2026年顺德批复文件\2023_佛环0304环审〔2023〕1号__佛山市生态环境局关于佛山市顺德区欧佩家五金制品有限公司迁建项目环境影响报告表的批复.pdf,佛山市顺德区欧佩家五金制品有限公司,佛山市顺德区欧佩家五金制品有限公司迁 建项目,92.3,80.0,100.0,50.0,50.0,0.0,79.9,mismatch,project_type_not_found_in_approval
pair_05441,R00303,A03394,E:\软件\mineru_extracted\2023_2023年9月8日建设项目环境影响报告书（表）受理公告（均安）_1_mineru\full.md,佛山市顺德区煜拓五制品有限公司,佛山市顺德区煜拓五制品有限公司新建项目建设单位（盖章）：佛山市顺德区煜拓五金制品有限公司,E:\软件\2023-2026年顺德批复文件\2023_佛环03环审〔2023〕127号.pdf,佛山市顺德区粤发塑料制品有限公司,佛山市顺德区粤发塑料制品有限公司扩建项 目建设项目,77.4,75.6,100.0,100.0,50.0,100.0,79.9,mismatch,company_not_strict_match
pair_05442,R00172,A01149,E:\软件\mineru_extracted\2023_2023年4月23日建设项目环境影响报告受理公告（乐从）_mineru\full.md,佛山市顺德浚料制品有限公司,佛山市顺德浚料制品有限公司建设项目建设单位（盖章）：佛顺德塑料制品有限公司编制日期： 2022年12月,E:\软件\环评原始数据\顺德区批复\2023_佛环03环审〔2023〕96号.pdf,佛山顺德宇越塑料制品有限公司,佛山顺德 宇越塑料制品有限公司新建项目建设项目,81.5,78.0,100.0,50.0,50.0,100.0,79.9,mismatch,company_not_strict_match;project_type_not_found_in_approval
pair_05443,R00172,A03502,E:\软件\mineru_extracted\2023_2023年4月23日建设项目环境影响报告受理公告（乐从）_mineru\full.md,佛山市顺德浚料制品有限公司,佛山市顺德浚料制品有限公司建设项目建设单位（盖章）：佛顺德塑料制品有限公司编制日期： 2022年12月,E:\软件\2023-2026年顺德批复文件\2023_佛环03环审〔2023〕96号.pdf,佛山顺德宇越塑料制品有限公司,佛山顺德 宇越塑料制品有限公司新建项目建设项目,81.5,78.0,100.0,50.0,50.0,100.0,79.9,mismatch,company_not_strict_match;project_type_not_found_in_approval
pair_05444,R00221,A01149,E:\软件\mineru_extracted\2023_2023年6月5日建设项目环境影响报告书（表）受理公告（乐从）_mineru\full.md,佛山市顺德浚料制品有限公司,佛山市顺德浚料制品有限公司建设项目建设单位（盖章）：佛顺德塑料制品有限公司编制日期： 2022年12月,E:\软件\环评原始数据\顺德区批复\2023_佛环03环审〔2023〕96号.pdf,佛山顺德宇越塑料制品有限公司,佛山顺德 宇越塑料制品有限公司新建项目建设项目,81.5,78.0,100.0,50.0,50.0,100.0,79.9,mismatch,company_not_strict_match;project_type_not_found_in_approval
pair_05445,R00221,A03502,E:\软件\mineru_extracted\2023_2023年6月5日建设项目环境影响报告书（表）受理公告（乐从）_mineru\full.md,佛山市顺德浚料制品有限公司,佛山市顺德浚料制品有限公司建设项目建设单位（盖章）：佛顺德塑料制品有限公司编制日期： 2022年12月,E:\软件\2023-2026年顺德批复文件\2023_佛环03环审〔2023〕96号.pdf,佛山顺德宇越塑料制品有限公司,佛山顺德 宇越塑料制品有限公司新建项目建设项目,81.5,78.0,100.0,50.0,50.0,100.0,79.9,mismatch,company_not_strict_match;project_type_not_found_in_approval
pair_05446,R01014,A00590,E:\软件\mineru_extracted\2026_2026年5月26日建设项目环境影响报告表受理公告（佛山市生态环境局顺德分局）_6_mineru\full.md,资料制品有限公司,佛山市赣瑞塑料制品有限公司建设项目,E:\软件\环评原始数据\顺德区批复\2022_佛山隆泳塑料制品有限公司新建项目环境影响报告表的批复.pdf,佛山隆泳塑料制品有限公司,佛 山隆泳塑料制品有限公司新建项目,93.3,78.8,100.0,50.0,50.0,0.0,79.9,mismatch,project_type_not_found_in_approval
pair_05447,R01014,A01450,E:\软件\mineru_extracted\2026_2026年5月26日建设项目环境影响报告表受理公告（佛山市生态环境局顺德分局）_6_mineru\full.md,资料制品有限公司,佛山市赣瑞塑料制品有限公司建设项目,E:\软件\环评原始数据\顺德区批复\2024_佛环03环审〔2024〕144号.pdf,佛山志立塑料制品有限公司,佛山志立 塑料制品有限公司新建项目,93.3,78.8,100.0,50.0,50.0,0.0,79.9,mismatch,project_type_not_found_in_approval
pair_05448,R01014,A01800,E:\软件\mineru_extracted\2026_2026年5月26日建设项目环境影响报告表受理公告（佛山市生态环境局顺德分局）_6_mineru\full.md,资料制品有限公司,佛山市赣瑞塑料制品有限公司建设项目,E:\软件\环评原始数据\顺德区批复\2025_佛山市生态环境局关于佛山东瑜塑料制品有限公司新建项目环境影响报告表的批复.pdf,佛山东瑜塑料制品有限公司,佛 山东瑜塑料制品有限公司新建项目,93.3,78.8,100.0,50.0,50.0,0.0,79.9,mismatch,project_type_not_found_in_approval
pair_05449,R01014,A01879,E:\软件\mineru_extracted\2026_2026年5月26日建设项目环境影响报告表受理公告（佛山市生态环境局顺德分局）_6_mineru\full.md,资料制品有限公司,佛山市赣瑞塑料制品有限公司建设项目,E:\软件\环评原始数据\顺德区批复\2025_佛环0305环审〔2025〕7号【佛山市生态环境局关于佛山金欧塑料制品有限公司新建项目建设项目环境影响报告表的批复】（公示）.pdf,佛山金欧塑料制品有限公司,佛山金欧 塑料制品有限公司新建项目建设项目,93.3,78.8,100.0,50.0,50.0,0.0,79.9,mismatch,project_type_not_found_in_approval
pair_05450,R01014,A02943,E:\软件\mineru_extracted\2026_2026年5月26日建设项目环境影响报告表受理公告（佛山市生态环境局顺德分局）_6_mineru\full.md,资料制品有限公司,佛山市赣瑞塑料制品有限公司建设项目,E:\软件\2023-2026年顺德批复文件\2022_佛山隆泳塑料制品有限公司新建项目环境影响报告表的批复.pdf,佛山隆泳塑料制品有限公司,佛 山隆泳塑料制品有限公司新建项目,93.3,78.8,100.0,50.0,50.0,0.0,79.9,mismatch,project_type_not_found_in_approval
pair_05451,R01014,A03803,E:\软件\mineru_extracted\2026_2026年5月26日建设项目环境影响报告表受理公告（佛山市生态环境局顺德分局）_6_mineru\full.md,资料制品有限公司,佛山市赣瑞塑料制品有限公司建设项目,E:\软件\2023-2026年顺德批复文件\2024_佛环03环审〔2024〕144号.pdf,佛山志立塑料制品有限公司,佛山志立 塑料制品有限公司新建项目,93.3,78.8,100.0,50.0,50.0,0.0,79.9,mismatch,project_type_not_found_in_approval
pair_05452,R01014,A04153,E:\软件\mineru_extracted\2026_2026年5月26日建设项目环境影响报告表受理公告（佛山市生态环境局顺德分局）_6_mineru\full.md,资料制品有限公司,佛山市赣瑞塑料制品有限公司建设项目,E:\软件\2023-2026年顺德批复文件\2025_佛山市生态环境局关于佛山东瑜塑料制品有限公司新建项目环境影响报告表的批复.pdf,佛山东瑜塑料制品有限公司,佛 山东瑜塑料制品有限公司新建项目,93.3,78.8,100.0,50.0,50.0,0.0,79.9,mismatch,project_type_not_found_in_approval
pair_05453,R01014,A04232,E:\软件\mineru_extracted\2026_2026年5月26日建设项目环境影响报告表受理公告（佛山市生态环境局顺德分局）_6_mineru\full.md,资料制品有限公司,佛山市赣瑞塑料制品有限公司建设项目,E:\软件\2023-2026年顺德批复文件\2025_佛环0305环审〔2025〕7号【佛山市生态环境局关于佛山金欧塑料制品有限公司新建项目建设项目环境影响报告表的批复】（公示）.pdf,佛山金欧塑料制品有限公司,佛山金欧 塑料制品有限公司新建项目建设项目,93.3,78.8,100.0,50.0,50.0,0.0,79.9,mismatch,project_type_not_found_in_approval
pair_05454,R00590,A01754,E:\软件\mineru_extracted\2024_2024年7月26日建设项目环境影响报告书（表）受理公告（佛山市生态环境局顺德分局）_3_mineru\full.md,佛山市顺德区迪迦鞋有限公司,佛山市顺德区迪迦鞋有限公司新建项目,E:\软件\环评原始数据\顺德区批复\2024_佛环03环审〔2024〕79号.pdf,佛山市顺德区友业塑料有限公司,佛 山市顺德区友业塑料有限公司改扩建项目,74.1,72.2,100.0,100.0,100.0,100.0,79.9,mismatch,company_not_strict_match
pair_05455,R00590,A04107,E:\软件\mineru_extracted\2024_2024年7月26日建设项目环境影响报告书（表）受理公告（佛山市生态环境局顺德分局）_3_mineru\full.md,佛山市顺德区迪迦鞋有限公司,佛山市顺德区迪迦鞋有限公司新建项目,E:\软件\2023-2026年顺德批复文件\2024_佛环03环审〔2024〕79号.pdf,佛山市顺德区友业塑料有限公司,佛 山市顺德区友业塑料有限公司改扩建项目,74.1,72.2,100.0,100.0,100.0,100.0,79.9,mismatch,company_not_strict_match
pair_05456,R00702,A04083,E:\软件\mineru_extracted\2024_2024年9月19日建设项目环境影响报告书（表）受理公告（佛山市生态环境局顺德分局）_1_mineru\full.md,佛山市坤琪玲塑料制品有限公司,佛山市坤琪玲塑料制品有限公司新建项目,E:\软件\2023-2026年顺德批复文件\2024_佛环03环审〔2024〕52号.pdf,佛山市智鑫塑胶制品有限公司,佛山市智鑫塑胶制品有限公司迁扩建项目,74.1,72.2,100.0,100.0,100.0,100.0,79.9,mismatch,company_not_strict_match
pair_05457,R00461,A01212,E:\软件\mineru_extracted\2024_2024年1月3日建设项目环境影响报告书（表）受理公告（佛山市生态环境局顺德分局）_2_mineru\full.md,（佛有限公司,宠享科技 （佛有限公司新建项目,E:\软件\环评原始数据\顺德区批复\2023_承诺制公示佛山市生态环境局关于佛山市伊蒙电子科技有限公司搬迁项目环境影响报告表的批复.pdf,佛山市伊蒙电子科技有限公司,佛山市伊蒙电子科技有限公司搬迁项目,88.9,69.6,100.0,50.0,50.0,100.0,79.9,mismatch,company_not_strict_match;project_type_not_found_in_approval
pair_05458,R00461,A01375,E:\软件\mineru_extracted\2024_2024年1月3日建设项目环境影响报告书（表）受理公告（佛山市生态环境局顺德分局）_2_mineru\full.md,（佛有限公司,宠享科技 （佛有限公司新建项目,E:\软件\环评原始数据\顺德区批复\2024_佛环0309环审〔2024〕02号（顺通）公示.pdf,顺通管道制造（佛山）有限公司,顺通管 道制造（佛山）有限公司迁建项目,88.9,69.6,100.0,50.0,50.0,100.0,79.9,mismatch,company_not_strict_match;project_type_not_found_in_approval
pair_05459,R00461,A03565,E:\软件\mineru_extracted\2024_2024年1月3日建设项目环境影响报告书（表）受理公告（佛山市生态环境局顺德分局）_2_mineru\full.md,（佛有限公司,宠享科技 （佛有限公司新建项目,E:\软件\2023-2026年顺德批复文件\2023_承诺制公示佛山市生态环境局关于佛山市伊蒙电子科技有限公司搬迁项目环境影响报告表的批复.pdf,佛山市伊蒙电子科技有限公司,佛山市伊蒙电子科技有限公司搬迁项目,88.9,69.6,100.0,50.0,50.0,100.0,79.9,mismatch,company_not_strict_match;project_type_not_found_in_approval
pair_05460,R00461,A03728,E:\软件\mineru_extracted\2024_2024年1月3日建设项目环境影响报告书（表）受理公告（佛山市生态环境局顺德分局）_2_mineru\full.md,（佛有限公司,宠享科技 （佛有限公司新建项目,E:\软件\2023-2026年顺德批复文件\2024_佛环0309环审〔2024〕02号（顺通）公示.pdf,顺通管道制造（佛山）有限公司,顺通管 道制造（佛山）有限公司迁建项目,88.9,69.6,100.0,50.0,50.0,100.0,79.9,mismatch,company_not_strict_match;project_type_not_found_in_approval
pair_05461,R00411,A01260,E:\软件\mineru_extracted\2024_2024年12月16日建设项目环境影响报告书（表）受理公告（北滘）_1_mineru\full.md,佛山沃龙科技有限公公司,佛山沃龙科技有限公司建设项目,E:\软件\环评原始数据\顺德区批复\2024_佛山市生态环境局关于佛山市掌拓精密科技有限公司建设项目环境影响报告表的批复.pdf,佛山市掌拓精密科技有限公司,佛 山市掌拓精密科技有限公司建设项目,70.6,83.3,100.0,50.0,100.0,100.0,79.9,mismatch,company_not_strict_match;project_type_not_found_in_approval
pair_05462,R00411,A01270,E:\软件\mineru_extracted\2024_2024年12月16日建设项目环境影响报告书（表）受理公告（北滘）_1_mineru\full.md,佛山沃龙科技有限公公司,佛山沃龙科技有限公司建设项目,E:\软件\环评原始数据\顺德区批复\2024_佛山市生态环境局关于佛山市百味佳食品有限公司新建项目环境影响报告表的批复.pdf,佛山市艾加电子科技有限公司,佛 山市艾加电子科技有限公司建设项目,70.6,83.3,100.0,50.0,100.0,100.0,79.9,mismatch,company_not_strict_match;project_type_not_found_in_approval
pair_05463,R00411,A01337,E:\软件\mineru_extracted\2024_2024年12月16日建设项目环境影响报告书（表）受理公告（北滘）_1_mineru\full.md,佛山沃龙科技有限公公司,佛山沃龙科技有限公司建设项目,E:\软件\环评原始数据\顺德区批复\2024_佛山市生态环境局关于泽皓讯联（广东）科技有限公司建设项目环境影响报告表的批复.pdf,泽皓讯联（广东）科技有限公司,泽 皓讯联（广东）科技有限公司建设项目,70.6,83.3,100.0,50.0,100.0,100.0,79.9,mismatch,company_not_strict_match;project_type_not_found_in_approval
pair_05464,R00411,A01804,E:\软件\mineru_extracted\2024_2024年12月16日建设项目环境影响报告书（表）受理公告（北滘）_1_mineru\full.md,佛山沃龙科技有限公公司,佛山沃龙科技有限公司建设项目,E:\软件\环评原始数据\顺德区批复\2025_佛山市生态环境局关于佛山市久苏电器科技有限公司建设项目环境影响报告表的批复.pdf,佛山市久苏电器科技有限公司,佛 山市久苏电器科技有限公司建设项目,70.6,83.3,100.0,50.0,100.0,100.0,79.9,mismatch,company_not_strict_match;project_type_not_found_in_approval
pair_05465,R00411,A01806,E:\软件\mineru_extracted\2024_2024年12月16日建设项目环境影响报告书（表）受理公告（北滘）_1_mineru\full.md,佛山沃龙科技有限公公司,佛山沃龙科技有限公司建设项目,E:\软件\环评原始数据\顺德区批复\2025_佛山市生态环境局关于佛山市优稀帝音响有限公司新建项目环境影响报告表的批复.pdf,广东储源之家科技有限公司,广 东储源之家科技有限公司建设项目,70.6,83.3,100.0,50.0,100.0,100.0,79.9,mismatch,company_not_strict_match;project_type_not_found_in_approval
pair_05466,R00411,A01810,E:\软件\mineru_extracted\2024_2024年12月16日建设项目环境影响报告书（表）受理公告（北滘）_1_mineru\full.md,佛山沃龙科技有限公公司,佛山沃龙科技有限公司建设项目,E:\软件\环评原始数据\顺德区批复\2025_佛山市生态环境局关于佛山市富潮盈电子有限公司建设项目环境影响报告表的批复（无章）.pdf,佛山深盾智能科技有限公司,佛山深盾 智能科技有限公司建设项目,70.6,83.3,100.0,50.0,100.0,100.0,79.9,mismatch,company_not_strict_match;project_type_not_found_in_approval
pair_05467,R00411,A03623,E:\软件\mineru_extracted\2024_2024年12月16日建设项目环境影响报告书（表）受理公告（北滘）_1_mineru\full.md,佛山沃龙科技有限公公司,佛山沃龙科技有限公司建设项目,E:\软件\2023-2026年顺德批复文件\2024_佛山市生态环境局关于佛山市百味佳食品有限公司新建项目环境影响报告表的批复.pdf,佛山市艾加电子科技有限公司,佛 山市艾加电子科技有限公司建设项目,70.6,83.3,100.0,50.0,100.0,100.0,79.9,mismatch,company_not_strict_match;project_type_not_found_in_approval
pair_05468,R00411,A03690,E:\软件\mineru_extracted\2024_2024年12月16日建设项目环境影响报告书（表）受理公告（北滘）_1_mineru\full.md,佛山沃龙科技有限公公司,佛山沃龙科技有限公司建设项目,E:\软件\2023-2026年顺德批复文件\2024_佛山市生态环境局关于泽皓讯联（广东）科技有限公司建设项目环境影响报告表的批复.pdf,泽皓讯联（广东）科技有限公司,泽 皓讯联（广东）科技有限公司建设项目,70.6,83.3,100.0,50.0,100.0,100.0,79.9,mismatch,company_not_strict_match;project_type_not_found_in_approval
pair_05469,R00411,A04157,E:\软件\mineru_extracted\2024_2024年12月16日建设项目环境影响报告书（表）受理公告（北滘）_1_mineru\full.md,佛山沃龙科技有限公公司,佛山沃龙科技有限公司建设项目,E:\软件\2023-2026年顺德批复文件\2025_佛山市生态环境局关于佛山市久苏电器科技有限公司建设项目环境影响报告表的批复.pdf,佛山市久苏电器科技有限公司,佛 山市久苏电器科技有限公司建设项目,70.6,83.3,100.0,50.0,100.0,100.0,79.9,mismatch,company_not_strict_match;project_type_not_found_in_approval
pair_05470,R00411,A04159,E:\软件\mineru_extracted\2024_2024年12月16日建设项目环境影响报告书（表）受理公告（北滘）_1_mineru\full.md,佛山沃龙科技有限公公司,佛山沃龙科技有限公司建设项目,E:\软件\2023-2026年顺德批复文件\2025_佛山市生态环境局关于佛山市优稀帝音响有限公司新建项目环境影响报告表的批复.pdf,广东储源之家科技有限公司,广 东储源之家科技有限公司建设项目,70.6,83.3,100.0,50.0,100.0,100.0,79.9,mismatch,company_not_strict_match;project_type_not_found_in_approval
pair_05471,R00411,A04163,E:\软件\mineru_extracted\2024_2024年12月16日建设项目环境影响报告书（表）受理公告（北滘）_1_mineru\full.md,佛山沃龙科技有限公公司,佛山沃龙科技有限公司建设项目,E:\软件\2023-2026年顺德批复文件\2025_佛山市生态环境局关于佛山市富潮盈电子有限公司建设项目环境影响报告表的批复（无章）.pdf,佛山深盾智能科技有限公司,佛山深盾 智能科技有限公司建设项目,70.6,83.3,100.0,50.0,100.0,100.0,79.9,mismatch,company_not_strict_match;project_type_not_found_in_approval
pair_05472,R00879,A02111,E:\软件\mineru_extracted\2025_2025年8月13日建设项目环境影响报告表受理公告（伦教）_3_mineru\full.md,佛山市祺闽塑胶制品实业有限公司,佛山市祺闽塑胶制品实业有限公司扩建项目建设单位（盖章）：佛山市祺闽塑胶制品实业有限公司,E:\软件\环评原始数据\顺德区批复\2025_佛环03环审〔2025〕307号佛山市生态环境局关于佛山市宏四方塑胶制品有限公司迁扩建项目建设项目环境影响报告表的批复.pdf,佛山市宏四方塑胶制品有限公司,佛山市宏 四方塑胶制品有限公司迁扩建项目建设项目,75.9,77.3,100.0,100.0,50.0,100.0,79.9,mismatch,company_not_strict_match
pair_05473,R00879,A04464,E:\软件\mineru_extracted\2025_2025年8月13日建设项目环境影响报告表受理公告（伦教）_3_mineru\full.md,佛山市祺闽塑胶制品实业有限公司,佛山市祺闽塑胶制品实业有限公司扩建项目建设单位（盖章）：佛山市祺闽塑胶制品实业有限公司,E:\软件\2023-2026年顺德批复文件\2025_佛环03环审〔2025〕307号佛山市生态环境局关于佛山市宏四方塑胶制品有限公司迁扩建项目建设项目环境影响报告表的批复.pdf,佛山市宏四方塑胶制品有限公司,佛山市宏 四方塑胶制品有限公司迁扩建项目建设项目,75.9,77.3,100.0,100.0,50.0,100.0,79.9,mismatch,company_not_strict_match
pair_05474,R00222,A00921,E:\软件\mineru_extracted\2023_2023年6月5日建设项目环境影响报告表受理公告（容桂）_1_mineru\full.md,佛山市顺德区艺百通金制品有限公司,佛山市顺德区艺百通金制品有限公司新建项目建设单位（盖章）：佛山市顺德区百通五金制品有限公司编制日期： 2023年年,E:\软件\环评原始数据\顺德区批复\2023_佛山市生态环境局关于佛山市顺德区英礼纳五金塑胶制品有限公司新建项目环境影响报告表的批复.pdf,佛山市顺德区英礼纳五金塑胶制品有限公司,佛山市顺德区英礼纳五金塑胶制品有限公 司新建项目,74.3,79.1,100.0,50.0,100.0,100.0,79.9,mismatch,company_not_strict_match;project_type_not_found_in_approval
pair_05475,R00222,A03274,E:\软件\mineru_extracted\2023_2023年6月5日建设项目环境影响报告表受理公告（容桂）_1_mineru\full.md,佛山市顺德区艺百通金制品有限公司,佛山市顺德区艺百通金制品有限公司新建项目建设单位（盖章）：佛山市顺德区百通五金制品有限公司编制日期： 2023年年,E:\软件\2023-2026年顺德批复文件\2023_佛山市生态环境局关于佛山市顺德区英礼纳五金塑胶制品有限公司新建项目环境影响报告表的批复.pdf,佛山市顺德区英礼纳五金塑胶制品有限公司,佛山市顺德区英礼纳五金塑胶制品有限公 司新建项目,74.3,79.1,100.0,50.0,100.0,100.0,79.9,mismatch,company_not_strict_match;project_type_not_found_in_approval
pair_05476,R00386,A01456,E:\软件\mineru_extracted\2024_2024年11月19日建设项目环境影响报告书（表）受理公告（佛山市生态环境局顺德分局）_1_mineru\full.md,瑞塑胶有限公司,佛山市顺德 公司迁扩建项目,E:\软件\环评原始数据\顺德区批复\2024_佛环03环审〔2024〕150号.pdf,佛山市佛之杰五金塑料制品有限公司,佛山 市佛之杰五金塑料制品有限公司迁扩建项目,72.7,73.7,100.0,100.0,100.0,100.0,79.9,mismatch,company_not_strict_match
pair_05477,R00386,A01461,E:\软件\mineru_extracted\2024_2024年11月19日建设项目环境影响报告书（表）受理公告（佛山市生态环境局顺德分局）_1_mineru\full.md,瑞塑胶有限公司,佛山市顺德 公司迁扩建项目,E:\软件\环评原始数据\顺德区批复\2024_佛环03环审〔2024〕155号.pdf,佛山市上田塑料五金有限公司,佛山 市上田塑料五金有限公司迁扩建项目,72.7,73.7,100.0,100.0,100.0,100.0,79.9,mismatch,company_not_strict_match
pair_05478,R00386,A01486,E:\软件\mineru_extracted\2024_2024年11月19日建设项目环境影响报告书（表）受理公告（佛山市生态环境局顺德分局）_1_mineru\full.md,瑞塑胶有限公司,佛山市顺德 公司迁扩建项目,E:\软件\环评原始数据\顺德区批复\2024_佛环03环审〔2024〕183号.pdf,佛山市顺德区泰合宝和新型材料有限公司,佛山市顺 德区泰合宝和新型材料有限公司迁扩建项目,72.7,73.7,100.0,100.0,100.0,100.0,79.9,mismatch,company_not_strict_match
pair_05479,R00386,A03809,E:\软件\mineru_extracted\2024_2024年11月19日建设项目环境影响报告书（表）受理公告（佛山市生态环境局顺德分局）_1_mineru\full.md,瑞塑胶有限公司,佛山市顺德 公司迁扩建项目,E:\软件\2023-2026年顺德批复文件\2024_佛环03环审〔2024〕150号.pdf,佛山市佛之杰五金塑料制品有限公司,佛山 市佛之杰五金塑料制品有限公司迁扩建项目,72.7,73.7,100.0,100.0,100.0,100.0,79.9,mismatch,company_not_strict_match
pair_05480,R00386,A03814,E:\软件\mineru_extracted\2024_2024年11月19日建设项目环境影响报告书（表）受理公告（佛山市生态环境局顺德分局）_1_mineru\full.md,瑞塑胶有限公司,佛山市顺德 公司迁扩建项目,E:\软件\2023-2026年顺德批复文件\2024_佛环03环审〔2024〕155号.pdf,佛山市上田塑料五金有限公司,佛山 市上田塑料五金有限公司迁扩建项目,72.7,73.7,100.0,100.0,100.0,100.0,79.9,mismatch,company_not_strict_match
pair_05481,R00386,A03839,E:\软件\mineru_extracted\2024_2024年11月19日建设项目环境影响报告书（表）受理公告（佛山市生态环境局顺德分局）_1_mineru\full.md,瑞塑胶有限公司,佛山市顺德 公司迁扩建项目,E:\软件\2023-2026年顺德批复文件\2024_佛环03环审〔2024〕183号.pdf,佛山市顺德区泰合宝和新型材料有限公司,佛山市顺 德区泰合宝和新型材料有限公司迁扩建项目,72.7,73.7,100.0,100.0,100.0,100.0,79.9,mismatch,company_not_strict_match
pair_05482,R00386,A04083,E:\软件\mineru_extracted\2024_2024年11月19日建设项目环境影响报告书（表）受理公告（佛山市生态环境局顺德分局）_1_mineru\full.md,瑞塑胶有限公司,佛山市顺德 公司迁扩建项目,E:\软件\2023-2026年顺德批复文件\2024_佛环03环审〔2024〕52号.pdf,佛山市智鑫塑胶制品有限公司,佛山市智鑫塑胶制品有限公司迁扩建项目,72.7,73.7,100.0,100.0,100.0,100.0,79.9,mismatch,company_not_strict_match
pair_05483,R00137,A02167,E:\软件\mineru_extracted\2023_2023年3月27日建设项目环境影响报告受理公告（容桂）_2_mineru\full.md,智造科技有限公司,佛山市顺为智造科 目,E:\软件\环评原始数据\顺德区批复\2025_佛环03环审〔2025〕362号佛山市生态环境局关于佛山市秦为电子科技有限公司迁扩建项目建设项目环境影响报告表的批复.pdf,佛山市秦为电子科技有限公司,佛山市 秦为电子科技有限公司迁扩建项目建设项目,85.7,58.8,100.0,100.0,100.0,100.0,79.9,mismatch,company_not_strict_match;project_name_not_strict_match
pair_05484,R00137,A04520,E:\软件\mineru_extracted\2023_2023年3月27日建设项目环境影响报告受理公告（容桂）_2_mineru\full.md,智造科技有限公司,佛山市顺为智造科 目,E:\软件\2023-2026年顺德批复文件\2025_佛环03环审〔2025〕362号佛山市生态环境局关于佛山市秦为电子科技有限公司迁扩建项目建设项目环境影响报告表的批复.pdf,佛山市秦为电子科技有限公司,佛山市 秦为电子科技有限公司迁扩建项目建设项目,85.7,58.8,100.0,100.0,100.0,100.0,79.9,mismatch,company_not_strict_match;project_name_not_strict_match
pair_05485,R00873,A01346,E:\软件\mineru_extracted\2025_2025年7月2日建设项目环境影响报告书（表）受理公告（北滘）_mineru\full.md,超金属制品有限公司,佛山市建超金属制品有限公司新建项目,E:\软件\环评原始数据\顺德区批复\2024_佛环0305环审〔2024〕11号【佛山市生态环境局关于佛山市鑫金叶发金属制品有限公司建设项目环境影响报告表的批复】（公示）.pdf,佛山市鑫金叶发金属制品有限公司,佛 山市鑫金叶发金属制品有限公司建设项目,94.1,77.8,100.0,50.0,50.0,0.0,79.9,mismatch,project_type_not_found_in_approval
pair_05486,R00873,A01347,E:\软件\mineru_extracted\2025_2025年7月2日建设项目环境影响报告书（表）受理公告（北滘）_mineru\full.md,超金属制品有限公司,佛山市建超金属制品有限公司新建项目,E:\软件\环评原始数据\顺德区批复\2024_佛环0305环审〔2024〕12号【佛山市生态环境局关于佛山市中顺永星金属制品有限公司建设项目环境影响报告表的批复】（公示）.pdf,佛山市中顺永星金属制品有限公司,佛山市中 顺永星金属制品有限公司建设项目,94.1,77.8,100.0,50.0,50.0,0.0,79.9,mismatch,project_type_not_found_in_approval
pair_05487,R00873,A03699,E:\软件\mineru_extracted\2025_2025年7月2日建设项目环境影响报告书（表）受理公告（北滘）_mineru\full.md,超金属制品有限公司,佛山市建超金属制品有限公司新建项目,E:\软件\2023-2026年顺德批复文件\2024_佛环0305环审〔2024〕11号【佛山市生态环境局关于佛山市鑫金叶发金属制品有限公司建设项目环境影响报告表的批复】（公示）.pdf,佛山市鑫金叶发金属制品有限公司,佛 山市鑫金叶发金属制品有限公司建设项目,94.1,77.8,100.0,50.0,50.0,0.0,79.9,mismatch,project_type_not_found_in_approval
pair_05488,R00873,A03700,E:\软件\mineru_extracted\2025_2025年7月2日建设项目环境影响报告书（表）受理公告（北滘）_mineru\full.md,超金属制品有限公司,佛山市建超金属制品有限公司新建项目,E:\软件\2023-2026年顺德批复文件\2024_佛环0305环审〔2024〕12号【佛山市生态环境局关于佛山市中顺永星金属制品有限公司建设项目环境影响报告表的批复】（公示）.pdf,佛山市中顺永星金属制品有限公司,佛山市中 顺永星金属制品有限公司建设项目,94.1,77.8,100.0,50.0,50.0,0.0,79.9,mismatch,project_type_not_found_in_approval
pair_05489,R00632,A01865,E:\软件\mineru_extracted\2024_2024年8月15日建设项目环境影响报告受理公告（大良）_1_mineru\full.md,佛山市龙广塑料制品有限公司,佛山市龙广塑料制品有限公司新建项目,E:\软件\环评原始数据\顺德区批复\2025_佛环0303环审[2025]33号（佛山市生态环境局关于佛山市渝龙塑料制品有限公司新建项目建设项目环境影响报告表的批复）.pdf,佛山市渝龙塑料制品有限公司,佛山 市渝龙塑料制品有限公司新建项目建设项目,92.3,94.1,0.0,50.0,50.0,100.0,79.9,mismatch,report_type_mismatch;project_type_not_found_in_approval
pair_05490,R00632,A02098,E:\软件\mineru_extracted\2024_2024年8月15日建设项目环境影响报告受理公告（大良）_1_mineru\full.md,佛山市龙广塑料制品有限公司,佛山市龙广塑料制品有限公司新建项目,E:\软件\环评原始数据\顺德区批复\2025_佛环03环审〔2025〕295号佛山市生态环境局关于佛山市应广塑料制品有限公司新建项目建设项目环境影响报告表的批复.pdf,佛山市应广塑料制品有限公司,佛山 市应广塑料制品有限公司新建项目建设项目,92.3,94.1,0.0,50.0,50.0,100.0,79.9,mismatch,report_type_mismatch;project_type_not_found_in_approval
pair_05491,R00632,A04218,E:\软件\mineru_extracted\2024_2024年8月15日建设项目环境影响报告受理公告（大良）_1_mineru\full.md,佛山市龙广塑料制品有限公司,佛山市龙广塑料制品有限公司新建项目,E:\软件\2023-2026年顺德批复文件\2025_佛环0303环审[2025]33号（佛山市生态环境局关于佛山市渝龙塑料制品有限公司新建项目建设项目环境影响报告表的批复）.pdf,佛山市渝龙塑料制品有限公司,佛山 市渝龙塑料制品有限公司新建项目建设项目,92.3,94.1,0.0,50.0,50.0,100.0,79.9,mismatch,report_type_mismatch;project_type_not_found_in_approval
pair_05492,R00632,A04451,E:\软件\mineru_extracted\2024_2024年8月15日建设项目环境影响报告受理公告（大良）_1_mineru\full.md,佛山市龙广塑料制品有限公司,佛山市龙广塑料制品有限公司新建项目,E:\软件\2023-2026年顺德批复文件\2025_佛环03环审〔2025〕295号佛山市生态环境局关于佛山市应广塑料制品有限公司新建项目建设项目环境影响报告表的批复.pdf,佛山市应广塑料制品有限公司,佛山 市应广塑料制品有限公司新建项目建设项目,92.3,94.1,0.0,50.0,50.0,100.0,79.9,mismatch,report_type_mismatch;project_type_not_found_in_approval
pair_05493,R00246,A01450,E:\软件\mineru_extracted\2023_2023年7月26日建设项目环境影响报告书（表）受理公告（杏坛）_2_mineru\full.md,明航塑料制造有限公司,广东百明 公司新建项目,E:\软件\环评原始数据\顺德区批复\2024_佛环03环审〔2024〕144号.pdf,佛山志立塑料制品有限公司,佛山志立 塑料制品有限公司新建项目,77.8,75.0,100.0,50.0,100.0,100.0,79.9,mismatch,company_not_strict_match;project_type_not_found_in_approval
pair_05494,R00246,A03803,E:\软件\mineru_extracted\2023_2023年7月26日建设项目环境影响报告书（表）受理公告（杏坛）_2_mineru\full.md,明航塑料制造有限公司,广东百明 公司新建项目,E:\软件\2023-2026年顺德批复文件\2024_佛环03环审〔2024〕144号.pdf,佛山志立塑料制品有限公司,佛山志立 塑料制品有限公司新建项目,77.8,75.0,100.0,50.0,100.0,100.0,79.9,mismatch,company_not_strict_match;project_type_not_found_in_approval
pair_05495,R01001,A00960,E:\软件\mineru_extracted\2026_2026年5月18日建设项目环境影响报告表受理公告（容桂）_2_mineru\full.md,佛山市顺德区比路法金属制品有限公司,佛山市顺德区比路法金属制品有限公司,E:\软件\环评原始数据\顺德区批复\2023_佛环0304环审〔2023〕23号 佛山市生态环境局关于佛山市顺德区格瑞夫五金制品有限公司迁扩建项目环境影响报告表的批复.pdf,佛山市顺德区格瑞夫五金制品有限公司,佛山市顺德区格瑞夫五金制品有限公司迁扩 建项目,76.5,76.5,100.0,100.0,50.0,100.0,79.9,mismatch,company_not_strict_match
pair_05496,R01001,A01203,E:\软件\mineru_extracted\2026_2026年5月18日建设项目环境影响报告表受理公告（容桂）_2_mineru\full.md,佛山市顺德区比路法金属制品有限公司,佛山市顺德区比路法金属制品有限公司,E:\软件\环评原始数据\顺德区批复\2023_关于佛山市顺德区艺百通五金制品有限公司新建项目环境影响报告表的批复.pdf,佛山市顺德区艺百通五金制品有限公司,佛山市顺德区艺百通五金制品有限公司新建 项目,76.5,76.5,100.0,50.0,100.0,100.0,79.9,mismatch,company_not_strict_match;project_type_not_found_in_approval
pair_05497,R01001,A03313,E:\软件\mineru_extracted\2026_2026年5月18日建设项目环境影响报告表受理公告（容桂）_2_mineru\full.md,佛山市顺德区比路法金属制品有限公司,佛山市顺德区比路法金属制品有限公司,E:\软件\2023-2026年顺德批复文件\2023_佛环0304环审〔2023〕23号 佛山市生态环境局关于佛山市顺德区格瑞夫五金制品有限公司迁扩建项目环境影响报告表的批复.pdf,佛山市顺德区格瑞夫五金制品有限公司,佛山市顺德区格瑞夫五金制品有限公司迁扩 建项目,76.5,76.5,100.0,100.0,50.0,100.0,79.9,mismatch,company_not_strict_match
pair_05498,R01001,A03556,E:\软件\mineru_extracted\2026_2026年5月18日建设项目环境影响报告表受理公告（容桂）_2_mineru\full.md,佛山市顺德区比路法金属制品有限公司,佛山市顺德区比路法金属制品有限公司,E:\软件\2023-2026年顺德批复文件\2023_关于佛山市顺德区艺百通五金制品有限公司新建项目环境影响报告表的批复.pdf,佛山市顺德区艺百通五金制品有限公司,佛山市顺德区艺百通五金制品有限公司新建 项目,76.5,76.5,100.0,50.0,100.0,100.0,79.9,mismatch,company_not_strict_match;project_type_not_found_in_approval
pair_05499,R00960,A00818,E:\软件\mineru_extracted\2026_2026年4月27日建设项目环境影响报告表受理公告（佛山市生态环境局顺德分局）_1_mineru\full.md,佛山市顺德区星源盛橡塑制品有限公司,佛山市顺德区星源盛橡塑制品有限公司扩建项目,E:\软件\环评原始数据\顺德区批复\2022_关于佛山市顺德区美的饮水机制造有限公司注塑车间改扩建项目环境影响报告表的批复.pdf,佛山市顺德区志信塑胶制品有限公司,佛山市顺德区志信塑胶制品有限公司迁扩建 项目,78.8,81.0,100.0,100.0,100.0,0.0,79.8,mismatch,company_not_strict_match
pair_05500,R00960,A03171,E:\软件\mineru_extracted\2026_2026年4月27日建设项目环境影响报告表受理公告（佛山市生态环境局顺德分局）_1_mineru\full.md,佛山市顺德区星源盛橡塑制品有限公司,佛山市顺德区星源盛橡塑制品有限公司扩建项目,E:\软件\2023-2026年顺德批复文件\2022_关于佛山市顺德区美的饮水机制造有限公司注塑车间改扩建项目环境影响报告表的批复.pdf,佛山市顺德区志信塑胶制品有限公司,佛山市顺德区志信塑胶制品有限公司迁扩建 项目,78.8,81.0,100.0,100.0,100.0,0.0,79.8,mismatch,company_not_strict_match
pair_05501,R00096,A00198,E:\软件\mineru_extracted\2023_2023年2月15日建设项目环境影响报告受理公告（容桂）_1_mineru\full.md,佛山市顺德区卓器有限公司,佛山市顺德区星电器有限新建项目,E:\软件\环评原始数据\顺德区批复\2021_2021_5113034_1.pdf,佛山市顺德区耐博电器有限公司,佛山市顺德区耐博电器有限公司搬迁扩建项 目,84.6,74.3,100.0,100.0,100.0,0.0,79.8,mismatch,company_not_strict_match
pair_05502,R00096,A02550,E:\软件\mineru_extracted\2023_2023年2月15日建设项目环境影响报告受理公告（容桂）_1_mineru\full.md,佛山市顺德区卓器有限公司,佛山市顺德区星电器有限新建项目,E:\软件\2023-2026年顺德批复文件\2021_2021_5113034_1.pdf,佛山市顺德区耐博电器有限公司,佛山市顺德区耐博电器有限公司搬迁扩建项 目,84.6,74.3,100.0,100.0,100.0,0.0,79.8,mismatch,company_not_strict_match
pair_05503,R01032,A02064,E:\软件\mineru_extracted\2026_2026年5月8日建设项目环境影响报告表受理公告（佛山市生态环境局顺德分局）_2_mineru\full.md,广东俊佳科技有限公司,广东俊佳科技有限公司迁改扩建项目,E:\软件\环评原始数据\顺德区批复\2025_佛环03环审〔2025〕258号佛山市生态环境局关于佛山市易达精密科技有限公司改扩建项目建设项目环境影响报告表的批复.pdf,佛山市易达精密科技有限公司,佛山市易 达精密科技有限公司改扩建项目建设项目,75.0,71.0,100.0,100.0,100.0,100.0,79.8,mismatch,company_not_strict_match
pair_05504,R01032,A04417,E:\软件\mineru_extracted\2026_2026年5月8日建设项目环境影响报告表受理公告（佛山市生态环境局顺德分局）_2_mineru\full.md,广东俊佳科技有限公司,广东俊佳科技有限公司迁改扩建项目,E:\软件\2023-2026年顺德批复文件\2025_佛环03环审〔2025〕258号佛山市生态环境局关于佛山市易达精密科技有限公司改扩建项目建设项目环境影响报告表的批复.pdf,佛山市易达精密科技有限公司,佛山市易 达精密科技有限公司改扩建项目建设项目,75.0,71.0,100.0,100.0,100.0,100.0,79.8,mismatch,company_not_strict_match
pair_05505,R01032,A04739,E:\软件\mineru_extracted\2026_2026年5月8日建设项目环境影响报告表受理公告（佛山市生态环境局顺德分局）_2_mineru\full.md,广东俊佳科技有限公司,广东俊佳科技有限公司迁改扩建项目,E:\软件\2023-2026年顺德批复文件\2026_佛环03环审〔2026〕5号佛山市生态环境局关于佛山拓球明新科技有限公司改扩建项目建设项目环境影响报告表的批复.pdf,佛山拓球明新科技有限公司,佛山拓球 明新科技有限公司改扩建项目建设项目,75.0,71.0,100.0,100.0,100.0,100.0,79.8,mismatch,company_not_strict_match
pair_05506,R00822,A00414,E:\软件\mineru_extracted\2025_2025年3月17日建设项目环境影响报告书（表）受理公告（佛山市生态环境局顺德分局）_5_mineru\full.md,广东尚研电科技股份有限公司,广东尚研电科技股份有限公司改扩建项目,E:\软件\环评原始数据\顺德区批复\2021_关于佛山市雪乐威制冷设备有限公司新建项目环境影响报告表的批复.pdf,广东京华新材料科技股份有限公司,广东京华新材料科技股份有限公司改扩建项 目,76.2,83.9,100.0,100.0,100.0,0.0,79.8,mismatch,company_not_strict_match
pair_05507,R00822,A02767,E:\软件\mineru_extracted\2025_2025年3月17日建设项目环境影响报告书（表）受理公告（佛山市生态环境局顺德分局）_5_mineru\full.md,广东尚研电科技股份有限公司,广东尚研电科技股份有限公司改扩建项目,E:\软件\2023-2026年顺德批复文件\2021_关于佛山市雪乐威制冷设备有限公司新建项目环境影响报告表的批复.pdf,广东京华新材料科技股份有限公司,广东京华新材料科技股份有限公司改扩建项 目,76.2,83.9,100.0,100.0,100.0,0.0,79.8,mismatch,company_not_strict_match
pair_05508,R00930,A03686,E:\软件\mineru_extracted\2026_2026年3月30日建设项目环境影响报告书（表）受理公告（北滘）_mineru\full.md,佛山市嘉吴阳新材料科技有限公司,佛山市嘉吴阳新材料科技有限公司新建项目,E:\软件\2023-2026年顺德批复文件\2024_佛山市生态环境局关于广东长珠新材料科技有限公司改扩建项目环境影响报告表的批复.pdf,广东长珠新材料科技有限公司,广东长珠 新材料科技有限公司改扩建项目,81.8,77.4,100.0,100.0,100.0,0.0,79.8,mismatch,company_not_strict_match
pair_05509,R00959,A01210,E:\软件\mineru_extracted\2026_2026年4月24日建设项目环境影响报告表受理公告（佛山市生态环境局顺德分局）_3_mineru\full.md,佛山市勤邦科技有限公司,佛山市勤邦科技有限公司新建项目,E:\软件\环评原始数据\顺德区批复\2023_山市生态环境局关于佛山市丰寻科技有限公司迁扩建项目环境影响报告表的批复.pdf,佛山市丰寻科技有限公司,佛山 市丰寻科技有限公司迁扩建项目,81.8,77.4,100.0,100.0,100.0,0.0,79.8,mismatch,company_not_strict_match
pair_05510,R00959,A03563,E:\软件\mineru_extracted\2026_2026年4月24日建设项目环境影响报告表受理公告（佛山市生态环境局顺德分局）_3_mineru\full.md,佛山市勤邦科技有限公司,佛山市勤邦科技有限公司新建项目,E:\软件\2023-2026年顺德批复文件\2023_山市生态环境局关于佛山市丰寻科技有限公司迁扩建项目环境影响报告表的批复.pdf,佛山市丰寻科技有限公司,佛山 市丰寻科技有限公司迁扩建项目,81.8,77.4,100.0,100.0,100.0,0.0,79.8,mismatch,company_not_strict_match
pair_05511,R01048,A00904,E:\软件\环评原始数据\顺德区受理报告\2021_2021年05月07日建设项目环境影响报告书（表）受理公告（龙江）_4791756.pdf,佛山市天斯五金有限公司,佛山市天斯五金有限公司迁扩建项目,E:\软件\环评原始数据\顺德区批复\2023_佛山市生态环境局关于佛山市越骏五金有限公司新建项目环境影响报告表的批复.pdf,佛山市越骏五金有限公司,佛山 市越骏五金有限公司新建项目,81.8,77.4,100.0,50.0,50.0,100.0,79.8,mismatch,company_not_strict_match;project_type_not_found_in_approval
pair_05512,R01048,A01931,E:\软件\环评原始数据\顺德区受理报告\2021_2021年05月07日建设项目环境影响报告书（表）受理公告（龙江）_4791756.pdf,佛山市天斯五金有限公司,佛山市天斯五金有限公司迁扩建项目,E:\软件\环评原始数据\顺德区批复\2025_佛环03环审〔2025〕129号.pdf,佛山市鸿祥五金有限公司,佛山市 鸿祥五金有限公司新建项目建设项目,81.8,77.4,100.0,50.0,50.0,100.0,79.8,mismatch,company_not_strict_match;project_type_not_found_in_approval
pair_05513,R01048,A02224,E:\软件\环评原始数据\顺德区受理报告\2021_2021年05月07日建设项目环境影响报告书（表）受理公告（龙江）_4791756.pdf,佛山市天斯五金有限公司,佛山市天斯五金有限公司迁扩建项目,E:\软件\环评原始数据\顺德区批复\2025_佛环03环审〔2025〕75号.pdf,佛山市吉铖五金有限公司,佛山 市吉铖五金有限公司新建项目建设项目,81.8,77.4,100.0,50.0,50.0,100.0,79.8,mismatch,company_not_strict_match;project_type_not_found_in_approval
pair_05514,R01048,A02347,E:\软件\环评原始数据\顺德区受理报告\2021_2021年05月07日建设项目环境影响报告书（表）受理公告（龙江）_4791756.pdf,佛山市天斯五金有限公司,佛山市天斯五金有限公司迁扩建项目,E:\软件\环评原始数据\顺德区批复\2026_佛环03环审〔2026〕22号佛山市生态环境局关于佛山市乾意五金有限公司建设项目建设项目环境影响报告表的批复.pdf,佛山市乾意五金有限公司,佛 山市乾意五金有限公司建设项目建设项目,81.8,77.4,100.0,50.0,50.0,100.0,79.8,mismatch,company_not_strict_match;project_type_not_found_in_approval
pair_05515,R01048,A03257,E:\软件\环评原始数据\顺德区受理报告\2021_2021年05月07日建设项目环境影响报告书（表）受理公告（龙江）_4791756.pdf,佛山市天斯五金有限公司,佛山市天斯五金有限公司迁扩建项目,E:\软件\2023-2026年顺德批复文件\2023_佛山市生态环境局关于佛山市越骏五金有限公司新建项目环境影响报告表的批复.pdf,佛山市越骏五金有限公司,佛山 市越骏五金有限公司新建项目,81.8,77.4,100.0,50.0,50.0,100.0,79.8,mismatch,company_not_strict_match;project_type_not_found_in_approval
pair_05516,R01048,A04284,E:\软件\环评原始数据\顺德区受理报告\2021_2021年05月07日建设项目环境影响报告书（表）受理公告（龙江）_4791756.pdf,佛山市天斯五金有限公司,佛山市天斯五金有限公司迁扩建项目,E:\软件\2023-2026年顺德批复文件\2025_佛环03环审〔2025〕129号.pdf,佛山市鸿祥五金有限公司,佛山市 鸿祥五金有限公司新建项目建设项目,81.8,77.4,100.0,50.0,50.0,100.0,79.8,mismatch,company_not_strict_match;project_type_not_found_in_approval
pair_05517,R01048,A04577,E:\软件\环评原始数据\顺德区受理报告\2021_2021年05月07日建设项目环境影响报告书（表）受理公告（龙江）_4791756.pdf,佛山市天斯五金有限公司,佛山市天斯五金有限公司迁扩建项目,E:\软件\2023-2026年顺德批复文件\2025_佛环03环审〔2025〕75号.pdf,佛山市吉铖五金有限公司,佛山 市吉铖五金有限公司新建项目建设项目,81.8,77.4,100.0,50.0,50.0,100.0,79.8,mismatch,company_not_strict_match;project_type_not_found_in_approval
pair_05518,R01048,A04700,E:\软件\环评原始数据\顺德区受理报告\2021_2021年05月07日建设项目环境影响报告书（表）受理公告（龙江）_4791756.pdf,佛山市天斯五金有限公司,佛山市天斯五金有限公司迁扩建项目,E:\软件\2023-2026年顺德批复文件\2026_佛环03环审〔2026〕22号佛山市生态环境局关于佛山市乾意五金有限公司建设项目建设项目环境影响报告表的批复.pdf,佛山市乾意五金有限公司,佛 山市乾意五金有限公司建设项目建设项目,81.8,77.4,100.0,50.0,50.0,100.0,79.8,mismatch,company_not_strict_match;project_type_not_found_in_approval
pair_05519,R01051,A00904,E:\软件\环评原始数据\顺德区受理报告\2021_2021年06月07日建设项目环境影响报告书（表）受理公告（龙江）_4840533.pdf,佛山市天斯五金有限公司,佛山市天斯五金有限公司迁扩建项目,E:\软件\环评原始数据\顺德区批复\2023_佛山市生态环境局关于佛山市越骏五金有限公司新建项目环境影响报告表的批复.pdf,佛山市越骏五金有限公司,佛山 市越骏五金有限公司新建项目,81.8,77.4,100.0,50.0,50.0,100.0,79.8,mismatch,company_not_strict_match;project_type_not_found_in_approval
pair_05520,R01051,A01931,E:\软件\环评原始数据\顺德区受理报告\2021_2021年06月07日建设项目环境影响报告书（表）受理公告（龙江）_4840533.pdf,佛山市天斯五金有限公司,佛山市天斯五金有限公司迁扩建项目,E:\软件\环评原始数据\顺德区批复\2025_佛环03环审〔2025〕129号.pdf,佛山市鸿祥五金有限公司,佛山市 鸿祥五金有限公司新建项目建设项目,81.8,77.4,100.0,50.0,50.0,100.0,79.8,mismatch,company_not_strict_match;project_type_not_found_in_approval
pair_05521,R01051,A02224,E:\软件\环评原始数据\顺德区受理报告\2021_2021年06月07日建设项目环境影响报告书（表）受理公告（龙江）_4840533.pdf,佛山市天斯五金有限公司,佛山市天斯五金有限公司迁扩建项目,E:\软件\环评原始数据\顺德区批复\2025_佛环03环审〔2025〕75号.pdf,佛山市吉铖五金有限公司,佛山 市吉铖五金有限公司新建项目建设项目,81.8,77.4,100.0,50.0,50.0,100.0,79.8,mismatch,company_not_strict_match;project_type_not_found_in_approval
pair_05522,R01051,A02347,E:\软件\环评原始数据\顺德区受理报告\2021_2021年06月07日建设项目环境影响报告书（表）受理公告（龙江）_4840533.pdf,佛山市天斯五金有限公司,佛山市天斯五金有限公司迁扩建项目,E:\软件\环评原始数据\顺德区批复\2026_佛环03环审〔2026〕22号佛山市生态环境局关于佛山市乾意五金有限公司建设项目建设项目环境影响报告表的批复.pdf,佛山市乾意五金有限公司,佛 山市乾意五金有限公司建设项目建设项目,81.8,77.4,100.0,50.0,50.0,100.0,79.8,mismatch,company_not_strict_match;project_type_not_found_in_approval
pair_05523,R01051,A03257,E:\软件\环评原始数据\顺德区受理报告\2021_2021年06月07日建设项目环境影响报告书（表）受理公告（龙江）_4840533.pdf,佛山市天斯五金有限公司,佛山市天斯五金有限公司迁扩建项目,E:\软件\2023-2026年顺德批复文件\2023_佛山市生态环境局关于佛山市越骏五金有限公司新建项目环境影响报告表的批复.pdf,佛山市越骏五金有限公司,佛山 市越骏五金有限公司新建项目,81.8,77.4,100.0,50.0,50.0,100.0,79.8,mismatch,company_not_strict_match;project_type_not_found_in_approval
pair_05524,R01051,A04284,E:\软件\环评原始数据\顺德区受理报告\2021_2021年06月07日建设项目环境影响报告书（表）受理公告（龙江）_4840533.pdf,佛山市天斯五金有限公司,佛山市天斯五金有限公司迁扩建项目,E:\软件\2023-2026年顺德批复文件\2025_佛环03环审〔2025〕129号.pdf,佛山市鸿祥五金有限公司,佛山市 鸿祥五金有限公司新建项目建设项目,81.8,77.4,100.0,50.0,50.0,100.0,79.8,mismatch,company_not_strict_match;project_type_not_found_in_approval
pair_05525,R01051,A04577,E:\软件\环评原始数据\顺德区受理报告\2021_2021年06月07日建设项目环境影响报告书（表）受理公告（龙江）_4840533.pdf,佛山市天斯五金有限公司,佛山市天斯五金有限公司迁扩建项目,E:\软件\2023-2026年顺德批复文件\2025_佛环03环审〔2025〕75号.pdf,佛山市吉铖五金有限公司,佛山 市吉铖五金有限公司新建项目建设项目,81.8,77.4,100.0,50.0,50.0,100.0,79.8,mismatch,company_not_strict_match;project_type_not_found_in_approval
pair_05526,R01051,A04700,E:\软件\环评原始数据\顺德区受理报告\2021_2021年06月07日建设项目环境影响报告书（表）受理公告（龙江）_4840533.pdf,佛山市天斯五金有限公司,佛山市天斯五金有限公司迁扩建项目,E:\软件\2023-2026年顺德批复文件\2026_佛环03环审〔2026〕22号佛山市生态环境局关于佛山市乾意五金有限公司建设项目建设项目环境影响报告表的批复.pdf,佛山市乾意五金有限公司,佛 山市乾意五金有限公司建设项目建设项目,81.8,77.4,100.0,50.0,50.0,100.0,79.8,mismatch,company_not_strict_match;project_type_not_found_in_approval
pair_05527,R01052,A00904,E:\软件\环评原始数据\顺德区受理报告\2021_2021年06月07日建设项目环境影响报告书（表）受理公告（龙江）_4840533.pdf.pdf,佛山市天斯五金有限公司,佛山市天斯五金有限公司迁扩建项目,E:\软件\环评原始数据\顺德区批复\2023_佛山市生态环境局关于佛山市越骏五金有限公司新建项目环境影响报告表的批复.pdf,佛山市越骏五金有限公司,佛山 市越骏五金有限公司新建项目,81.8,77.4,100.0,50.0,50.0,100.0,79.8,mismatch,company_not_strict_match;project_type_not_found_in_approval
pair_05528,R01052,A01931,E:\软件\环评原始数据\顺德区受理报告\2021_2021年06月07日建设项目环境影响报告书（表）受理公告（龙江）_4840533.pdf.pdf,佛山市天斯五金有限公司,佛山市天斯五金有限公司迁扩建项目,E:\软件\环评原始数据\顺德区批复\2025_佛环03环审〔2025〕129号.pdf,佛山市鸿祥五金有限公司,佛山市 鸿祥五金有限公司新建项目建设项目,81.8,77.4,100.0,50.0,50.0,100.0,79.8,mismatch,company_not_strict_match;project_type_not_found_in_approval
pair_05529,R01052,A02224,E:\软件\环评原始数据\顺德区受理报告\2021_2021年06月07日建设项目环境影响报告书（表）受理公告（龙江）_4840533.pdf.pdf,佛山市天斯五金有限公司,佛山市天斯五金有限公司迁扩建项目,E:\软件\环评原始数据\顺德区批复\2025_佛环03环审〔2025〕75号.pdf,佛山市吉铖五金有限公司,佛山 市吉铖五金有限公司新建项目建设项目,81.8,77.4,100.0,50.0,50.0,100.0,79.8,mismatch,company_not_strict_match;project_type_not_found_in_approval
pair_05530,R01052,A02347,E:\软件\环评原始数据\顺德区受理报告\2021_2021年06月07日建设项目环境影响报告书（表）受理公告（龙江）_4840533.pdf.pdf,佛山市天斯五金有限公司,佛山市天斯五金有限公司迁扩建项目,E:\软件\环评原始数据\顺德区批复\2026_佛环03环审〔2026〕22号佛山市生态环境局关于佛山市乾意五金有限公司建设项目建设项目环境影响报告表的批复.pdf,佛山市乾意五金有限公司,佛 山市乾意五金有限公司建设项目建设项目,81.8,77.4,100.0,50.0,50.0,100.0,79.8,mismatch,company_not_strict_match;project_type_not_found_in_approval
pair_05531,R01052,A03257,E:\软件\环评原始数据\顺德区受理报告\2021_2021年06月07日建设项目环境影响报告书（表）受理公告（龙江）_4840533.pdf.pdf,佛山市天斯五金有限公司,佛山市天斯五金有限公司迁扩建项目,E:\软件\2023-2026年顺德批复文件\2023_佛山市生态环境局关于佛山市越骏五金有限公司新建项目环境影响报告表的批复.pdf,佛山市越骏五金有限公司,佛山 市越骏五金有限公司新建项目,81.8,77.4,100.0,50.0,50.0,100.0,79.8,mismatch,company_not_strict_match;project_type_not_found_in_approval
pair_05532,R01052,A04284,E:\软件\环评原始数据\顺德区受理报告\2021_2021年06月07日建设项目环境影响报告书（表）受理公告（龙江）_4840533.pdf.pdf,佛山市天斯五金有限公司,佛山市天斯五金有限公司迁扩建项目,E:\软件\2023-2026年顺德批复文件\2025_佛环03环审〔2025〕129号.pdf,佛山市鸿祥五金有限公司,佛山市 鸿祥五金有限公司新建项目建设项目,81.8,77.4,100.0,50.0,50.0,100.0,79.8,mismatch,company_not_strict_match;project_type_not_found_in_approval
pair_05533,R01052,A04577,E:\软件\环评原始数据\顺德区受理报告\2021_2021年06月07日建设项目环境影响报告书（表）受理公告（龙江）_4840533.pdf.pdf,佛山市天斯五金有限公司,佛山市天斯五金有限公司迁扩建项目,E:\软件\2023-2026年顺德批复文件\2025_佛环03环审〔2025〕75号.pdf,佛山市吉铖五金有限公司,佛山 市吉铖五金有限公司新建项目建设项目,81.8,77.4,100.0,50.0,50.0,100.0,79.8,mismatch,company_not_strict_match;project_type_not_found_in_approval
pair_05534,R01052,A04700,E:\软件\环评原始数据\顺德区受理报告\2021_2021年06月07日建设项目环境影响报告书（表）受理公告（龙江）_4840533.pdf.pdf,佛山市天斯五金有限公司,佛山市天斯五金有限公司迁扩建项目,E:\软件\2023-2026年顺德批复文件\2026_佛环03环审〔2026〕22号佛山市生态环境局关于佛山市乾意五金有限公司建设项目建设项目环境影响报告表的批复.pdf,佛山市乾意五金有限公司,佛 山市乾意五金有限公司建设项目建设项目,81.8,77.4,100.0,50.0,50.0,100.0,79.8,mismatch,company_not_strict_match;project_type_not_found_in_approval
pair_05535,R01089,A00904,E:\软件\环评原始数据\顺德区受理报告\2021_2021年3月24日建设项目环境影响报告书（表）受理公告（龙江）_4743883.pdf,佛山市天斯五金有限公司,佛山市天斯五金有限公司迁扩建项目,E:\软件\环评原始数据\顺德区批复\2023_佛山市生态环境局关于佛山市越骏五金有限公司新建项目环境影响报告表的批复.pdf,佛山市越骏五金有限公司,佛山 市越骏五金有限公司新建项目,81.8,77.4,100.0,50.0,50.0,100.0,79.8,mismatch,company_not_strict_match;project_type_not_found_in_approval
pair_05536,R01089,A01931,E:\软件\环评原始数据\顺德区受理报告\2021_2021年3月24日建设项目环境影响报告书（表）受理公告（龙江）_4743883.pdf,佛山市天斯五金有限公司,佛山市天斯五金有限公司迁扩建项目,E:\软件\环评原始数据\顺德区批复\2025_佛环03环审〔2025〕129号.pdf,佛山市鸿祥五金有限公司,佛山市 鸿祥五金有限公司新建项目建设项目,81.8,77.4,100.0,50.0,50.0,100.0,79.8,mismatch,company_not_strict_match;project_type_not_found_in_approval
pair_05537,R01089,A02224,E:\软件\环评原始数据\顺德区受理报告\2021_2021年3月24日建设项目环境影响报告书（表）受理公告（龙江）_4743883.pdf,佛山市天斯五金有限公司,佛山市天斯五金有限公司迁扩建项目,E:\软件\环评原始数据\顺德区批复\2025_佛环03环审〔2025〕75号.pdf,佛山市吉铖五金有限公司,佛山 市吉铖五金有限公司新建项目建设项目,81.8,77.4,100.0,50.0,50.0,100.0,79.8,mismatch,company_not_strict_match;project_type_not_found_in_approval
pair_05538,R01089,A02347,E:\软件\环评原始数据\顺德区受理报告\2021_2021年3月24日建设项目环境影响报告书（表）受理公告（龙江）_4743883.pdf,佛山市天斯五金有限公司,佛山市天斯五金有限公司迁扩建项目,E:\软件\环评原始数据\顺德区批复\2026_佛环03环审〔2026〕22号佛山市生态环境局关于佛山市乾意五金有限公司建设项目建设项目环境影响报告表的批复.pdf,佛山市乾意五金有限公司,佛 山市乾意五金有限公司建设项目建设项目,81.8,77.4,100.0,50.0,50.0,100.0,79.8,mismatch,company_not_strict_match;project_type_not_found_in_approval
pair_05539,R01089,A03257,E:\软件\环评原始数据\顺德区受理报告\2021_2021年3月24日建设项目环境影响报告书（表）受理公告（龙江）_4743883.pdf,佛山市天斯五金有限公司,佛山市天斯五金有限公司迁扩建项目,E:\软件\2023-2026年顺德批复文件\2023_佛山市生态环境局关于佛山市越骏五金有限公司新建项目环境影响报告表的批复.pdf,佛山市越骏五金有限公司,佛山 市越骏五金有限公司新建项目,81.8,77.4,100.0,50.0,50.0,100.0,79.8,mismatch,company_not_strict_match;project_type_not_found_in_approval
pair_05540,R01089,A04284,E:\软件\环评原始数据\顺德区受理报告\2021_2021年3月24日建设项目环境影响报告书（表）受理公告（龙江）_4743883.pdf,佛山市天斯五金有限公司,佛山市天斯五金有限公司迁扩建项目,E:\软件\2023-2026年顺德批复文件\2025_佛环03环审〔2025〕129号.pdf,佛山市鸿祥五金有限公司,佛山市 鸿祥五金有限公司新建项目建设项目,81.8,77.4,100.0,50.0,50.0,100.0,79.8,mismatch,company_not_strict_match;project_type_not_found_in_approval
pair_05541,R01089,A04577,E:\软件\环评原始数据\顺德区受理报告\2021_2021年3月24日建设项目环境影响报告书（表）受理公告（龙江）_4743883.pdf,佛山市天斯五金有限公司,佛山市天斯五金有限公司迁扩建项目,E:\软件\2023-2026年顺德批复文件\2025_佛环03环审〔2025〕75号.pdf,佛山市吉铖五金有限公司,佛山 市吉铖五金有限公司新建项目建设项目,81.8,77.4,100.0,50.0,50.0,100.0,79.8,mismatch,company_not_strict_match;project_type_not_found_in_approval
pair_05542,R01089,A04700,E:\软件\环评原始数据\顺德区受理报告\2021_2021年3月24日建设项目环境影响报告书（表）受理公告（龙江）_4743883.pdf,佛山市天斯五金有限公司,佛山市天斯五金有限公司迁扩建项目,E:\软件\2023-2026年顺德批复文件\2026_佛环03环审〔2026〕22号佛山市生态环境局关于佛山市乾意五金有限公司建设项目建设项目环境影响报告表的批复.pdf,佛山市乾意五金有限公司,佛 山市乾意五金有限公司建设项目建设项目,81.8,77.4,100.0,50.0,50.0,100.0,79.8,mismatch,company_not_strict_match;project_type_not_found_in_approval
pair_05543,R01090,A00904,E:\软件\环评原始数据\顺德区受理报告\2021_2021年3月24日建设项目环境影响报告书（表）受理公告（龙江）_4743883.pdf.pdf,佛山市天斯五金有限公司,佛山市天斯五金有限公司迁扩建项目,E:\软件\环评原始数据\顺德区批复\2023_佛山市生态环境局关于佛山市越骏五金有限公司新建项目环境影响报告表的批复.pdf,佛山市越骏五金有限公司,佛山 市越骏五金有限公司新建项目,81.8,77.4,100.0,50.0,50.0,100.0,79.8,mismatch,company_not_strict_match;project_type_not_found_in_approval
pair_05544,R01090,A01931,E:\软件\环评原始数据\顺德区受理报告\2021_2021年3月24日建设项目环境影响报告书（表）受理公告（龙江）_4743883.pdf.pdf,佛山市天斯五金有限公司,佛山市天斯五金有限公司迁扩建项目,E:\软件\环评原始数据\顺德区批复\2025_佛环03环审〔2025〕129号.pdf,佛山市鸿祥五金有限公司,佛山市 鸿祥五金有限公司新建项目建设项目,81.8,77.4,100.0,50.0,50.0,100.0,79.8,mismatch,company_not_strict_match;project_type_not_found_in_approval
pair_05545,R01090,A02224,E:\软件\环评原始数据\顺德区受理报告\2021_2021年3月24日建设项目环境影响报告书（表）受理公告（龙江）_4743883.pdf.pdf,佛山市天斯五金有限公司,佛山市天斯五金有限公司迁扩建项目,E:\软件\环评原始数据\顺德区批复\2025_佛环03环审〔2025〕75号.pdf,佛山市吉铖五金有限公司,佛山 市吉铖五金有限公司新建项目建设项目,81.8,77.4,100.0,50.0,50.0,100.0,79.8,mismatch,company_not_strict_match;project_type_not_found_in_approval
pair_05546,R01090,A02347,E:\软件\环评原始数据\顺德区受理报告\2021_2021年3月24日建设项目环境影响报告书（表）受理公告（龙江）_4743883.pdf.pdf,佛山市天斯五金有限公司,佛山市天斯五金有限公司迁扩建项目,E:\软件\环评原始数据\顺德区批复\2026_佛环03环审〔2026〕22号佛山市生态环境局关于佛山市乾意五金有限公司建设项目建设项目环境影响报告表的批复.pdf,佛山市乾意五金有限公司,佛 山市乾意五金有限公司建设项目建设项目,81.8,77.4,100.0,50.0,50.0,100.0,79.8,mismatch,company_not_strict_match;project_type_not_found_in_approval
pair_05547,R01090,A03257,E:\软件\环评原始数据\顺德区受理报告\2021_2021年3月24日建设项目环境影响报告书（表）受理公告（龙江）_4743883.pdf.pdf,佛山市天斯五金有限公司,佛山市天斯五金有限公司迁扩建项目,E:\软件\2023-2026年顺德批复文件\2023_佛山市生态环境局关于佛山市越骏五金有限公司新建项目环境影响报告表的批复.pdf,佛山市越骏五金有限公司,佛山 市越骏五金有限公司新建项目,81.8,77.4,100.0,50.0,50.0,100.0,79.8,mismatch,company_not_strict_match;project_type_not_found_in_approval
pair_05548,R01090,A04284,E:\软件\环评原始数据\顺德区受理报告\2021_2021年3月24日建设项目环境影响报告书（表）受理公告（龙江）_4743883.pdf.pdf,佛山市天斯五金有限公司,佛山市天斯五金有限公司迁扩建项目,E:\软件\2023-2026年顺德批复文件\2025_佛环03环审〔2025〕129号.pdf,佛山市鸿祥五金有限公司,佛山市 鸿祥五金有限公司新建项目建设项目,81.8,77.4,100.0,50.0,50.0,100.0,79.8,mismatch,company_not_strict_match;project_type_not_found_in_approval
pair_05549,R01090,A04577,E:\软件\环评原始数据\顺德区受理报告\2021_2021年3月24日建设项目环境影响报告书（表）受理公告（龙江）_4743883.pdf.pdf,佛山市天斯五金有限公司,佛山市天斯五金有限公司迁扩建项目,E:\软件\2023-2026年顺德批复文件\2025_佛环03环审〔2025〕75号.pdf,佛山市吉铖五金有限公司,佛山 市吉铖五金有限公司新建项目建设项目,81.8,77.4,100.0,50.0,50.0,100.0,79.8,mismatch,company_not_strict_match;project_type_not_found_in_approval
pair_05550,R01090,A04700,E:\软件\环评原始数据\顺德区受理报告\2021_2021年3月24日建设项目环境影响报告书（表）受理公告（龙江）_4743883.pdf.pdf,佛山市天斯五金有限公司,佛山市天斯五金有限公司迁扩建项目,E:\软件\2023-2026年顺德批复文件\2026_佛环03环审〔2026〕22号佛山市生态环境局关于佛山市乾意五金有限公司建设项目建设项目环境影响报告表的批复.pdf,佛山市乾意五金有限公司,佛 山市乾意五金有限公司建设项目建设项目,81.8,77.4,100.0,50.0,50.0,100.0,79.8,mismatch,company_not_strict_match;project_type_not_found_in_approval
pair_05551,R00337,A01579,E:\软件\mineru_extracted\2024_2024年10月23日建设项目环境影响报告书（表）受理公告（佛山市生态环境局顺德分局）_2_mineru\full.md,佛出市菲悦智能新材料科技有限公司,佛出市菲悦智能新材料科技有限公司新建项目,E:\软件\环评原始数据\顺德区批复\2024_佛环03环审〔2024〕278号.pdf,广东承启新材料科技有限公司,广东承 启新材料科技有限公司新建项目建设项目,81.8,70.3,100.0,50.0,100.0,100.0,79.8,mismatch,company_not_strict_match;project_type_not_found_in_approval
pair_05552,R00337,A01608,E:\软件\mineru_extracted\2024_2024年10月23日建设项目环境影响报告书（表）受理公告（佛山市生态环境局顺德分局）_2_mineru\full.md,佛出市菲悦智能新材料科技有限公司,佛出市菲悦智能新材料科技有限公司新建项目,E:\软件\环评原始数据\顺德区批复\2024_佛环03环审〔2024〕308号.pdf,广东玖誉新材料科技有限公司,广东 玖誉新材料科技有限公司新建项目建设项目,81.8,70.3,100.0,50.0,100.0,100.0,79.8,mismatch,company_not_strict_match;project_type_not_found_in_approval
pair_05553,R00337,A01987,E:\软件\mineru_extracted\2024_2024年10月23日建设项目环境影响报告书（表）受理公告（佛山市生态环境局顺德分局）_2_mineru\full.md,佛出市菲悦智能新材料科技有限公司,佛出市菲悦智能新材料科技有限公司新建项目,E:\软件\环评原始数据\顺德区批复\2025_佛环03环审〔2025〕186号佛山市生态环境局关于广东赛那新材料科技有限公司新建项目建设项目环境影响报告表的批复.pdf,广东赛那新材料科技有限公司,广东赛那 新材料科技有限公司新建项目建设项目,81.8,70.3,100.0,50.0,100.0,100.0,79.8,mismatch,company_not_strict_match;project_type_not_found_in_approval
pair_05554,R00337,A02175,E:\软件\mineru_extracted\2024_2024年10月23日建设项目环境影响报告书（表）受理公告（佛山市生态环境局顺德分局）_2_mineru\full.md,佛出市菲悦智能新材料科技有限公司,佛出市菲悦智能新材料科技有限公司新建项目,E:\软件\环评原始数据\顺德区批复\2025_佛环03环审〔2025〕370号佛山市生态环境局关于华先（广东）新材料科技有限公司新建项目建设项目环境影响报告表的批复.pdf,华先（广东）新材料科技有限公司,华先（广 东）新材料科技有限公司新建项目建设项目,81.8,70.3,100.0,50.0,100.0,100.0,79.8,mismatch,company_not_strict_match;project_type_not_found_in_approval
pair_05555,R00337,A03932,E:\软件\mineru_extracted\2024_2024年10月23日建设项目环境影响报告书（表）受理公告（佛山市生态环境局顺德分局）_2_mineru\full.md,佛出市菲悦智能新材料科技有限公司,佛出市菲悦智能新材料科技有限公司新建项目,E:\软件\2023-2026年顺德批复文件\2024_佛环03环审〔2024〕278号.pdf,广东承启新材料科技有限公司,广东承 启新材料科技有限公司新建项目建设项目,81.8,70.3,100.0,50.0,100.0,100.0,79.8,mismatch,company_not_strict_match;project_type_not_found_in_approval
pair_05556,R00337,A03961,E:\软件\mineru_extracted\2024_2024年10月23日建设项目环境影响报告书（表）受理公告（佛山市生态环境局顺德分局）_2_mineru\full.md,佛出市菲悦智能新材料科技有限公司,佛出市菲悦智能新材料科技有限公司新建项目,E:\软件\2023-2026年顺德批复文件\2024_佛环03环审〔2024〕308号.pdf,广东玖誉新材料科技有限公司,广东 玖誉新材料科技有限公司新建项目建设项目,81.8,70.3,100.0,50.0,100.0,100.0,79.8,mismatch,company_not_strict_match;project_type_not_found_in_approval
pair_05557,R00337,A04340,E:\软件\mineru_extracted\2024_2024年10月23日建设项目环境影响报告书（表）受理公告（佛山市生态环境局顺德分局）_2_mineru\full.md,佛出市菲悦智能新材料科技有限公司,佛出市菲悦智能新材料科技有限公司新建项目,E:\软件\2023-2026年顺德批复文件\2025_佛环03环审〔2025〕186号佛山市生态环境局关于广东赛那新材料科技有限公司新建项目建设项目环境影响报告表的批复.pdf,广东赛那新材料科技有限公司,广东赛那 新材料科技有限公司新建项目建设项目,81.8,70.3,100.0,50.0,100.0,100.0,79.8,mismatch,company_not_strict_match;project_type_not_found_in_approval
pair_05558,R00337,A04528,E:\软件\mineru_extracted\2024_2024年10月23日建设项目环境影响报告书（表）受理公告（佛山市生态环境局顺德分局）_2_mineru\full.md,佛出市菲悦智能新材料科技有限公司,佛出市菲悦智能新材料科技有限公司新建项目,E:\软件\2023-2026年顺德批复文件\2025_佛环03环审〔2025〕370号佛山市生态环境局关于华先（广东）新材料科技有限公司新建项目建设项目环境影响报告表的批复.pdf,华先（广东）新材料科技有限公司,华先（广 东）新材料科技有限公司新建项目建设项目,81.8,70.3,100.0,50.0,100.0,100.0,79.8,mismatch,company_not_strict_match;project_type_not_found_in_approval
pair_05559,R00168,A00738,E:\软件\mineru_extracted\2023_2023年4月19日建设项目环境影响报告书（表）受理公告（佛山市生态环境局顺德分局）_mineru\full.md,市弘粤金属制品有限公司,佛山市弘粤金属制品有限,E:\软件\环评原始数据\顺德区批复\2022_佛环03环审〔2022〕92号.pdf,佛山市声宏金属制品有限公司,佛山市声宏金属制品有限公司建设项目建设 项目,84.2,81.8,100.0,50.0,100.0,0.0,79.8,mismatch,company_not_strict_match;project_type_not_found_in_approval
pair_05560,R00168,A03091,E:\软件\mineru_extracted\2023_2023年4月19日建设项目环境影响报告书（表）受理公告（佛山市生态环境局顺德分局）_mineru\full.md,市弘粤金属制品有限公司,佛山市弘粤金属制品有限,E:\软件\2023-2026年顺德批复文件\2022_佛环03环审〔2022〕92号.pdf,佛山市声宏金属制品有限公司,佛山市声宏金属制品有限公司建设项目建设 项目,84.2,81.8,100.0,50.0,100.0,0.0,79.8,mismatch,company_not_strict_match;project_type_not_found_in_approval
pair_05561,R01170,A00617,E:\软件\环评原始数据\顺德区受理报告\2022_2022年11月8日建设项目环境影响报告书（表）受理公告（龙江）_5439551.pdf,佛山市顺德区堉圣研磨材料有限公司,佛山市顺德区堉圣研磨材料有限公司扩建项目,E:\软件\环评原始数据\顺德区批复\2022_佛环0304环审〔2022〕114号  佛山市生态环境局关于佛山市顺德区艾克色新材料有限公司迁扩建项目环境影响报告表的批复.pdf,佛山市顺德区艾克色新材料有限公司,佛山市顺德区艾克色新材料有限公司迁扩建 项目,75.0,78.0,100.0,100.0,50.0,100.0,79.8,mismatch,company_not_strict_match
pair_05562,R01170,A00918,E:\软件\环评原始数据\顺德区受理报告\2022_2022年11月8日建设项目环境影响报告书（表）受理公告（龙江）_5439551.pdf,佛山市顺德区堉圣研磨材料有限公司,佛山市顺德区堉圣研磨材料有限公司扩建项目,E:\软件\环评原始数据\顺德区批复\2023_佛山市生态环境局关于佛山市顺德区康正卫生材料有限公司迁扩建项目环境影响报告表的批复.pdf,佛山市顺德区康正卫生材料有限公司,佛山市顺 德区康正卫生材料有限公司迁扩建项目,75.0,78.0,100.0,100.0,50.0,100.0,79.8,mismatch,company_not_strict_match
pair_05563,R01170,A02970,E:\软件\环评原始数据\顺德区受理报告\2022_2022年11月8日建设项目环境影响报告书（表）受理公告（龙江）_5439551.pdf,佛山市顺德区堉圣研磨材料有限公司,佛山市顺德区堉圣研磨材料有限公司扩建项目,E:\软件\2023-2026年顺德批复文件\2022_佛环0304环审〔2022〕114号  佛山市生态环境局关于佛山市顺德区艾克色新材料有限公司迁扩建项目环境影响报告表的批复.pdf,佛山市顺德区艾克色新材料有限公司,佛山市顺德区艾克色新材料有限公司迁扩建 项目,75.0,78.0,100.0,100.0,50.0,100.0,79.8,mismatch,company_not_strict_match
pair_05564,R01170,A03271,E:\软件\环评原始数据\顺德区受理报告\2022_2022年11月8日建设项目环境影响报告书（表）受理公告（龙江）_5439551.pdf,佛山市顺德区堉圣研磨材料有限公司,佛山市顺德区堉圣研磨材料有限公司扩建项目,E:\软件\2023-2026年顺德批复文件\2023_佛山市生态环境局关于佛山市顺德区康正卫生材料有限公司迁扩建项目环境影响报告表的批复.pdf,佛山市顺德区康正卫生材料有限公司,佛山市顺 德区康正卫生材料有限公司迁扩建项目,75.0,78.0,100.0,100.0,50.0,100.0,79.8,mismatch,company_not_strict_match
pair_05565,R00126,A01782,E:\软件\mineru_extracted\2023_2023年3月16日建设项目环境影响报告书（表）受理公告（均安）_mineru\full.md,佛山市德恒鑫塑料制品有限公司,佛山市德恒鑫塑料制品有限公司新建项目,E:\软件\环评原始数据\顺德区批复\2024_关于佛山市壹封塑料制品有限公司迁改建项目建设项目环境影响报告表的批复.pdf,佛山市壹封塑料制品有限公司,佛山市 壹封塑料制品有限公司迁改建项目建设项目,81.5,77.8,100.0,50.0,50.0,100.0,79.8,mismatch,company_not_strict_match;project_type_not_found_in_approval
pair_05566,R00126,A04135,E:\软件\mineru_extracted\2023_2023年3月16日建设项目环境影响报告书（表）受理公告（均安）_mineru\full.md,佛山市德恒鑫塑料制品有限公司,佛山市德恒鑫塑料制品有限公司新建项目,E:\软件\2023-2026年顺德批复文件\2024_关于佛山市壹封塑料制品有限公司迁改建项目建设项目环境影响报告表的批复.pdf,佛山市壹封塑料制品有限公司,佛山市 壹封塑料制品有限公司迁改建项目建设项目,81.5,77.8,100.0,50.0,50.0,100.0,79.8,mismatch,company_not_strict_match;project_type_not_found_in_approval
pair_05567,R00273,A03284,E:\软件\mineru_extracted\2023_2023年8月21日建设项目环境影响报告书（表）受理公告（北滘）_3_mineru\full.md,佛山市康承亿电器科技有限公司,佛山市康承亿电器科技有限公司新建项目,E:\软件\2023-2026年顺德批复文件\2023_佛山市生态环境局关于广东德美精细化工集团股份有限公司功能材料实验室建设项目环境影响报告表的批复.pdf,佛山市卓展电器科技有限公司,佛山 市卓展电器科技有限公司迁扩建项目,81.5,77.8,100.0,50.0,50.0,100.0,79.8,mismatch,company_not_strict_match;project_type_not_found_in_approval
pair_05568,R00273,A03870,E:\软件\mineru_extracted\2023_2023年8月21日建设项目环境影响报告书（表）受理公告（北滘）_3_mineru\full.md,佛山市康承亿电器科技有限公司,佛山市康承亿电器科技有限公司新建项目,E:\软件\2023-2026年顺德批复文件\2024_佛环03环审〔2024〕216号.pdf,佛山市宇纳电器科技有限公司,佛山市宇 纳电器科技有限公司迁扩建项目建设项目,81.5,77.8,100.0,50.0,50.0,100.0,79.8,mismatch,company_not_strict_match;project_type_not_found_in_approval
pair_05569,R00536,A02075,E:\软件\mineru_extracted\2024_2024年6月3日建设项目环境影响报告受理公告（大良）_2_mineru\full.md,佛山市浚钰源模具科技有限公司,佛山市浚钰源模具科技有限公司迁扩建项目,E:\软件\环评原始数据\顺德区批复\2025_佛环03环审〔2025〕269号佛山市生态环境局关于佛山市鼎卓模具科技有限公司新建项目建设项目环境影响报告表的批复.pdf,佛山市鼎卓模具科技有限公司,佛山市 鼎卓模具科技有限公司新建项目建设项目,81.5,77.8,100.0,50.0,50.0,100.0,79.8,mismatch,company_not_strict_match;project_type_not_found_in_approval
pair_05570,R00536,A04428,E:\软件\mineru_extracted\2024_2024年6月3日建设项目环境影响报告受理公告（大良）_2_mineru\full.md,佛山市浚钰源模具科技有限公司,佛山市浚钰源模具科技有限公司迁扩建项目,E:\软件\2023-2026年顺德批复文件\2025_佛环03环审〔2025〕269号佛山市生态环境局关于佛山市鼎卓模具科技有限公司新建项目建设项目环境影响报告表的批复.pdf,佛山市鼎卓模具科技有限公司,佛山市 鼎卓模具科技有限公司新建项目建设项目,81.5,77.8,100.0,50.0,50.0,100.0,79.8,mismatch,company_not_strict_match;project_type_not_found_in_approval
pair_05571,R00702,A01782,E:\软件\mineru_extracted\2024_2024年9月19日建设项目环境影响报告书（表）受理公告（佛山市生态环境局顺德分局）_1_mineru\full.md,佛山市坤琪玲塑料制品有限公司,佛山市坤琪玲塑料制品有限公司新建项目,E:\软件\环评原始数据\顺德区批复\2024_关于佛山市壹封塑料制品有限公司迁改建项目建设项目环境影响报告表的批复.pdf,佛山市壹封塑料制品有限公司,佛山市 壹封塑料制品有限公司迁改建项目建设项目,81.5,77.8,100.0,50.0,50.0,100.0,79.8,mismatch,company_not_strict_match;project_type_not_found_in_approval
pair_05572,R00702,A04135,E:\软件\mineru_extracted\2024_2024年9月19日建设项目环境影响报告书（表）受理公告（佛山市生态环境局顺德分局）_1_mineru\full.md,佛山市坤琪玲塑料制品有限公司,佛山市坤琪玲塑料制品有限公司新建项目,E:\软件\2023-2026年顺德批复文件\2024_关于佛山市壹封塑料制品有限公司迁改建项目建设项目环境影响报告表的批复.pdf,佛山市壹封塑料制品有限公司,佛山市 壹封塑料制品有限公司迁改建项目建设项目,81.5,77.8,100.0,50.0,50.0,100.0,79.8,mismatch,company_not_strict_match;project_type_not_found_in_approval
pair_05573,R00922,A01808,E:\软件\mineru_extracted\2026_2026年2月6日建设项目环境影响报告表受理公告（佛山市生态环境局顺德分局）_1_mineru\full.md,佛山市科泰鑫金属制品有限公司,佛山市科泰鑫金属制品有限公司新建项目,E:\软件\环评原始数据\顺德区批复\2025_佛山市生态环境局关于佛山市吉煌卓越五金制品有限公司新建项目建设项目环境影响报告表的批复.pdf,佛山市铂鸿金属制品有限公司,佛山市 铂鸿金属制品有限公司迁扩建项目建设项目,81.5,77.8,100.0,50.0,50.0,100.0,79.8,mismatch,company_not_strict_match;project_type_not_found_in_approval
pair_05574,R00922,A04161,E:\软件\mineru_extracted\2026_2026年2月6日建设项目环境影响报告表受理公告（佛山市生态环境局顺德分局）_1_mineru\full.md,佛山市科泰鑫金属制品有限公司,佛山市科泰鑫金属制品有限公司新建项目,E:\软件\2023-2026年顺德批复文件\2025_佛山市生态环境局关于佛山市吉煌卓越五金制品有限公司新建项目建设项目环境影响报告表的批复.pdf,佛山市铂鸿金属制品有限公司,佛山市 铂鸿金属制品有限公司迁扩建项目建设项目,81.5,77.8,100.0,50.0,50.0,100.0,79.8,mismatch,company_not_strict_match;project_type_not_found_in_approval
pair_05575,R01123,A00584,E:\软件\环评原始数据\顺德区受理报告\2021_2021年6月28日建设项目环境影响报告受理公告（大良）_4862881.pdf,广东粤美精密科技实业有限公司,广东粤美精密科技实业有限公司迁扩建项目,E:\软件\环评原始数据\顺德区批复\2022_佛山市生态环境局关于广东美的精密模具科技有限公司扩建项目环境影响报告表的批复.pdf,广东美的精密模具科技有限公司,广东美 的精密模具科技有限公司扩建项目,78.6,81.1,100.0,50.0,50.0,100.0,79.8,mismatch,company_not_strict_match;project_type_not_found_in_approval
pair_05576,R01123,A02937,E:\软件\环评原始数据\顺德区受理报告\2021_2021年6月28日建设项目环境影响报告受理公告（大良）_4862881.pdf,广东粤美精密科技实业有限公司,广东粤美精密科技实业有限公司迁扩建项目,E:\软件\2023-2026年顺德批复文件\2022_佛山市生态环境局关于广东美的精密模具科技有限公司扩建项目环境影响报告表的批复.pdf,广东美的精密模具科技有限公司,广东美 的精密模具科技有限公司扩建项目,78.6,81.1,100.0,50.0,50.0,100.0,79.8,mismatch,company_not_strict_match;project_type_not_found_in_approval
pair_05577,R01124,A00584,E:\软件\环评原始数据\顺德区受理报告\2021_2021年6月28日建设项目环境影响报告受理公告（大良）_4862881.pdf.pdf,广东粤美精密科技实业有限公司,广东粤美精密科技实业有限公司迁扩建项目,E:\软件\环评原始数据\顺德区批复\2022_佛山市生态环境局关于广东美的精密模具科技有限公司扩建项目环境影响报告表的批复.pdf,广东美的精密模具科技有限公司,广东美 的精密模具科技有限公司扩建项目,78.6,81.1,100.0,50.0,50.0,100.0,79.8,mismatch,company_not_strict_match;project_type_not_found_in_approval
pair_05578,R01124,A02937,E:\软件\环评原始数据\顺德区受理报告\2021_2021年6月28日建设项目环境影响报告受理公告（大良）_4862881.pdf.pdf,广东粤美精密科技实业有限公司,广东粤美精密科技实业有限公司迁扩建项目,E:\软件\2023-2026年顺德批复文件\2022_佛山市生态环境局关于广东美的精密模具科技有限公司扩建项目环境影响报告表的批复.pdf,广东美的精密模具科技有限公司,广东美 的精密模具科技有限公司扩建项目,78.6,81.1,100.0,50.0,50.0,100.0,79.8,mismatch,company_not_strict_match;project_type_not_found_in_approval
pair_05579,R00547,A01475,E:\软件\mineru_extracted\2024_2024年7月12日建设项目环境影响报告表受理公告（伦教）_2_mineru\full.md,佛山市塑料科技有限公司,佛山市天日塑料科技有限公宣迁扩建项目,E:\软件\环评原始数据\顺德区批复\2024_佛环03环审〔2024〕16号佛山市生态环境局关于佛山市合亨轩科技有限公司迁扩建项目环境影响报告表的批复.pdf,佛山市合亨轩科技有限公司,佛山市合亨轩科技有限公司迁扩建项目,78.3,74.3,100.0,100.0,50.0,100.0,79.8,mismatch,company_not_strict_match
pair_05580,R00547,A02131,E:\软件\mineru_extracted\2024_2024年7月12日建设项目环境影响报告表受理公告（伦教）_2_mineru\full.md,佛山市塑料科技有限公司,佛山市天日塑料科技有限公宣迁扩建项目,E:\软件\环评原始数据\顺德区批复\2025_佛环03环审〔2025〕327号佛山市生态环境局关于佛山市禾易盛科技有限公司迁扩建项目建设项目环境影响报告表的批复.pdf,佛山市禾易盛科技有限公司,佛山市禾 易盛科技有限公司迁扩建项目建设项目,78.3,74.3,100.0,100.0,50.0,100.0,79.8,mismatch,company_not_strict_match
pair_05581,R00547,A03828,E:\软件\mineru_extracted\2024_2024年7月12日建设项目环境影响报告表受理公告（伦教）_2_mineru\full.md,佛山市塑料科技有限公司,佛山市天日塑料科技有限公宣迁扩建项目,E:\软件\2023-2026年顺德批复文件\2024_佛环03环审〔2024〕16号佛山市生态环境局关于佛山市合亨轩科技有限公司迁扩建项目环境影响报告表的批复.pdf,佛山市合亨轩科技有限公司,佛山市合亨轩科技有限公司迁扩建项目,78.3,74.3,100.0,100.0,50.0,100.0,79.8,mismatch,company_not_strict_match
pair_05582,R00547,A04484,E:\软件\mineru_extracted\2024_2024年7月12日建设项目环境影响报告表受理公告（伦教）_2_mineru\full.md,佛山市塑料科技有限公司,佛山市天日塑料科技有限公宣迁扩建项目,E:\软件\2023-2026年顺德批复文件\2025_佛环03环审〔2025〕327号佛山市生态环境局关于佛山市禾易盛科技有限公司迁扩建项目建设项目环境影响报告表的批复.pdf,佛山市禾易盛科技有限公司,佛山市禾 易盛科技有限公司迁扩建项目建设项目,78.3,74.3,100.0,100.0,50.0,100.0,79.8,mismatch,company_not_strict_match
pair_05583,R00585,A02031,E:\软件\mineru_extracted\2024_2024年7月25日建设项目环境影响报告受理公告（大良）_1_mineru\full.md,佛山市力辉模具有限公司,佛山市力辉模具有限公司建设项目,E:\软件\环评原始数据\顺德区批复\2025_佛环03环审〔2025〕226号佛山市生态环境局关于佛山市同创顺模具有限公司新建项目建设项目环境影响报告表的批复.pdf,佛山市同创顺模具有限公司,佛山市同 创顺模具有限公司新建项目建设项目,78.3,74.3,100.0,50.0,100.0,100.0,79.8,mismatch,company_not_strict_match;project_type_not_found_in_approval
pair_05584,R00585,A04384,E:\软件\mineru_extracted\2024_2024年7月25日建设项目环境影响报告受理公告（大良）_1_mineru\full.md,佛山市力辉模具有限公司,佛山市力辉模具有限公司建设项目,E:\软件\2023-2026年顺德批复文件\2025_佛环03环审〔2025〕226号佛山市生态环境局关于佛山市同创顺模具有限公司新建项目建设项目环境影响报告表的批复.pdf,佛山市同创顺模具有限公司,佛山市同 创顺模具有限公司新建项目建设项目,78.3,74.3,100.0,50.0,100.0,100.0,79.8,mismatch,company_not_strict_match;project_type_not_found_in_approval
pair_05585,R00565,A02316,E:\软件\mineru_extracted\2024_2024年7月18日建设项目环境影响报告书（表）受理公告（佛山市生态环境局顺德分局）_9_mineru\full.md,佛山市顺德区谦迅盛塑料制品厂,佛山市顺德区谦迅盛塑料制品新建项目,E:\软件\环评原始数据\顺德区批复\2026_佛环03环审〔2026〕118号佛山市生态环境局关于佛山市顺德区汉荣塑料制品厂搬迁项目建设项目环境影响报告表的批复.pdf,佛山市顺德区汉荣塑料制品厂,佛山 市顺德区汉荣塑料制品厂搬迁项目建设项目,81.5,70.6,100.0,50.0,100.0,100.0,79.8,mismatch,company_not_strict_match;project_type_not_found_in_approval
pair_05586,R00565,A04669,E:\软件\mineru_extracted\2024_2024年7月18日建设项目环境影响报告书（表）受理公告（佛山市生态环境局顺德分局）_9_mineru\full.md,佛山市顺德区谦迅盛塑料制品厂,佛山市顺德区谦迅盛塑料制品新建项目,E:\软件\2023-2026年顺德批复文件\2026_佛环03环审〔2026〕118号佛山市生态环境局关于佛山市顺德区汉荣塑料制品厂搬迁项目建设项目环境影响报告表的批复.pdf,佛山市顺德区汉荣塑料制品厂,佛山 市顺德区汉荣塑料制品厂搬迁项目建设项目,81.5,70.6,100.0,50.0,100.0,100.0,79.8,mismatch,company_not_strict_match;project_type_not_found_in_approval
pair_05587,R00707,A00405,E:\软件\mineru_extracted\2024_2024年9月20日建设项目环境影响报告书（表）受理公告（龙江）_1_mineru\full.md,佛城明塑料制品有限公司,佛城明塑料制品有限公司新建项目,E:\软件\环评原始数据\顺德区批复\2021_关于佛山市昊腾达塑料制品有限公司新建项目环境影响报告表的批复.pdf,佛山市昊腾达塑料制品有限公司,佛山市昊腾达塑料制品有限公司新建项目,84.2,88.9,100.0,50.0,50.0,0.0,79.8,mismatch,company_not_strict_match;project_type_not_found_in_approval
pair_05588,R00707,A00534,E:\软件\mineru_extracted\2024_2024年9月20日建设项目环境影响报告书（表）受理公告（龙江）_1_mineru\full.md,佛城明塑料制品有限公司,佛城明塑料制品有限公司新建项目,E:\软件\环评原始数据\顺德区批复\2022_2022_5277025_2.pdf,佛山市工亮五金塑料制品有限公司,佛山市工亮五金塑料制品有限公司新建项目,84.2,88.9,100.0,50.0,50.0,0.0,79.8,mismatch,company_not_strict_match;project_type_not_found_in_approval
pair_05589,R00707,A00554,E:\软件\mineru_extracted\2024_2024年9月20日建设项目环境影响报告书（表）受理公告（龙江）_1_mineru\full.md,佛城明塑料制品有限公司,佛城明塑料制品有限公司新建项目,E:\软件\环评原始数据\顺德区批复\2022_2022_5448448_1.pdf,佛山市顺德区骋明五金塑料制品有限公司,佛山市顺德区骋明五金塑料制品有限公司 新建项目,84.2,88.9,100.0,50.0,50.0,0.0,79.8,mismatch,company_not_strict_match;project_type_not_found_in_approval
pair_05590,R00707,A00590,E:\软件\mineru_extracted\2024_2024年9月20日建设项目环境影响报告书（表）受理公告（龙江）_1_mineru\full.md,佛城明塑料制品有限公司,佛城明塑料制品有限公司新建项目,E:\软件\环评原始数据\顺德区批复\2022_佛山隆泳塑料制品有限公司新建项目环境影响报告表的批复.pdf,佛山隆泳塑料制品有限公司,佛 山隆泳塑料制品有限公司新建项目,84.2,88.9,100.0,50.0,50.0,0.0,79.8,mismatch,company_not_strict_match;project_type_not_found_in_approval
pair_05591,R00707,A00759,E:\软件\mineru_extracted\2024_2024年9月20日建设项目环境影响报告书（表）受理公告（龙江）_1_mineru\full.md,佛城明塑料制品有限公司,佛城明塑料制品有限公司新建项目,E:\软件\环评原始数据\顺德区批复\2022_公示佛山市生态环境局关于佛山市晶百康硅胶制品有限公司新建项目环境影响报告表的批复.pdf,佛山市华腾东宇塑料制品有限公司,佛山市华腾东宇塑料制品有限公司新建项目,84.2,88.9,100.0,50.0,50.0,0.0,79.8,mismatch,company_not_strict_match;project_type_not_found_in_approval
pair_05592,R00707,A00779,E:\软件\mineru_extracted\2024_2024年9月20日建设项目环境影响报告书（表）受理公告（龙江）_1_mineru\full.md,佛城明塑料制品有限公司,佛城明塑料制品有限公司新建项目,E:\软件\环评原始数据\顺德区批复\2022_关于佛山市亿展裕新材料科技有限公司新建项目环境影响报告表的批复.pdf,佛山市健腾塑料制品有限公司,佛山市健腾塑料制品有限公司新建项目,84.2,88.9,100.0,50.0,50.0,0.0,79.8,mismatch,company_not_strict_match;project_type_not_found_in_approval
pair_05593,R00707,A00822,E:\软件\mineru_extracted\2024_2024年9月20日建设项目环境影响报告书（表）受理公告（龙江）_1_mineru\full.md,佛城明塑料制品有限公司,佛城明塑料制品有限公司新建项目,E:\软件\环评原始数据\顺德区批复\2022_关于佛山市顺德区骏威宝金属制品有限公司搬迁改扩建项目环境影响报告表的批复.pdf,佛山市璟恒塑料制品有限公司,佛山 市璟恒塑料制品有限公司新建项目,84.2,88.9,100.0,50.0,50.0,0.0,79.8,mismatch,company_not_strict_match;project_type_not_found_in_approval
pair_05594,R00707,A00973,E:\软件\mineru_extracted\2024_2024年9月20日建设项目环境影响报告书（表）受理公告（龙江）_1_mineru\full.md,佛城明塑料制品有限公司,佛城明塑料制品有限公司新建项目,E:\软件\环评原始数据\顺德区批复\2023_佛环0305环审〔2023〕12号【佛山市顺德区新致成塑料制品有限公司新建项目】.pdf,佛山市顺德区新致成塑料制品有限公司,佛山市顺德区新致成塑料制品有限公司新建 项目,84.2,88.9,100.0,50.0,50.0,0.0,79.8,mismatch,company_not_strict_match;project_type_not_found_in_approval
pair_05595,R00707,A01015,E:\软件\mineru_extracted\2024_2024年9月20日建设项目环境影响报告书（表）受理公告（龙江）_1_mineru\full.md,佛城明塑料制品有限公司,佛城明塑料制品有限公司新建项目,E:\软件\环评原始数据\顺德区批复\2023_佛环0309环审〔2023〕9号（宏亮汇光）.pdf,佛山市宏亮汇光塑料制品有限公司,佛山市 宏亮汇光塑料制品有限公司新建项目,84.2,88.9,100.0,50.0,50.0,0.0,79.8,mismatch,company_not_strict_match;project_type_not_found_in_approval
pair_05596,R00707,A01025,E:\软件\mineru_extracted\2024_2024年9月20日建设项目环境影响报告书（表）受理公告（龙江）_1_mineru\full.md,佛城明塑料制品有限公司,佛城明塑料制品有限公司新建项目,E:\软件\环评原始数据\顺德区批复\2023_佛环03环审〔2023〕105号.pdf,佛山市中恒塑料制品有限公司,佛 山市中恒塑料制品有限公司新建项目,84.2,88.9,100.0,50.0,50.0,0.0,79.8,mismatch,company_not_strict_match;project_type_not_found_in_approval
pair_05597,R00707,A01204,E:\软件\mineru_extracted\2024_2024年9月20日建设项目环境影响报告书（表）受理公告（龙江）_1_mineru\full.md,佛城明塑料制品有限公司,佛城明塑料制品有限公司新建项目,E:\软件\环评原始数据\顺德区批复\2023_关于佛山市顺德区诚尔威塑料制品有限公司新建项目环境影响报告表的批复.pdf,佛山市顺德区诚尔威塑料制品有限公司,佛山市顺德区诚尔威塑料制品有限公司新 建项目,84.2,88.9,100.0,50.0,50.0,0.0,79.8,mismatch,company_not_strict_match;project_type_not_found_in_approval
pair_05598,R00707,A02758,E:\软件\mineru_extracted\2024_2024年9月20日建设项目环境影响报告书（表）受理公告（龙江）_1_mineru\full.md,佛城明塑料制品有限公司,佛城明塑料制品有限公司新建项目,E:\软件\2023-2026年顺德批复文件\2021_关于佛山市昊腾达塑料制品有限公司新建项目环境影响报告表的批复.pdf,佛山市昊腾达塑料制品有限公司,佛山市昊腾达塑料制品有限公司新建项目,84.2,88.9,100.0,50.0,50.0,0.0,79.8,mismatch,company_not_strict_match;project_type_not_found_in_approval
pair_05599,R00707,A02887,E:\软件\mineru_extracted\2024_2024年9月20日建设项目环境影响报告书（表）受理公告（龙江）_1_mineru\full.md,佛城明塑料制品有限公司,佛城明塑料制品有限公司新建项目,E:\软件\2023-2026年顺德批复文件\2022_2022_5277025_2.pdf,佛山市工亮五金塑料制品有限公司,佛山市工亮五金塑料制品有限公司新建项目,84.2,88.9,100.0,50.0,50.0,0.0,79.8,mismatch,company_not_strict_match;project_type_not_found_in_approval
pair_05600,R00707,A02907,E:\软件\mineru_extracted\2024_2024年9月20日建设项目环境影响报告书（表）受理公告（龙江）_1_mineru\full.md,佛城明塑料制品有限公司,佛城明塑料制品有限公司新建项目,E:\软件\2023-2026年顺德批复文件\2022_2022_5448448_1.pdf,佛山市顺德区骋明五金塑料制品有限公司,佛山市顺德区骋明五金塑料制品有限公司 新建项目,84.2,88.9,100.0,50.0,50.0,0.0,79.8,mismatch,company_not_strict_match;project_type_not_found_in_approval
pair_05601,R00707,A02943,E:\软件\mineru_extracted\2024_2024年9月20日建设项目环境影响报告书（表）受理公告（龙江）_1_mineru\full.md,佛城明塑料制品有限公司,佛城明塑料制品有限公司新建项目,E:\软件\2023-2026年顺德批复文件\2022_佛山隆泳塑料制品有限公司新建项目环境影响报告表的批复.pdf,佛山隆泳塑料制品有限公司,佛 山隆泳塑料制品有限公司新建项目,84.2,88.9,100.0,50.0,50.0,0.0,79.8,mismatch,company_not_strict_match;project_type_not_found_in_approval
pair_05602,R00707,A03112,E:\软件\mineru_extracted\2024_2024年9月20日建设项目环境影响报告书（表）受理公告（龙江）_1_mineru\full.md,佛城明塑料制品有限公司,佛城明塑料制品有限公司新建项目,E:\软件\2023-2026年顺德批复文件\2022_公示佛山市生态环境局关于佛山市晶百康硅胶制品有限公司新建项目环境影响报告表的批复.pdf,佛山市华腾东宇塑料制品有限公司,佛山市华腾东宇塑料制品有限公司新建项目,84.2,88.9,100.0,50.0,50.0,0.0,79.8,mismatch,company_not_strict_match;project_type_not_found_in_approval
pair_05603,R00707,A03132,E:\软件\mineru_extracted\2024_2024年9月20日建设项目环境影响报告书（表）受理公告（龙江）_1_mineru\full.md,佛城明塑料制品有限公司,佛城明塑料制品有限公司新建项目,E:\软件\2023-2026年顺德批复文件\2022_关于佛山市亿展裕新材料科技有限公司新建项目环境影响报告表的批复.pdf,佛山市健腾塑料制品有限公司,佛山市健腾塑料制品有限公司新建项目,84.2,88.9,100.0,50.0,50.0,0.0,79.8,mismatch,company_not_strict_match;project_type_not_found_in_approval
pair_05604,R00707,A03175,E:\软件\mineru_extracted\2024_2024年9月20日建设项目环境影响报告书（表）受理公告（龙江）_1_mineru\full.md,佛城明塑料制品有限公司,佛城明塑料制品有限公司新建项目,E:\软件\2023-2026年顺德批复文件\2022_关于佛山市顺德区骏威宝金属制品有限公司搬迁改扩建项目环境影响报告表的批复.pdf,佛山市璟恒塑料制品有限公司,佛山 市璟恒塑料制品有限公司新建项目,84.2,88.9,100.0,50.0,50.0,0.0,79.8,mismatch,company_not_strict_match;project_type_not_found_in_approval
pair_05605,R00707,A03326,E:\软件\mineru_extracted\2024_2024年9月20日建设项目环境影响报告书（表）受理公告（龙江）_1_mineru\full.md,佛城明塑料制品有限公司,佛城明塑料制品有限公司新建项目,E:\软件\2023-2026年顺德批复文件\2023_佛环0305环审〔2023〕12号【佛山市顺德区新致成塑料制品有限公司新建项目】.pdf,佛山市顺德区新致成塑料制品有限公司,佛山市顺德区新致成塑料制品有限公司新建 项目,84.2,88.9,100.0,50.0,50.0,0.0,79.8,mismatch,company_not_strict_match;project_type_not_found_in_approval
pair_05606,R00707,A03368,E:\软件\mineru_extracted\2024_2024年9月20日建设项目环境影响报告书（表）受理公告（龙江）_1_mineru\full.md,佛城明塑料制品有限公司,佛城明塑料制品有限公司新建项目,E:\软件\2023-2026年顺德批复文件\2023_佛环0309环审〔2023〕9号（宏亮汇光）.pdf,佛山市宏亮汇光塑料制品有限公司,佛山市 宏亮汇光塑料制品有限公司新建项目,84.2,88.9,100.0,50.0,50.0,0.0,79.8,mismatch,company_not_strict_match;project_type_not_found_in_approval
pair_05607,R00707,A03378,E:\软件\mineru_extracted\2024_2024年9月20日建设项目环境影响报告书（表）受理公告（龙江）_1_mineru\full.md,佛城明塑料制品有限公司,佛城明塑料制品有限公司新建项目,E:\软件\2023-2026年顺德批复文件\2023_佛环03环审〔2023〕105号.pdf,佛山市中恒塑料制品有限公司,佛 山市中恒塑料制品有限公司新建项目,84.2,88.9,100.0,50.0,50.0,0.0,79.8,mismatch,company_not_strict_match;project_type_not_found_in_approval
pair_05608,R00707,A03557,E:\软件\mineru_extracted\2024_2024年9月20日建设项目环境影响报告书（表）受理公告（龙江）_1_mineru\full.md,佛城明塑料制品有限公司,佛城明塑料制品有限公司新建项目,E:\软件\2023-2026年顺德批复文件\2023_关于佛山市顺德区诚尔威塑料制品有限公司新建项目环境影响报告表的批复.pdf,佛山市顺德区诚尔威塑料制品有限公司,佛山市顺德区诚尔威塑料制品有限公司新 建项目,84.2,88.9,100.0,50.0,50.0,0.0,79.8,mismatch,company_not_strict_match;project_type_not_found_in_approval
pair_05609,R00964,A02327,E:\软件\mineru_extracted\2026_2026年4月28日建设项目环境影响报告表受理公告（佛山市生态环境局顺德分局）_1_mineru\full.md,佛山市电器科技有限公司,佛山市宇一电器科技有限器稀车间新建项目,E:\软件\环评原始数据\顺德区批复\2026_佛环03环审〔2026〕128号佛山市生态环境局关于佛山市奥特龙电器科技有限公司新建项目建设项目环境影响报告表的批复.pdf,佛山市奥特龙电器科技有限公司,佛山市 奥特龙电器科技有限公司新建项目建设项目,88.0,70.3,100.0,50.0,50.0,100.0,79.8,mismatch,company_not_strict_match;project_type_not_found_in_approval
pair_05610,R00964,A04680,E:\软件\mineru_extracted\2026_2026年4月28日建设项目环境影响报告表受理公告（佛山市生态环境局顺德分局）_1_mineru\full.md,佛山市电器科技有限公司,佛山市宇一电器科技有限器稀车间新建项目,E:\软件\2023-2026年顺德批复文件\2026_佛环03环审〔2026〕128号佛山市生态环境局关于佛山市奥特龙电器科技有限公司新建项目建设项目环境影响报告表的批复.pdf,佛山市奥特龙电器科技有限公司,佛山市 奥特龙电器科技有限公司新建项目建设项目,88.0,70.3,100.0,50.0,50.0,100.0,79.8,mismatch,company_not_strict_match;project_type_not_found_in_approval
pair_05611,R00461,A01044,E:\软件\mineru_extracted\2024_2024年1月3日建设项目环境影响报告书（表）受理公告（佛山市生态环境局顺德分局）_2_mineru\full.md,（佛有限公司,宠享科技 （佛有限公司新建项目,E:\软件\环评原始数据\顺德区批复\2023_佛环03环审〔2023〕130号.pdf,佛山海懿材料技术有限公司,佛山海懿材料技术有限公司新建项目建设项 目,88.9,69.2,100.0,50.0,50.0,100.0,79.8,mismatch,company_not_strict_match;project_type_not_found_in_approval
pair_05612,R00461,A01054,E:\软件\mineru_extracted\2024_2024年1月3日建设项目环境影响报告书（表）受理公告（佛山市生态环境局顺德分局）_2_mineru\full.md,（佛有限公司,宠享科技 （佛有限公司新建项目,E:\软件\环评原始数据\顺德区批复\2023_佛环03环审〔2023〕143号.pdf,佛山市上科新材料有限公司,佛山市上科新材料有限公司新建项目建设项目,88.9,69.2,100.0,50.0,50.0,100.0,79.8,mismatch,company_not_strict_match;project_type_not_found_in_approval
pair_05613,R00461,A01094,E:\软件\mineru_extracted\2024_2024年1月3日建设项目环境影响报告书（表）受理公告（佛山市生态环境局顺德分局）_2_mineru\full.md,（佛有限公司,宠享科技 （佛有限公司新建项目,E:\软件\环评原始数据\顺德区批复\2023_佛环03环审〔2023〕2号.pdf,佛山市超科电器有限公司,佛山市超科电器有限公司新建项目建设项目,88.9,69.2,100.0,50.0,50.0,100.0,79.8,mismatch,company_not_strict_match;project_type_not_found_in_approval
pair_05614,R00461,A01096,E:\软件\mineru_extracted\2024_2024年1月3日建设项目环境影响报告书（表）受理公告（佛山市生态环境局顺德分局）_2_mineru\full.md,（佛有限公司,宠享科技 （佛有限公司新建项目,E:\软件\环评原始数据\顺德区批复\2023_佛环03环审〔2023〕31号.pdf,佛山泓盛达电路技术有限公司,佛山泓盛达电路技术有限公司新建项目建设 项目,88.9,69.2,100.0,50.0,50.0,100.0,79.8,mismatch,company_not_strict_match;project_type_not_found_in_approval
pair_05615,R00461,A01098,E:\软件\mineru_extracted\2024_2024年1月3日建设项目环境影响报告书（表）受理公告（佛山市生态环境局顺德分局）_2_mineru\full.md,（佛有限公司,宠享科技 （佛有限公司新建项目,E:\软件\环评原始数据\顺德区批复\2023_佛环03环审〔2023〕34号.pdf,广东晶宸新材料科技有限公司,广东晶宸新材料科技有限公司迁建项目建设 项目,88.9,69.2,100.0,50.0,50.0,100.0,79.8,mismatch,company_not_strict_match;project_type_not_found_in_approval
pair_05616,R00461,A01099,E:\软件\mineru_extracted\2024_2024年1月3日建设项目环境影响报告书（表）受理公告（佛山市生态环境局顺德分局）_2_mineru\full.md,（佛有限公司,宠享科技 （佛有限公司新建项目,E:\软件\环评原始数据\顺德区批复\2023_佛环03环审〔2023〕35号佛山市生态环境局关于永创翔亿（佛山）新能源材料技术有限公司新建项目建设项目环境影响报告表的批复.pdf,永创翔亿（佛山）新能源材料技术有限公司,永创翔亿（佛山）新能源材料技术有限公司 新建项目建设项目,88.9,69.2,100.0,50.0,50.0,100.0,79.8,mismatch,company_not_strict_match;project_type_not_found_in_approval
pair_05617,R00461,A01103,E:\软件\mineru_extracted\2024_2024年1月3日建设项目环境影响报告书（表）受理公告（佛山市生态环境局顺德分局）_2_mineru\full.md,（佛有限公司,宠享科技 （佛有限公司新建项目,E:\软件\环评原始数据\顺德区批复\2023_佛环03环审〔2023〕40号佛山市生态环境局关于广东阅生活家居科技有限公司总部基地新建项目建设项目环境影响报告表的批复.pdf,广东阅生活家居科技有限公司,广东阅生活家居科技有限公司总部基地新建 项目建设项目,88.9,69.2,100.0,50.0,50.0,100.0,79.8,mismatch,company_not_strict_match;project_type_not_found_in_approval
pair_05618,R00461,A01454,E:\软件\mineru_extracted\2024_2024年1月3日建设项目环境影响报告书（表）受理公告（佛山市生态环境局顺德分局）_2_mineru\full.md,（佛有限公司,宠享科技 （佛有限公司新建项目,E:\软件\环评原始数据\顺德区批复\2024_佛环03环审〔2024〕149号.pdf,佛山市维卡塑料科技有限公司,佛山市维 卡塑料科技有限公司重新报批项目建设项目,88.9,69.2,100.0,50.0,50.0,100.0,79.8,mismatch,company_not_strict_match;project_type_not_found_in_approval
pair_05619,R00461,A01502,E:\软件\mineru_extracted\2024_2024年1月3日建设项目环境影响报告书（表）受理公告（佛山市生态环境局顺德分局）_2_mineru\full.md,（佛有限公司,宠享科技 （佛有限公司新建项目,E:\软件\环评原始数据\顺德区批复\2024_佛环03环审〔2024〕199号.pdf,和默化学（佛山）有限公司,和默 化学（佛山）有限公司新建项目建设项目,88.9,69.2,100.0,50.0,50.0,100.0,79.8,mismatch,company_not_strict_match;project_type_not_found_in_approval
pair_05620,R00461,A01719,E:\软件\mineru_extracted\2024_2024年1月3日建设项目环境影响报告书（表）受理公告（佛山市生态环境局顺德分局）_2_mineru\full.md,（佛有限公司,宠享科技 （佛有限公司新建项目,E:\软件\环评原始数据\顺德区批复\2024_佛环03环审〔2024〕420号.pdf,佛山市雅升电子科技有限公司,佛 山市雅升电子科技有限公司建设项目建设项目,88.9,69.2,100.0,50.0,50.0,100.0,79.8,mismatch,company_not_strict_match;project_type_not_found_in_approval
pair_05621,R00461,A01848,E:\软件\mineru_extracted\2024_2024年1月3日建设项目环境影响报告书（表）受理公告（佛山市生态环境局顺德分局）_2_mineru\full.md,（佛有限公司,宠享科技 （佛有限公司新建项目,E:\软件\环评原始数据\顺德区批复\2025_佛山市生态环境局关于佛山浩石电子材料有限公司新建实验室项目环境影响报告表的批复.pdf,佛山冠鼎检测技术有限公司,佛山 冠鼎检测技术有限公司实验室新建项目,88.9,69.2,100.0,50.0,50.0,100.0,79.8,mismatch,company_not_strict_match;project_type_not_found_in_approval
pair_05622,R00461,A01923,E:\软件\mineru_extracted\2024_2024年1月3日建设项目环境影响报告书（表）受理公告（佛山市生态环境局顺德分局）_2_mineru\full.md,（佛有限公司,宠享科技 （佛有限公司新建项目,E:\软件\环评原始数据\顺德区批复\2025_佛环03环审〔2025〕119号.pdf,佛山领航智造科技有限公司,佛山领航 智造科技有限公司建设项目建设项目,88.9,69.2,100.0,50.0,50.0,100.0,79.8,mismatch,company_not_strict_match;project_type_not_found_in_approval
pair_05623,R00461,A01985,E:\软件\mineru_extracted\2024_2024年1月3日建设项目环境影响报告书（表）受理公告（佛山市生态环境局顺德分局）_2_mineru\full.md,（佛有限公司,宠享科技 （佛有限公司新建项目,E:\软件\环评原始数据\顺德区批复\2025_佛环03环审〔2025〕184号佛山市生态环境局关于广东联迪科电器实业有限公司新建项目建设项目环境影响报告表的批复.pdf,广东联迪科电器实业有限公司,广东联 迪科电器实业有限公司新建项目建设项目,88.9,69.2,100.0,50.0,50.0,100.0,79.8,mismatch,company_not_strict_match;project_type_not_found_in_approval
pair_05624,R00461,A02009,E:\软件\mineru_extracted\2024_2024年1月3日建设项目环境影响报告书（表）受理公告（佛山市生态环境局顺德分局）_2_mineru\full.md,（佛有限公司,宠享科技 （佛有限公司新建项目,E:\软件\环评原始数据\顺德区批复\2025_佛环03环审〔2025〕206号佛山市生态环境局关于普利玛新材料（佛山）有限公司新建项目建设项目环境影响报告表的批复.pdf,普利玛新材料（佛山）有限公司,普利 玛新材料（佛山）有限公司新建项目建设项目,88.9,69.2,100.0,50.0,50.0,100.0,79.8,mismatch,company_not_strict_match;project_type_not_found_in_approval
pair_05625,R00461,A02052,E:\软件\mineru_extracted\2024_2024年1月3日建设项目环境影响报告书（表）受理公告（佛山市生态环境局顺德分局）_2_mineru\full.md,（佛有限公司,宠享科技 （佛有限公司新建项目,E:\软件\环评原始数据\顺德区批复\2025_佛环03环审〔2025〕246号佛山市生态环境局关于佛山市酷灵热系统技术有限公司新建项目建设项目环境影响报告表的批复.pdf,佛山市酷灵热系统技术有限公司,佛山市酷 灵热系统技术有限公司新建项目建设项目,88.9,69.2,100.0,50.0,50.0,100.0,79.8,mismatch,company_not_strict_match;project_type_not_found_in_approval
pair_05626,R00461,A02060,E:\软件\mineru_extracted\2024_2024年1月3日建设项目环境影响报告书（表）受理公告（佛山市生态环境局顺德分局）_2_mineru\full.md,（佛有限公司,宠享科技 （佛有限公司新建项目,E:\软件\环评原始数据\顺德区批复\2025_佛环03环审〔2025〕254号佛山市生态环境局关于佛山市汉立电子科技有限公司重新报批项目建设项目环境影响报告表的批复.pdf,佛山市汉立电子科技有限公司,佛山市汉 立电子科技有限公司重新报批项目建设项目,88.9,69.2,100.0,50.0,50.0,100.0,79.8,mismatch,company_not_strict_match;project_type_not_found_in_approval
pair_05627,R00461,A02133,E:\软件\mineru_extracted\2024_2024年1月3日建设项目环境影响报告书（表）受理公告（佛山市生态环境局顺德分局）_2_mineru\full.md,（佛有限公司,宠享科技 （佛有限公司新建项目,E:\软件\环评原始数据\顺德区批复\2025_佛环03环审〔2025〕329号佛山市生态环境局关于佛山优创智造科技有限公司建设项目建设项目环境影响报告表的批复.pdf,佛山优创智造科技有限公司,佛 山优创智造科技有限公司建设项目建设项目,88.9,69.2,100.0,50.0,50.0,100.0,79.8,mismatch,company_not_strict_match;project_type_not_found_in_approval
pair_05628,R00461,A02188,E:\软件\mineru_extracted\2024_2024年1月3日建设项目环境影响报告书（表）受理公告（佛山市生态环境局顺德分局）_2_mineru\full.md,（佛有限公司,宠享科技 （佛有限公司新建项目,E:\软件\环评原始数据\顺德区批复\2025_佛环03环审〔2025〕382号佛山市生态环境局关于东聚泰（佛山）科技有限公司建设项目建设项目环境影响报告表的批复.pdf,东聚泰（佛山）科技有限公司,东聚泰 （佛山）科技有限公司建设项目建设项目,88.9,69.2,100.0,50.0,50.0,100.0,79.8,mismatch,company_not_strict_match;project_type_not_found_in_approval
pair_05629,R00461,A02261,E:\软件\mineru_extracted\2024_2024年1月3日建设项目环境影响报告书（表）受理公告（佛山市生态环境局顺德分局）_2_mineru\full.md,（佛有限公司,宠享科技 （佛有限公司新建项目,E:\软件\环评原始数据\顺德区批复\2026_佛山市生态环境局关于佛山市顺德区佳碧景环保科技有限公司建设项目建设项目环境影响报告表的批复.pdf,佛山市顺德区佳碧景环保科技有限公司,佛山市顺德区佳碧景环保科技有限公司建设项目建设项目,88.9,69.2,100.0,50.0,50.0,100.0,79.8,mismatch,company_not_strict_match;project_type_not_found_in_approval
pair_05630,R00461,A02292,E:\软件\mineru_extracted\2024_2024年1月3日建设项目环境影响报告书（表）受理公告（佛山市生态环境局顺德分局）_2_mineru\full.md,（佛有限公司,宠享科技 （佛有限公司新建项目,E:\软件\环评原始数据\顺德区批复\2026_佛环03环审〔2025〕389号佛山市生态环境局关于广东维宁科技有限公司建设项目建设项目环境影响报告表的批复.pdf,广东维宁科技有限公司,广东维宁 科技有限公司建设项目建设项目,88.9,69.2,100.0,50.0,50.0,100.0,79.8,mismatch,company_not_strict_match;project_type_not_found_in_approval
pair_05631,R00461,A02311,E:\软件\mineru_extracted\2024_2024年1月3日建设项目环境影响报告书（表）受理公告（佛山市生态环境局顺德分局）_2_mineru\full.md,（佛有限公司,宠享科技 （佛有限公司新建项目,E:\软件\环评原始数据\顺德区批复\2026_佛环03环审〔2026〕113号佛山市生态环境局关于广东纯米电器科技有限公司建设项目建设项目环境影响报告表的批复.pdf,你单位报来由广州颐景环保科技有限公司,广东纯米 电器科技有限公司建设项目建设项目,88.9,69.2,100.0,50.0,50.0,100.0,79.8,mismatch,company_not_strict_match;project_type_not_found_in_approval
pair_05632,R00461,A02343,E:\软件\mineru_extracted\2024_2024年1月3日建设项目环境影响报告书（表）受理公告（佛山市生态环境局顺德分局）_2_mineru\full.md,（佛有限公司,宠享科技 （佛有限公司新建项目,E:\软件\环评原始数据\顺德区批复\2026_佛环03环审〔2026〕18号佛山市生态环境局关于佛山市慧与化工科技有限公司建设项目建设项目环境影响报告表的批复.pdf,佛山市慧与化工科技有限公司,佛 山市慧与化工科技有限公司建设项目建设项目,88.9,69.2,100.0,50.0,50.0,100.0,79.8,mismatch,company_not_strict_match;project_type_not_found_in_approval
pair_05633,R00461,A02363,E:\软件\mineru_extracted\2024_2024年1月3日建设项目环境影响报告书（表）受理公告（佛山市生态环境局顺德分局）_2_mineru\full.md,（佛有限公司,宠享科技 （佛有限公司新建项目,E:\软件\环评原始数据\顺德区批复\2026_佛环03环审〔2026〕38号佛山市生态环境局关于佛山市凯意电器科技有限公司建设项目建设项目环境影响报告表的批复.pdf,佛山市凯意电器科技有限公司,佛山市凯 意电器科技有限公司建设项目建设项目,88.9,69.2,100.0,50.0,50.0,100.0,79.8,mismatch,company_not_strict_match;project_type_not_found_in_approval
pair_05634,R00461,A02389,E:\软件\mineru_extracted\2024_2024年1月3日建设项目环境影响报告书（表）受理公告（佛山市生态环境局顺德分局）_2_mineru\full.md,（佛有限公司,宠享科技 （佛有限公司新建项目,E:\软件\环评原始数据\顺德区批复\2026_佛环03环审〔2026〕62号佛山市生态环境局关于佛山市科雅新材料有限公司新建项目建设项目环境影响报告表的批复.pdf,佛山市科雅新材料有限公司,佛山市 科雅新材料有限公司新建项目建设项目,88.9,69.2,100.0,50.0,50.0,100.0,79.8,mismatch,company_not_strict_match;project_type_not_found_in_approval
pair_05635,R00461,A02409,E:\软件\mineru_extracted\2024_2024年1月3日建设项目环境影响报告书（表）受理公告（佛山市生态环境局顺德分局）_2_mineru\full.md,（佛有限公司,宠享科技 （佛有限公司新建项目,E:\软件\环评原始数据\顺德区批复\2026_佛环03环审〔2026〕80号佛山市生态环境局关于泽皓讯联（广东）科技有限公司（重新报批）建设项目建设项目环境影响报告表的批复.pdf,泽皓讯联（广东）科技有限公司,泽皓讯联（广东）科技有限公司（重新报批）建设项目建设 项目,88.9,69.2,100.0,50.0,50.0,100.0,79.8,mismatch,company_not_strict_match;project_type_not_found_in_approval
pair_05636,R00461,A03397,E:\软件\mineru_extracted\2024_2024年1月3日建设项目环境影响报告书（表）受理公告（佛山市生态环境局顺德分局）_2_mineru\full.md,（佛有限公司,宠享科技 （佛有限公司新建项目,E:\软件\2023-2026年顺德批复文件\2023_佛环03环审〔2023〕130号.pdf,佛山海懿材料技术有限公司,佛山海懿材料技术有限公司新建项目建设项 目,88.9,69.2,100.0,50.0,50.0,100.0,79.8,mismatch,company_not_strict_match;project_type_not_found_in_approval
pair_05637,R00461,A03407,E:\软件\mineru_extracted\2024_2024年1月3日建设项目环境影响报告书（表）受理公告（佛山市生态环境局顺德分局）_2_mineru\full.md,（佛有限公司,宠享科技 （佛有限公司新建项目,E:\软件\2023-2026年顺德批复文件\2023_佛环03环审〔2023〕143号.pdf,佛山市上科新材料有限公司,佛山市上科新材料有限公司新建项目建设项目,88.9,69.2,100.0,50.0,50.0,100.0,79.8,mismatch,company_not_strict_match;project_type_not_found_in_approval
pair_05638,R00461,A03447,E:\软件\mineru_extracted\2024_2024年1月3日建设项目环境影响报告书（表）受理公告（佛山市生态环境局顺德分局）_2_mineru\full.md,（佛有限公司,宠享科技 （佛有限公司新建项目,E:\软件\2023-2026年顺德批复文件\2023_佛环03环审〔2023〕2号.pdf,佛山市超科电器有限公司,佛山市超科电器有限公司新建项目建设项目,88.9,69.2,100.0,50.0,50.0,100.0,79.8,mismatch,company_not_strict_match;project_type_not_found_in_approval
pair_05639,R00461,A03449,E:\软件\mineru_extracted\2024_2024年1月3日建设项目环境影响报告书（表）受理公告（佛山市生态环境局顺德分局）_2_mineru\full.md,（佛有限公司,宠享科技 （佛有限公司新建项目,E:\软件\2023-2026年顺德批复文件\2023_佛环03环审〔2023〕31号.pdf,佛山泓盛达电路技术有限公司,佛山泓盛达电路技术有限公司新建项目建设 项目,88.9,69.2,100.0,50.0,50.0,100.0,79.8,mismatch,company_not_strict_match;project_type_not_found_in_approval
pair_05640,R00461,A03451,E:\软件\mineru_extracted\2024_2024年1月3日建设项目环境影响报告书（表）受理公告（佛山市生态环境局顺德分局）_2_mineru\full.md,（佛有限公司,宠享科技 （佛有限公司新建项目,E:\软件\2023-2026年顺德批复文件\2023_佛环03环审〔2023〕34号.pdf,广东晶宸新材料科技有限公司,广东晶宸新材料科技有限公司迁建项目建设 项目,88.9,69.2,100.0,50.0,50.0,100.0,79.8,mismatch,company_not_strict_match;project_type_not_found_in_approval
pair_05641,R00461,A03452,E:\软件\mineru_extracted\2024_2024年1月3日建设项目环境影响报告书（表）受理公告（佛山市生态环境局顺德分局）_2_mineru\full.md,（佛有限公司,宠享科技 （佛有限公司新建项目,E:\软件\2023-2026年顺德批复文件\2023_佛环03环审〔2023〕35号佛山市生态环境局关于永创翔亿（佛山）新能源材料技术有限公司新建项目建设项目环境影响报告表的批复.pdf,永创翔亿（佛山）新能源材料技术有限公司,永创翔亿（佛山）新能源材料技术有限公司 新建项目建设项目,88.9,69.2,100.0,50.0,50.0,100.0,79.8,mismatch,company_not_strict_match;project_type_not_found_in_approval
pair_05642,R00461,A03456,E:\软件\mineru_extracted\2024_2024年1月3日建设项目环境影响报告书（表）受理公告（佛山市生态环境局顺德分局）_2_mineru\full.md,（佛有限公司,宠享科技 （佛有限公司新建项目,E:\软件\2023-2026年顺德批复文件\2023_佛环03环审〔2023〕40号佛山市生态环境局关于广东阅生活家居科技有限公司总部基地新建项目建设项目环境影响报告表的批复.pdf,广东阅生活家居科技有限公司,广东阅生活家居科技有限公司总部基地新建 项目建设项目,88.9,69.2,100.0,50.0,50.0,100.0,79.8,mismatch,company_not_strict_match;project_type_not_found_in_approval
pair_05643,R00461,A03807,E:\软件\mineru_extracted\2024_2024年1月3日建设项目环境影响报告书（表）受理公告（佛山市生态环境局顺德分局）_2_mineru\full.md,（佛有限公司,宠享科技 （佛有限公司新建项目,E:\软件\2023-2026年顺德批复文件\2024_佛环03环审〔2024〕149号.pdf,佛山市维卡塑料科技有限公司,佛山市维 卡塑料科技有限公司重新报批项目建设项目,88.9,69.2,100.0,50.0,50.0,100.0,79.8,mismatch,company_not_strict_match;project_type_not_found_in_approval
pair_05644,R00461,A03855,E:\软件\mineru_extracted\2024_2024年1月3日建设项目环境影响报告书（表）受理公告（佛山市生态环境局顺德分局）_2_mineru\full.md,（佛有限公司,宠享科技 （佛有限公司新建项目,E:\软件\2023-2026年顺德批复文件\2024_佛环03环审〔2024〕199号.pdf,和默化学（佛山）有限公司,和默 化学（佛山）有限公司新建项目建设项目,88.9,69.2,100.0,50.0,50.0,100.0,79.8,mismatch,company_not_strict_match;project_type_not_found_in_approval
pair_05645,R00461,A04072,E:\软件\mineru_extracted\2024_2024年1月3日建设项目环境影响报告书（表）受理公告（佛山市生态环境局顺德分局）_2_mineru\full.md,（佛有限公司,宠享科技 （佛有限公司新建项目,E:\软件\2023-2026年顺德批复文件\2024_佛环03环审〔2024〕420号.pdf,佛山市雅升电子科技有限公司,佛 山市雅升电子科技有限公司建设项目建设项目,88.9,69.2,100.0,50.0,50.0,100.0,79.8,mismatch,company_not_strict_match;project_type_not_found_in_approval
pair_05646,R00461,A04201,E:\软件\mineru_extracted\2024_2024年1月3日建设项目环境影响报告书（表）受理公告（佛山市生态环境局顺德分局）_2_mineru\full.md,（佛有限公司,宠享科技 （佛有限公司新建项目,E:\软件\2023-2026年顺德批复文件\2025_佛山市生态环境局关于佛山浩石电子材料有限公司新建实验室项目环境影响报告表的批复.pdf,佛山冠鼎检测技术有限公司,佛山 冠鼎检测技术有限公司实验室新建项目,88.9,69.2,100.0,50.0,50.0,100.0,79.8,mismatch,company_not_strict_match;project_type_not_found_in_approval
pair_05647,R00461,A04276,E:\软件\mineru_extracted\2024_2024年1月3日建设项目环境影响报告书（表）受理公告（佛山市生态环境局顺德分局）_2_mineru\full.md,（佛有限公司,宠享科技 （佛有限公司新建项目,E:\软件\2023-2026年顺德批复文件\2025_佛环03环审〔2025〕119号.pdf,佛山领航智造科技有限公司,佛山领航 智造科技有限公司建设项目建设项目,88.9,69.2,100.0,50.0,50.0,100.0,79.8,mismatch,company_not_strict_match;project_type_not_found_in_approval
pair_05648,R00461,A04338,E:\软件\mineru_extracted\2024_2024年1月3日建设项目环境影响报告书（表）受理公告（佛山市生态环境局顺德分局）_2_mineru\full.md,（佛有限公司,宠享科技 （佛有限公司新建项目,E:\软件\2023-2026年顺德批复文件\2025_佛环03环审〔2025〕184号佛山市生态环境局关于广东联迪科电器实业有限公司新建项目建设项目环境影响报告表的批复.pdf,广东联迪科电器实业有限公司,广东联 迪科电器实业有限公司新建项目建设项目,88.9,69.2,100.0,50.0,50.0,100.0,79.8,mismatch,company_not_strict_match;project_type_not_found_in_approval
pair_05649,R00461,A04362,E:\软件\mineru_extracted\2024_2024年1月3日建设项目环境影响报告书（表）受理公告（佛山市生态环境局顺德分局）_2_mineru\full.md,（佛有限公司,宠享科技 （佛有限公司新建项目,E:\软件\2023-2026年顺德批复文件\2025_佛环03环审〔2025〕206号佛山市生态环境局关于普利玛新材料（佛山）有限公司新建项目建设项目环境影响报告表的批复.pdf,普利玛新材料（佛山）有限公司,普利 玛新材料（佛山）有限公司新建项目建设项目,88.9,69.2,100.0,50.0,50.0,100.0,79.8,mismatch,company_not_strict_match;project_type_not_found_in_approval
pair_05650,R00461,A04405,E:\软件\mineru_extracted\2024_2024年1月3日建设项目环境影响报告书（表）受理公告（佛山市生态环境局顺德分局）_2_mineru\full.md,（佛有限公司,宠享科技 （佛有限公司新建项目,E:\软件\2023-2026年顺德批复文件\2025_佛环03环审〔2025〕246号佛山市生态环境局关于佛山市酷灵热系统技术有限公司新建项目建设项目环境影响报告表的批复.pdf,佛山市酷灵热系统技术有限公司,佛山市酷 灵热系统技术有限公司新建项目建设项目,88.9,69.2,100.0,50.0,50.0,100.0,79.8,mismatch,company_not_strict_match;project_type_not_found_in_approval
pair_05651,R00461,A04413,E:\软件\mineru_extracted\2024_2024年1月3日建设项目环境影响报告书（表）受理公告（佛山市生态环境局顺德分局）_2_mineru\full.md,（佛有限公司,宠享科技 （佛有限公司新建项目,E:\软件\2023-2026年顺德批复文件\2025_佛环03环审〔2025〕254号佛山市生态环境局关于佛山市汉立电子科技有限公司重新报批项目建设项目环境影响报告表的批复.pdf,佛山市汉立电子科技有限公司,佛山市汉 立电子科技有限公司重新报批项目建设项目,88.9,69.2,100.0,50.0,50.0,100.0,79.8,mismatch,company_not_strict_match;project_type_not_found_in_approval
pair_05652,R00461,A04486,E:\软件\mineru_extracted\2024_2024年1月3日建设项目环境影响报告书（表）受理公告（佛山市生态环境局顺德分局）_2_mineru\full.md,（佛有限公司,宠享科技 （佛有限公司新建项目,E:\软件\2023-2026年顺德批复文件\2025_佛环03环审〔2025〕329号佛山市生态环境局关于佛山优创智造科技有限公司建设项目建设项目环境影响报告表的批复.pdf,佛山优创智造科技有限公司,佛 山优创智造科技有限公司建设项目建设项目,88.9,69.2,100.0,50.0,50.0,100.0,79.8,mismatch,company_not_strict_match;project_type_not_found_in_approval
pair_05653,R00461,A04541,E:\软件\mineru_extracted\2024_2024年1月3日建设项目环境影响报告书（表）受理公告（佛山市生态环境局顺德分局）_2_mineru\full.md,（佛有限公司,宠享科技 （佛有限公司新建项目,E:\软件\2023-2026年顺德批复文件\2025_佛环03环审〔2025〕382号佛山市生态环境局关于东聚泰（佛山）科技有限公司建设项目建设项目环境影响报告表的批复.pdf,东聚泰（佛山）科技有限公司,东聚泰 （佛山）科技有限公司建设项目建设项目,88.9,69.2,100.0,50.0,50.0,100.0,79.8,mismatch,company_not_strict_match;project_type_not_found_in_approval
pair_05654,R00461,A04614,E:\软件\mineru_extracted\2024_2024年1月3日建设项目环境影响报告书（表）受理公告（佛山市生态环境局顺德分局）_2_mineru\full.md,（佛有限公司,宠享科技 （佛有限公司新建项目,E:\软件\2023-2026年顺德批复文件\2026_佛山市生态环境局关于佛山市顺德区佳碧景环保科技有限公司建设项目建设项目环境影响报告表的批复.pdf,佛山市顺德区佳碧景环保科技有限公司,佛山市顺德区佳碧景环保科技有限公司建设项目建设项目,88.9,69.2,100.0,50.0,50.0,100.0,79.8,mismatch,company_not_strict_match;project_type_not_found_in_approval
pair_05655,R00461,A04645,E:\软件\mineru_extracted\2024_2024年1月3日建设项目环境影响报告书（表）受理公告（佛山市生态环境局顺德分局）_2_mineru\full.md,（佛有限公司,宠享科技 （佛有限公司新建项目,E:\软件\2023-2026年顺德批复文件\2026_佛环03环审〔2025〕389号佛山市生态环境局关于广东维宁科技有限公司建设项目建设项目环境影响报告表的批复.pdf,广东维宁科技有限公司,广东维宁 科技有限公司建设项目建设项目,88.9,69.2,100.0,50.0,50.0,100.0,79.8,mismatch,company_not_strict_match;project_type_not_found_in_approval
pair_05656,R00461,A04664,E:\软件\mineru_extracted\2024_2024年1月3日建设项目环境影响报告书（表）受理公告（佛山市生态环境局顺德分局）_2_mineru\full.md,（佛有限公司,宠享科技 （佛有限公司新建项目,E:\软件\2023-2026年顺德批复文件\2026_佛环03环审〔2026〕113号佛山市生态环境局关于广东纯米电器科技有限公司建设项目建设项目环境影响报告表的批复.pdf,你单位报来由广州颐景环保科技有限公司,广东纯米 电器科技有限公司建设项目建设项目,88.9,69.2,100.0,50.0,50.0,100.0,79.8,mismatch,company_not_strict_match;project_type_not_found_in_approval
pair_05657,R00461,A04696,E:\软件\mineru_extracted\2024_2024年1月3日建设项目环境影响报告书（表）受理公告（佛山市生态环境局顺德分局）_2_mineru\full.md,（佛有限公司,宠享科技 （佛有限公司新建项目,E:\软件\2023-2026年顺德批复文件\2026_佛环03环审〔2026〕18号佛山市生态环境局关于佛山市慧与化工科技有限公司建设项目建设项目环境影响报告表的批复.pdf,佛山市慧与化工科技有限公司,佛 山市慧与化工科技有限公司建设项目建设项目,88.9,69.2,100.0,50.0,50.0,100.0,79.8,mismatch,company_not_strict_match;project_type_not_found_in_approval
pair_05658,R00461,A04716,E:\软件\mineru_extracted\2024_2024年1月3日建设项目环境影响报告书（表）受理公告（佛山市生态环境局顺德分局）_2_mineru\full.md,（佛有限公司,宠享科技 （佛有限公司新建项目,E:\软件\2023-2026年顺德批复文件\2026_佛环03环审〔2026〕38号佛山市生态环境局关于佛山市凯意电器科技有限公司建设项目建设项目环境影响报告表的批复.pdf,佛山市凯意电器科技有限公司,佛山市凯 意电器科技有限公司建设项目建设项目,88.9,69.2,100.0,50.0,50.0,100.0,79.8,mismatch,company_not_strict_match;project_type_not_found_in_approval
pair_05659,R00461,A04742,E:\软件\mineru_extracted\2024_2024年1月3日建设项目环境影响报告书（表）受理公告（佛山市生态环境局顺德分局）_2_mineru\full.md,（佛有限公司,宠享科技 （佛有限公司新建项目,E:\软件\2023-2026年顺德批复文件\2026_佛环03环审〔2026〕62号佛山市生态环境局关于佛山市科雅新材料有限公司新建项目建设项目环境影响报告表的批复.pdf,佛山市科雅新材料有限公司,佛山市 科雅新材料有限公司新建项目建设项目,88.9,69.2,100.0,50.0,50.0,100.0,79.8,mismatch,company_not_strict_match;project_type_not_found_in_approval
pair_05660,R00461,A04762,E:\软件\mineru_extracted\2024_2024年1月3日建设项目环境影响报告书（表）受理公告（佛山市生态环境局顺德分局）_2_mineru\full.md,（佛有限公司,宠享科技 （佛有限公司新建项目,E:\软件\2023-2026年顺德批复文件\2026_佛环03环审〔2026〕80号佛山市生态环境局关于泽皓讯联（广东）科技有限公司（重新报批）建设项目建设项目环境影响报告表的批复.pdf,泽皓讯联（广东）科技有限公司,泽皓讯联（广东）科技有限公司（重新报批）建设项目建设 项目,88.9,69.2,100.0,50.0,50.0,100.0,79.8,mismatch,company_not_strict_match;project_type_not_found_in_approval
pair_05661,R00456,A01545,E:\软件\mineru_extracted\2024_2024年1月29日建设项目环境影响报告书（表）受理公告（杏坛）_mineru\full.md,佛山市顺德区新业塑料五厂,佛山市顺德区新业塑料五厂改扩建项目,E:\软件\环评原始数据\顺德区批复\2024_佛环03环审〔2024〕243号.pdf,佛山市顺德区应业塑料五金有限公司,佛山市顺德区应业塑料五金有限公司迁建项目建设项 目,87.0,71.4,100.0,50.0,50.0,100.0,79.8,mismatch,company_not_strict_match;project_type_not_found_in_approval
pair_05662,R00456,A03898,E:\软件\mineru_extracted\2024_2024年1月29日建设项目环境影响报告书（表）受理公告（杏坛）_mineru\full.md,佛山市顺德区新业塑料五厂,佛山市顺德区新业塑料五厂改扩建项目,E:\软件\2023-2026年顺德批复文件\2024_佛环03环审〔2024〕243号.pdf,佛山市顺德区应业塑料五金有限公司,佛山市顺德区应业塑料五金有限公司迁建项目建设项 目,87.0,71.4,100.0,50.0,50.0,100.0,79.8,mismatch,company_not_strict_match;project_type_not_found_in_approval
pair_05663,R00096,A01222,E:\软件\mineru_extracted\2023_2023年2月15日建设项目环境影响报告受理公告（容桂）_1_mineru\full.md,佛山市顺德区卓器有限公司,佛山市顺德区星电器有限新建项目,E:\软件\环评原始数据\顺德区批复\2023_承诺制公示佛山市生态环境局关于佛山市顺德区德钲电器实业有限公司迁扩建项目环境影响报告表的批复.pdf,实业有限公司,佛 山市顺德区德钲电器实业有限公司迁扩建项目,80.0,72.2,100.0,100.0,50.0,100.0,79.8,mismatch,company_not_strict_match
pair_05664,R00096,A03575,E:\软件\mineru_extracted\2023_2023年2月15日建设项目环境影响报告受理公告（容桂）_1_mineru\full.md,佛山市顺德区卓器有限公司,佛山市顺德区星电器有限新建项目,E:\软件\2023-2026年顺德批复文件\2023_承诺制公示佛山市生态环境局关于佛山市顺德区德钲电器实业有限公司迁扩建项目环境影响报告表的批复.pdf,实业有限公司,佛 山市顺德区德钲电器实业有限公司迁扩建项目,80.0,72.2,100.0,100.0,50.0,100.0,79.8,mismatch,company_not_strict_match
pair_05665,R00126,A03394,E:\软件\mineru_extracted\2023_2023年3月16日建设项目环境影响报告书（表）受理公告（均安）_mineru\full.md,佛山市德恒鑫塑料制品有限公司,佛山市德恒鑫塑料制品有限公司新建项目,E:\软件\2023-2026年顺德批复文件\2023_佛环03环审〔2023〕127号.pdf,佛山市顺德区粤发塑料制品有限公司,佛山市顺德区粤发塑料制品有限公司扩建项 目建设项目,80.0,72.2,100.0,100.0,50.0,100.0,79.8,mismatch,company_not_strict_match
pair_05666,R00158,A01094,E:\软件\mineru_extracted\2023_2023年4月10日建设项目环境影响报告受理公告（容桂）_2_mineru\full.md,欧帝大电器有限公司,佛山市欧帝电器有限公司搬迁项目建设单位(盖章)：佛山市欧帝卡电器有限公司,E:\软件\环评原始数据\顺德区批复\2023_佛环03环审〔2023〕2号.pdf,佛山市超科电器有限公司,佛山市超科电器有限公司新建项目建设项目,80.0,72.2,100.0,50.0,100.0,100.0,79.8,mismatch,company_not_strict_match;project_type_not_found_in_approval
pair_05667,R00158,A03447,E:\软件\mineru_extracted\2023_2023年4月10日建设项目环境影响报告受理公告（容桂）_2_mineru\full.md,欧帝大电器有限公司,佛山市欧帝电器有限公司搬迁项目建设单位(盖章)：佛山市欧帝卡电器有限公司,E:\软件\2023-2026年顺德批复文件\2023_佛环03环审〔2023〕2号.pdf,佛山市超科电器有限公司,佛山市超科电器有限公司新建项目建设项目,80.0,72.2,100.0,50.0,100.0,100.0,79.8,mismatch,company_not_strict_match;project_type_not_found_in_approval
pair_05668,R00198,A03572,E:\软件\mineru_extracted\2023_2023年5月30日建设项目环境影响报告表受理公告（容桂）_1_mineru\full.md,制品有限公司,佛山市顺德区骏悦塑料五金 建项目建设单位（盖章）：佛山市顺德区骏 有限公司编制日期：2023年4月,E:\软件\2023-2026年顺德批复文件\2023_承诺制公示佛山市生态环境局关于佛山市韵雄塑料五金制品有限公司迁扩建项目环境影响报告表的批复.pdf,佛山市顺德区贺胜塑料五金有限公司,佛山市顺德区贺胜塑料五金有限公司迁扩建 项目,80.0,72.2,100.0,100.0,50.0,100.0,79.8,mismatch,company_not_strict_match
pair_05669,R00276,A03394,E:\软件\mineru_extracted\2023_2023年8月7日建设项目环境影响报告书（表）受理公告（杏坛）_mineru\full.md,佛山市顺德区康盈制品有限公司,佛山市顺德区康盈制品有限公司新建项目,E:\软件\2023-2026年顺德批复文件\2023_佛环03环审〔2023〕127号.pdf,佛山市顺德区粤发塑料制品有限公司,佛山市顺德区粤发塑料制品有限公司扩建项 目建设项目,80.0,72.2,100.0,100.0,50.0,100.0,79.8,mismatch,company_not_strict_match
pair_05670,R00506,A01299,E:\软件\mineru_extracted\2024_2024年5月29日建设项目环境影响报告受理公告（大良）_mineru\full.md,佛山市顺德区誉智制造有限公司,佛山市顺德区誉智制造有限公司新建项目,E:\软件\环评原始数据\顺德区批复\2024_佛山市生态环境局关于佛山市顺德区睿裕电器制造有限公司扩建项目重新报批环境影响报告表的批复.pdf,佛山市顺德区睿裕电器制造有限公司,佛山市顺 德区睿裕电器制造有限公司扩建项目重新报批,80.0,72.2,100.0,100.0,50.0,100.0,79.8,mismatch,company_not_strict_match
pair_05671,R00506,A03652,E:\软件\mineru_extracted\2024_2024年5月29日建设项目环境影响报告受理公告（大良）_mineru\full.md,佛山市顺德区誉智制造有限公司,佛山市顺德区誉智制造有限公司新建项目,E:\软件\2023-2026年顺德批复文件\2024_佛山市生态环境局关于佛山市顺德区睿裕电器制造有限公司扩建项目重新报批环境影响报告表的批复.pdf,佛山市顺德区睿裕电器制造有限公司,佛山市顺 德区睿裕电器制造有限公司扩建项目重新报批,80.0,72.2,100.0,100.0,50.0,100.0,79.8,mismatch,company_not_strict_match
pair_05672,R00547,A01994,E:\软件\mineru_extracted\2024_2024年7月12日建设项目环境影响报告表受理公告（伦教）_2_mineru\full.md,佛山市塑料科技有限公司,佛山市天日塑料科技有限公宣迁扩建项目,E:\软件\环评原始数据\顺德区批复\2025_佛环03环审〔2025〕192号佛山市生态环境局关于佛山市馨彩新材料科技有限公司迁扩建项目建设项目环境影响报告表的批复.pdf,佛山市馨彩新材料科技有限公司,佛山市馨 彩新材料科技有限公司迁扩建项目建设项目,80.0,72.2,100.0,100.0,50.0,100.0,79.8,mismatch,company_not_strict_match
pair_05673,R00547,A02180,E:\软件\mineru_extracted\2024_2024年7月12日建设项目环境影响报告表受理公告（伦教）_2_mineru\full.md,佛山市塑料科技有限公司,佛山市天日塑料科技有限公宣迁扩建项目,E:\软件\环评原始数据\顺德区批复\2025_佛环03环审〔2025〕375号佛山市生态环境局关于佛山市丹特新材料科技有限公司迁扩建项目建设项目环境影响报告表的批复.pdf,佛山市丹特新材料科技有限公司,佛山市 丹特新材料科技有限公司迁扩建项目建设项目,80.0,72.2,100.0,100.0,50.0,100.0,79.8,mismatch,company_not_strict_match
pair_05674,R00547,A04347,E:\软件\mineru_extracted\2024_2024年7月12日建设项目环境影响报告表受理公告（伦教）_2_mineru\full.md,佛山市塑料科技有限公司,佛山市天日塑料科技有限公宣迁扩建项目,E:\软件\2023-2026年顺德批复文件\2025_佛环03环审〔2025〕192号佛山市生态环境局关于佛山市馨彩新材料科技有限公司迁扩建项目建设项目环境影响报告表的批复.pdf,佛山市馨彩新材料科技有限公司,佛山市馨 彩新材料科技有限公司迁扩建项目建设项目,80.0,72.2,100.0,100.0,50.0,100.0,79.8,mismatch,company_not_strict_match
pair_05675,R00547,A04533,E:\软件\mineru_extracted\2024_2024年7月12日建设项目环境影响报告表受理公告（伦教）_2_mineru\full.md,佛山市塑料科技有限公司,佛山市天日塑料科技有限公宣迁扩建项目,E:\软件\2023-2026年顺德批复文件\2025_佛环03环审〔2025〕375号佛山市生态环境局关于佛山市丹特新材料科技有限公司迁扩建项目建设项目环境影响报告表的批复.pdf,佛山市丹特新材料科技有限公司,佛山市 丹特新材料科技有限公司迁扩建项目建设项目,80.0,72.2,100.0,100.0,50.0,100.0,79.8,mismatch,company_not_strict_match
pair_05676,R01028,A01031,E:\软件\mineru_extracted\2026_2026年5月6日建设项目环境影响报告表受理公告（佛山市生态环境局顺德分局）_8_mineru\full.md,泰合创科技有限公司,佛山市盛泰合创科技有限公司新建项目（重新报批）,E:\软件\环评原始数据\顺德区批复\2023_佛环03环审〔2023〕112号.pdf,佛山市淳硕科技有限公司,佛山市淳 硕科技有限公司新建项目建设项目,80.0,72.2,100.0,50.0,100.0,100.0,79.8,mismatch,company_not_strict_match;project_type_not_found_in_approval
pair_05677,R01028,A01156,E:\软件\mineru_extracted\2026_2026年5月6日建设项目环境影响报告表受理公告（佛山市生态环境局顺德分局）_8_mineru\full.md,泰合创科技有限公司,佛山市盛泰合创科技有限公司新建项目（重新报批）,E:\软件\环评原始数据\顺德区批复\2023_公示佛山市生态环境局关于佛山市广汇新材料有限公司搬迁项目环境影响报告表的批复.pdf,佛山市金顺源新材料科技有限公司,佛山市金顺源新材料科技有限公司新建项目,80.0,72.2,100.0,50.0,100.0,100.0,79.8,mismatch,company_not_strict_match;project_type_not_found_in_approval
pair_05678,R01028,A01935,E:\软件\mineru_extracted\2026_2026年5月6日建设项目环境影响报告表受理公告（佛山市生态环境局顺德分局）_8_mineru\full.md,泰合创科技有限公司,佛山市盛泰合创科技有限公司新建项目（重新报批）,E:\软件\环评原始数据\顺德区批复\2025_佛环03环审〔2025〕132号.pdf,佛山市壮硕科技有限公司,佛山市壮 硕科技有限公司新建项目建设项目,80.0,72.2,100.0,50.0,100.0,100.0,79.8,mismatch,company_not_strict_match;project_type_not_found_in_approval
pair_05679,R01028,A01963,E:\软件\mineru_extracted\2026_2026年5月6日建设项目环境影响报告表受理公告（佛山市生态环境局顺德分局）_8_mineru\full.md,泰合创科技有限公司,佛山市盛泰合创科技有限公司新建项目（重新报批）,E:\软件\环评原始数据\顺德区批复\2025_佛环03环审〔2025〕163号佛山市生态环境局关于佛山市林卓科技有限公司新建项目建设项目环境影响报告表的批复.pdf,佛山市林卓科技有限公司,佛山市林 卓科技有限公司新建项目建设项目,80.0,72.2,100.0,50.0,100.0,100.0,79.8,mismatch,company_not_strict_match;project_type_not_found_in_approval
pair_05680,R01028,A02092,E:\软件\mineru_extracted\2026_2026年5月6日建设项目环境影响报告表受理公告（佛山市生态环境局顺德分局）_8_mineru\full.md,泰合创科技有限公司,佛山市盛泰合创科技有限公司新建项目（重新报批）,E:\软件\环评原始数据\顺德区批复\2025_佛环03环审〔2025〕289号佛山市生态环境局关于佛山市锐钜科技有限公司新建项目建设项目环境影响报告表的批复.pdf,佛山市锐钜科技有限公司,佛山市 锐钜科技有限公司新建项目建设项目,80.0,72.2,100.0,50.0,100.0,100.0,79.8,mismatch,company_not_strict_match;project_type_not_found_in_approval
pair_05681,R01028,A02241,E:\软件\mineru_extracted\2026_2026年5月6日建设项目环境影响报告表受理公告（佛山市生态环境局顺德分局）_8_mineru\full.md,泰合创科技有限公司,佛山市盛泰合创科技有限公司新建项目（重新报批）,E:\软件\环评原始数据\顺德区批复\2025_佛环03环审〔2025〕91号.pdf,佛山市棋晟科技有限公司,佛山市棋 晟科技有限公司新建项目建设项目,80.0,72.2,100.0,50.0,100.0,100.0,79.8,mismatch,company_not_strict_match;project_type_not_found_in_approval
pair_05682,R01028,A03384,E:\软件\mineru_extracted\2026_2026年5月6日建设项目环境影响报告表受理公告（佛山市生态环境局顺德分局）_8_mineru\full.md,泰合创科技有限公司,佛山市盛泰合创科技有限公司新建项目（重新报批）,E:\软件\2023-2026年顺德批复文件\2023_佛环03环审〔2023〕112号.pdf,佛山市淳硕科技有限公司,佛山市淳 硕科技有限公司新建项目建设项目,80.0,72.2,100.0,50.0,100.0,100.0,79.8,mismatch,company_not_strict_match;project_type_not_found_in_approval
pair_05683,R01028,A03509,E:\软件\mineru_extracted\2026_2026年5月6日建设项目环境影响报告表受理公告（佛山市生态环境局顺德分局）_8_mineru\full.md,泰合创科技有限公司,佛山市盛泰合创科技有限公司新建项目（重新报批）,E:\软件\2023-2026年顺德批复文件\2023_公示佛山市生态环境局关于佛山市广汇新材料有限公司搬迁项目环境影响报告表的批复.pdf,佛山市金顺源新材料科技有限公司,佛山市金顺源新材料科技有限公司新建项目,80.0,72.2,100.0,50.0,100.0,100.0,79.8,mismatch,company_not_strict_match;project_type_not_found_in_approval
pair_05684,R01028,A04288,E:\软件\mineru_extracted\2026_2026年5月6日建设项目环境影响报告表受理公告（佛山市生态环境局顺德分局）_8_mineru\full.md,泰合创科技有限公司,佛山市盛泰合创科技有限公司新建项目（重新报批）,E:\软件\2023-2026年顺德批复文件\2025_佛环03环审〔2025〕132号.pdf,佛山市壮硕科技有限公司,佛山市壮 硕科技有限公司新建项目建设项目,80.0,72.2,100.0,50.0,100.0,100.0,79.8,mismatch,company_not_strict_match;project_type_not_found_in_approval
pair_05685,R01028,A04316,E:\软件\mineru_extracted\2026_2026年5月6日建设项目环境影响报告表受理公告（佛山市生态环境局顺德分局）_8_mineru\full.md,泰合创科技有限公司,佛山市盛泰合创科技有限公司新建项目（重新报批）,E:\软件\2023-2026年顺德批复文件\2025_佛环03环审〔2025〕163号佛山市生态环境局关于佛山市林卓科技有限公司新建项目建设项目环境影响报告表的批复.pdf,佛山市林卓科技有限公司,佛山市林 卓科技有限公司新建项目建设项目,80.0,72.2,100.0,50.0,100.0,100.0,79.8,mismatch,company_not_strict_match;project_type_not_found_in_approval
pair_05686,R01028,A04445,E:\软件\mineru_extracted\2026_2026年5月6日建设项目环境影响报告表受理公告（佛山市生态环境局顺德分局）_8_mineru\full.md,泰合创科技有限公司,佛山市盛泰合创科技有限公司新建项目（重新报批）,E:\软件\2023-2026年顺德批复文件\2025_佛环03环审〔2025〕289号佛山市生态环境局关于佛山市锐钜科技有限公司新建项目建设项目环境影响报告表的批复.pdf,佛山市锐钜科技有限公司,佛山市 锐钜科技有限公司新建项目建设项目,80.0,72.2,100.0,50.0,100.0,100.0,79.8,mismatch,company_not_strict_match;project_type_not_found_in_approval
pair_05687,R01028,A04594,E:\软件\mineru_extracted\2026_2026年5月6日建设项目环境影响报告表受理公告（佛山市生态环境局顺德分局）_8_mineru\full.md,泰合创科技有限公司,佛山市盛泰合创科技有限公司新建项目（重新报批）,E:\软件\2023-2026年顺德批复文件\2025_佛环03环审〔2025〕91号.pdf,佛山市棋晟科技有限公司,佛山市棋 晟科技有限公司新建项目建设项目,80.0,72.2,100.0,50.0,100.0,100.0,79.8,mismatch,company_not_strict_match;project_type_not_found_in_approval
pair_05688,R00096,A00172,E:\软件\mineru_extracted\2023_2023年2月15日建设项目环境影响报告受理公告（容桂）_1_mineru\full.md,佛山市顺德区卓器有限公司,佛山市顺德区星电器有限新建项目,E:\软件\环评原始数据\顺德区批复\2021_2021_4836030_1.pdf,佛山市顺德区恒本电器有限公司,佛山市顺德区恒本电器有限公司年产压力锅 塑料件 111 万件迁建项目,84.6,74.1,100.0,100.0,100.0,0.0,79.8,mismatch,company_not_strict_match
pair_05689,R00096,A00641,E:\软件\mineru_extracted\2023_2023年2月15日建设项目环境影响报告受理公告（容桂）_1_mineru\full.md,佛山市顺德区卓器有限公司,佛山市顺德区星电器有限新建项目,E:\软件\环评原始数据\顺德区批复\2022_佛环0304环审〔2022〕第0071号  佛山市生态环境局关于佛山市顺德区晨那电器有限公司年产商用食具消毒柜16500台新建项目环境影响报告表的批复(1).pdf,佛山市顺德区晨那电器有限公司,佛山 市顺德区晨那电器有限公司年产商用食具消毒柜 16500 台新建 项目,84.6,74.1,100.0,50.0,50.0,100.0,79.8,mismatch,company_not_strict_match;project_type_not_found_in_approval
pair_05690,R00096,A02524,E:\软件\mineru_extracted\2023_2023年2月15日建设项目环境影响报告受理公告（容桂）_1_mineru\full.md,佛山市顺德区卓器有限公司,佛山市顺德区星电器有限新建项目,E:\软件\2023-2026年顺德批复文件\2021_2021_4836030_1.pdf,佛山市顺德区恒本电器有限公司,佛山市顺德区恒本电器有限公司年产压力锅 塑料件 111 万件迁建项目,84.6,74.1,100.0,100.0,100.0,0.0,79.8,mismatch,company_not_strict_match
pair_05691,R00096,A02994,E:\软件\mineru_extracted\2023_2023年2月15日建设项目环境影响报告受理公告（容桂）_1_mineru\full.md,佛山市顺德区卓器有限公司,佛山市顺德区星电器有限新建项目,E:\软件\2023-2026年顺德批复文件\2022_佛环0304环审〔2022〕第0071号  佛山市生态环境局关于佛山市顺德区晨那电器有限公司年产商用食具消毒柜16500台新建项目环境影响报告表的批复(1).pdf,佛山市顺德区晨那电器有限公司,佛山 市顺德区晨那电器有限公司年产商用食具消毒柜 16500 台新建 项目,84.6,74.1,100.0,50.0,50.0,100.0,79.8,mismatch,company_not_strict_match;project_type_not_found_in_approval
pair_05692,R00386,A02337,E:\软件\mineru_extracted\2024_2024年11月19日建设项目环境影响报告书（表）受理公告（佛山市生态环境局顺德分局）_1_mineru\full.md,瑞塑胶有限公司,佛山市顺德 公司迁扩建项目,E:\软件\环评原始数据\顺德区批复\2026_佛环03环审〔2026〕137号佛山市生态环境局关于佛山市顺德区高鹏塑料有限公司迁扩建项目建设项目环境影响报告表的批复.pdf,佛山市顺德区高鹏塑料有限公司,佛山市 顺德区高鹏塑料有限公司迁扩建项目建设项目,76.9,68.6,100.0,100.0,100.0,100.0,79.8,mismatch,company_not_strict_match
pair_05693,R00386,A04690,E:\软件\mineru_extracted\2024_2024年11月19日建设项目环境影响报告书（表）受理公告（佛山市生态环境局顺德分局）_1_mineru\full.md,瑞塑胶有限公司,佛山市顺德 公司迁扩建项目,E:\软件\2023-2026年顺德批复文件\2026_佛环03环审〔2026〕137号佛山市生态环境局关于佛山市顺德区高鹏塑料有限公司迁扩建项目建设项目环境影响报告表的批复.pdf,佛山市顺德区高鹏塑料有限公司,佛山市 顺德区高鹏塑料有限公司迁扩建项目建设项目,76.9,68.6,100.0,100.0,100.0,100.0,79.8,mismatch,company_not_strict_match
pair_05694,R01033,A02191,E:\软件\mineru_extracted\2026_2026年5月8日建设项目环境影响报告表受理公告（佛山市生态环境局顺德分局）_3_mineru\full.md,广东顺德爱顺机电科技有限公司,广东顺德爱顺机电科技有限公司新建项目建设单位（盖章）：广东顺德爱顺机电科技有限公司编制日期：2025年 12月,E:\软件\环评原始数据\顺德区批复\2025_佛环03环审〔2025〕40号.pdf,广东顺德荷芯电子科技有限公司,广东顺德 荷芯电子科技有限公司新建项目建设项目,78.6,81.0,100.0,50.0,50.0,100.0,79.8,mismatch,company_not_strict_match;project_type_not_found_in_approval
pair_05695,R01033,A04544,E:\软件\mineru_extracted\2026_2026年5月8日建设项目环境影响报告表受理公告（佛山市生态环境局顺德分局）_3_mineru\full.md,广东顺德爱顺机电科技有限公司,广东顺德爱顺机电科技有限公司新建项目建设单位（盖章）：广东顺德爱顺机电科技有限公司编制日期：2025年 12月,E:\软件\2023-2026年顺德批复文件\2025_佛环03环审〔2025〕40号.pdf,广东顺德荷芯电子科技有限公司,广东顺德 荷芯电子科技有限公司新建项目建设项目,78.6,81.0,100.0,50.0,50.0,100.0,79.8,mismatch,company_not_strict_match;project_type_not_found_in_approval
pair_05696,R00050,A01814,E:\软件\mineru_extracted\2023_2023年12月19日建设项目环境影响报告书（表）受理公告（北滘）_1_mineru\full.md,佛山市顺德区恒驹金属实业有限公司,佛山市顺德区恒驹金属实业有限公司新建项目建设单位（盖章）：佛山市顺德区恒驹金属实业有限公司编制日期： 二零二三年十二月,E:\软件\环评原始数据\顺德区批复\2025_佛山市生态环境局关于佛山市新雨润食品有限公司总部产业基地项目新建项目环境影响报告表的批复.pdf,佛山市顺德区尧航五金塑料实业有限公司,佛山市顺 德区尧航五金塑料实业有限公司建设项目,76.5,76.2,100.0,50.0,100.0,100.0,79.8,mismatch,company_not_strict_match;project_type_not_found_in_approval
pair_05697,R00050,A04167,E:\软件\mineru_extracted\2023_2023年12月19日建设项目环境影响报告书（表）受理公告（北滘）_1_mineru\full.md,佛山市顺德区恒驹金属实业有限公司,佛山市顺德区恒驹金属实业有限公司新建项目建设单位（盖章）：佛山市顺德区恒驹金属实业有限公司编制日期： 二零二三年十二月,E:\软件\2023-2026年顺德批复文件\2025_佛山市生态环境局关于佛山市新雨润食品有限公司总部产业基地项目新建项目环境影响报告表的批复.pdf,佛山市顺德区尧航五金塑料实业有限公司,佛山市顺 德区尧航五金塑料实业有限公司建设项目,76.5,76.2,100.0,50.0,100.0,100.0,79.8,mismatch,company_not_strict_match;project_type_not_found_in_approval
pair_05698,R00183,A00423,E:\软件\mineru_extracted\2023_2023年5月16日建设项目环境影响报告受理公告（乐从）_mineru\full.md,佛山市顺德区荣浚塑料制品有限公司,佛山市顺德区荣浚塑料制品有限公司迁扩建项目建设单位（盖章）：佛山市顺德区荣浚塑料制品有限公司,E:\软件\环评原始数据\顺德区批复\2021_关于佛山市顺德区盛创辰塑料有限公司建设项目环境影响报告表的批复.pdf,佛山市顺德区哲升塑料制品有限公司,佛山市顺德区哲升塑料制品有限公司扩建项 目,87.5,85.0,100.0,50.0,50.0,0.0,79.8,mismatch,company_not_strict_match;project_type_not_found_in_approval
pair_05699,R00183,A02776,E:\软件\mineru_extracted\2023_2023年5月16日建设项目环境影响报告受理公告（乐从）_mineru\full.md,佛山市顺德区荣浚塑料制品有限公司,佛山市顺德区荣浚塑料制品有限公司迁扩建项目建设单位（盖章）：佛山市顺德区荣浚塑料制品有限公司,E:\软件\2023-2026年顺德批复文件\2021_关于佛山市顺德区盛创辰塑料有限公司建设项目环境影响报告表的批复.pdf,佛山市顺德区哲升塑料制品有限公司,佛山市顺德区哲升塑料制品有限公司扩建项 目,87.5,85.0,100.0,50.0,50.0,0.0,79.8,mismatch,company_not_strict_match;project_type_not_found_in_approval
pair_05700,R00449,A01182,E:\软件\mineru_extracted\2024_2024年1月18日建设项目环境影响报告书（表）受理公告（杏坛）_mineru\full.md,佛山市塑德顺新材料科技有限公司,佛山市塑德顺新材料科技有限公司新建项目,E:\软件\环评原始数据\顺德区批复\2023_公示佛山市生态环境局关于佛山市顺德区骏亨光电科技有限公司迁建项目环境影响报告表的批复.pdf,佛山市顺德区沃朋新材料科技有限公司,佛山市顺德区沃朋新材料科技有限公司新建 项目,81.2,85.0,100.0,50.0,100.0,0.0,79.8,mismatch,company_not_strict_match;project_type_not_found_in_approval
pair_05701,R00449,A03535,E:\软件\mineru_extracted\2024_2024年1月18日建设项目环境影响报告书（表）受理公告（杏坛）_mineru\full.md,佛山市塑德顺新材料科技有限公司,佛山市塑德顺新材料科技有限公司新建项目,E:\软件\2023-2026年顺德批复文件\2023_公示佛山市生态环境局关于佛山市顺德区骏亨光电科技有限公司迁建项目环境影响报告表的批复.pdf,佛山市顺德区沃朋新材料科技有限公司,佛山市顺德区沃朋新材料科技有限公司新建 项目,81.2,85.0,100.0,50.0,100.0,0.0,79.8,mismatch,company_not_strict_match;project_type_not_found_in_approval
pair_05702,R00883,A00423,E:\软件\mineru_extracted\2025_2025年8月22日建设项目环境影响报告表受理公告（伦教）_3_mineru\full.md,佛山市顺德区双钱塑料制品有限公司,佛山市顺德区双钱塑料制品有限公司改扩项目 双线塑料制,E:\软件\环评原始数据\顺德区批复\2021_关于佛山市顺德区盛创辰塑料有限公司建设项目环境影响报告表的批复.pdf,佛山市顺德区哲升塑料制品有限公司,佛山市顺德区哲升塑料制品有限公司扩建项 目,87.5,85.0,100.0,50.0,50.0,0.0,79.8,mismatch,company_not_strict_match;project_type_not_found_in_approval
pair_05703,R00883,A02776,E:\软件\mineru_extracted\2025_2025年8月22日建设项目环境影响报告表受理公告（伦教）_3_mineru\full.md,佛山市顺德区双钱塑料制品有限公司,佛山市顺德区双钱塑料制品有限公司改扩项目 双线塑料制,E:\软件\2023-2026年顺德批复文件\2021_关于佛山市顺德区盛创辰塑料有限公司建设项目环境影响报告表的批复.pdf,佛山市顺德区哲升塑料制品有限公司,佛山市顺德区哲升塑料制品有限公司扩建项 目,87.5,85.0,100.0,50.0,50.0,0.0,79.8,mismatch,company_not_strict_match;project_type_not_found_in_approval
pair_05704,R00446,A02054,E:\软件\mineru_extracted\2024_2024年12月9日建设项目环境影响报告受理公告（大良）_mineru\full.md,佛山市顺德区菱昌精密塑料五金实业有限公司,佛山市顺德区菱昌精密塑料五金实业有限公司新建项目,E:\软件\环评原始数据\顺德区批复\2025_佛环03环审〔2025〕248号佛山市生态环境局关于佛山市顺德区尚臻五金实业有限公司新建项目建设项目环境影响报告表的批复.pdf,佛山市顺德区尚臻五金实业有限公司,佛山市顺 德区尚臻五金实业有限公司新建项目建设项目,77.8,81.8,100.0,50.0,50.0,100.0,79.7,mismatch,company_not_strict_match;project_type_not_found_in_approval
pair_05705,R00446,A04407,E:\软件\mineru_extracted\2024_2024年12月9日建设项目环境影响报告受理公告（大良）_mineru\full.md,佛山市顺德区菱昌精密塑料五金实业有限公司,佛山市顺德区菱昌精密塑料五金实业有限公司新建项目,E:\软件\2023-2026年顺德批复文件\2025_佛环03环审〔2025〕248号佛山市生态环境局关于佛山市顺德区尚臻五金实业有限公司新建项目建设项目环境影响报告表的批复.pdf,佛山市顺德区尚臻五金实业有限公司,佛山市顺 德区尚臻五金实业有限公司新建项目建设项目,77.8,81.8,100.0,50.0,50.0,100.0,79.7,mismatch,company_not_strict_match;project_type_not_found_in_approval
pair_05706,R00711,A02054,E:\软件\mineru_extracted\2024_2024年9月25日建设项目环境影响报告受理公告（大良）_2_mineru\full.md,佛山市顺德区菱昌精密塑料五金实业有限公司,佛山市顺德区菱昌精密塑料五金实业有限公司新建项目,E:\软件\环评原始数据\顺德区批复\2025_佛环03环审〔2025〕248号佛山市生态环境局关于佛山市顺德区尚臻五金实业有限公司新建项目建设项目环境影响报告表的批复.pdf,佛山市顺德区尚臻五金实业有限公司,佛山市顺 德区尚臻五金实业有限公司新建项目建设项目,77.8,81.8,100.0,50.0,50.0,100.0,79.7,mismatch,company_not_strict_match;project_type_not_found_in_approval
pair_05707,R00711,A04407,E:\软件\mineru_extracted\2024_2024年9月25日建设项目环境影响报告受理公告（大良）_2_mineru\full.md,佛山市顺德区菱昌精密塑料五金实业有限公司,佛山市顺德区菱昌精密塑料五金实业有限公司新建项目,E:\软件\2023-2026年顺德批复文件\2025_佛环03环审〔2025〕248号佛山市生态环境局关于佛山市顺德区尚臻五金实业有限公司新建项目建设项目环境影响报告表的批复.pdf,佛山市顺德区尚臻五金实业有限公司,佛山市顺 德区尚臻五金实业有限公司新建项目建设项目,77.8,81.8,100.0,50.0,50.0,100.0,79.7,mismatch,company_not_strict_match;project_type_not_found_in_approval
pair_05708,R00198,A01149,E:\软件\mineru_extracted\2023_2023年5月30日建设项目环境影响报告表受理公告（容桂）_1_mineru\full.md,制品有限公司,佛山市顺德区骏悦塑料五金 建项目建设单位（盖章）：佛山市顺德区骏 有限公司编制日期：2023年4月,E:\软件\环评原始数据\顺德区批复\2023_佛环03环审〔2023〕96号.pdf,佛山顺德宇越塑料制品有限公司,佛山顺德 宇越塑料制品有限公司新建项目建设项目,100.0,56.4,100.0,50.0,50.0,100.0,79.7,mismatch,project_name_not_strict_match;project_type_not_found_in_approval
pair_05709,R00198,A01604,E:\软件\mineru_extracted\2023_2023年5月30日建设项目环境影响报告表受理公告（容桂）_1_mineru\full.md,制品有限公司,佛山市顺德区骏悦塑料五金 建项目建设单位（盖章）：佛山市顺德区骏 有限公司编制日期：2023年4月,E:\软件\环评原始数据\顺德区批复\2024_佛环03环审〔2024〕304号.pdf,佛山市顺德区东锦塑料制品有限公司,佛山市顺 德区东锦塑料制品有限公司建设项目重新报批,100.0,56.4,100.0,50.0,50.0,100.0,79.7,mismatch,project_name_not_strict_match;project_type_not_found_in_approval
pair_05710,R00198,A03502,E:\软件\mineru_extracted\2023_2023年5月30日建设项目环境影响报告表受理公告（容桂）_1_mineru\full.md,制品有限公司,佛山市顺德区骏悦塑料五金 建项目建设单位（盖章）：佛山市顺德区骏 有限公司编制日期：2023年4月,E:\软件\2023-2026年顺德批复文件\2023_佛环03环审〔2023〕96号.pdf,佛山顺德宇越塑料制品有限公司,佛山顺德 宇越塑料制品有限公司新建项目建设项目,100.0,56.4,100.0,50.0,50.0,100.0,79.7,mismatch,project_name_not_strict_match;project_type_not_found_in_approval
pair_05711,R00198,A03957,E:\软件\mineru_extracted\2023_2023年5月30日建设项目环境影响报告表受理公告（容桂）_1_mineru\full.md,制品有限公司,佛山市顺德区骏悦塑料五金 建项目建设单位（盖章）：佛山市顺德区骏 有限公司编制日期：2023年4月,E:\软件\2023-2026年顺德批复文件\2024_佛环03环审〔2024〕304号.pdf,佛山市顺德区东锦塑料制品有限公司,佛山市顺 德区东锦塑料制品有限公司建设项目重新报批,100.0,56.4,100.0,50.0,50.0,100.0,79.7,mismatch,project_name_not_strict_match;project_type_not_found_in_approval
pair_05712,R00739,A01149,E:\软件\mineru_extracted\2025_2025年12月10日建设项目环境影响报告表受理公告（佛山市生态环境局顺德分局）_1_mineru\full.md,佛山市嘉雷塑料制品有限公司,佛山市嘉雷塑料制品有限公司新建项目,E:\软件\环评原始数据\顺德区批复\2023_佛环03环审〔2023〕96号.pdf,佛山顺德宇越塑料制品有限公司,佛山顺德 宇越塑料制品有限公司新建项目建设项目,76.2,76.5,100.0,50.0,100.0,100.0,79.7,mismatch,company_not_strict_match;project_type_not_found_in_approval
pair_05713,R00739,A03502,E:\软件\mineru_extracted\2025_2025年12月10日建设项目环境影响报告表受理公告（佛山市生态环境局顺德分局）_1_mineru\full.md,佛山市嘉雷塑料制品有限公司,佛山市嘉雷塑料制品有限公司新建项目,E:\软件\2023-2026年顺德批复文件\2023_佛环03环审〔2023〕96号.pdf,佛山顺德宇越塑料制品有限公司,佛山顺德 宇越塑料制品有限公司新建项目建设项目,76.2,76.5,100.0,50.0,100.0,100.0,79.7,mismatch,company_not_strict_match;project_type_not_found_in_approval
pair_05714,R00001,A01637,E:\软件\mineru_extracted\2023_2023年10月11日建设项目环境影响报告受理公告（大良）_mineru\full.md,德邦科技有限公司,佛山市德田科 目,E:\软件\环评原始数据\顺德区批复\2024_佛环03环审〔2024〕33号.pdf,佛山市德思达环保科技有限公司,佛 山市德思达环保科技有限公司 12000t∕d 工业废水处理新建项目,85.7,72.7,100.0,50.0,50.0,100.0,79.7,mismatch,company_not_strict_match;project_type_not_found_in_approval
pair_05715,R00001,A03990,E:\软件\mineru_extracted\2023_2023年10月11日建设项目环境影响报告受理公告（大良）_mineru\full.md,德邦科技有限公司,佛山市德田科 目,E:\软件\2023-2026年顺德批复文件\2024_佛环03环审〔2024〕33号.pdf,佛山市德思达环保科技有限公司,佛 山市德思达环保科技有限公司 12000t∕d 工业废水处理新建项目,85.7,72.7,100.0,50.0,50.0,100.0,79.7,mismatch,company_not_strict_match;project_type_not_found_in_approval
pair_05716,R00463,A00060,E:\软件\mineru_extracted\2024_2024年1月4日建设项目环境影响报告书（表）受理公告（杏坛）_mineru\full.md,佛山市前顺新材料科技有限公司,佛山市前顺新材料科技有限公司新建项目,E:\软件\环评原始数据\佛山市批复\2026_关于2026年2月25日至2026年3月5日作出的环境影响评_7117745.pdf,科技股份有限公司,广东 皓景新材料科技股份有限公司建设项目,85.7,72.7,100.0,50.0,50.0,100.0,79.7,mismatch,company_not_strict_match;project_type_not_found_in_approval
pair_05717,R00985,A00807,E:\软件\mineru_extracted\2026_2026年5月13日建设项目环境影响报告书（表）受理公告（北滘）_mineru\full.md,裕拓科技有限公司,广东科技有限司新建项目,E:\软件\环评原始数据\顺德区批复\2022_关于佛山市顺德区北滘镇振德包装彩印厂迁改扩建项目环境影响报告表的批复.pdf,佛山市顺德区凯硕精密模具自动化科技有限公司,佛山市顺德区凯硕精密模具自动化科技有限 公司迁扩建项目,85.7,72.7,100.0,100.0,100.0,0.0,79.7,mismatch,company_not_strict_match
pair_05718,R00985,A01033,E:\软件\mineru_extracted\2026_2026年5月13日建设项目环境影响报告书（表）受理公告（北滘）_mineru\full.md,裕拓科技有限公司,广东科技有限司新建项目,E:\软件\环评原始数据\顺德区批复\2023_佛环03环审〔2023〕115号.pdf,佛山市晔煜电子科技有限公司,佛山市晔 煜电子科技有限公司迁扩建项目,85.7,72.7,100.0,100.0,100.0,0.0,79.7,mismatch,company_not_strict_match
pair_05719,R00985,A02101,E:\软件\mineru_extracted\2026_2026年5月13日建设项目环境影响报告书（表）受理公告（北滘）_mineru\full.md,裕拓科技有限公司,广东科技有限司新建项目,E:\软件\环评原始数据\顺德区批复\2025_佛环03环审〔2025〕298号佛山市生态环境局关于广东纯米电器科技有限公司改扩建项目建设项目环境影响报告表的批复.pdf,广东纯米电器科技有限公司,广东 纯米电器科技有限公司改扩建项目建设项目,85.7,72.7,100.0,100.0,100.0,0.0,79.7,mismatch,company_not_strict_match
pair_05720,R00985,A02169,E:\软件\mineru_extracted\2026_2026年5月13日建设项目环境影响报告书（表）受理公告（北滘）_mineru\full.md,裕拓科技有限公司,广东科技有限司新建项目,E:\软件\环评原始数据\顺德区批复\2025_佛环03环审〔2025〕364号佛山市生态环境局关于佛山市倍奇模具科技有限公司扩建项目建设项目环境影响报告表的批复.pdf,佛山市倍奇模具科技有限公司,佛 山市倍奇模具科技有限公司扩建项目建设项目,85.7,72.7,100.0,100.0,100.0,0.0,79.7,mismatch,company_not_strict_match
pair_05721,R00985,A02261,E:\软件\mineru_extracted\2026_2026年5月13日建设项目环境影响报告书（表）受理公告（北滘）_mineru\full.md,裕拓科技有限公司,广东科技有限司新建项目,E:\软件\环评原始数据\顺德区批复\2026_佛山市生态环境局关于佛山市顺德区佳碧景环保科技有限公司建设项目建设项目环境影响报告表的批复.pdf,佛山市顺德区佳碧景环保科技有限公司,佛山市顺德区佳碧景环保科技有限公司建设项目建设项目,85.7,72.7,100.0,50.0,50.0,100.0,79.7,mismatch,company_not_strict_match;project_type_not_found_in_approval
pair_05722,R00985,A02311,E:\软件\mineru_extracted\2026_2026年5月13日建设项目环境影响报告书（表）受理公告（北滘）_mineru\full.md,裕拓科技有限公司,广东科技有限司新建项目,E:\软件\环评原始数据\顺德区批复\2026_佛环03环审〔2026〕113号佛山市生态环境局关于广东纯米电器科技有限公司建设项目建设项目环境影响报告表的批复.pdf,你单位报来由广州颐景环保科技有限公司,广东纯米 电器科技有限公司建设项目建设项目,85.7,72.7,100.0,50.0,50.0,100.0,79.7,mismatch,company_not_strict_match;project_type_not_found_in_approval
pair_05723,R00985,A02343,E:\软件\mineru_extracted\2026_2026年5月13日建设项目环境影响报告书（表）受理公告（北滘）_mineru\full.md,裕拓科技有限公司,广东科技有限司新建项目,E:\软件\环评原始数据\顺德区批复\2026_佛环03环审〔2026〕18号佛山市生态环境局关于佛山市慧与化工科技有限公司建设项目建设项目环境影响报告表的批复.pdf,佛山市慧与化工科技有限公司,佛 山市慧与化工科技有限公司建设项目建设项目,85.7,72.7,100.0,50.0,50.0,100.0,79.7,mismatch,company_not_strict_match;project_type_not_found_in_approval
pair_05724,R00985,A02363,E:\软件\mineru_extracted\2026_2026年5月13日建设项目环境影响报告书（表）受理公告（北滘）_mineru\full.md,裕拓科技有限公司,广东科技有限司新建项目,E:\软件\环评原始数据\顺德区批复\2026_佛环03环审〔2026〕38号佛山市生态环境局关于佛山市凯意电器科技有限公司建设项目建设项目环境影响报告表的批复.pdf,佛山市凯意电器科技有限公司,佛山市凯 意电器科技有限公司建设项目建设项目,85.7,72.7,100.0,50.0,50.0,100.0,79.7,mismatch,company_not_strict_match;project_type_not_found_in_approval
pair_05725,R00985,A03160,E:\软件\mineru_extracted\2026_2026年5月13日建设项目环境影响报告书（表）受理公告（北滘）_mineru\full.md,裕拓科技有限公司,广东科技有限司新建项目,E:\软件\2023-2026年顺德批复文件\2022_关于佛山市顺德区北滘镇振德包装彩印厂迁改扩建项目环境影响报告表的批复.pdf,佛山市顺德区凯硕精密模具自动化科技有限公司,佛山市顺德区凯硕精密模具自动化科技有限 公司迁扩建项目,85.7,72.7,100.0,100.0,100.0,0.0,79.7,mismatch,company_not_strict_match
pair_05726,R00985,A03386,E:\软件\mineru_extracted\2026_2026年5月13日建设项目环境影响报告书（表）受理公告（北滘）_mineru\full.md,裕拓科技有限公司,广东科技有限司新建项目,E:\软件\2023-2026年顺德批复文件\2023_佛环03环审〔2023〕115号.pdf,佛山市晔煜电子科技有限公司,佛山市晔 煜电子科技有限公司迁扩建项目,85.7,72.7,100.0,100.0,100.0,0.0,79.7,mismatch,company_not_strict_match
pair_05727,R00985,A03686,E:\软件\mineru_extracted\2026_2026年5月13日建设项目环境影响报告书（表）受理公告（北滘）_mineru\full.md,裕拓科技有限公司,广东科技有限司新建项目,E:\软件\2023-2026年顺德批复文件\2024_佛山市生态环境局关于广东长珠新材料科技有限公司改扩建项目环境影响报告表的批复.pdf,广东长珠新材料科技有限公司,广东长珠 新材料科技有限公司改扩建项目,85.7,72.7,100.0,100.0,100.0,0.0,79.7,mismatch,company_not_strict_match
pair_05728,R00985,A04269,E:\软件\mineru_extracted\2026_2026年5月13日建设项目环境影响报告书（表）受理公告（北滘）_mineru\full.md,裕拓科技有限公司,广东科技有限司新建项目,E:\软件\2023-2026年顺德批复文件\2025_佛环03环审〔2025〕106号.pdf,佛山市顺德区马甲科技有限公司,佛山市 顺德区马甲科技有限公司迁扩建项目建设项目,85.7,72.7,100.0,100.0,100.0,0.0,79.7,mismatch,company_not_strict_match
pair_05729,R00985,A04454,E:\软件\mineru_extracted\2026_2026年5月13日建设项目环境影响报告书（表）受理公告（北滘）_mineru\full.md,裕拓科技有限公司,广东科技有限司新建项目,E:\软件\2023-2026年顺德批复文件\2025_佛环03环审〔2025〕298号佛山市生态环境局关于广东纯米电器科技有限公司改扩建项目建设项目环境影响报告表的批复.pdf,广东纯米电器科技有限公司,广东 纯米电器科技有限公司改扩建项目建设项目,85.7,72.7,100.0,100.0,100.0,0.0,79.7,mismatch,company_not_strict_match
pair_05730,R00985,A04522,E:\软件\mineru_extracted\2026_2026年5月13日建设项目环境影响报告书（表）受理公告（北滘）_mineru\full.md,裕拓科技有限公司,广东科技有限司新建项目,E:\软件\2023-2026年顺德批复文件\2025_佛环03环审〔2025〕364号佛山市生态环境局关于佛山市倍奇模具科技有限公司扩建项目建设项目环境影响报告表的批复.pdf,佛山市倍奇模具科技有限公司,佛 山市倍奇模具科技有限公司扩建项目建设项目,85.7,72.7,100.0,100.0,100.0,0.0,79.7,mismatch,company_not_strict_match
pair_05731,R00985,A04614,E:\软件\mineru_extracted\2026_2026年5月13日建设项目环境影响报告书（表）受理公告（北滘）_mineru\full.md,裕拓科技有限公司,广东科技有限司新建项目,E:\软件\2023-2026年顺德批复文件\2026_佛山市生态环境局关于佛山市顺德区佳碧景环保科技有限公司建设项目建设项目环境影响报告表的批复.pdf,佛山市顺德区佳碧景环保科技有限公司,佛山市顺德区佳碧景环保科技有限公司建设项目建设项目,85.7,72.7,100.0,50.0,50.0,100.0,79.7,mismatch,company_not_strict_match;project_type_not_found_in_approval
pair_05732,R00985,A04664,E:\软件\mineru_extracted\2026_2026年5月13日建设项目环境影响报告书（表）受理公告（北滘）_mineru\full.md,裕拓科技有限公司,广东科技有限司新建项目,E:\软件\2023-2026年顺德批复文件\2026_佛环03环审〔2026〕113号佛山市生态环境局关于广东纯米电器科技有限公司建设项目建设项目环境影响报告表的批复.pdf,你单位报来由广州颐景环保科技有限公司,广东纯米 电器科技有限公司建设项目建设项目,85.7,72.7,100.0,50.0,50.0,100.0,79.7,mismatch,company_not_strict_match;project_type_not_found_in_approval
pair_05733,R00985,A04696,E:\软件\mineru_extracted\2026_2026年5月13日建设项目环境影响报告书（表）受理公告（北滘）_mineru\full.md,裕拓科技有限公司,广东科技有限司新建项目,E:\软件\2023-2026年顺德批复文件\2026_佛环03环审〔2026〕18号佛山市生态环境局关于佛山市慧与化工科技有限公司建设项目建设项目环境影响报告表的批复.pdf,佛山市慧与化工科技有限公司,佛 山市慧与化工科技有限公司建设项目建设项目,85.7,72.7,100.0,50.0,50.0,100.0,79.7,mismatch,company_not_strict_match;project_type_not_found_in_approval
pair_05734,R00985,A04716,E:\软件\mineru_extracted\2026_2026年5月13日建设项目环境影响报告书（表）受理公告（北滘）_mineru\full.md,裕拓科技有限公司,广东科技有限司新建项目,E:\软件\2023-2026年顺德批复文件\2026_佛环03环审〔2026〕38号佛山市生态环境局关于佛山市凯意电器科技有限公司建设项目建设项目环境影响报告表的批复.pdf,佛山市凯意电器科技有限公司,佛山市凯 意电器科技有限公司建设项目建设项目,85.7,72.7,100.0,50.0,50.0,100.0,79.7,mismatch,company_not_strict_match;project_type_not_found_in_approval
pair_05735,R00134,A01790,E:\软件\mineru_extracted\2023_2023年3月23日建设项目环境影响报告书（表）受理公告（北滘）_2_mineru\full.md,佛山金澳包装新材料有限公司,佛山金澳包装新材料有限公司新建项目,E:\软件\环评原始数据\顺德区批复\2025_20250320-佛山市生态环境局关于佛山市宏略包装材料有限公司新建项目环境影响报告表的批复.pdf,佛山市宏略包装材料有限公司,佛山 市宏略包装材料有限公司新建项目,76.9,82.8,100.0,50.0,50.0,100.0,79.7,mismatch,company_not_strict_match;project_type_not_found_in_approval
pair_05736,R00134,A04143,E:\软件\mineru_extracted\2023_2023年3月23日建设项目环境影响报告书（表）受理公告（北滘）_2_mineru\full.md,佛山金澳包装新材料有限公司,佛山金澳包装新材料有限公司新建项目,E:\软件\2023-2026年顺德批复文件\2025_20250320-佛山市生态环境局关于佛山市宏略包装材料有限公司新建项目环境影响报告表的批复.pdf,佛山市宏略包装材料有限公司,佛山 市宏略包装材料有限公司新建项目,76.9,82.8,100.0,50.0,50.0,100.0,79.7,mismatch,company_not_strict_match;project_type_not_found_in_approval
pair_05737,R00705,A00246,E:\软件\mineru_extracted\2024_2024年9月19日建设项目环境影响报告书（表）受理公告（佛山市生态环境局顺德分局）_4_mineru\full.md,佛山市顺德区兴致盛塑料制品有限公司,佛山市顺德区兴致盛塑料制品有限公司重新报批项目,E:\软件\环评原始数据\顺德区批复\2021_佛环0304环审【2021】第0065号）佛山市生态环境局关于佛山市顺德区钊越塑料制品有限公司改扩项目环境影响报告表的批复.pdf,佛山市顺德区钊越塑料制品有限公司,佛山市顺德区钊越塑料制品有限公司改扩建项目,84.8,73.7,100.0,100.0,100.0,0.0,79.7,mismatch,company_not_strict_match
pair_05738,R00705,A02598,E:\软件\mineru_extracted\2024_2024年9月19日建设项目环境影响报告书（表）受理公告（佛山市生态环境局顺德分局）_4_mineru\full.md,佛山市顺德区兴致盛塑料制品有限公司,佛山市顺德区兴致盛塑料制品有限公司重新报批项目,E:\软件\2023-2026年顺德批复文件\2021_佛环0304环审【2021】第0065号）佛山市生态环境局关于佛山市顺德区钊越塑料制品有限公司改扩项目环境影响报告表的批复.pdf,佛山市顺德区钊越塑料制品有限公司,佛山市顺德区钊越塑料制品有限公司改扩建项目,84.8,73.7,100.0,100.0,100.0,0.0,79.7,mismatch,company_not_strict_match
pair_05739,R00770,A00246,E:\软件\mineru_extracted\2025_2025年1月6日建设项目环境影响报告书（表）受理公告（佛山市生态环境局顺德分局）_2_mineru\full.md,佛山市顺德区兴致盛塑料制品有限公司,佛山市顺德区兴致盛塑料制品有限公司重新报批项目,E:\软件\环评原始数据\顺德区批复\2021_佛环0304环审【2021】第0065号）佛山市生态环境局关于佛山市顺德区钊越塑料制品有限公司改扩项目环境影响报告表的批复.pdf,佛山市顺德区钊越塑料制品有限公司,佛山市顺德区钊越塑料制品有限公司改扩建项目,84.8,73.7,100.0,100.0,100.0,0.0,79.7,mismatch,company_not_strict_match
pair_05740,R00770,A02598,E:\软件\mineru_extracted\2025_2025年1月6日建设项目环境影响报告书（表）受理公告（佛山市生态环境局顺德分局）_2_mineru\full.md,佛山市顺德区兴致盛塑料制品有限公司,佛山市顺德区兴致盛塑料制品有限公司重新报批项目,E:\软件\2023-2026年顺德批复文件\2021_佛环0304环审【2021】第0065号）佛山市生态环境局关于佛山市顺德区钊越塑料制品有限公司改扩项目环境影响报告表的批复.pdf,佛山市顺德区钊越塑料制品有限公司,佛山市顺德区钊越塑料制品有限公司改扩建项目,84.8,73.7,100.0,100.0,100.0,0.0,79.7,mismatch,company_not_strict_match
pair_05741,R00434,A00138,E:\软件\mineru_extracted\2024_2024年12月30日建设项目环境影响报告受理公告（大良）_mineru\full.md,佛山市顺德区电器有限公司,佛山市顺德区电器有限公司新建项目,E:\软件\环评原始数据\顺德区批复\2021_065-美之雪（065号，总量指标，粤环技评，贵州树青）.pdf,佛山市顺德区华堃电气有限公司,佛山市顺德区华堃电气有限公司新建项目,84.6,88.2,100.0,50.0,50.0,0.0,79.7,mismatch,company_not_strict_match;project_type_not_found_in_approval
pair_05742,R00434,A02490,E:\软件\mineru_extracted\2024_2024年12月30日建设项目环境影响报告受理公告（大良）_mineru\full.md,佛山市顺德区电器有限公司,佛山市顺德区电器有限公司新建项目,E:\软件\2023-2026年顺德批复文件\2021_065-美之雪（065号，总量指标，粤环技评，贵州树青）.pdf,佛山市顺德区华堃电气有限公司,佛山市顺德区华堃电气有限公司新建项目,84.6,88.2,100.0,50.0,50.0,0.0,79.7,mismatch,company_not_strict_match;project_type_not_found_in_approval
pair_05743,R00650,A01091,E:\软件\mineru_extracted\2024_2024年8月29日建设项目环境影响报告书（表）受理公告（龙江）_2_mineru\full.md,佛山市绿淳环保科技有限公司,佛山市绿淳环保科技有限公司新建项目,E:\软件\环评原始数据\顺德区批复\2023_佛环03环审〔2023〕26号.pdf,佛山市缔欣环保科技有限公司,佛山市缔欣环保科技有限公司新建项目建设 项目,84.6,88.2,100.0,50.0,50.0,0.0,79.7,mismatch,company_not_strict_match;project_type_not_found_in_approval
pair_05744,R00650,A01126,E:\软件\mineru_extracted\2024_2024年8月29日建设项目环境影响报告书（表）受理公告（龙江）_2_mineru\full.md,佛山市绿淳环保科技有限公司,佛山市绿淳环保科技有限公司新建项目,E:\软件\环评原始数据\顺德区批复\2023_佛环03环审〔2023〕68号.pdf,佛山市田宏环保科技有限公司,佛山市田 宏环保科技有限公司新建项目建设项目,84.6,88.2,100.0,50.0,50.0,0.0,79.7,mismatch,company_not_strict_match;project_type_not_found_in_approval
pair_05745,R00650,A03444,E:\软件\mineru_extracted\2024_2024年8月29日建设项目环境影响报告书（表）受理公告（龙江）_2_mineru\full.md,佛山市绿淳环保科技有限公司,佛山市绿淳环保科技有限公司新建项目,E:\软件\2023-2026年顺德批复文件\2023_佛环03环审〔2023〕26号.pdf,佛山市缔欣环保科技有限公司,佛山市缔欣环保科技有限公司新建项目建设 项目,84.6,88.2,100.0,50.0,50.0,0.0,79.7,mismatch,company_not_strict_match;project_type_not_found_in_approval
pair_05746,R00650,A03479,E:\软件\mineru_extracted\2024_2024年8月29日建设项目环境影响报告书（表）受理公告（龙江）_2_mineru\full.md,佛山市绿淳环保科技有限公司,佛山市绿淳环保科技有限公司新建项目,E:\软件\2023-2026年顺德批复文件\2023_佛环03环审〔2023〕68号.pdf,佛山市田宏环保科技有限公司,佛山市田 宏环保科技有限公司新建项目建设项目,84.6,88.2,100.0,50.0,50.0,0.0,79.7,mismatch,company_not_strict_match;project_type_not_found_in_approval
pair_05747,R00802,A01740,E:\软件\mineru_extracted\2025_2025年2月8日建设项目环境影响报告受理公告（大良）_mineru\full.md,佛山市纳诺智能装备有限公司,佛山市纳诺智能装备有限公司新建项目,E:\软件\环评原始数据\顺德区批复\2024_佛环03环审〔2024〕63号佛山市生态环境局关于佛山市星舰智能装备有限公司新建项目建设项目环境影响报告表的批复.pdf,佛山市星舰智能装备有限公司,佛山市星 舰智能装备有限公司新建项目建设项目,84.6,88.2,100.0,50.0,50.0,0.0,79.7,mismatch,company_not_strict_match;project_type_not_found_in_approval
pair_05748,R00802,A04093,E:\软件\mineru_extracted\2025_2025年2月8日建设项目环境影响报告受理公告（大良）_mineru\full.md,佛山市纳诺智能装备有限公司,佛山市纳诺智能装备有限公司新建项目,E:\软件\2023-2026年顺德批复文件\2024_佛环03环审〔2024〕63号佛山市生态环境局关于佛山市星舰智能装备有限公司新建项目建设项目环境影响报告表的批复.pdf,佛山市星舰智能装备有限公司,佛山市星 舰智能装备有限公司新建项目建设项目,84.6,88.2,100.0,50.0,50.0,0.0,79.7,mismatch,company_not_strict_match;project_type_not_found_in_approval
pair_05749,R00965,A00698,E:\软件\mineru_extracted\2026_2026年4月28日建设项目环境影响报告表受理公告（佛山市生态环境局顺德分局）_2_mineru\full.md,佛山市赢安电子科技有限公司,佛山市赢安电子科技有限公司新建项目,E:\软件\环评原始数据\顺德区批复\2022_佛环03环审〔2022〕120号佛山市生态环境局关于广东菲尼环保材料有限公司迁建项目建设项目环境影响报告表的批复.pdf,佛山市品恒电子科技有限公司,佛山市品恒电子科技有限公司新建项目建设 项目,84.6,88.2,100.0,50.0,50.0,0.0,79.7,mismatch,company_not_strict_match;project_type_not_found_in_approval
pair_05750,R00965,A00896,E:\软件\mineru_extracted\2026_2026年4月28日建设项目环境影响报告表受理公告（佛山市生态环境局顺德分局）_2_mineru\full.md,佛山市赢安电子科技有限公司,佛山市赢安电子科技有限公司新建项目,E:\软件\环评原始数据\顺德区批复\2023_佛山市生态环境局关于佛山市焱燚电子科技有限公司新建项目环境影响报告表的批复.pdf,佛山市焱燚电子科技有限公司,佛 山市焱燚电子科技有限公司新建项目,84.6,88.2,100.0,50.0,50.0,0.0,79.7,mismatch,company_not_strict_match;project_type_not_found_in_approval
pair_05751,R00965,A01019,E:\软件\mineru_extracted\2026_2026年4月28日建设项目环境影响报告表受理公告（佛山市生态环境局顺德分局）_2_mineru\full.md,佛山市赢安电子科技有限公司,佛山市赢安电子科技有限公司新建项目,E:\软件\环评原始数据\顺德区批复\2023_佛环03环审〔2022〕117号佛山市生态环境局关于佛山市威葳电子科技有限公司新建项目建设项目环境影响报告表的批复.pdf,佛山市威葳电子科技有限公司,佛山市威葳电子科技有限公司新建项目建设 项目,84.6,88.2,100.0,50.0,50.0,0.0,79.7,mismatch,company_not_strict_match;project_type_not_found_in_approval
pair_05752,R00965,A01381,E:\软件\mineru_extracted\2026_2026年4月28日建设项目环境影响报告表受理公告（佛山市生态环境局顺德分局）_2_mineru\full.md,佛山市赢安电子科技有限公司,佛山市赢安电子科技有限公司新建项目,E:\软件\环评原始数据\顺德区批复\2024_佛环0309环审〔2024〕08号（顺腾丰）.pdf,佛山市鑫迪电子科技有限公司,佛山市 鑫迪电子科技有限公司新建项目,84.6,88.2,100.0,50.0,50.0,0.0,79.7,mismatch,company_not_strict_match;project_type_not_found_in_approval
pair_05753,R00965,A01673,E:\软件\mineru_extracted\2026_2026年4月28日建设项目环境影响报告表受理公告（佛山市生态环境局顺德分局）_2_mineru\full.md,佛山市赢安电子科技有限公司,佛山市赢安电子科技有限公司新建项目,E:\软件\环评原始数据\顺德区批复\2024_佛环03环审〔2024〕376号.pdf,佛山市信鼎电子科技有限公司,佛山 市信鼎电子科技有限公司新建项目建设项目,84.6,88.2,100.0,50.0,50.0,0.0,79.7,mismatch,company_not_strict_match;project_type_not_found_in_approval
pair_05754,R00965,A02090,E:\软件\mineru_extracted\2026_2026年4月28日建设项目环境影响报告表受理公告（佛山市生态环境局顺德分局）_2_mineru\full.md,佛山市赢安电子科技有限公司,佛山市赢安电子科技有限公司新建项目,E:\软件\环评原始数据\顺德区批复\2025_佛环03环审〔2025〕287号佛山市生态环境局关于佛山市立茂电子科技有限公司新建项目建设项目环境影响报告表的批复.pdf,佛山市立茂电子科技有限公司,佛山 市立茂电子科技有限公司新建项目建设项目,84.6,88.2,100.0,50.0,50.0,0.0,79.7,mismatch,company_not_strict_match;project_type_not_found_in_approval
pair_05755,R00965,A02110,E:\软件\mineru_extracted\2026_2026年4月28日建设项目环境影响报告表受理公告（佛山市生态环境局顺德分局）_2_mineru\full.md,佛山市赢安电子科技有限公司,佛山市赢安电子科技有限公司新建项目,E:\软件\环评原始数据\顺德区批复\2025_佛环03环审〔2025〕306号佛山市生态环境局关于佛山市锜顺电子科技有限公司新建项目建设项目环境影响报告表的批复.pdf,佛山市锜顺电子科技有限公司,佛山 市锜顺电子科技有限公司新建项目建设项目,84.6,88.2,100.0,50.0,50.0,0.0,79.7,mismatch,company_not_strict_match;project_type_not_found_in_approval
pair_05756,R00965,A02294,E:\软件\mineru_extracted\2026_2026年4月28日建设项目环境影响报告表受理公告（佛山市生态环境局顺德分局）_2_mineru\full.md,佛山市赢安电子科技有限公司,佛山市赢安电子科技有限公司新建项目,E:\软件\环评原始数据\顺德区批复\2026_佛环03环审〔2025〕391号佛山市生态环境局关于佛山市霆拓电子科技有限公司新建项目建设项目环境影响报告表的批复.pdf,佛山市霆拓电子科技有限公司,佛山市 霆拓电子科技有限公司新建项目建设项目,84.6,88.2,100.0,50.0,50.0,0.0,79.7,mismatch,company_not_strict_match;project_type_not_found_in_approval
pair_05757,R00965,A03051,E:\软件\mineru_extracted\2026_2026年4月28日建设项目环境影响报告表受理公告（佛山市生态环境局顺德分局）_2_mineru\full.md,佛山市赢安电子科技有限公司,佛山市赢安电子科技有限公司新建项目,E:\软件\2023-2026年顺德批复文件\2022_佛环03环审〔2022〕120号佛山市生态环境局关于广东菲尼环保材料有限公司迁建项目建设项目环境影响报告表的批复.pdf,佛山市品恒电子科技有限公司,佛山市品恒电子科技有限公司新建项目建设 项目,84.6,88.2,100.0,50.0,50.0,0.0,79.7,mismatch,company_not_strict_match;project_type_not_found_in_approval
pair_05758,R00965,A03249,E:\软件\mineru_extracted\2026_2026年4月28日建设项目环境影响报告表受理公告（佛山市生态环境局顺德分局）_2_mineru\full.md,佛山市赢安电子科技有限公司,佛山市赢安电子科技有限公司新建项目,E:\软件\2023-2026年顺德批复文件\2023_佛山市生态环境局关于佛山市焱燚电子科技有限公司新建项目环境影响报告表的批复.pdf,佛山市焱燚电子科技有限公司,佛 山市焱燚电子科技有限公司新建项目,84.6,88.2,100.0,50.0,50.0,0.0,79.7,mismatch,company_not_strict_match;project_type_not_found_in_approval
pair_05759,R00965,A03372,E:\软件\mineru_extracted\2026_2026年4月28日建设项目环境影响报告表受理公告（佛山市生态环境局顺德分局）_2_mineru\full.md,佛山市赢安电子科技有限公司,佛山市赢安电子科技有限公司新建项目,E:\软件\2023-2026年顺德批复文件\2023_佛环03环审〔2022〕117号佛山市生态环境局关于佛山市威葳电子科技有限公司新建项目建设项目环境影响报告表的批复.pdf,佛山市威葳电子科技有限公司,佛山市威葳电子科技有限公司新建项目建设 项目,84.6,88.2,100.0,50.0,50.0,0.0,79.7,mismatch,company_not_strict_match;project_type_not_found_in_approval
pair_05760,R00965,A03734,E:\软件\mineru_extracted\2026_2026年4月28日建设项目环境影响报告表受理公告（佛山市生态环境局顺德分局）_2_mineru\full.md,佛山市赢安电子科技有限公司,佛山市赢安电子科技有限公司新建项目,E:\软件\2023-2026年顺德批复文件\2024_佛环0309环审〔2024〕08号（顺腾丰）.pdf,佛山市鑫迪电子科技有限公司,佛山市 鑫迪电子科技有限公司新建项目,84.6,88.2,100.0,50.0,50.0,0.0,79.7,mismatch,company_not_strict_match;project_type_not_found_in_approval
pair_05761,R00965,A04026,E:\软件\mineru_extracted\2026_2026年4月28日建设项目环境影响报告表受理公告（佛山市生态环境局顺德分局）_2_mineru\full.md,佛山市赢安电子科技有限公司,佛山市赢安电子科技有限公司新建项目,E:\软件\2023-2026年顺德批复文件\2024_佛环03环审〔2024〕376号.pdf,佛山市信鼎电子科技有限公司,佛山 市信鼎电子科技有限公司新建项目建设项目,84.6,88.2,100.0,50.0,50.0,0.0,79.7,mismatch,company_not_strict_match;project_type_not_found_in_approval
pair_05762,R00965,A04443,E:\软件\mineru_extracted\2026_2026年4月28日建设项目环境影响报告表受理公告（佛山市生态环境局顺德分局）_2_mineru\full.md,佛山市赢安电子科技有限公司,佛山市赢安电子科技有限公司新建项目,E:\软件\2023-2026年顺德批复文件\2025_佛环03环审〔2025〕287号佛山市生态环境局关于佛山市立茂电子科技有限公司新建项目建设项目环境影响报告表的批复.pdf,佛山市立茂电子科技有限公司,佛山 市立茂电子科技有限公司新建项目建设项目,84.6,88.2,100.0,50.0,50.0,0.0,79.7,mismatch,company_not_strict_match;project_type_not_found_in_approval
pair_05763,R00965,A04463,E:\软件\mineru_extracted\2026_2026年4月28日建设项目环境影响报告表受理公告（佛山市生态环境局顺德分局）_2_mineru\full.md,佛山市赢安电子科技有限公司,佛山市赢安电子科技有限公司新建项目,E:\软件\2023-2026年顺德批复文件\2025_佛环03环审〔2025〕306号佛山市生态环境局关于佛山市锜顺电子科技有限公司新建项目建设项目环境影响报告表的批复.pdf,佛山市锜顺电子科技有限公司,佛山 市锜顺电子科技有限公司新建项目建设项目,84.6,88.2,100.0,50.0,50.0,0.0,79.7,mismatch,company_not_strict_match;project_type_not_found_in_approval
pair_05764,R00965,A04647,E:\软件\mineru_extracted\2026_2026年4月28日建设项目环境影响报告表受理公告（佛山市生态环境局顺德分局）_2_mineru\full.md,佛山市赢安电子科技有限公司,佛山市赢安电子科技有限公司新建项目,E:\软件\2023-2026年顺德批复文件\2026_佛环03环审〔2025〕391号佛山市生态环境局关于佛山市霆拓电子科技有限公司新建项目建设项目环境影响报告表的批复.pdf,佛山市霆拓电子科技有限公司,佛山市 霆拓电子科技有限公司新建项目建设项目,84.6,88.2,100.0,50.0,50.0,0.0,79.7,mismatch,company_not_strict_match;project_type_not_found_in_approval
pair_05765,R01345,A00896,E:\软件\环评原始数据\顺德区受理报告\2026_2026年4月20日建设项目环境影响报告表受理公告（佛山市生态环境局顺德分局）_9.pdf,佛山市利心电子科技有限公司,佛山市利心电子科技有限公司新建项目,E:\软件\环评原始数据\顺德区批复\2023_佛山市生态环境局关于佛山市焱燚电子科技有限公司新建项目环境影响报告表的批复.pdf,佛山市焱燚电子科技有限公司,佛 山市焱燚电子科技有限公司新建项目,84.6,88.2,100.0,50.0,50.0,0.0,79.7,mismatch,company_not_strict_match;project_type_not_found_in_approval
pair_05766,R01345,A01019,E:\软件\环评原始数据\顺德区受理报告\2026_2026年4月20日建设项目环境影响报告表受理公告（佛山市生态环境局顺德分局）_9.pdf,佛山市利心电子科技有限公司,佛山市利心电子科技有限公司新建项目,E:\软件\环评原始数据\顺德区批复\2023_佛环03环审〔2022〕117号佛山市生态环境局关于佛山市威葳电子科技有限公司新建项目建设项目环境影响报告表的批复.pdf,佛山市威葳电子科技有限公司,佛山市威葳电子科技有限公司新建项目建设 项目,84.6,88.2,100.0,50.0,50.0,0.0,79.7,mismatch,company_not_strict_match;project_type_not_found_in_approval
pair_05767,R01345,A01381,E:\软件\环评原始数据\顺德区受理报告\2026_2026年4月20日建设项目环境影响报告表受理公告（佛山市生态环境局顺德分局）_9.pdf,佛山市利心电子科技有限公司,佛山市利心电子科技有限公司新建项目,E:\软件\环评原始数据\顺德区批复\2024_佛环0309环审〔2024〕08号（顺腾丰）.pdf,佛山市鑫迪电子科技有限公司,佛山市 鑫迪电子科技有限公司新建项目,84.6,88.2,100.0,50.0,50.0,0.0,79.7,mismatch,company_not_strict_match;project_type_not_found_in_approval
pair_05768,R01345,A01673,E:\软件\环评原始数据\顺德区受理报告\2026_2026年4月20日建设项目环境影响报告表受理公告（佛山市生态环境局顺德分局）_9.pdf,佛山市利心电子科技有限公司,佛山市利心电子科技有限公司新建项目,E:\软件\环评原始数据\顺德区批复\2024_佛环03环审〔2024〕376号.pdf,佛山市信鼎电子科技有限公司,佛山 市信鼎电子科技有限公司新建项目建设项目,84.6,88.2,100.0,50.0,50.0,0.0,79.7,mismatch,company_not_strict_match;project_type_not_found_in_approval
pair_05769,R01345,A03249,E:\软件\环评原始数据\顺德区受理报告\2026_2026年4月20日建设项目环境影响报告表受理公告（佛山市生态环境局顺德分局）_9.pdf,佛山市利心电子科技有限公司,佛山市利心电子科技有限公司新建项目,E:\软件\2023-2026年顺德批复文件\2023_佛山市生态环境局关于佛山市焱燚电子科技有限公司新建项目环境影响报告表的批复.pdf,佛山市焱燚电子科技有限公司,佛 山市焱燚电子科技有限公司新建项目,84.6,88.2,100.0,50.0,50.0,0.0,79.7,mismatch,company_not_strict_match;project_type_not_found_in_approval
pair_05770,R01345,A03372,E:\软件\环评原始数据\顺德区受理报告\2026_2026年4月20日建设项目环境影响报告表受理公告（佛山市生态环境局顺德分局）_9.pdf,佛山市利心电子科技有限公司,佛山市利心电子科技有限公司新建项目,E:\软件\2023-2026年顺德批复文件\2023_佛环03环审〔2022〕117号佛山市生态环境局关于佛山市威葳电子科技有限公司新建项目建设项目环境影响报告表的批复.pdf,佛山市威葳电子科技有限公司,佛山市威葳电子科技有限公司新建项目建设 项目,84.6,88.2,100.0,50.0,50.0,0.0,79.7,mismatch,company_not_strict_match;project_type_not_found_in_approval
pair_05771,R01345,A03734,E:\软件\环评原始数据\顺德区受理报告\2026_2026年4月20日建设项目环境影响报告表受理公告（佛山市生态环境局顺德分局）_9.pdf,佛山市利心电子科技有限公司,佛山市利心电子科技有限公司新建项目,E:\软件\2023-2026年顺德批复文件\2024_佛环0309环审〔2024〕08号（顺腾丰）.pdf,佛山市鑫迪电子科技有限公司,佛山市 鑫迪电子科技有限公司新建项目,84.6,88.2,100.0,50.0,50.0,0.0,79.7,mismatch,company_not_strict_match;project_type_not_found_in_approval
pair_05772,R01345,A04026,E:\软件\环评原始数据\顺德区受理报告\2026_2026年4月20日建设项目环境影响报告表受理公告（佛山市生态环境局顺德分局）_9.pdf,佛山市利心电子科技有限公司,佛山市利心电子科技有限公司新建项目,E:\软件\2023-2026年顺德批复文件\2024_佛环03环审〔2024〕376号.pdf,佛山市信鼎电子科技有限公司,佛山 市信鼎电子科技有限公司新建项目建设项目,84.6,88.2,100.0,50.0,50.0,0.0,79.7,mismatch,company_not_strict_match;project_type_not_found_in_approval
pair_05773,R00777,A01844,E:\软件\mineru_extracted\2025_2025年2月11日建设项目环境影响报告表受理公告（伦教）_1_mineru\full.md,佛山市顺德区钱塑料制品有限公司,佛山市顺德区钱塑料制品有限公司吹膜制袋车间新建项目,E:\软件\环评原始数据\顺德区批复\2025_佛山市生态环境局关于佛山市顺德区盈立方五金塑料制品有限公司迁扩建项目（重新报批)建设项目环境影响报告表的批复.pdf,佛山市顺德区盈立方五金塑料制品有限公司,佛山市 顺德区盈立方五金塑料制品有限公司迁扩建项目（重新报批） 建设项目,82.4,69.4,100.0,100.0,50.0,100.0,79.7,mismatch,company_not_strict_match
pair_05774,R00777,A04197,E:\软件\mineru_extracted\2025_2025年2月11日建设项目环境影响报告表受理公告（伦教）_1_mineru\full.md,佛山市顺德区钱塑料制品有限公司,佛山市顺德区钱塑料制品有限公司吹膜制袋车间新建项目,E:\软件\2023-2026年顺德批复文件\2025_佛山市生态环境局关于佛山市顺德区盈立方五金塑料制品有限公司迁扩建项目（重新报批)建设项目环境影响报告表的批复.pdf,佛山市顺德区盈立方五金塑料制品有限公司,佛山市 顺德区盈立方五金塑料制品有限公司迁扩建项目（重新报批） 建设项目,82.4,69.4,100.0,100.0,50.0,100.0,79.7,mismatch,company_not_strict_match
pair_05775,R00461,A00128,E:\软件\mineru_extracted\2024_2024年1月3日建设项目环境影响报告书（表）受理公告（佛山市生态环境局顺德分局）_2_mineru\full.md,（佛有限公司,宠享科技 （佛有限公司新建项目,E:\软件\环评原始数据\顺德区批复\2021_047-帆宏模具（047号，总量控制指标，粤环技评，深圳能达）.pdf,佛山市顺德区北滘威利厨用设备有限公司,佛山市顺德区北滘威利厨用设备有限公司 新建项目,88.9,76.2,100.0,100.0,50.0,0.0,79.7,mismatch,company_not_strict_match
pair_05776,R00461,A00639,E:\软件\mineru_extracted\2024_2024年1月3日建设项目环境影响报告书（表）受理公告（佛山市生态环境局顺德分局）_2_mineru\full.md,（佛有限公司,宠享科技 （佛有限公司新建项目,E:\软件\环评原始数据\顺德区批复\2022_佛环0304环审〔2022〕98号  佛山市生态环境局关于佛山市顺德区爱宝乐鞋业有限公司新建项目环境影响报告表的批复.pdf,佛山市顺德区爱宝乐鞋业有限公司,佛山市顺德区爱宝乐鞋业有限公司新建项目,88.9,76.2,100.0,100.0,50.0,0.0,79.7,mismatch,company_not_strict_match
pair_05777,R00461,A00796,E:\软件\mineru_extracted\2024_2024年1月3日建设项目环境影响报告书（表）受理公告（佛山市生态环境局顺德分局）_2_mineru\full.md,（佛有限公司,宠享科技 （佛有限公司新建项目,E:\软件\环评原始数据\顺德区批复\2022_关于佛山市鑫永塑料金属有限公司新建项目.pdf,佛山市鑫永塑料金属有限公司,佛山市鑫永塑料金属有限公司新建项目,88.9,76.2,100.0,100.0,50.0,0.0,79.7,mismatch,company_not_strict_match
pair_05778,R00461,A00828,E:\软件\mineru_extracted\2024_2024年1月3日建设项目环境影响报告书（表）受理公告（佛山市生态环境局顺德分局）_2_mineru\full.md,（佛有限公司,宠享科技 （佛有限公司新建项目,E:\软件\环评原始数据\顺德区批复\2022_关于广东威特真空电子制造有限公司磁控管新工厂技改项目环境影响报告表的批复.pdf,佛山市日佳电器料有限公司,佛山市日佳电器料有限公司新建项目,88.9,76.2,100.0,100.0,50.0,0.0,79.7,mismatch,company_not_strict_match
pair_05779,R00461,A02480,E:\软件\mineru_extracted\2024_2024年1月3日建设项目环境影响报告书（表）受理公告（佛山市生态环境局顺德分局）_2_mineru\full.md,（佛有限公司,宠享科技 （佛有限公司新建项目,E:\软件\2023-2026年顺德批复文件\2021_047-帆宏模具（047号，总量控制指标，粤环技评，深圳能达）.pdf,佛山市顺德区北滘威利厨用设备有限公司,佛山市顺德区北滘威利厨用设备有限公司 新建项目,88.9,76.2,100.0,100.0,50.0,0.0,79.7,mismatch,company_not_strict_match
pair_05780,R00461,A02992,E:\软件\mineru_extracted\2024_2024年1月3日建设项目环境影响报告书（表）受理公告（佛山市生态环境局顺德分局）_2_mineru\full.md,（佛有限公司,宠享科技 （佛有限公司新建项目,E:\软件\2023-2026年顺德批复文件\2022_佛环0304环审〔2022〕98号  佛山市生态环境局关于佛山市顺德区爱宝乐鞋业有限公司新建项目环境影响报告表的批复.pdf,佛山市顺德区爱宝乐鞋业有限公司,佛山市顺德区爱宝乐鞋业有限公司新建项目,88.9,76.2,100.0,100.0,50.0,0.0,79.7,mismatch,company_not_strict_match
pair_05781,R00461,A03149,E:\软件\mineru_extracted\2024_2024年1月3日建设项目环境影响报告书（表）受理公告（佛山市生态环境局顺德分局）_2_mineru\full.md,（佛有限公司,宠享科技 （佛有限公司新建项目,E:\软件\2023-2026年顺德批复文件\2022_关于佛山市鑫永塑料金属有限公司新建项目.pdf,佛山市鑫永塑料金属有限公司,佛山市鑫永塑料金属有限公司新建项目,88.9,76.2,100.0,100.0,50.0,0.0,79.7,mismatch,company_not_strict_match
pair_05782,R00461,A03181,E:\软件\mineru_extracted\2024_2024年1月3日建设项目环境影响报告书（表）受理公告（佛山市生态环境局顺德分局）_2_mineru\full.md,（佛有限公司,宠享科技 （佛有限公司新建项目,E:\软件\2023-2026年顺德批复文件\2022_关于广东威特真空电子制造有限公司磁控管新工厂技改项目环境影响报告表的批复.pdf,佛山市日佳电器料有限公司,佛山市日佳电器料有限公司新建项目,88.9,76.2,100.0,100.0,50.0,0.0,79.7,mismatch,company_not_strict_match
pair_05783,R01194,A02222,E:\软件\环评原始数据\顺德区受理报告\2022_2022年3月24日项目环境影响报告受理公告（勒流）_5211876.pdf,佛山市嵘禄五金塑料制品有限公司,佛山市嵘禄五金塑料制品有限公司新建项目,E:\软件\环评原始数据\顺德区批复\2025_佛环03环审〔2025〕73号.pdf,佛山市炬胜塑料制品有限公司,佛山市炬 胜塑料制品有限公司重新报批项目建设项目,78.6,73.7,100.0,50.0,100.0,100.0,79.7,mismatch,company_not_strict_match;project_type_not_found_in_approval
pair_05784,R01194,A04575,E:\软件\环评原始数据\顺德区受理报告\2022_2022年3月24日项目环境影响报告受理公告（勒流）_5211876.pdf,佛山市嵘禄五金塑料制品有限公司,佛山市嵘禄五金塑料制品有限公司新建项目,E:\软件\2023-2026年顺德批复文件\2025_佛环03环审〔2025〕73号.pdf,佛山市炬胜塑料制品有限公司,佛山市炬 胜塑料制品有限公司重新报批项目建设项目,78.6,73.7,100.0,50.0,100.0,100.0,79.7,mismatch,company_not_strict_match;project_type_not_found_in_approval
pair_05785,R01195,A02222,E:\软件\环评原始数据\顺德区受理报告\2022_2022年3月24日项目环境影响报告受理公告（勒流）_5211876.pdf.pdf,佛山市嵘禄五金塑料制品有限公司,佛山市嵘禄五金塑料制品有限公司新建项目,E:\软件\环评原始数据\顺德区批复\2025_佛环03环审〔2025〕73号.pdf,佛山市炬胜塑料制品有限公司,佛山市炬 胜塑料制品有限公司重新报批项目建设项目,78.6,73.7,100.0,50.0,100.0,100.0,79.7,mismatch,company_not_strict_match;project_type_not_found_in_approval
pair_05786,R01195,A04575,E:\软件\环评原始数据\顺德区受理报告\2022_2022年3月24日项目环境影响报告受理公告（勒流）_5211876.pdf.pdf,佛山市嵘禄五金塑料制品有限公司,佛山市嵘禄五金塑料制品有限公司新建项目,E:\软件\2023-2026年顺德批复文件\2025_佛环03环审〔2025〕73号.pdf,佛山市炬胜塑料制品有限公司,佛山市炬 胜塑料制品有限公司重新报批项目建设项目,78.6,73.7,100.0,50.0,100.0,100.0,79.7,mismatch,company_not_strict_match;project_type_not_found_in_approval
pair_05787,R01202,A02222,E:\软件\环评原始数据\顺德区受理报告\2022_2022年5月12日项目环境影响报告受理公告（勒流）_5260017.pdf,佛山市嵘禄五金塑料制品有限公司,佛山市嵘禄五金塑料制品有限公司新建项目,E:\软件\环评原始数据\顺德区批复\2025_佛环03环审〔2025〕73号.pdf,佛山市炬胜塑料制品有限公司,佛山市炬 胜塑料制品有限公司重新报批项目建设项目,78.6,73.7,100.0,50.0,100.0,100.0,79.7,mismatch,company_not_strict_match;project_type_not_found_in_approval
pair_05788,R01202,A04575,E:\软件\环评原始数据\顺德区受理报告\2022_2022年5月12日项目环境影响报告受理公告（勒流）_5260017.pdf,佛山市嵘禄五金塑料制品有限公司,佛山市嵘禄五金塑料制品有限公司新建项目,E:\软件\2023-2026年顺德批复文件\2025_佛环03环审〔2025〕73号.pdf,佛山市炬胜塑料制品有限公司,佛山市炬 胜塑料制品有限公司重新报批项目建设项目,78.6,73.7,100.0,50.0,100.0,100.0,79.7,mismatch,company_not_strict_match;project_type_not_found_in_approval
pair_05789,R00276,A00960,E:\软件\mineru_extracted\2023_2023年8月7日建设项目环境影响报告书（表）受理公告（杏坛）_mineru\full.md,佛山市顺德区康盈制品有限公司,佛山市顺德区康盈制品有限公司新建项目,E:\软件\环评原始数据\顺德区批复\2023_佛环0304环审〔2023〕23号 佛山市生态环境局关于佛山市顺德区格瑞夫五金制品有限公司迁扩建项目环境影响报告表的批复.pdf,佛山市顺德区格瑞夫五金制品有限公司,佛山市顺德区格瑞夫五金制品有限公司迁扩 建项目,77.4,75.0,100.0,100.0,50.0,100.0,79.7,mismatch,company_not_strict_match
pair_05790,R00276,A03313,E:\软件\mineru_extracted\2023_2023年8月7日建设项目环境影响报告书（表）受理公告（杏坛）_mineru\full.md,佛山市顺德区康盈制品有限公司,佛山市顺德区康盈制品有限公司新建项目,E:\软件\2023-2026年顺德批复文件\2023_佛环0304环审〔2023〕23号 佛山市生态环境局关于佛山市顺德区格瑞夫五金制品有限公司迁扩建项目环境影响报告表的批复.pdf,佛山市顺德区格瑞夫五金制品有限公司,佛山市顺德区格瑞夫五金制品有限公司迁扩 建项目,77.4,75.0,100.0,100.0,50.0,100.0,79.7,mismatch,company_not_strict_match
pair_05791,R00303,A01172,E:\软件\mineru_extracted\2023_2023年9月8日建设项目环境影响报告书（表）受理公告（均安）_1_mineru\full.md,佛山市顺德区煜拓五制品有限公司,佛山市顺德区煜拓五制品有限公司新建项目建设单位（盖章）：佛山市顺德区煜拓五金制品有限公司,E:\软件\环评原始数据\顺德区批复\2023_公示佛山市生态环境局关于佛山市顺德区创河塑料制品有限公司改扩建项目环境影响报告表的批复.pdf,佛山市顺德区创河塑料制品有限公司,佛山市顺德区创河塑料制品有限公司改扩建 项目,77.4,75.0,100.0,100.0,50.0,100.0,79.7,mismatch,company_not_strict_match
pair_05792,R00303,A03525,E:\软件\mineru_extracted\2023_2023年9月8日建设项目环境影响报告书（表）受理公告（均安）_1_mineru\full.md,佛山市顺德区煜拓五制品有限公司,佛山市顺德区煜拓五制品有限公司新建项目建设单位（盖章）：佛山市顺德区煜拓五金制品有限公司,E:\软件\2023-2026年顺德批复文件\2023_公示佛山市生态环境局关于佛山市顺德区创河塑料制品有限公司改扩建项目环境影响报告表的批复.pdf,佛山市顺德区创河塑料制品有限公司,佛山市顺德区创河塑料制品有限公司改扩建 项目,77.4,75.0,100.0,100.0,50.0,100.0,79.7,mismatch,company_not_strict_match
pair_05793,R00303,A04129,E:\软件\mineru_extracted\2023_2023年9月8日建设项目环境影响报告书（表）受理公告（均安）_1_mineru\full.md,佛山市顺德区煜拓五制品有限公司,佛山市顺德区煜拓五制品有限公司新建项目建设单位（盖章）：佛山市顺德区煜拓五金制品有限公司,E:\软件\2023-2026年顺德批复文件\2024_公示佛山市生态环境局关于佛山市塑德顺新材料科技有限公司新建项目环境影响报告表的批复.pdf,佛山市顺德区晶一镜业制品有限公司,佛山市 顺德区晶一镜业制品有限公司迁扩建项目,77.4,75.0,100.0,100.0,50.0,100.0,79.7,mismatch,company_not_strict_match
pair_05794,R00763,A01905,E:\软件\mineru_extracted\2025_2025年1月27日建设项目环境影响报告书（表）受理公告（均安）_1_mineru\full.md,佛山市顺德区安科塑料器有限公司,佛山市顺德区安科塑料器有限公司迁扩建项目,E:\软件\环评原始数据\顺德区批复\2025_佛环0309环审〔2025〕36号（和汇）.pdf,佛山市顺德区安乔新型材料有限公司,佛山市 顺德区安乔新型材料有限公司新建项目,77.4,75.0,100.0,50.0,100.0,100.0,79.7,mismatch,company_not_strict_match;project_type_not_found_in_approval
pair_05795,R00763,A04258,E:\软件\mineru_extracted\2025_2025年1月27日建设项目环境影响报告书（表）受理公告（均安）_1_mineru\full.md,佛山市顺德区安科塑料器有限公司,佛山市顺德区安科塑料器有限公司迁扩建项目,E:\软件\2023-2026年顺德批复文件\2025_佛环0309环审〔2025〕36号（和汇）.pdf,佛山市顺德区安乔新型材料有限公司,佛山市 顺德区安乔新型材料有限公司新建项目,77.4,75.0,100.0,50.0,100.0,100.0,79.7,mismatch,company_not_strict_match;project_type_not_found_in_approval
pair_05796,R00793,A01905,E:\软件\mineru_extracted\2025_2025年2月24日建设项目环境影响报告书（表）受理公告（均安）_2_mineru\full.md,佛山市顺德区安科塑料器有限公司,佛山市顺德区安科塑料器有限公司迁扩建项目,E:\软件\环评原始数据\顺德区批复\2025_佛环0309环审〔2025〕36号（和汇）.pdf,佛山市顺德区安乔新型材料有限公司,佛山市 顺德区安乔新型材料有限公司新建项目,77.4,75.0,100.0,50.0,100.0,100.0,79.7,mismatch,company_not_strict_match;project_type_not_found_in_approval
pair_05797,R00793,A04258,E:\软件\mineru_extracted\2025_2025年2月24日建设项目环境影响报告书（表）受理公告（均安）_2_mineru\full.md,佛山市顺德区安科塑料器有限公司,佛山市顺德区安科塑料器有限公司迁扩建项目,E:\软件\2023-2026年顺德批复文件\2025_佛环0309环审〔2025〕36号（和汇）.pdf,佛山市顺德区安乔新型材料有限公司,佛山市 顺德区安乔新型材料有限公司新建项目,77.4,75.0,100.0,50.0,100.0,100.0,79.7,mismatch,company_not_strict_match;project_type_not_found_in_approval
pair_05798,R00818,A00190,E:\软件\mineru_extracted\2025_2025年3月17日建设项目环境影响报告书（表）受理公告（佛山市生态环境局顺德分局）_1_mineru\full.md,佛山市顺德区新盈塑料品有限公司,佛山市顺德区新盈塑料品有限公司新建项目,E:\软件\环评原始数据\顺德区批复\2021_2021_4974934_2.pdf,佛山市顺德区嘉骏塑料包装有限公司,佛山市顺德区嘉骏塑料包装有限公司迁扩建 项目,77.4,75.0,100.0,100.0,50.0,100.0,79.7,mismatch,company_not_strict_match
pair_05799,R00818,A00818,E:\软件\mineru_extracted\2025_2025年3月17日建设项目环境影响报告书（表）受理公告（佛山市生态环境局顺德分局）_1_mineru\full.md,佛山市顺德区新盈塑料品有限公司,佛山市顺德区新盈塑料品有限公司新建项目,E:\软件\环评原始数据\顺德区批复\2022_关于佛山市顺德区美的饮水机制造有限公司注塑车间改扩建项目环境影响报告表的批复.pdf,佛山市顺德区志信塑胶制品有限公司,佛山市顺德区志信塑胶制品有限公司迁扩建 项目,77.4,75.0,100.0,100.0,50.0,100.0,79.7,mismatch,company_not_strict_match
pair_05800,R00818,A00893,E:\软件\mineru_extracted\2025_2025年3月17日建设项目环境影响报告书（表）受理公告（佛山市生态环境局顺德分局）_1_mineru\full.md,佛山市顺德区新盈塑料品有限公司,佛山市顺德区新盈塑料品有限公司新建项目,E:\软件\环评原始数据\顺德区批复\2023_佛山市生态环境局关于佛山市梓华包装制品有限公司迁扩建项目环境影响报告表的批复.pdf,佛山市顺德区奥耀标塑塑料有限公司,佛山 市顺德区奥耀标塑塑料有限公司迁扩建项目,77.4,75.0,100.0,100.0,50.0,100.0,79.7,mismatch,company_not_strict_match
pair_05801,R00818,A00920,E:\软件\mineru_extracted\2025_2025年3月17日建设项目环境影响报告书（表）受理公告（佛山市生态环境局顺德分局）_1_mineru\full.md,佛山市顺德区新盈塑料品有限公司,佛山市顺德区新盈塑料品有限公司新建项目,E:\软件\环评原始数据\顺德区批复\2023_佛山市生态环境局关于佛山市顺德区湘雅塑料实业有限公司迁扩建项目环境影响报告表的批复.pdf,佛山市顺德区湘雅塑料实业有限公司,佛山市顺德区湘雅塑料实业有限公司迁扩 建项目,77.4,75.0,100.0,100.0,50.0,100.0,79.7,mismatch,company_not_strict_match
pair_05802,R00818,A00998,E:\软件\mineru_extracted\2025_2025年3月17日建设项目环境影响报告书（表）受理公告（佛山市生态环境局顺德分局）_1_mineru\full.md,佛山市顺德区新盈塑料品有限公司,佛山市顺德区新盈塑料品有限公司新建项目,E:\软件\环评原始数据\顺德区批复\2023_佛环0309环审〔2023〕21号（迈惠）公示版.pdf,佛山市顺德区迈惠塑料模具有限公司,佛山市 顺德区迈惠塑料模具有限公司迁扩建项目,77.4,75.0,100.0,100.0,50.0,100.0,79.7,mismatch,company_not_strict_match
pair_05803,R00818,A02542,E:\软件\mineru_extracted\2025_2025年3月17日建设项目环境影响报告书（表）受理公告（佛山市生态环境局顺德分局）_1_mineru\full.md,佛山市顺德区新盈塑料品有限公司,佛山市顺德区新盈塑料品有限公司新建项目,E:\软件\2023-2026年顺德批复文件\2021_2021_4974934_2.pdf,佛山市顺德区嘉骏塑料包装有限公司,佛山市顺德区嘉骏塑料包装有限公司迁扩建 项目,77.4,75.0,100.0,100.0,50.0,100.0,79.7,mismatch,company_not_strict_match
pair_05804,R00818,A03171,E:\软件\mineru_extracted\2025_2025年3月17日建设项目环境影响报告书（表）受理公告（佛山市生态环境局顺德分局）_1_mineru\full.md,佛山市顺德区新盈塑料品有限公司,佛山市顺德区新盈塑料品有限公司新建项目,E:\软件\2023-2026年顺德批复文件\2022_关于佛山市顺德区美的饮水机制造有限公司注塑车间改扩建项目环境影响报告表的批复.pdf,佛山市顺德区志信塑胶制品有限公司,佛山市顺德区志信塑胶制品有限公司迁扩建 项目,77.4,75.0,100.0,100.0,50.0,100.0,79.7,mismatch,company_not_strict_match
pair_05805,R00818,A03246,E:\软件\mineru_extracted\2025_2025年3月17日建设项目环境影响报告书（表）受理公告（佛山市生态环境局顺德分局）_1_mineru\full.md,佛山市顺德区新盈塑料品有限公司,佛山市顺德区新盈塑料品有限公司新建项目,E:\软件\2023-2026年顺德批复文件\2023_佛山市生态环境局关于佛山市梓华包装制品有限公司迁扩建项目环境影响报告表的批复.pdf,佛山市顺德区奥耀标塑塑料有限公司,佛山 市顺德区奥耀标塑塑料有限公司迁扩建项目,77.4,75.0,100.0,100.0,50.0,100.0,79.7,mismatch,company_not_strict_match
pair_05806,R00818,A03273,E:\软件\mineru_extracted\2025_2025年3月17日建设项目环境影响报告书（表）受理公告（佛山市生态环境局顺德分局）_1_mineru\full.md,佛山市顺德区新盈塑料品有限公司,佛山市顺德区新盈塑料品有限公司新建项目,E:\软件\2023-2026年顺德批复文件\2023_佛山市生态环境局关于佛山市顺德区湘雅塑料实业有限公司迁扩建项目环境影响报告表的批复.pdf,佛山市顺德区湘雅塑料实业有限公司,佛山市顺德区湘雅塑料实业有限公司迁扩 建项目,77.4,75.0,100.0,100.0,50.0,100.0,79.7,mismatch,company_not_strict_match
pair_05807,R00818,A03351,E:\软件\mineru_extracted\2025_2025年3月17日建设项目环境影响报告书（表）受理公告（佛山市生态环境局顺德分局）_1_mineru\full.md,佛山市顺德区新盈塑料品有限公司,佛山市顺德区新盈塑料品有限公司新建项目,E:\软件\2023-2026年顺德批复文件\2023_佛环0309环审〔2023〕21号（迈惠）公示版.pdf,佛山市顺德区迈惠塑料模具有限公司,佛山市 顺德区迈惠塑料模具有限公司迁扩建项目,77.4,75.0,100.0,100.0,50.0,100.0,79.7,mismatch,company_not_strict_match
pair_05808,R00818,A03572,E:\软件\mineru_extracted\2025_2025年3月17日建设项目环境影响报告书（表）受理公告（佛山市生态环境局顺德分局）_1_mineru\full.md,佛山市顺德区新盈塑料品有限公司,佛山市顺德区新盈塑料品有限公司新建项目,E:\软件\2023-2026年顺德批复文件\2023_承诺制公示佛山市生态环境局关于佛山市韵雄塑料五金制品有限公司迁扩建项目环境影响报告表的批复.pdf,佛山市顺德区贺胜塑料五金有限公司,佛山市顺德区贺胜塑料五金有限公司迁扩建 项目,77.4,75.0,100.0,100.0,50.0,100.0,79.7,mismatch,company_not_strict_match
pair_05809,R00141,A02322,E:\软件\mineru_extracted\2023_2023年3月29日建设项目环境影响报告书（表）受理公告（佛山市生态环境局顺德分局）_1_mineru\full.md,弘粵金属制品有限公司,佛山市弘粤金属制品有限公司建设项目,E:\软件\环评原始数据\顺德区批复\2026_佛环03环审〔2026〕123号佛山市生态环境局关于佛山市旭乾五金制品有限公司新建项目建设项目环境影响报告表的批复.pdf,佛山市旭乾五金制品有限公司,佛山市旭 乾五金制品有限公司新建项目建设项目,82.4,76.5,100.0,50.0,50.0,100.0,79.7,mismatch,company_not_strict_match;project_type_not_found_in_approval
pair_05810,R00141,A02418,E:\软件\mineru_extracted\2023_2023年3月29日建设项目环境影响报告书（表）受理公告（佛山市生态环境局顺德分局）_1_mineru\full.md,弘粵金属制品有限公司,佛山市弘粤金属制品有限公司建设项目,E:\软件\环评原始数据\顺德区批复\2026_佛环03环审〔2026〕89号佛山市生态环境局关于佛山市贵旗五金制品有限公司新建项目建设项目环境影响报告表的批复.pdf,佛山市贵旗五金制品有限公司,佛山 市贵旗五金制品有限公司新建项目建设项目,82.4,76.5,100.0,50.0,50.0,100.0,79.7,mismatch,company_not_strict_match;project_type_not_found_in_approval
pair_05811,R00141,A04180,E:\软件\mineru_extracted\2023_2023年3月29日建设项目环境影响报告书（表）受理公告（佛山市生态环境局顺德分局）_1_mineru\full.md,弘粵金属制品有限公司,佛山市弘粤金属制品有限公司建设项目,E:\软件\2023-2026年顺德批复文件\2025_佛山市生态环境局关于佛山市衍源塑胶制品有限公司扩建项目环境影响报告表的批复.pdf,佛山市衍源塑胶制品有限公司,佛山市衍 源塑胶制品有限公司扩建项目,75.0,70.6,100.0,100.0,100.0,100.0,79.7,mismatch,company_not_strict_match
pair_05812,R00141,A04675,E:\软件\mineru_extracted\2023_2023年3月29日建设项目环境影响报告书（表）受理公告（佛山市生态环境局顺德分局）_1_mineru\full.md,弘粵金属制品有限公司,佛山市弘粤金属制品有限公司建设项目,E:\软件\2023-2026年顺德批复文件\2026_佛环03环审〔2026〕123号佛山市生态环境局关于佛山市旭乾五金制品有限公司新建项目建设项目环境影响报告表的批复.pdf,佛山市旭乾五金制品有限公司,佛山市旭 乾五金制品有限公司新建项目建设项目,82.4,76.5,100.0,50.0,50.0,100.0,79.7,mismatch,company_not_strict_match;project_type_not_found_in_approval
pair_05813,R00141,A04771,E:\软件\mineru_extracted\2023_2023年3月29日建设项目环境影响报告书（表）受理公告（佛山市生态环境局顺德分局）_1_mineru\full.md,弘粵金属制品有限公司,佛山市弘粤金属制品有限公司建设项目,E:\软件\2023-2026年顺德批复文件\2026_佛环03环审〔2026〕89号佛山市生态环境局关于佛山市贵旗五金制品有限公司新建项目建设项目环境影响报告表的批复.pdf,佛山市贵旗五金制品有限公司,佛山 市贵旗五金制品有限公司新建项目建设项目,82.4,76.5,100.0,50.0,50.0,100.0,79.7,mismatch,company_not_strict_match;project_type_not_found_in_approval
pair_05814,R00707,A00423,E:\软件\mineru_extracted\2024_2024年9月20日建设项目环境影响报告书（表）受理公告（龙江）_1_mineru\full.md,佛城明塑料制品有限公司,佛城明塑料制品有限公司新建项目,E:\软件\环评原始数据\顺德区批复\2021_关于佛山市顺德区盛创辰塑料有限公司建设项目环境影响报告表的批复.pdf,佛山市顺德区哲升塑料制品有限公司,佛山市顺德区哲升塑料制品有限公司扩建项 目,84.2,81.5,100.0,100.0,50.0,0.0,79.7,mismatch,company_not_strict_match
pair_05815,R00707,A02776,E:\软件\mineru_extracted\2024_2024年9月20日建设项目环境影响报告书（表）受理公告（龙江）_1_mineru\full.md,佛城明塑料制品有限公司,佛城明塑料制品有限公司新建项目,E:\软件\2023-2026年顺德批复文件\2021_关于佛山市顺德区盛创辰塑料有限公司建设项目环境影响报告表的批复.pdf,佛山市顺德区哲升塑料制品有限公司,佛山市顺德区哲升塑料制品有限公司扩建项 目,84.2,81.5,100.0,100.0,50.0,0.0,79.7,mismatch,company_not_strict_match
pair_05816,R00546,A02183,E:\软件\mineru_extracted\2024_2024年7月12日建设项目环境影响报告表受理公告（伦教）_1_mineru\full.md,佛山市顺佳利智能科技有限公司,佛山市顺佳利智能科技有限公司扩建项目（重新报批）,E:\软件\环评原始数据\顺德区批复\2025_佛环03环审〔2025〕378号佛山市生态环境局关于广东美智智能科技有限公司迁扩建项目建设项目环境影响报告表的批复.pdf,广东美智智能科技有限公司,广东美 智智能科技有限公司迁扩建项目建设项目,80.0,64.9,100.0,100.0,100.0,100.0,79.7,mismatch,company_not_strict_match;project_name_not_strict_match
pair_05817,R00546,A04536,E:\软件\mineru_extracted\2024_2024年7月12日建设项目环境影响报告表受理公告（伦教）_1_mineru\full.md,佛山市顺佳利智能科技有限公司,佛山市顺佳利智能科技有限公司扩建项目（重新报批）,E:\软件\2023-2026年顺德批复文件\2025_佛环03环审〔2025〕378号佛山市生态环境局关于广东美智智能科技有限公司迁扩建项目建设项目环境影响报告表的批复.pdf,广东美智智能科技有限公司,广东美 智智能科技有限公司迁扩建项目建设项目,80.0,64.9,100.0,100.0,100.0,100.0,79.7,mismatch,company_not_strict_match;project_name_not_strict_match
pair_05818,R01048,A01222,E:\软件\环评原始数据\顺德区受理报告\2021_2021年05月07日建设项目环境影响报告书（表）受理公告（龙江）_4791756.pdf,佛山市天斯五金有限公司,佛山市天斯五金有限公司迁扩建项目,E:\软件\环评原始数据\顺德区批复\2023_承诺制公示佛山市生态环境局关于佛山市顺德区德钲电器实业有限公司迁扩建项目环境影响报告表的批复.pdf,实业有限公司,佛 山市顺德区德钲电器实业有限公司迁扩建项目,80.0,72.0,100.0,100.0,50.0,100.0,79.7,mismatch,company_not_strict_match
pair_05819,R01048,A03575,E:\软件\环评原始数据\顺德区受理报告\2021_2021年05月07日建设项目环境影响报告书（表）受理公告（龙江）_4791756.pdf,佛山市天斯五金有限公司,佛山市天斯五金有限公司迁扩建项目,E:\软件\2023-2026年顺德批复文件\2023_承诺制公示佛山市生态环境局关于佛山市顺德区德钲电器实业有限公司迁扩建项目环境影响报告表的批复.pdf,实业有限公司,佛 山市顺德区德钲电器实业有限公司迁扩建项目,80.0,72.0,100.0,100.0,50.0,100.0,79.7,mismatch,company_not_strict_match
pair_05820,R01051,A01222,E:\软件\环评原始数据\顺德区受理报告\2021_2021年06月07日建设项目环境影响报告书（表）受理公告（龙江）_4840533.pdf,佛山市天斯五金有限公司,佛山市天斯五金有限公司迁扩建项目,E:\软件\环评原始数据\顺德区批复\2023_承诺制公示佛山市生态环境局关于佛山市顺德区德钲电器实业有限公司迁扩建项目环境影响报告表的批复.pdf,实业有限公司,佛 山市顺德区德钲电器实业有限公司迁扩建项目,80.0,72.0,100.0,100.0,50.0,100.0,79.7,mismatch,company_not_strict_match
pair_05821,R01051,A03575,E:\软件\环评原始数据\顺德区受理报告\2021_2021年06月07日建设项目环境影响报告书（表）受理公告（龙江）_4840533.pdf,佛山市天斯五金有限公司,佛山市天斯五金有限公司迁扩建项目,E:\软件\2023-2026年顺德批复文件\2023_承诺制公示佛山市生态环境局关于佛山市顺德区德钲电器实业有限公司迁扩建项目环境影响报告表的批复.pdf,实业有限公司,佛 山市顺德区德钲电器实业有限公司迁扩建项目,80.0,72.0,100.0,100.0,50.0,100.0,79.7,mismatch,company_not_strict_match
pair_05822,R01052,A01222,E:\软件\环评原始数据\顺德区受理报告\2021_2021年06月07日建设项目环境影响报告书（表）受理公告（龙江）_4840533.pdf.pdf,佛山市天斯五金有限公司,佛山市天斯五金有限公司迁扩建项目,E:\软件\环评原始数据\顺德区批复\2023_承诺制公示佛山市生态环境局关于佛山市顺德区德钲电器实业有限公司迁扩建项目环境影响报告表的批复.pdf,实业有限公司,佛 山市顺德区德钲电器实业有限公司迁扩建项目,80.0,72.0,100.0,100.0,50.0,100.0,79.7,mismatch,company_not_strict_match
pair_05823,R01052,A03575,E:\软件\环评原始数据\顺德区受理报告\2021_2021年06月07日建设项目环境影响报告书（表）受理公告（龙江）_4840533.pdf.pdf,佛山市天斯五金有限公司,佛山市天斯五金有限公司迁扩建项目,E:\软件\2023-2026年顺德批复文件\2023_承诺制公示佛山市生态环境局关于佛山市顺德区德钲电器实业有限公司迁扩建项目环境影响报告表的批复.pdf,实业有限公司,佛 山市顺德区德钲电器实业有限公司迁扩建项目,80.0,72.0,100.0,100.0,50.0,100.0,79.7,mismatch,company_not_strict_match
pair_05824,R01089,A01222,E:\软件\环评原始数据\顺德区受理报告\2021_2021年3月24日建设项目环境影响报告书（表）受理公告（龙江）_4743883.pdf,佛山市天斯五金有限公司,佛山市天斯五金有限公司迁扩建项目,E:\软件\环评原始数据\顺德区批复\2023_承诺制公示佛山市生态环境局关于佛山市顺德区德钲电器实业有限公司迁扩建项目环境影响报告表的批复.pdf,实业有限公司,佛 山市顺德区德钲电器实业有限公司迁扩建项目,80.0,72.0,100.0,100.0,50.0,100.0,79.7,mismatch,company_not_strict_match
pair_05825,R01089,A03575,E:\软件\环评原始数据\顺德区受理报告\2021_2021年3月24日建设项目环境影响报告书（表）受理公告（龙江）_4743883.pdf,佛山市天斯五金有限公司,佛山市天斯五金有限公司迁扩建项目,E:\软件\2023-2026年顺德批复文件\2023_承诺制公示佛山市生态环境局关于佛山市顺德区德钲电器实业有限公司迁扩建项目环境影响报告表的批复.pdf,实业有限公司,佛 山市顺德区德钲电器实业有限公司迁扩建项目,80.0,72.0,100.0,100.0,50.0,100.0,79.7,mismatch,company_not_strict_match
pair_05826,R01090,A01222,E:\软件\环评原始数据\顺德区受理报告\2021_2021年3月24日建设项目环境影响报告书（表）受理公告（龙江）_4743883.pdf.pdf,佛山市天斯五金有限公司,佛山市天斯五金有限公司迁扩建项目,E:\软件\环评原始数据\顺德区批复\2023_承诺制公示佛山市生态环境局关于佛山市顺德区德钲电器实业有限公司迁扩建项目环境影响报告表的批复.pdf,实业有限公司,佛 山市顺德区德钲电器实业有限公司迁扩建项目,80.0,72.0,100.0,100.0,50.0,100.0,79.7,mismatch,company_not_strict_match
pair_05827,R01090,A03575,E:\软件\环评原始数据\顺德区受理报告\2021_2021年3月24日建设项目环境影响报告书（表）受理公告（龙江）_4743883.pdf.pdf,佛山市天斯五金有限公司,佛山市天斯五金有限公司迁扩建项目,E:\软件\2023-2026年顺德批复文件\2023_承诺制公示佛山市生态环境局关于佛山市顺德区德钲电器实业有限公司迁扩建项目环境影响报告表的批复.pdf,实业有限公司,佛 山市顺德区德钲电器实业有限公司迁扩建项目,80.0,72.0,100.0,100.0,50.0,100.0,79.7,mismatch,company_not_strict_match
pair_05828,R00370,A01808,E:\软件\mineru_extracted\2024_2024年11月12日建设项目环境影响报告书（表）受理公告（佛山市生态环境局顺德分局）_4_mineru\full.md,佛山市达凯奥金属制品有限公司,佛山市达凯奥金属制品有限新建项目 品有限公司建设单位（盖章）：佛山市达凯奥 90二零二四年十 山编制日期,E:\软件\环评原始数据\顺德区批复\2025_佛山市生态环境局关于佛山市吉煌卓越五金制品有限公司新建项目建设项目环境影响报告表的批复.pdf,佛山市铂鸿金属制品有限公司,佛山市 铂鸿金属制品有限公司迁扩建项目建设项目,81.5,63.2,100.0,100.0,100.0,100.0,79.7,mismatch,company_not_strict_match;project_name_not_strict_match
pair_05829,R00370,A04161,E:\软件\mineru_extracted\2024_2024年11月12日建设项目环境影响报告书（表）受理公告（佛山市生态环境局顺德分局）_4_mineru\full.md,佛山市达凯奥金属制品有限公司,佛山市达凯奥金属制品有限新建项目 品有限公司建设单位（盖章）：佛山市达凯奥 90二零二四年十 山编制日期,E:\软件\2023-2026年顺德批复文件\2025_佛山市生态环境局关于佛山市吉煌卓越五金制品有限公司新建项目建设项目环境影响报告表的批复.pdf,佛山市铂鸿金属制品有限公司,佛山市 铂鸿金属制品有限公司迁扩建项目建设项目,81.5,63.2,100.0,100.0,100.0,100.0,79.7,mismatch,company_not_strict_match;project_name_not_strict_match
pair_05830,R00055,A02107,E:\软件\mineru_extracted\2023_2023年12月21日建设项目环境影响报告受理公告（容桂）_3_mineru\full.md,模具有限公司,佛山市坤泽模具有限,E:\软件\环评原始数据\顺德区批复\2025_佛环03环审〔2025〕303号佛山市生态环境局关于佛山市汇泉文具有限公司新建项目建设项目环境影响报告表的批复.pdf,佛山市汇泉文具有限公司,佛山市汇 泉文具有限公司新建项目建设项目,90.9,66.7,100.0,50.0,50.0,100.0,79.7,mismatch,company_not_strict_match;project_type_not_found_in_approval
pair_05831,R00055,A04460,E:\软件\mineru_extracted\2023_2023年12月21日建设项目环境影响报告受理公告（容桂）_3_mineru\full.md,模具有限公司,佛山市坤泽模具有限,E:\软件\2023-2026年顺德批复文件\2025_佛环03环审〔2025〕303号佛山市生态环境局关于佛山市汇泉文具有限公司新建项目建设项目环境影响报告表的批复.pdf,佛山市汇泉文具有限公司,佛山市汇 泉文具有限公司新建项目建设项目,90.9,66.7,100.0,50.0,50.0,100.0,79.7,mismatch,company_not_strict_match;project_type_not_found_in_approval
pair_05832,R00983,A02340,E:\软件\mineru_extracted\2026_2026年5月12日建设项目环境影响报告表受理公告（佛山市生态环境局顺德分局）_1_mineru\full.md,彗艺新材料科技（佛山）有限公司,彗艺新材料科技（佛山）有限公司扩建项,E:\软件\环评原始数据\顺德区批复\2026_佛环03环审〔2026〕15号佛山市生态环境局关于驰化科技（佛山）有限公司新建项目建设项目环境影响报告表的批复.pdf,驰化科技（佛山）有限公司,驰 化科技（佛山）有限公司新建项目建设项目,88.9,69.0,100.0,50.0,50.0,100.0,79.7,mismatch,company_not_strict_match;project_type_not_found_in_approval
pair_05833,R00983,A04693,E:\软件\mineru_extracted\2026_2026年5月12日建设项目环境影响报告表受理公告（佛山市生态环境局顺德分局）_1_mineru\full.md,彗艺新材料科技（佛山）有限公司,彗艺新材料科技（佛山）有限公司扩建项,E:\软件\2023-2026年顺德批复文件\2026_佛环03环审〔2026〕15号佛山市生态环境局关于驰化科技（佛山）有限公司新建项目建设项目环境影响报告表的批复.pdf,驰化科技（佛山）有限公司,驰 化科技（佛山）有限公司新建项目建设项目,88.9,69.0,100.0,50.0,50.0,100.0,79.7,mismatch,company_not_strict_match;project_type_not_found_in_approval
pair_05834,R00126,A00973,E:\软件\mineru_extracted\2023_2023年3月16日建设项目环境影响报告书（表）受理公告（均安）_mineru\full.md,佛山市德恒鑫塑料制品有限公司,佛山市德恒鑫塑料制品有限公司新建项目,E:\软件\环评原始数据\顺德区批复\2023_佛环0305环审〔2023〕12号【佛山市顺德区新致成塑料制品有限公司新建项目】.pdf,佛山市顺德区新致成塑料制品有限公司,佛山市顺德区新致成塑料制品有限公司新建 项目,77.4,82.1,100.0,50.0,50.0,100.0,79.7,mismatch,company_not_strict_match;project_type_not_found_in_approval
pair_05835,R00126,A01204,E:\软件\mineru_extracted\2023_2023年3月16日建设项目环境影响报告书（表）受理公告（均安）_mineru\full.md,佛山市德恒鑫塑料制品有限公司,佛山市德恒鑫塑料制品有限公司新建项目,E:\软件\环评原始数据\顺德区批复\2023_关于佛山市顺德区诚尔威塑料制品有限公司新建项目环境影响报告表的批复.pdf,佛山市顺德区诚尔威塑料制品有限公司,佛山市顺德区诚尔威塑料制品有限公司新 建项目,77.4,82.1,100.0,50.0,50.0,100.0,79.7,mismatch,company_not_strict_match;project_type_not_found_in_approval
pair_05836,R00126,A03326,E:\软件\mineru_extracted\2023_2023年3月16日建设项目环境影响报告书（表）受理公告（均安）_mineru\full.md,佛山市德恒鑫塑料制品有限公司,佛山市德恒鑫塑料制品有限公司新建项目,E:\软件\2023-2026年顺德批复文件\2023_佛环0305环审〔2023〕12号【佛山市顺德区新致成塑料制品有限公司新建项目】.pdf,佛山市顺德区新致成塑料制品有限公司,佛山市顺德区新致成塑料制品有限公司新建 项目,77.4,82.1,100.0,50.0,50.0,100.0,79.7,mismatch,company_not_strict_match;project_type_not_found_in_approval
pair_05837,R00126,A03557,E:\软件\mineru_extracted\2023_2023年3月16日建设项目环境影响报告书（表）受理公告（均安）_mineru\full.md,佛山市德恒鑫塑料制品有限公司,佛山市德恒鑫塑料制品有限公司新建项目,E:\软件\2023-2026年顺德批复文件\2023_关于佛山市顺德区诚尔威塑料制品有限公司新建项目环境影响报告表的批复.pdf,佛山市顺德区诚尔威塑料制品有限公司,佛山市顺德区诚尔威塑料制品有限公司新 建项目,77.4,82.1,100.0,50.0,50.0,100.0,79.7,mismatch,company_not_strict_match;project_type_not_found_in_approval
pair_05838,R00276,A00973,E:\软件\mineru_extracted\2023_2023年8月7日建设项目环境影响报告书（表）受理公告（杏坛）_mineru\full.md,佛山市顺德区康盈制品有限公司,佛山市顺德区康盈制品有限公司新建项目,E:\软件\环评原始数据\顺德区批复\2023_佛环0305环审〔2023〕12号【佛山市顺德区新致成塑料制品有限公司新建项目】.pdf,佛山市顺德区新致成塑料制品有限公司,佛山市顺德区新致成塑料制品有限公司新建 项目,77.4,82.1,100.0,50.0,50.0,100.0,79.7,mismatch,company_not_strict_match;project_type_not_found_in_approval
pair_05839,R00276,A01203,E:\软件\mineru_extracted\2023_2023年8月7日建设项目环境影响报告书（表）受理公告（杏坛）_mineru\full.md,佛山市顺德区康盈制品有限公司,佛山市顺德区康盈制品有限公司新建项目,E:\软件\环评原始数据\顺德区批复\2023_关于佛山市顺德区艺百通五金制品有限公司新建项目环境影响报告表的批复.pdf,佛山市顺德区艺百通五金制品有限公司,佛山市顺德区艺百通五金制品有限公司新建 项目,77.4,82.1,100.0,50.0,50.0,100.0,79.7,mismatch,company_not_strict_match;project_type_not_found_in_approval
pair_05840,R00276,A01204,E:\软件\mineru_extracted\2023_2023年8月7日建设项目环境影响报告书（表）受理公告（杏坛）_mineru\full.md,佛山市顺德区康盈制品有限公司,佛山市顺德区康盈制品有限公司新建项目,E:\软件\环评原始数据\顺德区批复\2023_关于佛山市顺德区诚尔威塑料制品有限公司新建项目环境影响报告表的批复.pdf,佛山市顺德区诚尔威塑料制品有限公司,佛山市顺德区诚尔威塑料制品有限公司新 建项目,77.4,82.1,100.0,50.0,50.0,100.0,79.7,mismatch,company_not_strict_match;project_type_not_found_in_approval
pair_05841,R00276,A01343,E:\软件\mineru_extracted\2023_2023年8月7日建设项目环境影响报告书（表）受理公告（杏坛）_mineru\full.md,佛山市顺德区康盈制品有限公司,佛山市顺德区康盈制品有限公司新建项目,E:\软件\环评原始数据\顺德区批复\2024_佛环0301环审〔2024〕43号（佛山市顺德区德盈誉智能制造有限公司新建项目）.pdf,佛山市顺德区德盈誉智能制造有限公司,佛 山市顺德区德盈誉智能制造有限公司新建项目,77.4,82.1,100.0,50.0,50.0,100.0,79.7,mismatch,company_not_strict_match;project_type_not_found_in_approval
pair_05842,R00276,A03326,E:\软件\mineru_extracted\2023_2023年8月7日建设项目环境影响报告书（表）受理公告（杏坛）_mineru\full.md,佛山市顺德区康盈制品有限公司,佛山市顺德区康盈制品有限公司新建项目,E:\软件\2023-2026年顺德批复文件\2023_佛环0305环审〔2023〕12号【佛山市顺德区新致成塑料制品有限公司新建项目】.pdf,佛山市顺德区新致成塑料制品有限公司,佛山市顺德区新致成塑料制品有限公司新建 项目,77.4,82.1,100.0,50.0,50.0,100.0,79.7,mismatch,company_not_strict_match;project_type_not_found_in_approval
pair_05843,R00276,A03556,E:\软件\mineru_extracted\2023_2023年8月7日建设项目环境影响报告书（表）受理公告（杏坛）_mineru\full.md,佛山市顺德区康盈制品有限公司,佛山市顺德区康盈制品有限公司新建项目,E:\软件\2023-2026年顺德批复文件\2023_关于佛山市顺德区艺百通五金制品有限公司新建项目环境影响报告表的批复.pdf,佛山市顺德区艺百通五金制品有限公司,佛山市顺德区艺百通五金制品有限公司新建 项目,77.4,82.1,100.0,50.0,50.0,100.0,79.7,mismatch,company_not_strict_match;project_type_not_found_in_approval
pair_05844,R00276,A03557,E:\软件\mineru_extracted\2023_2023年8月7日建设项目环境影响报告书（表）受理公告（杏坛）_mineru\full.md,佛山市顺德区康盈制品有限公司,佛山市顺德区康盈制品有限公司新建项目,E:\软件\2023-2026年顺德批复文件\2023_关于佛山市顺德区诚尔威塑料制品有限公司新建项目环境影响报告表的批复.pdf,佛山市顺德区诚尔威塑料制品有限公司,佛山市顺德区诚尔威塑料制品有限公司新 建项目,77.4,82.1,100.0,50.0,50.0,100.0,79.7,mismatch,company_not_strict_match;project_type_not_found_in_approval
pair_05845,R00276,A03696,E:\软件\mineru_extracted\2023_2023年8月7日建设项目环境影响报告书（表）受理公告（杏坛）_mineru\full.md,佛山市顺德区康盈制品有限公司,佛山市顺德区康盈制品有限公司新建项目,E:\软件\2023-2026年顺德批复文件\2024_佛环0301环审〔2024〕43号（佛山市顺德区德盈誉智能制造有限公司新建项目）.pdf,佛山市顺德区德盈誉智能制造有限公司,佛 山市顺德区德盈誉智能制造有限公司新建项目,77.4,82.1,100.0,50.0,50.0,100.0,79.7,mismatch,company_not_strict_match;project_type_not_found_in_approval
pair_05846,R00818,A00167,E:\软件\mineru_extracted\2025_2025年3月17日建设项目环境影响报告书（表）受理公告（佛山市生态环境局顺德分局）_1_mineru\full.md,佛山市顺德区新盈塑料品有限公司,佛山市顺德区新盈塑料品有限公司新建项目,E:\软件\环评原始数据\顺德区批复\2021_2021_4797580_1.pdf,佛山市顺德区向云塑料模具有限公司,佛山市顺德区向云塑料模具有限公司新建项 目,77.4,82.1,100.0,50.0,50.0,100.0,79.7,mismatch,company_not_strict_match;project_type_not_found_in_approval
pair_05847,R00818,A01905,E:\软件\mineru_extracted\2025_2025年3月17日建设项目环境影响报告书（表）受理公告（佛山市生态环境局顺德分局）_1_mineru\full.md,佛山市顺德区新盈塑料品有限公司,佛山市顺德区新盈塑料品有限公司新建项目,E:\软件\环评原始数据\顺德区批复\2025_佛环0309环审〔2025〕36号（和汇）.pdf,佛山市顺德区安乔新型材料有限公司,佛山市 顺德区安乔新型材料有限公司新建项目,77.4,82.1,100.0,50.0,50.0,100.0,79.7,mismatch,company_not_strict_match;project_type_not_found_in_approval
pair_05848,R00818,A02519,E:\软件\mineru_extracted\2025_2025年3月17日建设项目环境影响报告书（表）受理公告（佛山市生态环境局顺德分局）_1_mineru\full.md,佛山市顺德区新盈塑料品有限公司,佛山市顺德区新盈塑料品有限公司新建项目,E:\软件\2023-2026年顺德批复文件\2021_2021_4797580_1.pdf,佛山市顺德区向云塑料模具有限公司,佛山市顺德区向云塑料模具有限公司新建项 目,77.4,82.1,100.0,50.0,50.0,100.0,79.7,mismatch,company_not_strict_match;project_type_not_found_in_approval
pair_05849,R00818,A04258,E:\软件\mineru_extracted\2025_2025年3月17日建设项目环境影响报告书（表）受理公告（佛山市生态环境局顺德分局）_1_mineru\full.md,佛山市顺德区新盈塑料品有限公司,佛山市顺德区新盈塑料品有限公司新建项目,E:\软件\2023-2026年顺德批复文件\2025_佛环0309环审〔2025〕36号（和汇）.pdf,佛山市顺德区安乔新型材料有限公司,佛山市 顺德区安乔新型材料有限公司新建项目,77.4,82.1,100.0,50.0,50.0,100.0,79.7,mismatch,company_not_strict_match;project_type_not_found_in_approval
pair_05850,R01085,A00532,E:\软件\环评原始数据\顺德区受理报告\2021_2021年2月23日建设项目环境影响报告书（表）受理公告（龙江）_4710418.pdf,佛山市顺德区特普高实业有限公司,佛山市顺德区特普高实业有限公司搬迁项目,E:\软件\环评原始数据\顺德区批复\2022_2022_5258859_5.pdf,佛山市顺德区容桂新京实业有限公司,佛山市顺德区容桂新京实业有限公司搬迁项 目,77.4,82.1,100.0,50.0,50.0,100.0,79.7,mismatch,company_not_strict_match;project_type_not_found_in_approval
pair_05851,R01085,A02885,E:\软件\环评原始数据\顺德区受理报告\2021_2021年2月23日建设项目环境影响报告书（表）受理公告（龙江）_4710418.pdf,佛山市顺德区特普高实业有限公司,佛山市顺德区特普高实业有限公司搬迁项目,E:\软件\2023-2026年顺德批复文件\2022_2022_5258859_5.pdf,佛山市顺德区容桂新京实业有限公司,佛山市顺德区容桂新京实业有限公司搬迁项 目,77.4,82.1,100.0,50.0,50.0,100.0,79.7,mismatch,company_not_strict_match;project_type_not_found_in_approval
pair_05852,R01086,A00532,E:\软件\环评原始数据\顺德区受理报告\2021_2021年2月23日建设项目环境影响报告书（表）受理公告（龙江）_4710418.pdf.pdf,佛山市顺德区特普高实业有限公司,佛山市顺德区特普高实业有限公司搬迁项目,E:\软件\环评原始数据\顺德区批复\2022_2022_5258859_5.pdf,佛山市顺德区容桂新京实业有限公司,佛山市顺德区容桂新京实业有限公司搬迁项 目,77.4,82.1,100.0,50.0,50.0,100.0,79.7,mismatch,company_not_strict_match;project_type_not_found_in_approval
pair_05853,R01086,A02885,E:\软件\环评原始数据\顺德区受理报告\2021_2021年2月23日建设项目环境影响报告书（表）受理公告（龙江）_4710418.pdf.pdf,佛山市顺德区特普高实业有限公司,佛山市顺德区特普高实业有限公司搬迁项目,E:\软件\2023-2026年顺德批复文件\2022_2022_5258859_5.pdf,佛山市顺德区容桂新京实业有限公司,佛山市顺德区容桂新京实业有限公司搬迁项 目,77.4,82.1,100.0,50.0,50.0,100.0,79.7,mismatch,company_not_strict_match;project_type_not_found_in_approval
pair_05854,R01111,A01144,E:\软件\环评原始数据\顺德区受理报告\2021_2021年5月10日建设项目环境影响报告受理公告（伦教）_4794860.pdf,佛山市顺德竣浩新材料有限责任公司,佛山市顺德竣浩新材料有限责任公司新建项目,E:\软件\环评原始数据\顺德区批复\2023_佛环03环审〔2023〕8号.pdf,佛山市顺德互运来新材料有限公司,佛山市顺德互运来新材料有限公司新建项目 建设项目,77.4,82.1,100.0,50.0,50.0,100.0,79.7,mismatch,company_not_strict_match;project_type_not_found_in_approval
pair_05855,R01111,A01224,E:\软件\环评原始数据\顺德区受理报告\2021_2021年5月10日建设项目环境影响报告受理公告（伦教）_4794860.pdf,佛山市顺德竣浩新材料有限责任公司,佛山市顺德竣浩新材料有限责任公司新建项目,E:\软件\环评原始数据\顺德区批复\2023_承诺制公示佛山市生态环境局关于佛山市顺德区瑾毅新材料有限公司新建项目环境影响报告表的批复.pdf,佛山市顺德区瑾毅新材料有限公司,佛山市顺 德区瑾毅新材料有限公司新建项目,77.4,82.1,100.0,50.0,50.0,100.0,79.7,mismatch,company_not_strict_match;project_type_not_found_in_approval
pair_05856,R01111,A02293,E:\软件\环评原始数据\顺德区受理报告\2021_2021年5月10日建设项目环境影响报告受理公告（伦教）_4794860.pdf,佛山市顺德竣浩新材料有限责任公司,佛山市顺德竣浩新材料有限责任公司新建项目,E:\软件\环评原始数据\顺德区批复\2026_佛环03环审〔2025〕390号佛山市生态环境局关于佛山市顺德区彩田新材料有限公司新建项目建设项目环境影响报告表的批复.pdf,佛山市顺德区彩田新材料有限公司,佛山市顺 德区彩田新材料有限公司新建项目建设项目,77.4,82.1,100.0,50.0,50.0,100.0,79.7,mismatch,company_not_strict_match;project_type_not_found_in_approval
pair_05857,R01111,A03497,E:\软件\环评原始数据\顺德区受理报告\2021_2021年5月10日建设项目环境影响报告受理公告（伦教）_4794860.pdf,佛山市顺德竣浩新材料有限责任公司,佛山市顺德竣浩新材料有限责任公司新建项目,E:\软件\2023-2026年顺德批复文件\2023_佛环03环审〔2023〕8号.pdf,佛山市顺德互运来新材料有限公司,佛山市顺德互运来新材料有限公司新建项目 建设项目,77.4,82.1,100.0,50.0,50.0,100.0,79.7,mismatch,company_not_strict_match;project_type_not_found_in_approval
pair_05858,R01111,A03577,E:\软件\环评原始数据\顺德区受理报告\2021_2021年5月10日建设项目环境影响报告受理公告（伦教）_4794860.pdf,佛山市顺德竣浩新材料有限责任公司,佛山市顺德竣浩新材料有限责任公司新建项目,E:\软件\2023-2026年顺德批复文件\2023_承诺制公示佛山市生态环境局关于佛山市顺德区瑾毅新材料有限公司新建项目环境影响报告表的批复.pdf,佛山市顺德区瑾毅新材料有限公司,佛山市顺 德区瑾毅新材料有限公司新建项目,77.4,82.1,100.0,50.0,50.0,100.0,79.7,mismatch,company_not_strict_match;project_type_not_found_in_approval
pair_05859,R01111,A04646,E:\软件\环评原始数据\顺德区受理报告\2021_2021年5月10日建设项目环境影响报告受理公告（伦教）_4794860.pdf,佛山市顺德竣浩新材料有限责任公司,佛山市顺德竣浩新材料有限责任公司新建项目,E:\软件\2023-2026年顺德批复文件\2026_佛环03环审〔2025〕390号佛山市生态环境局关于佛山市顺德区彩田新材料有限公司新建项目建设项目环境影响报告表的批复.pdf,佛山市顺德区彩田新材料有限公司,佛山市顺 德区彩田新材料有限公司新建项目建设项目,77.4,82.1,100.0,50.0,50.0,100.0,79.7,mismatch,company_not_strict_match;project_type_not_found_in_approval
pair_05860,R01112,A01144,E:\软件\环评原始数据\顺德区受理报告\2021_2021年5月10日建设项目环境影响报告受理公告（伦教）_4794860.pdf.pdf,佛山市顺德竣浩新材料有限责任公司,佛山市顺德竣浩新材料有限责任公司新建项目,E:\软件\环评原始数据\顺德区批复\2023_佛环03环审〔2023〕8号.pdf,佛山市顺德互运来新材料有限公司,佛山市顺德互运来新材料有限公司新建项目 建设项目,77.4,82.1,100.0,50.0,50.0,100.0,79.7,mismatch,company_not_strict_match;project_type_not_found_in_approval
pair_05861,R01112,A01224,E:\软件\环评原始数据\顺德区受理报告\2021_2021年5月10日建设项目环境影响报告受理公告（伦教）_4794860.pdf.pdf,佛山市顺德竣浩新材料有限责任公司,佛山市顺德竣浩新材料有限责任公司新建项目,E:\软件\环评原始数据\顺德区批复\2023_承诺制公示佛山市生态环境局关于佛山市顺德区瑾毅新材料有限公司新建项目环境影响报告表的批复.pdf,佛山市顺德区瑾毅新材料有限公司,佛山市顺 德区瑾毅新材料有限公司新建项目,77.4,82.1,100.0,50.0,50.0,100.0,79.7,mismatch,company_not_strict_match;project_type_not_found_in_approval
pair_05862,R01112,A02293,E:\软件\环评原始数据\顺德区受理报告\2021_2021年5月10日建设项目环境影响报告受理公告（伦教）_4794860.pdf.pdf,佛山市顺德竣浩新材料有限责任公司,佛山市顺德竣浩新材料有限责任公司新建项目,E:\软件\环评原始数据\顺德区批复\2026_佛环03环审〔2025〕390号佛山市生态环境局关于佛山市顺德区彩田新材料有限公司新建项目建设项目环境影响报告表的批复.pdf,佛山市顺德区彩田新材料有限公司,佛山市顺 德区彩田新材料有限公司新建项目建设项目,77.4,82.1,100.0,50.0,50.0,100.0,79.7,mismatch,company_not_strict_match;project_type_not_found_in_approval
pair_05863,R01112,A03497,E:\软件\环评原始数据\顺德区受理报告\2021_2021年5月10日建设项目环境影响报告受理公告（伦教）_4794860.pdf.pdf,佛山市顺德竣浩新材料有限责任公司,佛山市顺德竣浩新材料有限责任公司新建项目,E:\软件\2023-2026年顺德批复文件\2023_佛环03环审〔2023〕8号.pdf,佛山市顺德互运来新材料有限公司,佛山市顺德互运来新材料有限公司新建项目 建设项目,77.4,82.1,100.0,50.0,50.0,100.0,79.7,mismatch,company_not_strict_match;project_type_not_found_in_approval
pair_05864,R01112,A03577,E:\软件\环评原始数据\顺德区受理报告\2021_2021年5月10日建设项目环境影响报告受理公告（伦教）_4794860.pdf.pdf,佛山市顺德竣浩新材料有限责任公司,佛山市顺德竣浩新材料有限责任公司新建项目,E:\软件\2023-2026年顺德批复文件\2023_承诺制公示佛山市生态环境局关于佛山市顺德区瑾毅新材料有限公司新建项目环境影响报告表的批复.pdf,佛山市顺德区瑾毅新材料有限公司,佛山市顺 德区瑾毅新材料有限公司新建项目,77.4,82.1,100.0,50.0,50.0,100.0,79.7,mismatch,company_not_strict_match;project_type_not_found_in_approval
pair_05865,R01112,A04646,E:\软件\环评原始数据\顺德区受理报告\2021_2021年5月10日建设项目环境影响报告受理公告（伦教）_4794860.pdf.pdf,佛山市顺德竣浩新材料有限责任公司,佛山市顺德竣浩新材料有限责任公司新建项目,E:\软件\2023-2026年顺德批复文件\2026_佛环03环审〔2025〕390号佛山市生态环境局关于佛山市顺德区彩田新材料有限公司新建项目建设项目环境影响报告表的批复.pdf,佛山市顺德区彩田新材料有限公司,佛山市顺 德区彩田新材料有限公司新建项目建设项目,77.4,82.1,100.0,50.0,50.0,100.0,79.7,mismatch,company_not_strict_match;project_type_not_found_in_approval
pair_05866,R01144,A01144,E:\软件\环评原始数据\顺德区受理报告\2021_2021年8月10日建设项目环境影响报告受理公告（伦教）_4915657.pdf,佛山市顺德竣浩新材料有限责任公司,佛山市顺德竣浩新材料有限责任公司新建项目,E:\软件\环评原始数据\顺德区批复\2023_佛环03环审〔2023〕8号.pdf,佛山市顺德互运来新材料有限公司,佛山市顺德互运来新材料有限公司新建项目 建设项目,77.4,82.1,100.0,50.0,50.0,100.0,79.7,mismatch,company_not_strict_match;project_type_not_found_in_approval
pair_05867,R01144,A01224,E:\软件\环评原始数据\顺德区受理报告\2021_2021年8月10日建设项目环境影响报告受理公告（伦教）_4915657.pdf,佛山市顺德竣浩新材料有限责任公司,佛山市顺德竣浩新材料有限责任公司新建项目,E:\软件\环评原始数据\顺德区批复\2023_承诺制公示佛山市生态环境局关于佛山市顺德区瑾毅新材料有限公司新建项目环境影响报告表的批复.pdf,佛山市顺德区瑾毅新材料有限公司,佛山市顺 德区瑾毅新材料有限公司新建项目,77.4,82.1,100.0,50.0,50.0,100.0,79.7,mismatch,company_not_strict_match;project_type_not_found_in_approval
pair_05868,R01144,A02293,E:\软件\环评原始数据\顺德区受理报告\2021_2021年8月10日建设项目环境影响报告受理公告（伦教）_4915657.pdf,佛山市顺德竣浩新材料有限责任公司,佛山市顺德竣浩新材料有限责任公司新建项目,E:\软件\环评原始数据\顺德区批复\2026_佛环03环审〔2025〕390号佛山市生态环境局关于佛山市顺德区彩田新材料有限公司新建项目建设项目环境影响报告表的批复.pdf,佛山市顺德区彩田新材料有限公司,佛山市顺 德区彩田新材料有限公司新建项目建设项目,77.4,82.1,100.0,50.0,50.0,100.0,79.7,mismatch,company_not_strict_match;project_type_not_found_in_approval
pair_05869,R01144,A03497,E:\软件\环评原始数据\顺德区受理报告\2021_2021年8月10日建设项目环境影响报告受理公告（伦教）_4915657.pdf,佛山市顺德竣浩新材料有限责任公司,佛山市顺德竣浩新材料有限责任公司新建项目,E:\软件\2023-2026年顺德批复文件\2023_佛环03环审〔2023〕8号.pdf,佛山市顺德互运来新材料有限公司,佛山市顺德互运来新材料有限公司新建项目 建设项目,77.4,82.1,100.0,50.0,50.0,100.0,79.7,mismatch,company_not_strict_match;project_type_not_found_in_approval
pair_05870,R01144,A03577,E:\软件\环评原始数据\顺德区受理报告\2021_2021年8月10日建设项目环境影响报告受理公告（伦教）_4915657.pdf,佛山市顺德竣浩新材料有限责任公司,佛山市顺德竣浩新材料有限责任公司新建项目,E:\软件\2023-2026年顺德批复文件\2023_承诺制公示佛山市生态环境局关于佛山市顺德区瑾毅新材料有限公司新建项目环境影响报告表的批复.pdf,佛山市顺德区瑾毅新材料有限公司,佛山市顺 德区瑾毅新材料有限公司新建项目,77.4,82.1,100.0,50.0,50.0,100.0,79.7,mismatch,company_not_strict_match;project_type_not_found_in_approval
pair_05871,R01144,A04646,E:\软件\环评原始数据\顺德区受理报告\2021_2021年8月10日建设项目环境影响报告受理公告（伦教）_4915657.pdf,佛山市顺德竣浩新材料有限责任公司,佛山市顺德竣浩新材料有限责任公司新建项目,E:\软件\2023-2026年顺德批复文件\2026_佛环03环审〔2025〕390号佛山市生态环境局关于佛山市顺德区彩田新材料有限公司新建项目建设项目环境影响报告表的批复.pdf,佛山市顺德区彩田新材料有限公司,佛山市顺 德区彩田新材料有限公司新建项目建设项目,77.4,82.1,100.0,50.0,50.0,100.0,79.7,mismatch,company_not_strict_match;project_type_not_found_in_approval
pair_05872,R00153,A01503,E:\软件\mineru_extracted\2023_2023年3月8日建设项目环境影响报告书（表）受理公告（佛山市生态环境局顺德分局）_mineru\full.md,广东澳科技有限公司,广东澳润泰科技有限静项目,E:\软件\环评原始数据\顺德区批复\2024_佛环03环审〔2024〕19号佛山市生态环境局关于广东兴融科技有限公司迁扩建项目建设项目环境影响报告表的批复.pdf,广东兴融科技有限公司,广东兴融 科技有限公司迁扩建项目建设项目,84.2,60.0,100.0,100.0,100.0,100.0,79.7,mismatch,company_not_strict_match;project_name_not_strict_match
pair_05873,R00153,A03856,E:\软件\mineru_extracted\2023_2023年3月8日建设项目环境影响报告书（表）受理公告（佛山市生态环境局顺德分局）_mineru\full.md,广东澳科技有限公司,广东澳润泰科技有限静项目,E:\软件\2023-2026年顺德批复文件\2024_佛环03环审〔2024〕19号佛山市生态环境局关于广东兴融科技有限公司迁扩建项目建设项目环境影响报告表的批复.pdf,广东兴融科技有限公司,广东兴融 科技有限公司迁扩建项目建设项目,84.2,60.0,100.0,100.0,100.0,100.0,79.7,mismatch,company_not_strict_match;project_name_not_strict_match
pair_05874,R00171,A01503,E:\软件\mineru_extracted\2023_2023年4月20日建设项目环境影响报告书（表）受理公告（佛山市生态环境局顺德分局）_2_mineru\full.md,广东澳科技有限公司,广东澳润泰科技有限静项目,E:\软件\环评原始数据\顺德区批复\2024_佛环03环审〔2024〕19号佛山市生态环境局关于广东兴融科技有限公司迁扩建项目建设项目环境影响报告表的批复.pdf,广东兴融科技有限公司,广东兴融 科技有限公司迁扩建项目建设项目,84.2,60.0,100.0,100.0,100.0,100.0,79.7,mismatch,company_not_strict_match;project_name_not_strict_match
pair_05875,R00171,A03856,E:\软件\mineru_extracted\2023_2023年4月20日建设项目环境影响报告书（表）受理公告（佛山市生态环境局顺德分局）_2_mineru\full.md,广东澳科技有限公司,广东澳润泰科技有限静项目,E:\软件\2023-2026年顺德批复文件\2024_佛环03环审〔2024〕19号佛山市生态环境局关于广东兴融科技有限公司迁扩建项目建设项目环境影响报告表的批复.pdf,广东兴融科技有限公司,广东兴融 科技有限公司迁扩建项目建设项目,84.2,60.0,100.0,100.0,100.0,100.0,79.7,mismatch,company_not_strict_match;project_name_not_strict_match
pair_05876,R00707,A02270,E:\软件\mineru_extracted\2024_2024年9月20日建设项目环境影响报告书（表）受理公告（龙江）_1_mineru\full.md,佛城明塑料制品有限公司,佛城明塑料制品有限公司新建项目,E:\软件\环评原始数据\顺德区批复\2026_佛山市生态环境局关于佛山耀冠塑料制品有限公司第二车间新建项目环境影响报告表的批复.pdf,佛山耀冠塑料制品有限公司,佛 山耀冠塑料制品有限公司第二车间新建项目,84.2,74.3,100.0,50.0,50.0,100.0,79.7,mismatch,company_not_strict_match;project_type_not_found_in_approval
pair_05877,R00707,A04623,E:\软件\mineru_extracted\2024_2024年9月20日建设项目环境影响报告书（表）受理公告（龙江）_1_mineru\full.md,佛城明塑料制品有限公司,佛城明塑料制品有限公司新建项目,E:\软件\2023-2026年顺德批复文件\2026_佛山市生态环境局关于佛山耀冠塑料制品有限公司第二车间新建项目环境影响报告表的批复.pdf,佛山耀冠塑料制品有限公司,佛 山耀冠塑料制品有限公司第二车间新建项目,84.2,74.3,100.0,50.0,50.0,100.0,79.7,mismatch,company_not_strict_match;project_type_not_found_in_approval
pair_05878,R00034,A01784,E:\软件\mineru_extracted\2023_2023年11月22日建设项目环境影响报告受理公告（大良）_1_mineru\full.md,佛山市英浩精模具有限公司,佛山市英浩精模具有限公司新建项目建设单位（盖章）：佛帝英浩精密模具有限公司编制日期： 2023月,E:\软件\环评原始数据\顺德区批复\2024_关于佛山市顺德区匡工精密模具有限公司搬迁项目建设项目环境影响报告表的批复.pdf,佛山市坤泽模具有限公司,佛山 市坤泽模具有限公司新建项目建设项目,78.3,81.1,100.0,50.0,50.0,100.0,79.7,mismatch,company_not_strict_match;project_type_not_found_in_approval
pair_05879,R00034,A04137,E:\软件\mineru_extracted\2023_2023年11月22日建设项目环境影响报告受理公告（大良）_1_mineru\full.md,佛山市英浩精模具有限公司,佛山市英浩精模具有限公司新建项目建设单位（盖章）：佛帝英浩精密模具有限公司编制日期： 2023月,E:\软件\2023-2026年顺德批复文件\2024_关于佛山市顺德区匡工精密模具有限公司搬迁项目建设项目环境影响报告表的批复.pdf,佛山市坤泽模具有限公司,佛山 市坤泽模具有限公司新建项目建设项目,78.3,81.1,100.0,50.0,50.0,100.0,79.7,mismatch,company_not_strict_match;project_type_not_found_in_approval
pair_05880,R00068,A01424,E:\软件\mineru_extracted\2023_2023年12月4日建设项目环境影响报告书（表）受理公告（杏坛）_mineru\full.md,佛山市顺康荣新材料科技有限公司,佛山市顺康荣新材料科技有限公司新建项目,E:\软件\环评原始数据\顺德区批复\2024_佛环03环审〔2024〕115号.pdf,佛山赢海创新材料科技有限公司,佛山 赢海创新材料科技有限公司新建项目建设项目,78.3,81.1,100.0,50.0,50.0,100.0,79.7,mismatch,company_not_strict_match;project_type_not_found_in_approval
pair_05881,R00068,A03777,E:\软件\mineru_extracted\2023_2023年12月4日建设项目环境影响报告书（表）受理公告（杏坛）_mineru\full.md,佛山市顺康荣新材料科技有限公司,佛山市顺康荣新材料科技有限公司新建项目,E:\软件\2023-2026年顺德批复文件\2024_佛环03环审〔2024〕115号.pdf,佛山赢海创新材料科技有限公司,佛山 赢海创新材料科技有限公司新建项目建设项目,78.3,81.1,100.0,50.0,50.0,100.0,79.7,mismatch,company_not_strict_match;project_type_not_found_in_approval
pair_05882,R00449,A01424,E:\软件\mineru_extracted\2024_2024年1月18日建设项目环境影响报告书（表）受理公告（杏坛）_mineru\full.md,佛山市塑德顺新材料科技有限公司,佛山市塑德顺新材料科技有限公司新建项目,E:\软件\环评原始数据\顺德区批复\2024_佛环03环审〔2024〕115号.pdf,佛山赢海创新材料科技有限公司,佛山 赢海创新材料科技有限公司新建项目建设项目,78.3,81.1,100.0,50.0,50.0,100.0,79.7,mismatch,company_not_strict_match;project_type_not_found_in_approval
pair_05883,R00449,A03777,E:\软件\mineru_extracted\2024_2024年1月18日建设项目环境影响报告书（表）受理公告（杏坛）_mineru\full.md,佛山市塑德顺新材料科技有限公司,佛山市塑德顺新材料科技有限公司新建项目,E:\软件\2023-2026年顺德批复文件\2024_佛环03环审〔2024〕115号.pdf,佛山赢海创新材料科技有限公司,佛山 赢海创新材料科技有限公司新建项目建设项目,78.3,81.1,100.0,50.0,50.0,100.0,79.7,mismatch,company_not_strict_match;project_type_not_found_in_approval
pair_05884,R00007,A02418,E:\软件\mineru_extracted\2023_2023年10月19日建设项目环境影响报告书（表）受理公告（佛山市生态环境局顺德分局）_1_mineru\full.md,佛山市升佑五金制品有限公司,佛山市 公司新建项目,E:\软件\环评原始数据\顺德区批复\2026_佛环03环审〔2026〕89号佛山市生态环境局关于佛山市贵旗五金制品有限公司新建项目建设项目环境影响报告表的批复.pdf,佛山市贵旗五金制品有限公司,佛山 市贵旗五金制品有限公司新建项目建设项目,84.6,66.7,100.0,50.0,100.0,100.0,79.7,mismatch,company_not_strict_match;project_type_not_found_in_approval
pair_05885,R00007,A04771,E:\软件\mineru_extracted\2023_2023年10月19日建设项目环境影响报告书（表）受理公告（佛山市生态环境局顺德分局）_1_mineru\full.md,佛山市升佑五金制品有限公司,佛山市 公司新建项目,E:\软件\2023-2026年顺德批复文件\2026_佛环03环审〔2026〕89号佛山市生态环境局关于佛山市贵旗五金制品有限公司新建项目建设项目环境影响报告表的批复.pdf,佛山市贵旗五金制品有限公司,佛山 市贵旗五金制品有限公司新建项目建设项目,84.6,66.7,100.0,50.0,100.0,100.0,79.7,mismatch,company_not_strict_match;project_type_not_found_in_approval
pair_05886,R00113,A00885,E:\软件\mineru_extracted\2023_2023年2月28日建设项目环境影响报告受理公告（伦教）_mineru\full.md,佛山钰捷科技有限公司,佛山钰捷科技有限公司新建项目,E:\软件\环评原始数据\顺德区批复\2023_佛山市生态环境局关于佛山市东驭科技有限公司新建项目环境影响报告表的批复.pdf,佛山市东驭科技有限公司,佛山市东 驭科技有限公司新建项目,76.2,83.3,100.0,50.0,50.0,100.0,79.6,mismatch,company_not_strict_match;project_type_not_found_in_approval
pair_05887,R00113,A00906,E:\软件\mineru_extracted\2023_2023年2月28日建设项目环境影响报告受理公告（伦教）_mineru\full.md,佛山钰捷科技有限公司,佛山钰捷科技有限公司新建项目,E:\软件\环评原始数据\顺德区批复\2023_佛山市生态环境局关于佛山市银惠科技有限公司新建项目环境影响报告表的批复.pdf,佛山市银惠科技有限公司,佛山 市银惠科技有限公司新建项目,76.2,83.3,100.0,50.0,50.0,100.0,79.6,mismatch,company_not_strict_match;project_type_not_found_in_approval
pair_05888,R00113,A00927,E:\软件\mineru_extracted\2023_2023年2月28日建设项目环境影响报告受理公告（伦教）_mineru\full.md,佛山钰捷科技有限公司,佛山钰捷科技有限公司新建项目,E:\软件\环评原始数据\顺德区批复\2023_佛山市生态环境局关于佛山达意旺科技有限公司新建项目环境影响报告表的批复.pdf,佛山达意旺科技有限公司,佛山达意旺科技有限公司新建项目,76.2,83.3,100.0,50.0,50.0,100.0,79.6,mismatch,company_not_strict_match;project_type_not_found_in_approval
pair_05889,R00113,A01890,E:\软件\mineru_extracted\2023_2023年2月28日建设项目环境影响报告受理公告（伦教）_mineru\full.md,佛山钰捷科技有限公司,佛山钰捷科技有限公司新建项目,E:\软件\环评原始数据\顺德区批复\2025_佛环0309环审〔2025〕20号（家得）.pdf,佛山泰美徽科技有限公司,佛山泰美徽科技有限公司新建项目,76.2,83.3,100.0,50.0,50.0,100.0,79.6,mismatch,company_not_strict_match;project_type_not_found_in_approval
pair_05890,R00113,A01904,E:\软件\mineru_extracted\2023_2023年2月28日建设项目环境影响报告受理公告（伦教）_mineru\full.md,佛山钰捷科技有限公司,佛山钰捷科技有限公司新建项目,E:\软件\环评原始数据\顺德区批复\2025_佛环0309环审〔2025〕35号（冠擎）.pdf,佛山市冠擎科技有限公司,佛山 市冠擎科技有限公司新建项目,76.2,83.3,100.0,50.0,50.0,100.0,79.6,mismatch,company_not_strict_match;project_type_not_found_in_approval
pair_05891,R00113,A03238,E:\软件\mineru_extracted\2023_2023年2月28日建设项目环境影响报告受理公告（伦教）_mineru\full.md,佛山钰捷科技有限公司,佛山钰捷科技有限公司新建项目,E:\软件\2023-2026年顺德批复文件\2023_佛山市生态环境局关于佛山市东驭科技有限公司新建项目环境影响报告表的批复.pdf,佛山市东驭科技有限公司,佛山市东 驭科技有限公司新建项目,76.2,83.3,100.0,50.0,50.0,100.0,79.6,mismatch,company_not_strict_match;project_type_not_found_in_approval
pair_05892,R00113,A03259,E:\软件\mineru_extracted\2023_2023年2月28日建设项目环境影响报告受理公告（伦教）_mineru\full.md,佛山钰捷科技有限公司,佛山钰捷科技有限公司新建项目,E:\软件\2023-2026年顺德批复文件\2023_佛山市生态环境局关于佛山市银惠科技有限公司新建项目环境影响报告表的批复.pdf,佛山市银惠科技有限公司,佛山 市银惠科技有限公司新建项目,76.2,83.3,100.0,50.0,50.0,100.0,79.6,mismatch,company_not_strict_match;project_type_not_found_in_approval
pair_05893,R00113,A03280,E:\软件\mineru_extracted\2023_2023年2月28日建设项目环境影响报告受理公告（伦教）_mineru\full.md,佛山钰捷科技有限公司,佛山钰捷科技有限公司新建项目,E:\软件\2023-2026年顺德批复文件\2023_佛山市生态环境局关于佛山达意旺科技有限公司新建项目环境影响报告表的批复.pdf,佛山达意旺科技有限公司,佛山达意旺科技有限公司新建项目,76.2,83.3,100.0,50.0,50.0,100.0,79.6,mismatch,company_not_strict_match;project_type_not_found_in_approval
pair_05894,R00113,A04243,E:\软件\mineru_extracted\2023_2023年2月28日建设项目环境影响报告受理公告（伦教）_mineru\full.md,佛山钰捷科技有限公司,佛山钰捷科技有限公司新建项目,E:\软件\2023-2026年顺德批复文件\2025_佛环0309环审〔2025〕20号（家得）.pdf,佛山泰美徽科技有限公司,佛山泰美徽科技有限公司新建项目,76.2,83.3,100.0,50.0,50.0,100.0,79.6,mismatch,company_not_strict_match;project_type_not_found_in_approval
pair_05895,R00113,A04257,E:\软件\mineru_extracted\2023_2023年2月28日建设项目环境影响报告受理公告（伦教）_mineru\full.md,佛山钰捷科技有限公司,佛山钰捷科技有限公司新建项目,E:\软件\2023-2026年顺德批复文件\2025_佛环0309环审〔2025〕35号（冠擎）.pdf,佛山市冠擎科技有限公司,佛山 市冠擎科技有限公司新建项目,76.2,83.3,100.0,50.0,50.0,100.0,79.6,mismatch,company_not_strict_match;project_type_not_found_in_approval
pair_05896,R00585,A02269,E:\软件\mineru_extracted\2024_2024年7月25日建设项目环境影响报告受理公告（大良）_1_mineru\full.md,佛山市力辉模具有限公司,佛山市力辉模具有限公司建设项目,E:\软件\环评原始数据\顺德区批复\2026_佛山市生态环境局关于佛山润昌模具有限公司建设项目环境影响报告表的批复（无章）.pdf,佛山润昌模具有限公司,佛 山润昌模具有限公司建设项目,76.2,83.3,100.0,50.0,50.0,100.0,79.6,mismatch,company_not_strict_match;project_type_not_found_in_approval
pair_05897,R00585,A04622,E:\软件\mineru_extracted\2024_2024年7月25日建设项目环境影响报告受理公告（大良）_1_mineru\full.md,佛山市力辉模具有限公司,佛山市力辉模具有限公司建设项目,E:\软件\2023-2026年顺德批复文件\2026_佛山市生态环境局关于佛山润昌模具有限公司建设项目环境影响报告表的批复（无章）.pdf,佛山润昌模具有限公司,佛 山润昌模具有限公司建设项目,76.2,83.3,100.0,50.0,50.0,100.0,79.6,mismatch,company_not_strict_match;project_type_not_found_in_approval
pair_05898,R00337,A01956,E:\软件\mineru_extracted\2024_2024年10月23日建设项目环境影响报告书（表）受理公告（佛山市生态环境局顺德分局）_2_mineru\full.md,佛出市菲悦智能新材料科技有限公司,佛出市菲悦智能新材料科技有限公司新建项目,E:\软件\环评原始数据\顺德区批复\2025_佛环03环审〔2025〕154号.pdf,佛山赢海创新材料科技有限公司,佛山赢 海创新材料科技有限公司迁扩建项目建设项目,78.3,66.7,100.0,100.0,100.0,100.0,79.6,mismatch,company_not_strict_match
pair_05899,R00337,A04309,E:\软件\mineru_extracted\2024_2024年10月23日建设项目环境影响报告书（表）受理公告（佛山市生态环境局顺德分局）_2_mineru\full.md,佛出市菲悦智能新材料科技有限公司,佛出市菲悦智能新材料科技有限公司新建项目,E:\软件\2023-2026年顺德批复文件\2025_佛环03环审〔2025〕154号.pdf,佛山赢海创新材料科技有限公司,佛山赢 海创新材料科技有限公司迁扩建项目建设项目,78.3,66.7,100.0,100.0,100.0,100.0,79.6,mismatch,company_not_strict_match
pair_05900,R00989,A02328,E:\软件\mineru_extracted\2026_2026年5月13日建设项目环境影响报告表受理公告（佛山市生态环境局顺德分局）_4_mineru\full.md,佛山市睿腾辉电子有限公司,佛山市睿腾辉电子,E:\软件\环评原始数据\顺德区批复\2026_佛环03环审〔2026〕129号佛山市生态环境局关于佛山市根深电子有限公司扩建项目建设项目环境影响报告表的批复.pdf,佛山市根深电子有限公司,佛山市根 深电子有限公司扩建项目建设项目,78.3,66.7,100.0,100.0,100.0,100.0,79.6,mismatch,company_not_strict_match
pair_05901,R00989,A04681,E:\软件\mineru_extracted\2026_2026年5月13日建设项目环境影响报告表受理公告（佛山市生态环境局顺德分局）_4_mineru\full.md,佛山市睿腾辉电子有限公司,佛山市睿腾辉电子,E:\软件\2023-2026年顺德批复文件\2026_佛环03环审〔2026〕129号佛山市生态环境局关于佛山市根深电子有限公司扩建项目建设项目环境影响报告表的批复.pdf,佛山市根深电子有限公司,佛山市根 深电子有限公司扩建项目建设项目,78.3,66.7,100.0,100.0,100.0,100.0,79.6,mismatch,company_not_strict_match
pair_05902,R00126,A01221,E:\软件\mineru_extracted\2023_2023年3月16日建设项目环境影响报告书（表）受理公告（均安）_mineru\full.md,佛山市德恒鑫塑料制品有限公司,佛山市德恒鑫塑料制品有限公司新建项目,E:\软件\环评原始数据\顺德区批复\2023_承诺制公示佛山市生态环境局关于佛山市顺德区寰塑塑料制品有限公司迁建项目环境影响报告表的批复.pdf,佛山市顺德区寰塑塑料制品有限公司,佛山市 顺德区寰塑塑料制品有限公司迁建项目,80.0,78.9,100.0,50.0,50.0,100.0,79.6,mismatch,company_not_strict_match;project_type_not_found_in_approval
pair_05903,R00126,A03574,E:\软件\mineru_extracted\2023_2023年3月16日建设项目环境影响报告书（表）受理公告（均安）_mineru\full.md,佛山市德恒鑫塑料制品有限公司,佛山市德恒鑫塑料制品有限公司新建项目,E:\软件\2023-2026年顺德批复文件\2023_承诺制公示佛山市生态环境局关于佛山市顺德区寰塑塑料制品有限公司迁建项目环境影响报告表的批复.pdf,佛山市顺德区寰塑塑料制品有限公司,佛山市 顺德区寰塑塑料制品有限公司迁建项目,80.0,78.9,100.0,50.0,50.0,100.0,79.6,mismatch,company_not_strict_match;project_type_not_found_in_approval
pair_05904,R00172,A00973,E:\软件\mineru_extracted\2023_2023年4月23日建设项目环境影响报告受理公告（乐从）_mineru\full.md,佛山市顺德浚料制品有限公司,佛山市顺德浚料制品有限公司建设项目建设单位（盖章）：佛顺德塑料制品有限公司编制日期： 2022年12月,E:\软件\环评原始数据\顺德区批复\2023_佛环0305环审〔2023〕12号【佛山市顺德区新致成塑料制品有限公司新建项目】.pdf,佛山市顺德区新致成塑料制品有限公司,佛山市顺德区新致成塑料制品有限公司新建 项目,80.0,78.9,100.0,50.0,50.0,100.0,79.6,mismatch,company_not_strict_match;project_type_not_found_in_approval
pair_05905,R00172,A01204,E:\软件\mineru_extracted\2023_2023年4月23日建设项目环境影响报告受理公告（乐从）_mineru\full.md,佛山市顺德浚料制品有限公司,佛山市顺德浚料制品有限公司建设项目建设单位（盖章）：佛顺德塑料制品有限公司编制日期： 2022年12月,E:\软件\环评原始数据\顺德区批复\2023_关于佛山市顺德区诚尔威塑料制品有限公司新建项目环境影响报告表的批复.pdf,佛山市顺德区诚尔威塑料制品有限公司,佛山市顺德区诚尔威塑料制品有限公司新 建项目,80.0,78.9,100.0,50.0,50.0,100.0,79.6,mismatch,company_not_strict_match;project_type_not_found_in_approval
pair_05906,R00172,A01225,E:\软件\mineru_extracted\2023_2023年4月23日建设项目环境影响报告受理公告（乐从）_mineru\full.md,佛山市顺德浚料制品有限公司,佛山市顺德浚料制品有限公司建设项目建设单位（盖章）：佛顺德塑料制品有限公司编制日期： 2022年12月,E:\软件\环评原始数据\顺德区批复\2023_承诺制公示佛山市生态环境局关于佛山市顺德区盖密尔塑料制品有限公司迁建项目环境影响报告表的批复.pdf,佛山市顺德区盖密尔塑料制品有限公司,佛山市 顺德区盖密尔塑料制品有限公司迁建项目,80.0,78.9,100.0,50.0,50.0,100.0,79.6,mismatch,company_not_strict_match;project_type_not_found_in_approval
pair_05907,R00172,A03326,E:\软件\mineru_extracted\2023_2023年4月23日建设项目环境影响报告受理公告（乐从）_mineru\full.md,佛山市顺德浚料制品有限公司,佛山市顺德浚料制品有限公司建设项目建设单位（盖章）：佛顺德塑料制品有限公司编制日期： 2022年12月,E:\软件\2023-2026年顺德批复文件\2023_佛环0305环审〔2023〕12号【佛山市顺德区新致成塑料制品有限公司新建项目】.pdf,佛山市顺德区新致成塑料制品有限公司,佛山市顺德区新致成塑料制品有限公司新建 项目,80.0,78.9,100.0,50.0,50.0,100.0,79.6,mismatch,company_not_strict_match;project_type_not_found_in_approval
pair_05908,R00172,A03557,E:\软件\mineru_extracted\2023_2023年4月23日建设项目环境影响报告受理公告（乐从）_mineru\full.md,佛山市顺德浚料制品有限公司,佛山市顺德浚料制品有限公司建设项目建设单位（盖章）：佛顺德塑料制品有限公司编制日期： 2022年12月,E:\软件\2023-2026年顺德批复文件\2023_关于佛山市顺德区诚尔威塑料制品有限公司新建项目环境影响报告表的批复.pdf,佛山市顺德区诚尔威塑料制品有限公司,佛山市顺德区诚尔威塑料制品有限公司新 建项目,80.0,78.9,100.0,50.0,50.0,100.0,79.6,mismatch,company_not_strict_match;project_type_not_found_in_approval
pair_05909,R00172,A03578,E:\软件\mineru_extracted\2023_2023年4月23日建设项目环境影响报告受理公告（乐从）_mineru\full.md,佛山市顺德浚料制品有限公司,佛山市顺德浚料制品有限公司建设项目建设单位（盖章）：佛顺德塑料制品有限公司编制日期： 2022年12月,E:\软件\2023-2026年顺德批复文件\2023_承诺制公示佛山市生态环境局关于佛山市顺德区盖密尔塑料制品有限公司迁建项目环境影响报告表的批复.pdf,佛山市顺德区盖密尔塑料制品有限公司,佛山市 顺德区盖密尔塑料制品有限公司迁建项目,80.0,78.9,100.0,50.0,50.0,100.0,79.6,mismatch,company_not_strict_match;project_type_not_found_in_approval
pair_05910,R00221,A00973,E:\软件\mineru_extracted\2023_2023年6月5日建设项目环境影响报告书（表）受理公告（乐从）_mineru\full.md,佛山市顺德浚料制品有限公司,佛山市顺德浚料制品有限公司建设项目建设单位（盖章）：佛顺德塑料制品有限公司编制日期： 2022年12月,E:\软件\环评原始数据\顺德区批复\2023_佛环0305环审〔2023〕12号【佛山市顺德区新致成塑料制品有限公司新建项目】.pdf,佛山市顺德区新致成塑料制品有限公司,佛山市顺德区新致成塑料制品有限公司新建 项目,80.0,78.9,100.0,50.0,50.0,100.0,79.6,mismatch,company_not_strict_match;project_type_not_found_in_approval
pair_05911,R00221,A01204,E:\软件\mineru_extracted\2023_2023年6月5日建设项目环境影响报告书（表）受理公告（乐从）_mineru\full.md,佛山市顺德浚料制品有限公司,佛山市顺德浚料制品有限公司建设项目建设单位（盖章）：佛顺德塑料制品有限公司编制日期： 2022年12月,E:\软件\环评原始数据\顺德区批复\2023_关于佛山市顺德区诚尔威塑料制品有限公司新建项目环境影响报告表的批复.pdf,佛山市顺德区诚尔威塑料制品有限公司,佛山市顺德区诚尔威塑料制品有限公司新 建项目,80.0,78.9,100.0,50.0,50.0,100.0,79.6,mismatch,company_not_strict_match;project_type_not_found_in_approval
pair_05912,R00221,A01225,E:\软件\mineru_extracted\2023_2023年6月5日建设项目环境影响报告书（表）受理公告（乐从）_mineru\full.md,佛山市顺德浚料制品有限公司,佛山市顺德浚料制品有限公司建设项目建设单位（盖章）：佛顺德塑料制品有限公司编制日期： 2022年12月,E:\软件\环评原始数据\顺德区批复\2023_承诺制公示佛山市生态环境局关于佛山市顺德区盖密尔塑料制品有限公司迁建项目环境影响报告表的批复.pdf,佛山市顺德区盖密尔塑料制品有限公司,佛山市 顺德区盖密尔塑料制品有限公司迁建项目,80.0,78.9,100.0,50.0,50.0,100.0,79.6,mismatch,company_not_strict_match;project_type_not_found_in_approval
pair_05913,R00221,A03326,E:\软件\mineru_extracted\2023_2023年6月5日建设项目环境影响报告书（表）受理公告（乐从）_mineru\full.md,佛山市顺德浚料制品有限公司,佛山市顺德浚料制品有限公司建设项目建设单位（盖章）：佛顺德塑料制品有限公司编制日期： 2022年12月,E:\软件\2023-2026年顺德批复文件\2023_佛环0305环审〔2023〕12号【佛山市顺德区新致成塑料制品有限公司新建项目】.pdf,佛山市顺德区新致成塑料制品有限公司,佛山市顺德区新致成塑料制品有限公司新建 项目,80.0,78.9,100.0,50.0,50.0,100.0,79.6,mismatch,company_not_strict_match;project_type_not_found_in_approval
pair_05914,R00221,A03557,E:\软件\mineru_extracted\2023_2023年6月5日建设项目环境影响报告书（表）受理公告（乐从）_mineru\full.md,佛山市顺德浚料制品有限公司,佛山市顺德浚料制品有限公司建设项目建设单位（盖章）：佛顺德塑料制品有限公司编制日期： 2022年12月,E:\软件\2023-2026年顺德批复文件\2023_关于佛山市顺德区诚尔威塑料制品有限公司新建项目环境影响报告表的批复.pdf,佛山市顺德区诚尔威塑料制品有限公司,佛山市顺德区诚尔威塑料制品有限公司新 建项目,80.0,78.9,100.0,50.0,50.0,100.0,79.6,mismatch,company_not_strict_match;project_type_not_found_in_approval
pair_05915,R00221,A03578,E:\软件\mineru_extracted\2023_2023年6月5日建设项目环境影响报告书（表）受理公告（乐从）_mineru\full.md,佛山市顺德浚料制品有限公司,佛山市顺德浚料制品有限公司建设项目建设单位（盖章）：佛顺德塑料制品有限公司编制日期： 2022年12月,E:\软件\2023-2026年顺德批复文件\2023_承诺制公示佛山市生态环境局关于佛山市顺德区盖密尔塑料制品有限公司迁建项目环境影响报告表的批复.pdf,佛山市顺德区盖密尔塑料制品有限公司,佛山市 顺德区盖密尔塑料制品有限公司迁建项目,80.0,78.9,100.0,50.0,50.0,100.0,79.6,mismatch,company_not_strict_match;project_type_not_found_in_approval
pair_05916,R00276,A01221,E:\软件\mineru_extracted\2023_2023年8月7日建设项目环境影响报告书（表）受理公告（杏坛）_mineru\full.md,佛山市顺德区康盈制品有限公司,佛山市顺德区康盈制品有限公司新建项目,E:\软件\环评原始数据\顺德区批复\2023_承诺制公示佛山市生态环境局关于佛山市顺德区寰塑塑料制品有限公司迁建项目环境影响报告表的批复.pdf,佛山市顺德区寰塑塑料制品有限公司,佛山市 顺德区寰塑塑料制品有限公司迁建项目,80.0,78.9,100.0,50.0,50.0,100.0,79.6,mismatch,company_not_strict_match;project_type_not_found_in_approval
pair_05917,R00276,A03574,E:\软件\mineru_extracted\2023_2023年8月7日建设项目环境影响报告书（表）受理公告（杏坛）_mineru\full.md,佛山市顺德区康盈制品有限公司,佛山市顺德区康盈制品有限公司新建项目,E:\软件\2023-2026年顺德批复文件\2023_承诺制公示佛山市生态环境局关于佛山市顺德区寰塑塑料制品有限公司迁建项目环境影响报告表的批复.pdf,佛山市顺德区寰塑塑料制品有限公司,佛山市 顺德区寰塑塑料制品有限公司迁建项目,80.0,78.9,100.0,50.0,50.0,100.0,79.6,mismatch,company_not_strict_match;project_type_not_found_in_approval
pair_05918,R00428,A01712,E:\软件\mineru_extracted\2024_2024年12月27日建设项目环境影响报告书（表）受理公告（佛山市生态环境局顺德分局）_2_mineru\full.md,佛山市顺德区鸿铁电器器业有限公司,佛山市顺德区鸿铁电器器业有限公司新建项目,E:\软件\环评原始数据\顺德区批复\2024_佛环03环审〔2024〕413号.pdf,佛山市顺德区双强电器有限公司,佛山市顺 德区双强电器有限公司建设项目建设项目,80.0,78.9,100.0,50.0,50.0,100.0,79.6,mismatch,company_not_strict_match;project_type_not_found_in_approval
pair_05919,R00428,A01846,E:\软件\mineru_extracted\2024_2024年12月27日建设项目环境影响报告书（表）受理公告（佛山市生态环境局顺德分局）_2_mineru\full.md,佛山市顺德区鸿铁电器器业有限公司,佛山市顺德区鸿铁电器器业有限公司新建项目,E:\软件\环评原始数据\顺德区批复\2025_佛山市生态环境局关于佛山市顺德区蒂锦电器有限公司迁建项目建设项目环境影响报告表的批复.pdf,佛山市顺德区蒂锦电器有限公司,佛山市 顺德区蒂锦电器有限公司迁建项目建设项目,80.0,78.9,100.0,50.0,50.0,100.0,79.6,mismatch,company_not_strict_match;project_type_not_found_in_approval
pair_05920,R00428,A04065,E:\软件\mineru_extracted\2024_2024年12月27日建设项目环境影响报告书（表）受理公告（佛山市生态环境局顺德分局）_2_mineru\full.md,佛山市顺德区鸿铁电器器业有限公司,佛山市顺德区鸿铁电器器业有限公司新建项目,E:\软件\2023-2026年顺德批复文件\2024_佛环03环审〔2024〕413号.pdf,佛山市顺德区双强电器有限公司,佛山市顺 德区双强电器有限公司建设项目建设项目,80.0,78.9,100.0,50.0,50.0,100.0,79.6,mismatch,company_not_strict_match;project_type_not_found_in_approval
pair_05921,R00428,A04199,E:\软件\mineru_extracted\2024_2024年12月27日建设项目环境影响报告书（表）受理公告（佛山市生态环境局顺德分局）_2_mineru\full.md,佛山市顺德区鸿铁电器器业有限公司,佛山市顺德区鸿铁电器器业有限公司新建项目,E:\软件\2023-2026年顺德批复文件\2025_佛山市生态环境局关于佛山市顺德区蒂锦电器有限公司迁建项目建设项目环境影响报告表的批复.pdf,佛山市顺德区蒂锦电器有限公司,佛山市 顺德区蒂锦电器有限公司迁建项目建设项目,80.0,78.9,100.0,50.0,50.0,100.0,79.6,mismatch,company_not_strict_match;project_type_not_found_in_approval
pair_05922,R00782,A02296,E:\软件\mineru_extracted\2025_2025年2月14日建设项目环境影响报告书（表）受理公告（佛山市生态环境局顺德分局）_2_mineru\full.md,佛山市顺德区百帝电器制造有限公司,佛山市顺德区百帝电器制造有限公司迁建项目,E:\软件\环评原始数据\顺德区批复\2026_佛环03环审〔2025〕393号佛山市生态环境局关于佛山市顺德区纪宇电器有限公司新建项目建设项目环境影响报告表的批复.pdf,佛山市顺德区纪宇电器有限公司,佛山市顺 德区纪宇电器有限公司新建项目建设项目,80.0,78.9,100.0,50.0,50.0,100.0,79.6,mismatch,company_not_strict_match;project_type_not_found_in_approval
pair_05923,R00782,A04649,E:\软件\mineru_extracted\2025_2025年2月14日建设项目环境影响报告书（表）受理公告（佛山市生态环境局顺德分局）_2_mineru\full.md,佛山市顺德区百帝电器制造有限公司,佛山市顺德区百帝电器制造有限公司迁建项目,E:\软件\2023-2026年顺德批复文件\2026_佛环03环审〔2025〕393号佛山市生态环境局关于佛山市顺德区纪宇电器有限公司新建项目建设项目环境影响报告表的批复.pdf,佛山市顺德区纪宇电器有限公司,佛山市顺 德区纪宇电器有限公司新建项目建设项目,80.0,78.9,100.0,50.0,50.0,100.0,79.6,mismatch,company_not_strict_match;project_type_not_found_in_approval
pair_05924,R00818,A00853,E:\软件\mineru_extracted\2025_2025年3月17日建设项目环境影响报告书（表）受理公告（佛山市生态环境局顺德分局）_1_mineru\full.md,佛山市顺德区新盈塑料品有限公司,佛山市顺德区新盈塑料品有限公司新建项目,E:\软件\环评原始数据\顺德区批复\2022_承诺制公示佛山市生态环境局关于佛山市菱恩新材料有限公司新建项目环境影响报告表的批复.pdf,佛山市顺德区盈曜新材料有限公司,佛山市顺德区盈曜新材料有限公司迁建项目,80.0,78.9,100.0,50.0,50.0,100.0,79.6,mismatch,company_not_strict_match;project_type_not_found_in_approval
pair_05925,R00818,A03206,E:\软件\mineru_extracted\2025_2025年3月17日建设项目环境影响报告书（表）受理公告（佛山市生态环境局顺德分局）_1_mineru\full.md,佛山市顺德区新盈塑料品有限公司,佛山市顺德区新盈塑料品有限公司新建项目,E:\软件\2023-2026年顺德批复文件\2022_承诺制公示佛山市生态环境局关于佛山市菱恩新材料有限公司新建项目环境影响报告表的批复.pdf,佛山市顺德区盈曜新材料有限公司,佛山市顺德区盈曜新材料有限公司迁建项目,80.0,78.9,100.0,50.0,50.0,100.0,79.6,mismatch,company_not_strict_match;project_type_not_found_in_approval
pair_05926,R00158,A01846,E:\软件\mineru_extracted\2023_2023年4月10日建设项目环境影响报告受理公告（容桂）_2_mineru\full.md,欧帝大电器有限公司,佛山市欧帝电器有限公司搬迁项目建设单位(盖章)：佛山市欧帝卡电器有限公司,E:\软件\环评原始数据\顺德区批复\2025_佛山市生态环境局关于佛山市顺德区蒂锦电器有限公司迁建项目建设项目环境影响报告表的批复.pdf,佛山市顺德区蒂锦电器有限公司,佛山市 顺德区蒂锦电器有限公司迁建项目建设项目,80.0,71.8,100.0,50.0,100.0,100.0,79.6,mismatch,company_not_strict_match;project_type_not_found_in_approval
pair_05927,R00158,A04199,E:\软件\mineru_extracted\2023_2023年4月10日建设项目环境影响报告受理公告（容桂）_2_mineru\full.md,欧帝大电器有限公司,佛山市欧帝电器有限公司搬迁项目建设单位(盖章)：佛山市欧帝卡电器有限公司,E:\软件\2023-2026年顺德批复文件\2025_佛山市生态环境局关于佛山市顺德区蒂锦电器有限公司迁建项目建设项目环境影响报告表的批复.pdf,佛山市顺德区蒂锦电器有限公司,佛山市 顺德区蒂锦电器有限公司迁建项目建设项目,80.0,71.8,100.0,50.0,100.0,100.0,79.6,mismatch,company_not_strict_match;project_type_not_found_in_approval
pair_05928,R01108,A00961,E:\软件\环评原始数据\顺德区受理报告\2021_2021年4月29日建设项目环境影响报告受理公告（大良）_4786144.pdf,佛山市顺德区怡德塑料制品有限公司,佛山市顺德区怡德塑料制品有限公司顺德分公,E:\软件\环评原始数据\顺德区批复\2023_佛环0304环审〔2023〕24号 佛山市生态环境局关于佛山市顺德区金翔来塑料包装制品有限公司迁扩建项目环境影响报告表的批复.pdf,佛山市顺德区金翔来塑料包装制品有限公司,佛山市顺德区金翔来塑料包装制品有限公司 迁扩建项目,80.0,71.8,100.0,100.0,50.0,100.0,79.6,mismatch,company_not_strict_match
pair_05929,R01108,A01844,E:\软件\环评原始数据\顺德区受理报告\2021_2021年4月29日建设项目环境影响报告受理公告（大良）_4786144.pdf,佛山市顺德区怡德塑料制品有限公司,佛山市顺德区怡德塑料制品有限公司顺德分公,E:\软件\环评原始数据\顺德区批复\2025_佛山市生态环境局关于佛山市顺德区盈立方五金塑料制品有限公司迁扩建项目（重新报批)建设项目环境影响报告表的批复.pdf,佛山市顺德区盈立方五金塑料制品有限公司,佛山市 顺德区盈立方五金塑料制品有限公司迁扩建项目（重新报批） 建设项目,80.0,71.8,100.0,100.0,50.0,100.0,79.6,mismatch,company_not_strict_match
pair_05930,R01108,A03314,E:\软件\环评原始数据\顺德区受理报告\2021_2021年4月29日建设项目环境影响报告受理公告（大良）_4786144.pdf,佛山市顺德区怡德塑料制品有限公司,佛山市顺德区怡德塑料制品有限公司顺德分公,E:\软件\2023-2026年顺德批复文件\2023_佛环0304环审〔2023〕24号 佛山市生态环境局关于佛山市顺德区金翔来塑料包装制品有限公司迁扩建项目环境影响报告表的批复.pdf,佛山市顺德区金翔来塑料包装制品有限公司,佛山市顺德区金翔来塑料包装制品有限公司 迁扩建项目,80.0,71.8,100.0,100.0,50.0,100.0,79.6,mismatch,company_not_strict_match
pair_05931,R01108,A04197,E:\软件\环评原始数据\顺德区受理报告\2021_2021年4月29日建设项目环境影响报告受理公告（大良）_4786144.pdf,佛山市顺德区怡德塑料制品有限公司,佛山市顺德区怡德塑料制品有限公司顺德分公,E:\软件\2023-2026年顺德批复文件\2025_佛山市生态环境局关于佛山市顺德区盈立方五金塑料制品有限公司迁扩建项目（重新报批)建设项目环境影响报告表的批复.pdf,佛山市顺德区盈立方五金塑料制品有限公司,佛山市 顺德区盈立方五金塑料制品有限公司迁扩建项目（重新报批） 建设项目,80.0,71.8,100.0,100.0,50.0,100.0,79.6,mismatch,company_not_strict_match
pair_05932,R00870,A01867,E:\软件\mineru_extracted\2025_2025年7月18日建设项目环境影响报告表受理公告（伦教）_2_mineru\full.md,料制品有限公司,佛山市顺德区鸡洲 料制品有限公司迁建项目,E:\软件\环评原始数据\顺德区批复\2025_佛环0305环审〔2025〕10号【佛山市生态环境局关于佛山市盛康汇金属制品有限公司建设项目环境影响报告表的批复】（公示）.pdf,佛山市盛康汇金属制品有限公司,佛山市盛 康汇金属制品有限公司建设项目,92.3,64.9,100.0,50.0,50.0,100.0,79.6,mismatch,project_name_not_strict_match;project_type_not_found_in_approval
pair_05933,R00870,A01878,E:\软件\mineru_extracted\2025_2025年7月18日建设项目环境影响报告表受理公告（伦教）_2_mineru\full.md,料制品有限公司,佛山市顺德区鸡洲 料制品有限公司迁建项目,E:\软件\环评原始数据\顺德区批复\2025_佛环0305环审〔2025〕6号【佛山市生态环境局关于佛山市泽瑞宏金属制品有限公司建设项目环境影响报告表的批复】（公示）.pdf,佛山市泽瑞宏金属制品有限公司,佛 山市泽瑞宏金属制品有限公司建设项目,92.3,64.9,100.0,50.0,50.0,100.0,79.6,mismatch,project_name_not_strict_match;project_type_not_found_in_approval
pair_05934,R00870,A01891,E:\软件\mineru_extracted\2025_2025年7月18日建设项目环境影响报告表受理公告（伦教）_2_mineru\full.md,料制品有限公司,佛山市顺德区鸡洲 料制品有限公司迁建项目,E:\软件\环评原始数据\顺德区批复\2025_佛环0309环审〔2025〕21号（润栋）.pdf,佛山市润栋嘉五金制品有限公司,佛山市 润栋嘉五金制品有限公司新建项目,92.3,64.9,100.0,50.0,50.0,100.0,79.6,mismatch,project_name_not_strict_match;project_type_not_found_in_approval
pair_05935,R00870,A02003,E:\软件\mineru_extracted\2025_2025年7月18日建设项目环境影响报告表受理公告（伦教）_2_mineru\full.md,料制品有限公司,佛山市顺德区鸡洲 料制品有限公司迁建项目,E:\软件\环评原始数据\顺德区批复\2025_佛环03环审〔2025〕200号佛山市生态环境局关于佛山市鸿豪旺五金制品有限公司扩建项目建设项目环境影响报告表的批复.pdf,佛山市鸿豪旺五金制品有限公司,佛山市鸿 豪旺五金制品有限公司扩建项目建设项目,92.3,64.9,100.0,50.0,50.0,100.0,79.6,mismatch,project_name_not_strict_match;project_type_not_found_in_approval
pair_05936,R00870,A02158,E:\软件\mineru_extracted\2025_2025年7月18日建设项目环境影响报告表受理公告（伦教）_2_mineru\full.md,料制品有限公司,佛山市顺德区鸡洲 料制品有限公司迁建项目,E:\软件\环评原始数据\顺德区批复\2025_佛环03环审〔2025〕353号佛山市生态环境局关于佛山市柏溪鑫金属制品有限公司新建项目建设项目环境影响报告表的批复.pdf,佛山市柏溪鑫金属制品有限公司,佛山市柏 溪鑫金属制品有限公司新建项目建设项目,92.3,64.9,100.0,50.0,50.0,100.0,79.6,mismatch,project_name_not_strict_match;project_type_not_found_in_approval
pair_05937,R00870,A02366,E:\软件\mineru_extracted\2025_2025年7月18日建设项目环境影响报告表受理公告（伦教）_2_mineru\full.md,料制品有限公司,佛山市顺德区鸡洲 料制品有限公司迁建项目,E:\软件\环评原始数据\顺德区批复\2026_佛环03环审〔2026〕40号佛山市生态环境局关于佛山市欧佳和金属制品有限公司新建项目建设项目环境影响报告表的批复.pdf,佛山市欧佳和金属制品有限公司,佛山市欧 佳和金属制品有限公司新建项目建设项目,92.3,64.9,100.0,50.0,50.0,100.0,79.6,mismatch,project_name_not_strict_match;project_type_not_found_in_approval
pair_05938,R00870,A02375,E:\软件\mineru_extracted\2025_2025年7月18日建设项目环境影响报告表受理公告（伦教）_2_mineru\full.md,料制品有限公司,佛山市顺德区鸡洲 料制品有限公司迁建项目,E:\软件\环评原始数据\顺德区批复\2026_佛环03环审〔2026〕4号佛山市生态环境局关于佛山市鑫润吉金属制品有限公司新建项目建设项目环境影响报告表的批复.pdf,佛山市鑫润吉金属制品有限公司,佛山市 鑫润吉金属制品有限公司新建项目建设项目,92.3,64.9,100.0,50.0,50.0,100.0,79.6,mismatch,project_name_not_strict_match;project_type_not_found_in_approval
pair_05939,R00870,A04220,E:\软件\mineru_extracted\2025_2025年7月18日建设项目环境影响报告表受理公告（伦教）_2_mineru\full.md,料制品有限公司,佛山市顺德区鸡洲 料制品有限公司迁建项目,E:\软件\2023-2026年顺德批复文件\2025_佛环0305环审〔2025〕10号【佛山市生态环境局关于佛山市盛康汇金属制品有限公司建设项目环境影响报告表的批复】（公示）.pdf,佛山市盛康汇金属制品有限公司,佛山市盛 康汇金属制品有限公司建设项目,92.3,64.9,100.0,50.0,50.0,100.0,79.6,mismatch,project_name_not_strict_match;project_type_not_found_in_approval
pair_05940,R00870,A04231,E:\软件\mineru_extracted\2025_2025年7月18日建设项目环境影响报告表受理公告（伦教）_2_mineru\full.md,料制品有限公司,佛山市顺德区鸡洲 料制品有限公司迁建项目,E:\软件\2023-2026年顺德批复文件\2025_佛环0305环审〔2025〕6号【佛山市生态环境局关于佛山市泽瑞宏金属制品有限公司建设项目环境影响报告表的批复】（公示）.pdf,佛山市泽瑞宏金属制品有限公司,佛 山市泽瑞宏金属制品有限公司建设项目,92.3,64.9,100.0,50.0,50.0,100.0,79.6,mismatch,project_name_not_strict_match;project_type_not_found_in_approval
pair_05941,R00870,A04244,E:\软件\mineru_extracted\2025_2025年7月18日建设项目环境影响报告表受理公告（伦教）_2_mineru\full.md,料制品有限公司,佛山市顺德区鸡洲 料制品有限公司迁建项目,E:\软件\2023-2026年顺德批复文件\2025_佛环0309环审〔2025〕21号（润栋）.pdf,佛山市润栋嘉五金制品有限公司,佛山市 润栋嘉五金制品有限公司新建项目,92.3,64.9,100.0,50.0,50.0,100.0,79.6,mismatch,project_name_not_strict_match;project_type_not_found_in_approval
pair_05942,R00870,A04356,E:\软件\mineru_extracted\2025_2025年7月18日建设项目环境影响报告表受理公告（伦教）_2_mineru\full.md,料制品有限公司,佛山市顺德区鸡洲 料制品有限公司迁建项目,E:\软件\2023-2026年顺德批复文件\2025_佛环03环审〔2025〕200号佛山市生态环境局关于佛山市鸿豪旺五金制品有限公司扩建项目建设项目环境影响报告表的批复.pdf,佛山市鸿豪旺五金制品有限公司,佛山市鸿 豪旺五金制品有限公司扩建项目建设项目,92.3,64.9,100.0,50.0,50.0,100.0,79.6,mismatch,project_name_not_strict_match;project_type_not_found_in_approval
pair_05943,R00870,A04511,E:\软件\mineru_extracted\2025_2025年7月18日建设项目环境影响报告表受理公告（伦教）_2_mineru\full.md,料制品有限公司,佛山市顺德区鸡洲 料制品有限公司迁建项目,E:\软件\2023-2026年顺德批复文件\2025_佛环03环审〔2025〕353号佛山市生态环境局关于佛山市柏溪鑫金属制品有限公司新建项目建设项目环境影响报告表的批复.pdf,佛山市柏溪鑫金属制品有限公司,佛山市柏 溪鑫金属制品有限公司新建项目建设项目,92.3,64.9,100.0,50.0,50.0,100.0,79.6,mismatch,project_name_not_strict_match;project_type_not_found_in_approval
pair_05944,R00870,A04719,E:\软件\mineru_extracted\2025_2025年7月18日建设项目环境影响报告表受理公告（伦教）_2_mineru\full.md,料制品有限公司,佛山市顺德区鸡洲 料制品有限公司迁建项目,E:\软件\2023-2026年顺德批复文件\2026_佛环03环审〔2026〕40号佛山市生态环境局关于佛山市欧佳和金属制品有限公司新建项目建设项目环境影响报告表的批复.pdf,佛山市欧佳和金属制品有限公司,佛山市欧 佳和金属制品有限公司新建项目建设项目,92.3,64.9,100.0,50.0,50.0,100.0,79.6,mismatch,project_name_not_strict_match;project_type_not_found_in_approval
pair_05945,R00870,A04728,E:\软件\mineru_extracted\2025_2025年7月18日建设项目环境影响报告表受理公告（伦教）_2_mineru\full.md,料制品有限公司,佛山市顺德区鸡洲 料制品有限公司迁建项目,E:\软件\2023-2026年顺德批复文件\2026_佛环03环审〔2026〕4号佛山市生态环境局关于佛山市鑫润吉金属制品有限公司新建项目建设项目环境影响报告表的批复.pdf,佛山市鑫润吉金属制品有限公司,佛山市 鑫润吉金属制品有限公司新建项目建设项目,92.3,64.9,100.0,50.0,50.0,100.0,79.6,mismatch,project_name_not_strict_match;project_type_not_found_in_approval
pair_05946,R01032,A02409,E:\软件\mineru_extracted\2026_2026年5月8日建设项目环境影响报告表受理公告（佛山市生态环境局顺德分局）_2_mineru\full.md,广东俊佳科技有限公司,广东俊佳科技有限公司迁改扩建项目,E:\软件\环评原始数据\顺德区批复\2026_佛环03环审〔2026〕80号佛山市生态环境局关于泽皓讯联（广东）科技有限公司（重新报批）建设项目建设项目环境影响报告表的批复.pdf,泽皓讯联（广东）科技有限公司,泽皓讯联（广东）科技有限公司（重新报批）建设项目建设 项目,88.9,68.8,100.0,50.0,50.0,100.0,79.6,mismatch,company_not_strict_match;project_type_not_found_in_approval
pair_05947,R01032,A04762,E:\软件\mineru_extracted\2026_2026年5月8日建设项目环境影响报告表受理公告（佛山市生态环境局顺德分局）_2_mineru\full.md,广东俊佳科技有限公司,广东俊佳科技有限公司迁改扩建项目,E:\软件\2023-2026年顺德批复文件\2026_佛环03环审〔2026〕80号佛山市生态环境局关于泽皓讯联（广东）科技有限公司（重新报批）建设项目建设项目环境影响报告表的批复.pdf,泽皓讯联（广东）科技有限公司,泽皓讯联（广东）科技有限公司（重新报批）建设项目建设 项目,88.9,68.8,100.0,50.0,50.0,100.0,79.6,mismatch,company_not_strict_match;project_type_not_found_in_approval
pair_05948,R00198,A00614,E:\软件\mineru_extracted\2023_2023年5月30日建设项目环境影响报告表受理公告（容桂）_1_mineru\full.md,制品有限公司,佛山市顺德区骏悦塑料五金 建项目建设单位（盖章）：佛山市顺德区骏 有限公司编制日期：2023年4月,E:\软件\环评原始数据\顺德区批复\2022_佛环0304环审〔2022〕111号  佛山市生态环境局关于佛山市顺德区同芊塑胶五金制品有限公司迁扩建项目环境影响报告表的批复.pdf,佛山市顺德区同芊塑胶五金制品有限公司,佛山市顺德区同芊塑胶五金制品有限公司迁 扩建项目,100.0,63.2,100.0,100.0,50.0,0.0,79.6,mismatch,project_name_not_strict_match
pair_05949,R00198,A02967,E:\软件\mineru_extracted\2023_2023年5月30日建设项目环境影响报告表受理公告（容桂）_1_mineru\full.md,制品有限公司,佛山市顺德区骏悦塑料五金 建项目建设单位（盖章）：佛山市顺德区骏 有限公司编制日期：2023年4月,E:\软件\2023-2026年顺德批复文件\2022_佛环0304环审〔2022〕111号  佛山市生态环境局关于佛山市顺德区同芊塑胶五金制品有限公司迁扩建项目环境影响报告表的批复.pdf,佛山市顺德区同芊塑胶五金制品有限公司,佛山市顺德区同芊塑胶五金制品有限公司迁 扩建项目,100.0,63.2,100.0,100.0,50.0,0.0,79.6,mismatch,project_name_not_strict_match
pair_05950,R00743,A02926,E:\软件\mineru_extracted\2025_2025年12月12日建设项目环境影响报告表受理公告（容桂）_2_mineru\full.md,佛山市铭翰塑料制品有限公司,佛山市铭翰塑料品有限公建项目,E:\软件\2023-2026年顺德批复文件\2022_佛山市生态环境局关于佛山市誉昊科技有限公司新建项目环境影响报告表的批复.pdf,塑料制品有限公司,佛山市顺德区新力航塑料制品有限公司搬迁 改扩建项目,100.0,63.2,100.0,100.0,50.0,0.0,79.6,mismatch,project_name_not_strict_match
pair_05951,R00110,A01809,E:\软件\mineru_extracted\2023_2023年2月24日建设项目环境影响报告受理公告（容桂）_1_mineru\full.md,佛山市顺德区睿宏塑料制品厂,佛山市顺德区睿宏塑补制品厂迁扩建项目建设单位（盖章）：佛山市顺德区宏塑制品,E:\软件\环评原始数据\顺德区批复\2025_佛山市生态环境局关于佛山市天泽丰五金有限公司新建项目建设项目环境影响报告表的批复.pdf,佛山市顺德区鸿贵城塑料制品有限公司,佛 山市顺德区鸿贵城塑料制品有限公司搬迁扩建项目建设项目,76.9,68.1,100.0,100.0,100.0,100.0,79.6,mismatch,company_not_strict_match
pair_05952,R00110,A04162,E:\软件\mineru_extracted\2023_2023年2月24日建设项目环境影响报告受理公告（容桂）_1_mineru\full.md,佛山市顺德区睿宏塑料制品厂,佛山市顺德区睿宏塑补制品厂迁扩建项目建设单位（盖章）：佛山市顺德区宏塑制品,E:\软件\2023-2026年顺德批复文件\2025_佛山市生态环境局关于佛山市天泽丰五金有限公司新建项目建设项目环境影响报告表的批复.pdf,佛山市顺德区鸿贵城塑料制品有限公司,佛 山市顺德区鸿贵城塑料制品有限公司搬迁扩建项目建设项目,76.9,68.1,100.0,100.0,100.0,100.0,79.6,mismatch,company_not_strict_match
pair_05953,R00145,A01251,E:\软件\mineru_extracted\2023_2023年3月30日建设项目环境影响报告书（表）受理公告（佛山市生态环境局顺德分局）_2_mineru\full.md,锦欣环保科技有限公司,佛山市 限公司新建项目建设单位（盖章）：佛山市缔欣环保科技有限公司编制日期：2023年3月,E:\软件\环评原始数据\顺德区批复\2024_佛山市生态环境局关于佛山市仙钰科技有限公司新建项目建设项目环境影响报告表的批复.pdf,佛山市仙钰科技有限公司,佛山 市仙钰科技有限公司新建项目建设项目,75.0,77.4,100.0,50.0,100.0,100.0,79.6,mismatch,company_not_strict_match;project_type_not_found_in_approval
pair_05954,R00145,A03604,E:\软件\mineru_extracted\2023_2023年3月30日建设项目环境影响报告书（表）受理公告（佛山市生态环境局顺德分局）_2_mineru\full.md,锦欣环保科技有限公司,佛山市 限公司新建项目建设单位（盖章）：佛山市缔欣环保科技有限公司编制日期：2023年3月,E:\软件\2023-2026年顺德批复文件\2024_佛山市生态环境局关于佛山市仙钰科技有限公司新建项目建设项目环境影响报告表的批复.pdf,佛山市仙钰科技有限公司,佛山 市仙钰科技有限公司新建项目建设项目,75.0,77.4,100.0,50.0,100.0,100.0,79.6,mismatch,company_not_strict_match;project_type_not_found_in_approval
pair_05955,R00958,A01433,E:\软件\mineru_extracted\2026_2026年4月24日建设项目环境影响报告表受理公告（佛山市生态环境局顺德分局）_2_mineru\full.md,广东中城威电器科技有限公司,广东中城威电器科技有限公司新建项目,E:\软件\环评原始数据\顺德区批复\2024_佛环03环审〔2024〕126号.pdf,广东正北科技有限公司,广东正北 科技有限公司新建项目建设项目,75.0,77.4,100.0,50.0,100.0,100.0,79.6,mismatch,company_not_strict_match;project_type_not_found_in_approval
pair_05956,R00958,A02273,E:\软件\mineru_extracted\2026_2026年4月24日建设项目环境影响报告表受理公告（佛山市生态环境局顺德分局）_2_mineru\full.md,广东中城威电器科技有限公司,广东中城威电器科技有限公司新建项目,E:\软件\环评原始数据\顺德区批复\2026_佛山市生态环境局关于广东三睦科技有限公司新建项目建设项目环境影响报告表的批复.pdf,广东三睦科技有限公司,广东三 睦科技有限公司新建项目建设项目,75.0,77.4,100.0,50.0,100.0,100.0,79.6,mismatch,company_not_strict_match;project_type_not_found_in_approval
pair_05957,R00958,A03786,E:\软件\mineru_extracted\2026_2026年4月24日建设项目环境影响报告表受理公告（佛山市生态环境局顺德分局）_2_mineru\full.md,广东中城威电器科技有限公司,广东中城威电器科技有限公司新建项目,E:\软件\2023-2026年顺德批复文件\2024_佛环03环审〔2024〕126号.pdf,广东正北科技有限公司,广东正北 科技有限公司新建项目建设项目,75.0,77.4,100.0,50.0,100.0,100.0,79.6,mismatch,company_not_strict_match;project_type_not_found_in_approval
pair_05958,R00958,A04626,E:\软件\mineru_extracted\2026_2026年4月24日建设项目环境影响报告表受理公告（佛山市生态环境局顺德分局）_2_mineru\full.md,广东中城威电器科技有限公司,广东中城威电器科技有限公司新建项目,E:\软件\2023-2026年顺德批复文件\2026_佛山市生态环境局关于广东三睦科技有限公司新建项目建设项目环境影响报告表的批复.pdf,广东三睦科技有限公司,广东三 睦科技有限公司新建项目建设项目,75.0,77.4,100.0,50.0,100.0,100.0,79.6,mismatch,company_not_strict_match;project_type_not_found_in_approval
pair_05959,R01230,A01650,E:\软件\环评原始数据\顺德区受理报告\2023_2023年12月25日建设项目环境影响报告书（表）受理公告（佛山市生态环境局顺德分局）_2.pdf,广东盈和新能源科技有限公司,广东盈和新能源科技有限公司新建项目,E:\软件\环评原始数据\顺德区批复\2024_佛环03环审〔2024〕352号.pdf,广东高峡科技有限公司,广东高 峡科技有限公司新建项目建设项目,75.0,77.4,100.0,50.0,100.0,100.0,79.6,mismatch,company_not_strict_match;project_type_not_found_in_approval
pair_05960,R01230,A04003,E:\软件\环评原始数据\顺德区受理报告\2023_2023年12月25日建设项目环境影响报告书（表）受理公告（佛山市生态环境局顺德分局）_2.pdf,广东盈和新能源科技有限公司,广东盈和新能源科技有限公司新建项目,E:\软件\2023-2026年顺德批复文件\2024_佛环03环审〔2024〕352号.pdf,广东高峡科技有限公司,广东高 峡科技有限公司新建项目建设项目,75.0,77.4,100.0,50.0,100.0,100.0,79.6,mismatch,company_not_strict_match;project_type_not_found_in_approval
pair_05961,R01285,A01650,E:\软件\环评原始数据\顺德区受理报告\2024_2024年3月19日建设项目环境影响报告表受理公告（佛山市生态环境局顺德分局）_2.pdf,广东盈和新能源科技有限公司,广东盈和新能源科技有限公司新建项目,E:\软件\环评原始数据\顺德区批复\2024_佛环03环审〔2024〕352号.pdf,广东高峡科技有限公司,广东高 峡科技有限公司新建项目建设项目,75.0,77.4,100.0,50.0,100.0,100.0,79.6,mismatch,company_not_strict_match;project_type_not_found_in_approval
pair_05962,R01285,A04003,E:\软件\环评原始数据\顺德区受理报告\2024_2024年3月19日建设项目环境影响报告表受理公告（佛山市生态环境局顺德分局）_2.pdf,广东盈和新能源科技有限公司,广东盈和新能源科技有限公司新建项目,E:\软件\2023-2026年顺德批复文件\2024_佛环03环审〔2024〕352号.pdf,广东高峡科技有限公司,广东高 峡科技有限公司新建项目建设项目,75.0,77.4,100.0,50.0,100.0,100.0,79.6,mismatch,company_not_strict_match;project_type_not_found_in_approval
pair_05963,R00870,A00405,E:\软件\mineru_extracted\2025_2025年7月18日建设项目环境影响报告表受理公告（伦教）_2_mineru\full.md,料制品有限公司,佛山市顺德区鸡洲 料制品有限公司迁建项目,E:\软件\环评原始数据\顺德区批复\2021_关于佛山市昊腾达塑料制品有限公司新建项目环境影响报告表的批复.pdf,佛山市昊腾达塑料制品有限公司,佛山市昊腾达塑料制品有限公司新建项目,100.0,70.3,100.0,50.0,50.0,0.0,79.6,mismatch,project_type_not_found_in_approval
pair_05964,R00870,A00677,E:\软件\mineru_extracted\2025_2025年7月18日建设项目环境影响报告表受理公告（伦教）_2_mineru\full.md,料制品有限公司,佛山市顺德区鸡洲 料制品有限公司迁建项目,E:\软件\环评原始数据\顺德区批复\2022_佛环0309环审〔2022〕43号（涂依杰）.pdf,佛山市科诗龙塑料制品有限公司,佛山市 科诗龙塑料制品有限公司建设项目,100.0,70.3,100.0,50.0,50.0,0.0,79.6,mismatch,project_type_not_found_in_approval
pair_05965,R00870,A01036,E:\软件\mineru_extracted\2025_2025年7月18日建设项目环境影响报告表受理公告（伦教）_2_mineru\full.md,料制品有限公司,佛山市顺德区鸡洲 料制品有限公司迁建项目,E:\软件\环评原始数据\顺德区批复\2023_佛环03环审〔2023〕11号.pdf,佛山市宏楷盛塑料制品有限公司,佛山 市宏楷盛塑料制品有限公司新建项目建设项目,100.0,70.3,100.0,50.0,50.0,0.0,79.6,mismatch,project_type_not_found_in_approval
pair_05966,R00870,A01296,E:\软件\mineru_extracted\2025_2025年7月18日建设项目环境影响报告表受理公告（伦教）_2_mineru\full.md,料制品有限公司,佛山市顺德区鸡洲 料制品有限公司迁建项目,E:\软件\环评原始数据\顺德区批复\2024_佛山市生态环境局关于佛山市顺德区桂南路道路工程建设项目环境影响报告表的批复 (2).pdf,佛山市汇凯隆塑料制品有限公司,佛山市 汇凯隆塑料制品有限公司新建项目建设项目,100.0,70.3,100.0,50.0,50.0,0.0,79.6,mismatch,project_type_not_found_in_approval
pair_05967,R00870,A01631,E:\软件\mineru_extracted\2025_2025年7月18日建设项目环境影响报告表受理公告（伦教）_2_mineru\full.md,料制品有限公司,佛山市顺德区鸡洲 料制品有限公司迁建项目,E:\软件\环评原始数据\顺德区批复\2024_佛环03环审〔2024〕331号.pdf,佛山市文思达塑料制品有限公司,佛山 市文思达塑料制品有限公司新建项目建设项目,100.0,70.3,100.0,50.0,50.0,0.0,79.6,mismatch,project_type_not_found_in_approval
pair_05968,R00870,A01755,E:\软件\mineru_extracted\2025_2025年7月18日建设项目环境影响报告表受理公告（伦教）_2_mineru\full.md,料制品有限公司,佛山市顺德区鸡洲 料制品有限公司迁建项目,E:\软件\环评原始数据\顺德区批复\2024_佛环03环审〔2024〕80号.pdf,佛山市旭合泰塑料制品有限公司,佛山 市旭合泰塑料制品有限公司新建项目建设项目,100.0,70.3,100.0,50.0,50.0,0.0,79.6,mismatch,project_type_not_found_in_approval
pair_05969,R00870,A02758,E:\软件\mineru_extracted\2025_2025年7月18日建设项目环境影响报告表受理公告（伦教）_2_mineru\full.md,料制品有限公司,佛山市顺德区鸡洲 料制品有限公司迁建项目,E:\软件\2023-2026年顺德批复文件\2021_关于佛山市昊腾达塑料制品有限公司新建项目环境影响报告表的批复.pdf,佛山市昊腾达塑料制品有限公司,佛山市昊腾达塑料制品有限公司新建项目,100.0,70.3,100.0,50.0,50.0,0.0,79.6,mismatch,project_type_not_found_in_approval
pair_05970,R00870,A03030,E:\软件\mineru_extracted\2025_2025年7月18日建设项目环境影响报告表受理公告（伦教）_2_mineru\full.md,料制品有限公司,佛山市顺德区鸡洲 料制品有限公司迁建项目,E:\软件\2023-2026年顺德批复文件\2022_佛环0309环审〔2022〕43号（涂依杰）.pdf,佛山市科诗龙塑料制品有限公司,佛山市 科诗龙塑料制品有限公司建设项目,100.0,70.3,100.0,50.0,50.0,0.0,79.6,mismatch,project_type_not_found_in_approval
pair_05971,R00870,A03389,E:\软件\mineru_extracted\2025_2025年7月18日建设项目环境影响报告表受理公告（伦教）_2_mineru\full.md,料制品有限公司,佛山市顺德区鸡洲 料制品有限公司迁建项目,E:\软件\2023-2026年顺德批复文件\2023_佛环03环审〔2023〕11号.pdf,佛山市宏楷盛塑料制品有限公司,佛山 市宏楷盛塑料制品有限公司新建项目建设项目,100.0,70.3,100.0,50.0,50.0,0.0,79.6,mismatch,project_type_not_found_in_approval
pair_05972,R00870,A03649,E:\软件\mineru_extracted\2025_2025年7月18日建设项目环境影响报告表受理公告（伦教）_2_mineru\full.md,料制品有限公司,佛山市顺德区鸡洲 料制品有限公司迁建项目,E:\软件\2023-2026年顺德批复文件\2024_佛山市生态环境局关于佛山市顺德区桂南路道路工程建设项目环境影响报告表的批复 (2).pdf,佛山市汇凯隆塑料制品有限公司,佛山市 汇凯隆塑料制品有限公司新建项目建设项目,100.0,70.3,100.0,50.0,50.0,0.0,79.6,mismatch,project_type_not_found_in_approval
pair_05973,R00870,A03984,E:\软件\mineru_extracted\2025_2025年7月18日建设项目环境影响报告表受理公告（伦教）_2_mineru\full.md,料制品有限公司,佛山市顺德区鸡洲 料制品有限公司迁建项目,E:\软件\2023-2026年顺德批复文件\2024_佛环03环审〔2024〕331号.pdf,佛山市文思达塑料制品有限公司,佛山 市文思达塑料制品有限公司新建项目建设项目,100.0,70.3,100.0,50.0,50.0,0.0,79.6,mismatch,project_type_not_found_in_approval
pair_05974,R00870,A04108,E:\软件\mineru_extracted\2025_2025年7月18日建设项目环境影响报告表受理公告（伦教）_2_mineru\full.md,料制品有限公司,佛山市顺德区鸡洲 料制品有限公司迁建项目,E:\软件\2023-2026年顺德批复文件\2024_佛环03环审〔2024〕80号.pdf,佛山市旭合泰塑料制品有限公司,佛山 市旭合泰塑料制品有限公司新建项目建设项目,100.0,70.3,100.0,50.0,50.0,0.0,79.6,mismatch,project_type_not_found_in_approval
pair_05975,R00461,A01062,E:\软件\mineru_extracted\2024_2024年1月3日建设项目环境影响报告书（表）受理公告（佛山市生态环境局顺德分局）_2_mineru\full.md,（佛有限公司,宠享科技 （佛有限公司新建项目,E:\软件\环评原始数据\顺德区批复\2023_佛环03环审〔2023〕150号.pdf,广东希塔变频技术有限公司,广东希 塔变频技术有限公司迁扩建项目建设项目,88.9,61.5,100.0,100.0,50.0,100.0,79.6,mismatch,company_not_strict_match;project_name_not_strict_match
pair_05976,R00461,A01497,E:\软件\mineru_extracted\2024_2024年1月3日建设项目环境影响报告书（表）受理公告（佛山市生态环境局顺德分局）_2_mineru\full.md,（佛有限公司,宠享科技 （佛有限公司新建项目,E:\软件\环评原始数据\顺德区批复\2024_佛环03环审〔2024〕194号.pdf,广东周扬科电器有限公司,广东周扬 科电器有限公司迁扩建项目建设项目,88.9,61.5,100.0,100.0,50.0,100.0,79.6,mismatch,company_not_strict_match;project_name_not_strict_match
pair_05977,R00461,A01946,E:\软件\mineru_extracted\2024_2024年1月3日建设项目环境影响报告书（表）受理公告（佛山市生态环境局顺德分局）_2_mineru\full.md,（佛有限公司,宠享科技 （佛有限公司新建项目,E:\软件\环评原始数据\顺德区批复\2025_佛环03环审〔2025〕144号佛山市生态环境局关于广东海协实业有限公司厂房八新建项目建设项目环境影响报告表的批复.pdf,广东海协实业有限公司,广 东海协实业有限公司厂房八新建项目建设项目,88.9,61.5,100.0,50.0,100.0,100.0,79.6,mismatch,company_not_strict_match;project_name_not_strict_match;project_type_not_found_in_approval
pair_05978,R00461,A02176,E:\软件\mineru_extracted\2024_2024年1月3日建设项目环境影响报告书（表）受理公告（佛山市生态环境局顺德分局）_2_mineru\full.md,（佛有限公司,宠享科技 （佛有限公司新建项目,E:\软件\环评原始数据\顺德区批复\2025_佛环03环审〔2025〕371号佛山市生态环境局关于广东桔子过滤技术有限公司迁扩建项目建设项目环境影响报告表的批复.pdf,广东桔子过滤技术有限公司,广东桔 子过滤技术有限公司迁扩建项目建设项目,88.9,61.5,100.0,100.0,50.0,100.0,79.6,mismatch,company_not_strict_match;project_name_not_strict_match
pair_05979,R00461,A03415,E:\软件\mineru_extracted\2024_2024年1月3日建设项目环境影响报告书（表）受理公告（佛山市生态环境局顺德分局）_2_mineru\full.md,（佛有限公司,宠享科技 （佛有限公司新建项目,E:\软件\2023-2026年顺德批复文件\2023_佛环03环审〔2023〕150号.pdf,广东希塔变频技术有限公司,广东希 塔变频技术有限公司迁扩建项目建设项目,88.9,61.5,100.0,100.0,50.0,100.0,79.6,mismatch,company_not_strict_match;project_name_not_strict_match
pair_05980,R00461,A03850,E:\软件\mineru_extracted\2024_2024年1月3日建设项目环境影响报告书（表）受理公告（佛山市生态环境局顺德分局）_2_mineru\full.md,（佛有限公司,宠享科技 （佛有限公司新建项目,E:\软件\2023-2026年顺德批复文件\2024_佛环03环审〔2024〕194号.pdf,广东周扬科电器有限公司,广东周扬 科电器有限公司迁扩建项目建设项目,88.9,61.5,100.0,100.0,50.0,100.0,79.6,mismatch,company_not_strict_match;project_name_not_strict_match
pair_05981,R00461,A04299,E:\软件\mineru_extracted\2024_2024年1月3日建设项目环境影响报告书（表）受理公告（佛山市生态环境局顺德分局）_2_mineru\full.md,（佛有限公司,宠享科技 （佛有限公司新建项目,E:\软件\2023-2026年顺德批复文件\2025_佛环03环审〔2025〕144号佛山市生态环境局关于广东海协实业有限公司厂房八新建项目建设项目环境影响报告表的批复.pdf,广东海协实业有限公司,广 东海协实业有限公司厂房八新建项目建设项目,88.9,61.5,100.0,50.0,100.0,100.0,79.6,mismatch,company_not_strict_match;project_name_not_strict_match;project_type_not_found_in_approval
pair_05982,R00461,A04529,E:\软件\mineru_extracted\2024_2024年1月3日建设项目环境影响报告书（表）受理公告（佛山市生态环境局顺德分局）_2_mineru\full.md,（佛有限公司,宠享科技 （佛有限公司新建项目,E:\软件\2023-2026年顺德批复文件\2025_佛环03环审〔2025〕371号佛山市生态环境局关于广东桔子过滤技术有限公司迁扩建项目建设项目环境影响报告表的批复.pdf,广东桔子过滤技术有限公司,广东桔 子过滤技术有限公司迁扩建项目建设项目,88.9,61.5,100.0,100.0,50.0,100.0,79.6,mismatch,company_not_strict_match;project_name_not_strict_match
pair_05983,R00068,A01956,E:\软件\mineru_extracted\2023_2023年12月4日建设项目环境影响报告书（表）受理公告（杏坛）_mineru\full.md,佛山市顺康荣新材料科技有限公司,佛山市顺康荣新材料科技有限公司新建项目,E:\软件\环评原始数据\顺德区批复\2025_佛环03环审〔2025〕154号.pdf,佛山赢海创新材料科技有限公司,佛山赢 海创新材料科技有限公司迁扩建项目建设项目,78.3,73.7,100.0,100.0,50.0,100.0,79.6,mismatch,company_not_strict_match
pair_05984,R00068,A04309,E:\软件\mineru_extracted\2023_2023年12月4日建设项目环境影响报告书（表）受理公告（杏坛）_mineru\full.md,佛山市顺康荣新材料科技有限公司,佛山市顺康荣新材料科技有限公司新建项目,E:\软件\2023-2026年顺德批复文件\2025_佛环03环审〔2025〕154号.pdf,佛山赢海创新材料科技有限公司,佛山赢 海创新材料科技有限公司迁扩建项目建设项目,78.3,73.7,100.0,100.0,50.0,100.0,79.6,mismatch,company_not_strict_match
pair_05985,R00337,A01424,E:\软件\mineru_extracted\2024_2024年10月23日建设项目环境影响报告书（表）受理公告（佛山市生态环境局顺德分局）_2_mineru\full.md,佛出市菲悦智能新材料科技有限公司,佛出市菲悦智能新材料科技有限公司新建项目,E:\软件\环评原始数据\顺德区批复\2024_佛环03环审〔2024〕115号.pdf,佛山赢海创新材料科技有限公司,佛山 赢海创新材料科技有限公司新建项目建设项目,78.3,73.7,100.0,50.0,100.0,100.0,79.6,mismatch,company_not_strict_match;project_type_not_found_in_approval
pair_05986,R00337,A03777,E:\软件\mineru_extracted\2024_2024年10月23日建设项目环境影响报告书（表）受理公告（佛山市生态环境局顺德分局）_2_mineru\full.md,佛出市菲悦智能新材料科技有限公司,佛出市菲悦智能新材料科技有限公司新建项目,E:\软件\2023-2026年顺德批复文件\2024_佛环03环审〔2024〕115号.pdf,佛山赢海创新材料科技有限公司,佛山 赢海创新材料科技有限公司新建项目建设项目,78.3,73.7,100.0,50.0,100.0,100.0,79.6,mismatch,company_not_strict_match;project_type_not_found_in_approval
pair_05987,R00449,A01956,E:\软件\mineru_extracted\2024_2024年1月18日建设项目环境影响报告书（表）受理公告（杏坛）_mineru\full.md,佛山市塑德顺新材料科技有限公司,佛山市塑德顺新材料科技有限公司新建项目,E:\软件\环评原始数据\顺德区批复\2025_佛环03环审〔2025〕154号.pdf,佛山赢海创新材料科技有限公司,佛山赢 海创新材料科技有限公司迁扩建项目建设项目,78.3,73.7,100.0,100.0,50.0,100.0,79.6,mismatch,company_not_strict_match
pair_05988,R00449,A04309,E:\软件\mineru_extracted\2024_2024年1月18日建设项目环境影响报告书（表）受理公告（杏坛）_mineru\full.md,佛山市塑德顺新材料科技有限公司,佛山市塑德顺新材料科技有限公司新建项目,E:\软件\2023-2026年顺德批复文件\2025_佛环03环审〔2025〕154号.pdf,佛山赢海创新材料科技有限公司,佛山赢 海创新材料科技有限公司迁扩建项目建设项目,78.3,73.7,100.0,100.0,50.0,100.0,79.6,mismatch,company_not_strict_match
pair_05989,R00930,A01956,E:\软件\mineru_extracted\2026_2026年3月30日建设项目环境影响报告书（表）受理公告（北滘）_mineru\full.md,佛山市嘉吴阳新材料科技有限公司,佛山市嘉吴阳新材料科技有限公司新建项目,E:\软件\环评原始数据\顺德区批复\2025_佛环03环审〔2025〕154号.pdf,佛山赢海创新材料科技有限公司,佛山赢 海创新材料科技有限公司迁扩建项目建设项目,78.3,73.7,100.0,100.0,50.0,100.0,79.6,mismatch,company_not_strict_match
pair_05990,R00930,A04309,E:\软件\mineru_extracted\2026_2026年3月30日建设项目环境影响报告书（表）受理公告（北滘）_mineru\full.md,佛山市嘉吴阳新材料科技有限公司,佛山市嘉吴阳新材料科技有限公司新建项目,E:\软件\2023-2026年顺德批复文件\2025_佛环03环审〔2025〕154号.pdf,佛山赢海创新材料科技有限公司,佛山赢 海创新材料科技有限公司迁扩建项目建设项目,78.3,73.7,100.0,100.0,50.0,100.0,79.6,mismatch,company_not_strict_match
pair_05991,R00057,A01060,E:\软件\mineru_extracted\2023_2023年12月21日项目环境影响报告受理公告（勒流）_mineru\full.md,佛山市圣丝宝新材料有限公司,佛山市圣丝宝新材料有限公司新建项目,E:\软件\环评原始数据\顺德区批复\2023_佛环03环审〔2023〕149号.pdf,佛山市小稻田新材料有限公司,佛山 市小稻田新材料有限公司新建项目建设项目,76.9,82.4,100.0,50.0,50.0,100.0,79.6,mismatch,company_not_strict_match;project_type_not_found_in_approval
pair_05992,R00057,A01218,E:\软件\mineru_extracted\2023_2023年12月21日项目环境影响报告受理公告（勒流）_mineru\full.md,佛山市圣丝宝新材料有限公司,佛山市圣丝宝新材料有限公司新建项目,E:\软件\环评原始数据\顺德区批复\2023_承诺制公示佛山市生态环境局关于佛山市铜鑫萱新材料有限公司新建项目环境影响报告表的批复.pdf,佛山市铜鑫萱新材料有限公司,佛山市 铜鑫萱新材料有限公司新建项目,76.9,82.4,100.0,50.0,50.0,100.0,79.6,mismatch,company_not_strict_match;project_type_not_found_in_approval
pair_05993,R00057,A01286,E:\软件\mineru_extracted\2023_2023年12月21日项目环境影响报告受理公告（勒流）_mineru\full.md,佛山市圣丝宝新材料有限公司,佛山市圣丝宝新材料有限公司新建项目,E:\软件\环评原始数据\顺德区批复\2024_佛山市生态环境局关于佛山市顺德区北滘镇实验中学新建项目环境影响报告表的批复.pdf,佛山市联诺达新材料有限公司,佛 山市联诺达新材料有限公司新建项目,76.9,82.4,100.0,50.0,50.0,100.0,79.6,mismatch,company_not_strict_match;project_type_not_found_in_approval
pair_05994,R00057,A01511,E:\软件\mineru_extracted\2023_2023年12月21日项目环境影响报告受理公告（勒流）_mineru\full.md,佛山市圣丝宝新材料有限公司,佛山市圣丝宝新材料有限公司新建项目,E:\软件\环评原始数据\顺德区批复\2024_佛环03环审〔2024〕20号.pdf,佛山市恒铂锐新材料有限公司,佛 山市恒铂锐新材料有限公司新建项目建设项目,76.9,82.4,100.0,50.0,50.0,100.0,79.6,mismatch,company_not_strict_match;project_type_not_found_in_approval
pair_05995,R00057,A01839,E:\软件\mineru_extracted\2023_2023年12月21日项目环境影响报告受理公告（勒流）_mineru\full.md,佛山市圣丝宝新材料有限公司,佛山市圣丝宝新材料有限公司新建项目,E:\软件\环评原始数据\顺德区批复\2025_佛山市生态环境局关于佛山市顺德区尧航五金塑料实业有限公司建设项目环境影响报告表的批复（无章）.pdf,佛山市圣鹏包装材料有限公司,佛山市圣 鹏包装材料有限公司新建项目,76.9,82.4,100.0,50.0,50.0,100.0,79.6,mismatch,company_not_strict_match;project_type_not_found_in_approval
pair_05996,R00057,A01842,E:\软件\mineru_extracted\2023_2023年12月21日项目环境影响报告受理公告（勒流）_mineru\full.md,佛山市圣丝宝新材料有限公司,佛山市圣丝宝新材料有限公司新建项目,E:\软件\环评原始数据\顺德区批复\2025_佛山市生态环境局关于佛山市顺德区泰启来塑料模具厂新建项目建设项目环境影响报告表的批复.pdf,佛山市卡洛福新材料有限公司,佛山市 卡洛福新材料有限公司新建项目建设项目,76.9,82.4,100.0,50.0,50.0,100.0,79.6,mismatch,company_not_strict_match;project_type_not_found_in_approval
pair_05997,R00057,A01929,E:\软件\mineru_extracted\2023_2023年12月21日项目环境影响报告受理公告（勒流）_mineru\full.md,佛山市圣丝宝新材料有限公司,佛山市圣丝宝新材料有限公司新建项目,E:\软件\环评原始数据\顺德区批复\2025_佛环03环审〔2025〕127号.pdf,佛山市三氟莱新材料有限公司,佛山 市三氟莱新材料有限公司新建项目建设项目,76.9,82.4,100.0,50.0,50.0,100.0,79.6,mismatch,company_not_strict_match;project_type_not_found_in_approval
pair_05998,R00057,A02154,E:\软件\mineru_extracted\2023_2023年12月21日项目环境影响报告受理公告（勒流）_mineru\full.md,佛山市圣丝宝新材料有限公司,佛山市圣丝宝新材料有限公司新建项目,E:\软件\环评原始数据\顺德区批复\2025_佛环03环审〔2025〕34号.pdf,佛山市辰泰威新材料有限公司,佛山市辰 泰威新材料有限公司新建项目建设项目,76.9,82.4,100.0,50.0,50.0,100.0,79.6,mismatch,company_not_strict_match;project_type_not_found_in_approval
pair_05999,R00057,A02332,E:\软件\mineru_extracted\2023_2023年12月21日项目环境影响报告受理公告（勒流）_mineru\full.md,佛山市圣丝宝新材料有限公司,佛山市圣丝宝新材料有限公司新建项目,E:\软件\环评原始数据\顺德区批复\2026_佛环03环审〔2026〕132号佛山市生态环境局关于佛山市聚和成新材料有限公司新建项目建设项目环境影响报告表的批复.pdf,佛山市聚和成新材料有限公司,佛山市聚 和成新材料有限公司新建项目建设项目,76.9,82.4,100.0,50.0,50.0,100.0,79.6,mismatch,company_not_strict_match;project_type_not_found_in_approval
pair_06000,R00057,A03413,E:\软件\mineru_extracted\2023_2023年12月21日项目环境影响报告受理公告（勒流）_mineru\full.md,佛山市圣丝宝新材料有限公司,佛山市圣丝宝新材料有限公司新建项目,E:\软件\2023-2026年顺德批复文件\2023_佛环03环审〔2023〕149号.pdf,佛山市小稻田新材料有限公司,佛山 市小稻田新材料有限公司新建项目建设项目,76.9,82.4,100.0,50.0,50.0,100.0,79.6,mismatch,company_not_strict_match;project_type_not_found_in_approval
pair_06001,R00057,A03571,E:\软件\mineru_extracted\2023_2023年12月21日项目环境影响报告受理公告（勒流）_mineru\full.md,佛山市圣丝宝新材料有限公司,佛山市圣丝宝新材料有限公司新建项目,E:\软件\2023-2026年顺德批复文件\2023_承诺制公示佛山市生态环境局关于佛山市铜鑫萱新材料有限公司新建项目环境影响报告表的批复.pdf,佛山市铜鑫萱新材料有限公司,佛山市 铜鑫萱新材料有限公司新建项目,76.9,82.4,100.0,50.0,50.0,100.0,79.6,mismatch,company_not_strict_match;project_type_not_found_in_approval
pair_06002,R00057,A03639,E:\软件\mineru_extracted\2023_2023年12月21日项目环境影响报告受理公告（勒流）_mineru\full.md,佛山市圣丝宝新材料有限公司,佛山市圣丝宝新材料有限公司新建项目,E:\软件\2023-2026年顺德批复文件\2024_佛山市生态环境局关于佛山市顺德区北滘镇实验中学新建项目环境影响报告表的批复.pdf,佛山市联诺达新材料有限公司,佛 山市联诺达新材料有限公司新建项目,76.9,82.4,100.0,50.0,50.0,100.0,79.6,mismatch,company_not_strict_match;project_type_not_found_in_approval
pair_06003,R00057,A03864,E:\软件\mineru_extracted\2023_2023年12月21日项目环境影响报告受理公告（勒流）_mineru\full.md,佛山市圣丝宝新材料有限公司,佛山市圣丝宝新材料有限公司新建项目,E:\软件\2023-2026年顺德批复文件\2024_佛环03环审〔2024〕20号.pdf,佛山市恒铂锐新材料有限公司,佛 山市恒铂锐新材料有限公司新建项目建设项目,76.9,82.4,100.0,50.0,50.0,100.0,79.6,mismatch,company_not_strict_match;project_type_not_found_in_approval
pair_06004,R00057,A04192,E:\软件\mineru_extracted\2023_2023年12月21日项目环境影响报告受理公告（勒流）_mineru\full.md,佛山市圣丝宝新材料有限公司,佛山市圣丝宝新材料有限公司新建项目,E:\软件\2023-2026年顺德批复文件\2025_佛山市生态环境局关于佛山市顺德区尧航五金塑料实业有限公司建设项目环境影响报告表的批复（无章）.pdf,佛山市圣鹏包装材料有限公司,佛山市圣 鹏包装材料有限公司新建项目,76.9,82.4,100.0,50.0,50.0,100.0,79.6,mismatch,company_not_strict_match;project_type_not_found_in_approval
pair_06005,R00057,A04195,E:\软件\mineru_extracted\2023_2023年12月21日项目环境影响报告受理公告（勒流）_mineru\full.md,佛山市圣丝宝新材料有限公司,佛山市圣丝宝新材料有限公司新建项目,E:\软件\2023-2026年顺德批复文件\2025_佛山市生态环境局关于佛山市顺德区泰启来塑料模具厂新建项目建设项目环境影响报告表的批复.pdf,佛山市卡洛福新材料有限公司,佛山市 卡洛福新材料有限公司新建项目建设项目,76.9,82.4,100.0,50.0,50.0,100.0,79.6,mismatch,company_not_strict_match;project_type_not_found_in_approval
pair_06006,R00057,A04282,E:\软件\mineru_extracted\2023_2023年12月21日项目环境影响报告受理公告（勒流）_mineru\full.md,佛山市圣丝宝新材料有限公司,佛山市圣丝宝新材料有限公司新建项目,E:\软件\2023-2026年顺德批复文件\2025_佛环03环审〔2025〕127号.pdf,佛山市三氟莱新材料有限公司,佛山 市三氟莱新材料有限公司新建项目建设项目,76.9,82.4,100.0,50.0,50.0,100.0,79.6,mismatch,company_not_strict_match;project_type_not_found_in_approval
pair_06007,R00057,A04507,E:\软件\mineru_extracted\2023_2023年12月21日项目环境影响报告受理公告（勒流）_mineru\full.md,佛山市圣丝宝新材料有限公司,佛山市圣丝宝新材料有限公司新建项目,E:\软件\2023-2026年顺德批复文件\2025_佛环03环审〔2025〕34号.pdf,佛山市辰泰威新材料有限公司,佛山市辰 泰威新材料有限公司新建项目建设项目,76.9,82.4,100.0,50.0,50.0,100.0,79.6,mismatch,company_not_strict_match;project_type_not_found_in_approval
pair_06008,R00057,A04685,E:\软件\mineru_extracted\2023_2023年12月21日项目环境影响报告受理公告（勒流）_mineru\full.md,佛山市圣丝宝新材料有限公司,佛山市圣丝宝新材料有限公司新建项目,E:\软件\2023-2026年顺德批复文件\2026_佛环03环审〔2026〕132号佛山市生态环境局关于佛山市聚和成新材料有限公司新建项目建设项目环境影响报告表的批复.pdf,佛山市聚和成新材料有限公司,佛山市聚 和成新材料有限公司新建项目建设项目,76.9,82.4,100.0,50.0,50.0,100.0,79.6,mismatch,company_not_strict_match;project_type_not_found_in_approval
pair_06009,R00100,A01060,E:\软件\mineru_extracted\2023_2023年2月16日建设项目环境影响报告受理公告（大良）_mineru\full.md,佛山市中科兴新材料有限公司,佛山市中科兴新材料有限公司新建项目,E:\软件\环评原始数据\顺德区批复\2023_佛环03环审〔2023〕149号.pdf,佛山市小稻田新材料有限公司,佛山 市小稻田新材料有限公司新建项目建设项目,76.9,82.4,100.0,50.0,50.0,100.0,79.6,mismatch,company_not_strict_match;project_type_not_found_in_approval
pair_06010,R00100,A01218,E:\软件\mineru_extracted\2023_2023年2月16日建设项目环境影响报告受理公告（大良）_mineru\full.md,佛山市中科兴新材料有限公司,佛山市中科兴新材料有限公司新建项目,E:\软件\环评原始数据\顺德区批复\2023_承诺制公示佛山市生态环境局关于佛山市铜鑫萱新材料有限公司新建项目环境影响报告表的批复.pdf,佛山市铜鑫萱新材料有限公司,佛山市 铜鑫萱新材料有限公司新建项目,76.9,82.4,100.0,50.0,50.0,100.0,79.6,mismatch,company_not_strict_match;project_type_not_found_in_approval
pair_06011,R00100,A01286,E:\软件\mineru_extracted\2023_2023年2月16日建设项目环境影响报告受理公告（大良）_mineru\full.md,佛山市中科兴新材料有限公司,佛山市中科兴新材料有限公司新建项目,E:\软件\环评原始数据\顺德区批复\2024_佛山市生态环境局关于佛山市顺德区北滘镇实验中学新建项目环境影响报告表的批复.pdf,佛山市联诺达新材料有限公司,佛 山市联诺达新材料有限公司新建项目,76.9,82.4,100.0,50.0,50.0,100.0,79.6,mismatch,company_not_strict_match;project_type_not_found_in_approval
pair_06012,R00100,A01511,E:\软件\mineru_extracted\2023_2023年2月16日建设项目环境影响报告受理公告（大良）_mineru\full.md,佛山市中科兴新材料有限公司,佛山市中科兴新材料有限公司新建项目,E:\软件\环评原始数据\顺德区批复\2024_佛环03环审〔2024〕20号.pdf,佛山市恒铂锐新材料有限公司,佛 山市恒铂锐新材料有限公司新建项目建设项目,76.9,82.4,100.0,50.0,50.0,100.0,79.6,mismatch,company_not_strict_match;project_type_not_found_in_approval
pair_06013,R00100,A01736,E:\软件\mineru_extracted\2023_2023年2月16日建设项目环境影响报告受理公告（大良）_mineru\full.md,佛山市中科兴新材料有限公司,佛山市中科兴新材料有限公司新建项目,E:\软件\环评原始数据\顺德区批复\2024_佛环03环审〔2024〕5号佛山市生态环境局关于佛山市倍司塔新材料有限公司新建项目建设项目环境影响报告表的批复.pdf,佛山市倍司塔新材料有限公司,佛 山市倍司塔新材料有限公司新建项目建设项目,76.9,82.4,100.0,50.0,50.0,100.0,79.6,mismatch,company_not_strict_match;project_type_not_found_in_approval
pair_06014,R00100,A01842,E:\软件\mineru_extracted\2023_2023年2月16日建设项目环境影响报告受理公告（大良）_mineru\full.md,佛山市中科兴新材料有限公司,佛山市中科兴新材料有限公司新建项目,E:\软件\环评原始数据\顺德区批复\2025_佛山市生态环境局关于佛山市顺德区泰启来塑料模具厂新建项目建设项目环境影响报告表的批复.pdf,佛山市卡洛福新材料有限公司,佛山市 卡洛福新材料有限公司新建项目建设项目,76.9,82.4,100.0,50.0,50.0,100.0,79.6,mismatch,company_not_strict_match;project_type_not_found_in_approval
pair_06015,R00100,A01929,E:\软件\mineru_extracted\2023_2023年2月16日建设项目环境影响报告受理公告（大良）_mineru\full.md,佛山市中科兴新材料有限公司,佛山市中科兴新材料有限公司新建项目,E:\软件\环评原始数据\顺德区批复\2025_佛环03环审〔2025〕127号.pdf,佛山市三氟莱新材料有限公司,佛山 市三氟莱新材料有限公司新建项目建设项目,76.9,82.4,100.0,50.0,50.0,100.0,79.6,mismatch,company_not_strict_match;project_type_not_found_in_approval
pair_06016,R00100,A02085,E:\软件\mineru_extracted\2023_2023年2月16日建设项目环境影响报告受理公告（大良）_mineru\full.md,佛山市中科兴新材料有限公司,佛山市中科兴新材料有限公司新建项目,E:\软件\环评原始数据\顺德区批复\2025_佛环03环审〔2025〕282号佛山市生态环境局关于佛山市美捷远新材料有限公司新建项目建设项目环境影响报告表的批复.pdf,佛山市美捷远新材料有限公司,佛山 市美捷远新材料有限公司新建项目建设项目,76.9,82.4,100.0,50.0,50.0,100.0,79.6,mismatch,company_not_strict_match;project_type_not_found_in_approval
pair_06017,R00100,A02332,E:\软件\mineru_extracted\2023_2023年2月16日建设项目环境影响报告受理公告（大良）_mineru\full.md,佛山市中科兴新材料有限公司,佛山市中科兴新材料有限公司新建项目,E:\软件\环评原始数据\顺德区批复\2026_佛环03环审〔2026〕132号佛山市生态环境局关于佛山市聚和成新材料有限公司新建项目建设项目环境影响报告表的批复.pdf,佛山市聚和成新材料有限公司,佛山市聚 和成新材料有限公司新建项目建设项目,76.9,82.4,100.0,50.0,50.0,100.0,79.6,mismatch,company_not_strict_match;project_type_not_found_in_approval
pair_06018,R00100,A03413,E:\软件\mineru_extracted\2023_2023年2月16日建设项目环境影响报告受理公告（大良）_mineru\full.md,佛山市中科兴新材料有限公司,佛山市中科兴新材料有限公司新建项目,E:\软件\2023-2026年顺德批复文件\2023_佛环03环审〔2023〕149号.pdf,佛山市小稻田新材料有限公司,佛山 市小稻田新材料有限公司新建项目建设项目,76.9,82.4,100.0,50.0,50.0,100.0,79.6,mismatch,company_not_strict_match;project_type_not_found_in_approval
pair_06019,R00100,A03571,E:\软件\mineru_extracted\2023_2023年2月16日建设项目环境影响报告受理公告（大良）_mineru\full.md,佛山市中科兴新材料有限公司,佛山市中科兴新材料有限公司新建项目,E:\软件\2023-2026年顺德批复文件\2023_承诺制公示佛山市生态环境局关于佛山市铜鑫萱新材料有限公司新建项目环境影响报告表的批复.pdf,佛山市铜鑫萱新材料有限公司,佛山市 铜鑫萱新材料有限公司新建项目,76.9,82.4,100.0,50.0,50.0,100.0,79.6,mismatch,company_not_strict_match;project_type_not_found_in_approval
pair_06020,R00100,A03639,E:\软件\mineru_extracted\2023_2023年2月16日建设项目环境影响报告受理公告（大良）_mineru\full.md,佛山市中科兴新材料有限公司,佛山市中科兴新材料有限公司新建项目,E:\软件\2023-2026年顺德批复文件\2024_佛山市生态环境局关于佛山市顺德区北滘镇实验中学新建项目环境影响报告表的批复.pdf,佛山市联诺达新材料有限公司,佛 山市联诺达新材料有限公司新建项目,76.9,82.4,100.0,50.0,50.0,100.0,79.6,mismatch,company_not_strict_match;project_type_not_found_in_approval
pair_06021,R00100,A03864,E:\软件\mineru_extracted\2023_2023年2月16日建设项目环境影响报告受理公告（大良）_mineru\full.md,佛山市中科兴新材料有限公司,佛山市中科兴新材料有限公司新建项目,E:\软件\2023-2026年顺德批复文件\2024_佛环03环审〔2024〕20号.pdf,佛山市恒铂锐新材料有限公司,佛 山市恒铂锐新材料有限公司新建项目建设项目,76.9,82.4,100.0,50.0,50.0,100.0,79.6,mismatch,company_not_strict_match;project_type_not_found_in_approval
pair_06022,R00100,A04089,E:\软件\mineru_extracted\2023_2023年2月16日建设项目环境影响报告受理公告（大良）_mineru\full.md,佛山市中科兴新材料有限公司,佛山市中科兴新材料有限公司新建项目,E:\软件\2023-2026年顺德批复文件\2024_佛环03环审〔2024〕5号佛山市生态环境局关于佛山市倍司塔新材料有限公司新建项目建设项目环境影响报告表的批复.pdf,佛山市倍司塔新材料有限公司,佛 山市倍司塔新材料有限公司新建项目建设项目,76.9,82.4,100.0,50.0,50.0,100.0,79.6,mismatch,company_not_strict_match;project_type_not_found_in_approval
pair_06023,R00100,A04195,E:\软件\mineru_extracted\2023_2023年2月16日建设项目环境影响报告受理公告（大良）_mineru\full.md,佛山市中科兴新材料有限公司,佛山市中科兴新材料有限公司新建项目,E:\软件\2023-2026年顺德批复文件\2025_佛山市生态环境局关于佛山市顺德区泰启来塑料模具厂新建项目建设项目环境影响报告表的批复.pdf,佛山市卡洛福新材料有限公司,佛山市 卡洛福新材料有限公司新建项目建设项目,76.9,82.4,100.0,50.0,50.0,100.0,79.6,mismatch,company_not_strict_match;project_type_not_found_in_approval
pair_06024,R00100,A04282,E:\软件\mineru_extracted\2023_2023年2月16日建设项目环境影响报告受理公告（大良）_mineru\full.md,佛山市中科兴新材料有限公司,佛山市中科兴新材料有限公司新建项目,E:\软件\2023-2026年顺德批复文件\2025_佛环03环审〔2025〕127号.pdf,佛山市三氟莱新材料有限公司,佛山 市三氟莱新材料有限公司新建项目建设项目,76.9,82.4,100.0,50.0,50.0,100.0,79.6,mismatch,company_not_strict_match;project_type_not_found_in_approval
pair_06025,R00100,A04438,E:\软件\mineru_extracted\2023_2023年2月16日建设项目环境影响报告受理公告（大良）_mineru\full.md,佛山市中科兴新材料有限公司,佛山市中科兴新材料有限公司新建项目,E:\软件\2023-2026年顺德批复文件\2025_佛环03环审〔2025〕282号佛山市生态环境局关于佛山市美捷远新材料有限公司新建项目建设项目环境影响报告表的批复.pdf,佛山市美捷远新材料有限公司,佛山 市美捷远新材料有限公司新建项目建设项目,76.9,82.4,100.0,50.0,50.0,100.0,79.6,mismatch,company_not_strict_match;project_type_not_found_in_approval
pair_06026,R00100,A04685,E:\软件\mineru_extracted\2023_2023年2月16日建设项目环境影响报告受理公告（大良）_mineru\full.md,佛山市中科兴新材料有限公司,佛山市中科兴新材料有限公司新建项目,E:\软件\2023-2026年顺德批复文件\2026_佛环03环审〔2026〕132号佛山市生态环境局关于佛山市聚和成新材料有限公司新建项目建设项目环境影响报告表的批复.pdf,佛山市聚和成新材料有限公司,佛山市聚 和成新材料有限公司新建项目建设项目,76.9,82.4,100.0,50.0,50.0,100.0,79.6,mismatch,company_not_strict_match;project_type_not_found_in_approval
pair_06027,R00107,A02011,E:\软件\mineru_extracted\2023_2023年2月21日建设项目环境影响报告受理公告（大良）_3_mineru\full.md,佛山市泰欣智慧电子科技有限公司,佛山市泰欣智慧电子科技有限公司新建项目,E:\软件\环评原始数据\顺德区批复\2025_佛环03环审〔2025〕208号佛山市生态环境局关于佛山市华欣电子有限公司新建项目建设项目环境影响报告表的批复.pdf,佛山市华欣电子有限公司,佛山 市华欣电子有限公司新建项目建设项目,76.9,82.4,100.0,50.0,50.0,100.0,79.6,mismatch,company_not_strict_match;project_type_not_found_in_approval
pair_06028,R00107,A04364,E:\软件\mineru_extracted\2023_2023年2月21日建设项目环境影响报告受理公告（大良）_3_mineru\full.md,佛山市泰欣智慧电子科技有限公司,佛山市泰欣智慧电子科技有限公司新建项目,E:\软件\2023-2026年顺德批复文件\2025_佛环03环审〔2025〕208号佛山市生态环境局关于佛山市华欣电子有限公司新建项目建设项目环境影响报告表的批复.pdf,佛山市华欣电子有限公司,佛山 市华欣电子有限公司新建项目建设项目,76.9,82.4,100.0,50.0,50.0,100.0,79.6,mismatch,company_not_strict_match;project_type_not_found_in_approval
pair_06029,R00134,A01371,E:\软件\mineru_extracted\2023_2023年3月23日建设项目环境影响报告书（表）受理公告（北滘）_2_mineru\full.md,佛山金澳包装新材料有限公司,佛山金澳包装新材料有限公司新建项目,E:\软件\环评原始数据\顺德区批复\2024_佛环0305环审〔2024〕7号【佛山市生态环境局关于佛山市建青包装材料有限公司新建项目建设项目环境影响报告表的批复】（公示）.pdf,佛山市建青包装材料有限公司,佛山市建 青包装材料有限公司新建项目建设项目,76.9,82.4,100.0,50.0,50.0,100.0,79.6,mismatch,company_not_strict_match;project_type_not_found_in_approval
pair_06030,R00134,A01714,E:\软件\mineru_extracted\2023_2023年3月23日建设项目环境影响报告书（表）受理公告（北滘）_2_mineru\full.md,佛山金澳包装新材料有限公司,佛山金澳包装新材料有限公司新建项目,E:\软件\环评原始数据\顺德区批复\2024_佛环03环审〔2024〕415号.pdf,佛山市昇汇包装材料有限公司,佛山 市昇汇包装材料有限公司新建项目建设项目,76.9,82.4,100.0,50.0,50.0,100.0,79.6,mismatch,company_not_strict_match;project_type_not_found_in_approval
pair_06031,R00134,A02099,E:\软件\mineru_extracted\2023_2023年3月23日建设项目环境影响报告书（表）受理公告（北滘）_2_mineru\full.md,佛山金澳包装新材料有限公司,佛山金澳包装新材料有限公司新建项目,E:\软件\环评原始数据\顺德区批复\2025_佛环03环审〔2025〕296号佛山市生态环境局关于佛山市达冠包装材料有限公司新建项目建设项目环境影响报告表的批复.pdf,佛山市达冠包装材料有限公司,佛山 市达冠包装材料有限公司新建项目建设项目,76.9,82.4,100.0,50.0,50.0,100.0,79.6,mismatch,company_not_strict_match;project_type_not_found_in_approval
pair_06032,R00134,A03724,E:\软件\mineru_extracted\2023_2023年3月23日建设项目环境影响报告书（表）受理公告（北滘）_2_mineru\full.md,佛山金澳包装新材料有限公司,佛山金澳包装新材料有限公司新建项目,E:\软件\2023-2026年顺德批复文件\2024_佛环0305环审〔2024〕7号【佛山市生态环境局关于佛山市建青包装材料有限公司新建项目建设项目环境影响报告表的批复】（公示）.pdf,佛山市建青包装材料有限公司,佛山市建 青包装材料有限公司新建项目建设项目,76.9,82.4,100.0,50.0,50.0,100.0,79.6,mismatch,company_not_strict_match;project_type_not_found_in_approval
pair_06033,R00134,A04067,E:\软件\mineru_extracted\2023_2023年3月23日建设项目环境影响报告书（表）受理公告（北滘）_2_mineru\full.md,佛山金澳包装新材料有限公司,佛山金澳包装新材料有限公司新建项目,E:\软件\2023-2026年顺德批复文件\2024_佛环03环审〔2024〕415号.pdf,佛山市昇汇包装材料有限公司,佛山 市昇汇包装材料有限公司新建项目建设项目,76.9,82.4,100.0,50.0,50.0,100.0,79.6,mismatch,company_not_strict_match;project_type_not_found_in_approval
pair_06034,R00134,A04452,E:\软件\mineru_extracted\2023_2023年3月23日建设项目环境影响报告书（表）受理公告（北滘）_2_mineru\full.md,佛山金澳包装新材料有限公司,佛山金澳包装新材料有限公司新建项目,E:\软件\2023-2026年顺德批复文件\2025_佛环03环审〔2025〕296号佛山市生态环境局关于佛山市达冠包装材料有限公司新建项目建设项目环境影响报告表的批复.pdf,佛山市达冠包装材料有限公司,佛山 市达冠包装材料有限公司新建项目建设项目,76.9,82.4,100.0,50.0,50.0,100.0,79.6,mismatch,company_not_strict_match;project_type_not_found_in_approval
pair_06035,R00157,A02075,E:\软件\mineru_extracted\2023_2023年4月10日建设项目环境影响报告书（表）受理公告（龙江）_mineru\full.md,佛山市恒发家具科技有限公司,佛山市恒发家具科技有限公司新建项目,E:\软件\环评原始数据\顺德区批复\2025_佛环03环审〔2025〕269号佛山市生态环境局关于佛山市鼎卓模具科技有限公司新建项目建设项目环境影响报告表的批复.pdf,佛山市鼎卓模具科技有限公司,佛山市 鼎卓模具科技有限公司新建项目建设项目,76.9,82.4,100.0,50.0,50.0,100.0,79.6,mismatch,company_not_strict_match;project_type_not_found_in_approval
pair_06036,R00157,A04428,E:\软件\mineru_extracted\2023_2023年4月10日建设项目环境影响报告书（表）受理公告（龙江）_mineru\full.md,佛山市恒发家具科技有限公司,佛山市恒发家具科技有限公司新建项目,E:\软件\2023-2026年顺德批复文件\2025_佛环03环审〔2025〕269号佛山市生态环境局关于佛山市鼎卓模具科技有限公司新建项目建设项目环境影响报告表的批复.pdf,佛山市鼎卓模具科技有限公司,佛山市 鼎卓模具科技有限公司新建项目建设项目,76.9,82.4,100.0,50.0,50.0,100.0,79.6,mismatch,company_not_strict_match;project_type_not_found_in_approval
pair_06037,R00172,A01682,E:\软件\mineru_extracted\2023_2023年4月23日建设项目环境影响报告受理公告（乐从）_mineru\full.md,佛山市顺德浚料制品有限公司,佛山市顺德浚料制品有限公司建设项目建设单位（盖章）：佛顺德塑料制品有限公司编制日期： 2022年12月,E:\软件\环评原始数据\顺德区批复\2024_佛环03环审〔2024〕384号.pdf,佛山市长贝塑料制品有限公司,佛山市长贝塑料制品有限公司建设项目,76.9,82.4,100.0,50.0,50.0,100.0,79.6,mismatch,company_not_strict_match;project_type_not_found_in_approval
pair_06038,R00172,A04035,E:\软件\mineru_extracted\2023_2023年4月23日建设项目环境影响报告受理公告（乐从）_mineru\full.md,佛山市顺德浚料制品有限公司,佛山市顺德浚料制品有限公司建设项目建设单位（盖章）：佛顺德塑料制品有限公司编制日期： 2022年12月,E:\软件\2023-2026年顺德批复文件\2024_佛环03环审〔2024〕384号.pdf,佛山市长贝塑料制品有限公司,佛山市长贝塑料制品有限公司建设项目,76.9,82.4,100.0,50.0,50.0,100.0,79.6,mismatch,company_not_strict_match;project_type_not_found_in_approval
pair_06039,R00221,A01682,E:\软件\mineru_extracted\2023_2023年6月5日建设项目环境影响报告书（表）受理公告（乐从）_mineru\full.md,佛山市顺德浚料制品有限公司,佛山市顺德浚料制品有限公司建设项目建设单位（盖章）：佛顺德塑料制品有限公司编制日期： 2022年12月,E:\软件\环评原始数据\顺德区批复\2024_佛环03环审〔2024〕384号.pdf,佛山市长贝塑料制品有限公司,佛山市长贝塑料制品有限公司建设项目,76.9,82.4,100.0,50.0,50.0,100.0,79.6,mismatch,company_not_strict_match;project_type_not_found_in_approval
pair_06040,R00221,A04035,E:\软件\mineru_extracted\2023_2023年6月5日建设项目环境影响报告书（表）受理公告（乐从）_mineru\full.md,佛山市顺德浚料制品有限公司,佛山市顺德浚料制品有限公司建设项目建设单位（盖章）：佛顺德塑料制品有限公司编制日期： 2022年12月,E:\软件\2023-2026年顺德批复文件\2024_佛环03环审〔2024〕384号.pdf,佛山市长贝塑料制品有限公司,佛山市长贝塑料制品有限公司建设项目,76.9,82.4,100.0,50.0,50.0,100.0,79.6,mismatch,company_not_strict_match;project_type_not_found_in_approval
pair_06041,R00273,A01821,E:\软件\mineru_extracted\2023_2023年8月21日建设项目环境影响报告书（表）受理公告（北滘）_3_mineru\full.md,佛山市康承亿电器科技有限公司,佛山市康承亿电器科技有限公司新建项目,E:\软件\环评原始数据\顺德区批复\2025_佛山市生态环境局关于佛山市焕亿旺科技有限公司新建项目建设项目环境影响报告表的批复.pdf,佛山市焕亿旺科技有限公司,佛 山市焕亿旺科技有限公司新建项目建设项目,76.9,82.4,100.0,50.0,50.0,100.0,79.6,mismatch,company_not_strict_match;project_type_not_found_in_approval
pair_06042,R00273,A04174,E:\软件\mineru_extracted\2023_2023年8月21日建设项目环境影响报告书（表）受理公告（北滘）_3_mineru\full.md,佛山市康承亿电器科技有限公司,佛山市康承亿电器科技有限公司新建项目,E:\软件\2023-2026年顺德批复文件\2025_佛山市生态环境局关于佛山市焕亿旺科技有限公司新建项目建设项目环境影响报告表的批复.pdf,佛山市焕亿旺科技有限公司,佛 山市焕亿旺科技有限公司新建项目建设项目,76.9,82.4,100.0,50.0,50.0,100.0,79.6,mismatch,company_not_strict_match;project_type_not_found_in_approval
pair_06043,R00434,A01506,E:\软件\mineru_extracted\2024_2024年12月30日建设项目环境影响报告受理公告（大良）_mineru\full.md,佛山市顺德区电器有限公司,佛山市顺德区电器有限公司新建项目,E:\软件\环评原始数据\顺德区批复\2024_佛环03环审〔2024〕201号.pdf,佛山市顺德区品睡海绵有限公司,佛山市顺 德区品睡海绵有限公司新建项目,76.9,82.4,100.0,50.0,50.0,100.0,79.6,mismatch,company_not_strict_match;project_type_not_found_in_approval
pair_06044,R00434,A01899,E:\软件\mineru_extracted\2024_2024年12月30日建设项目环境影响报告受理公告（大良）_mineru\full.md,佛山市顺德区电器有限公司,佛山市顺德区电器有限公司新建项目,E:\软件\环评原始数据\顺德区批复\2025_佛环0309环审〔2025〕2号（旭荣）.pdf,佛山市顺德区艺景印刷有限公司,佛山 市顺德区艺景印刷有限公司新建项目,76.9,82.4,100.0,50.0,50.0,100.0,79.6,mismatch,company_not_strict_match;project_type_not_found_in_approval
pair_06045,R00434,A03859,E:\软件\mineru_extracted\2024_2024年12月30日建设项目环境影响报告受理公告（大良）_mineru\full.md,佛山市顺德区电器有限公司,佛山市顺德区电器有限公司新建项目,E:\软件\2023-2026年顺德批复文件\2024_佛环03环审〔2024〕201号.pdf,佛山市顺德区品睡海绵有限公司,佛山市顺 德区品睡海绵有限公司新建项目,76.9,82.4,100.0,50.0,50.0,100.0,79.6,mismatch,company_not_strict_match;project_type_not_found_in_approval
pair_06046,R00434,A04252,E:\软件\mineru_extracted\2024_2024年12月30日建设项目环境影响报告受理公告（大良）_mineru\full.md,佛山市顺德区电器有限公司,佛山市顺德区电器有限公司新建项目,E:\软件\2023-2026年顺德批复文件\2025_佛环0309环审〔2025〕2号（旭荣）.pdf,佛山市顺德区艺景印刷有限公司,佛山 市顺德区艺景印刷有限公司新建项目,76.9,82.4,100.0,50.0,50.0,100.0,79.6,mismatch,company_not_strict_match;project_type_not_found_in_approval
pair_06047,R00525,A01903,E:\软件\mineru_extracted\2024_2024年6月20日建设项目环境影响报告书（表）受理公告（佛山市生态环境局顺德分局）_3_mineru\full.md,佛山市安邵塑制品有限公司,佛山市安邵塑制品有限公司新建项目,E:\软件\环评原始数据\顺德区批复\2025_佛环0309环审〔2025〕34号（鑫森林）.pdf,佛山市鑫森林塑料制品有限公司,佛山市 鑫森林塑料制品有限公司新建项目,76.9,82.4,100.0,50.0,50.0,100.0,79.6,mismatch,company_not_strict_match;project_type_not_found_in_approval
pair_06048,R00525,A04256,E:\软件\mineru_extracted\2024_2024年6月20日建设项目环境影响报告书（表）受理公告（佛山市生态环境局顺德分局）_3_mineru\full.md,佛山市安邵塑制品有限公司,佛山市安邵塑制品有限公司新建项目,E:\软件\2023-2026年顺德批复文件\2025_佛环0309环审〔2025〕34号（鑫森林）.pdf,佛山市鑫森林塑料制品有限公司,佛山市 鑫森林塑料制品有限公司新建项目,76.9,82.4,100.0,50.0,50.0,100.0,79.6,mismatch,company_not_strict_match;project_type_not_found_in_approval
pair_06049,R00534,A01428,E:\软件\mineru_extracted\2024_2024年6月27日建设项目环境影响报告书（表）受理公告（龙江）_mineru\full.md,佛山市新珈源海制品有限公司,佛山市新珈源海制品有限公司新建项目,E:\软件\环评原始数据\顺德区批复\2024_佛环03环审〔2024〕11号佛山市生态环境局关于佛山市源池金属制品有限公司新建项目建设项目环境影响报告表的批复.pdf,佛山市源池金属制品有限公司,佛山市 源池金属制品有限公司新建项目建设项目,76.9,82.4,100.0,50.0,50.0,100.0,79.6,mismatch,company_not_strict_match;project_type_not_found_in_approval
pair_06050,R00534,A01910,E:\软件\mineru_extracted\2024_2024年6月27日建设项目环境影响报告书（表）受理公告（龙江）_mineru\full.md,佛山市新珈源海制品有限公司,佛山市新珈源海制品有限公司新建项目,E:\软件\环评原始数据\顺德区批复\2025_佛环0309环审〔2025〕7号（新熠）.pdf,佛山市新熠塑料制品有限公司,佛山 市新熠塑料制品有限公司新建项目,76.9,82.4,100.0,50.0,50.0,100.0,79.6,mismatch,company_not_strict_match;project_type_not_found_in_approval
pair_06051,R00534,A03781,E:\软件\mineru_extracted\2024_2024年6月27日建设项目环境影响报告书（表）受理公告（龙江）_mineru\full.md,佛山市新珈源海制品有限公司,佛山市新珈源海制品有限公司新建项目,E:\软件\2023-2026年顺德批复文件\2024_佛环03环审〔2024〕11号佛山市生态环境局关于佛山市源池金属制品有限公司新建项目建设项目环境影响报告表的批复.pdf,佛山市源池金属制品有限公司,佛山市 源池金属制品有限公司新建项目建设项目,76.9,82.4,100.0,50.0,50.0,100.0,79.6,mismatch,company_not_strict_match;project_type_not_found_in_approval
pair_06052,R00534,A04263,E:\软件\mineru_extracted\2024_2024年6月27日建设项目环境影响报告书（表）受理公告（龙江）_mineru\full.md,佛山市新珈源海制品有限公司,佛山市新珈源海制品有限公司新建项目,E:\软件\2023-2026年顺德批复文件\2025_佛环0309环审〔2025〕7号（新熠）.pdf,佛山市新熠塑料制品有限公司,佛山 市新熠塑料制品有限公司新建项目,76.9,82.4,100.0,50.0,50.0,100.0,79.6,mismatch,company_not_strict_match;project_type_not_found_in_approval
pair_06053,R00627,A02296,E:\软件\mineru_extracted\2024_2024年8月15日建设项目环境影响报告书（表）受理公告（佛山市生态环境局顺德分局）_1_mineru\full.md,佛山市顺区凯锦电有限公司,佛山市顺德区凯锦电器有限公新建项目,E:\软件\环评原始数据\顺德区批复\2026_佛环03环审〔2025〕393号佛山市生态环境局关于佛山市顺德区纪宇电器有限公司新建项目建设项目环境影响报告表的批复.pdf,佛山市顺德区纪宇电器有限公司,佛山市顺 德区纪宇电器有限公司新建项目建设项目,76.9,82.4,100.0,50.0,50.0,100.0,79.6,mismatch,company_not_strict_match;project_type_not_found_in_approval
pair_06054,R00627,A04649,E:\软件\mineru_extracted\2024_2024年8月15日建设项目环境影响报告书（表）受理公告（佛山市生态环境局顺德分局）_1_mineru\full.md,佛山市顺区凯锦电有限公司,佛山市顺德区凯锦电器有限公新建项目,E:\软件\2023-2026年顺德批复文件\2026_佛环03环审〔2025〕393号佛山市生态环境局关于佛山市顺德区纪宇电器有限公司新建项目建设项目环境影响报告表的批复.pdf,佛山市顺德区纪宇电器有限公司,佛山市顺 德区纪宇电器有限公司新建项目建设项目,76.9,82.4,100.0,50.0,50.0,100.0,79.6,mismatch,company_not_strict_match;project_type_not_found_in_approval
pair_06055,R00638,A01745,E:\软件\mineru_extracted\2024_2024年8月15日建设项目环境影响报告表受理公告（伦教）_5_mineru\full.md,佛山市广优顺品日用品有限公司,佛山市广优顺品日用品有限公司新建项目,E:\软件\环评原始数据\顺德区批复\2024_佛环03环审〔2024〕69号佛山市生态环境局关于佛山市艾心日用品有限公司新建项目建设项目环境影响报告表的批复.pdf,佛山市艾心日用品有限公司,佛山市艾 心日用品有限公司新建项目建设项目,76.9,82.4,100.0,50.0,50.0,100.0,79.6,mismatch,company_not_strict_match;project_type_not_found_in_approval
pair_06056,R00638,A04098,E:\软件\mineru_extracted\2024_2024年8月15日建设项目环境影响报告表受理公告（伦教）_5_mineru\full.md,佛山市广优顺品日用品有限公司,佛山市广优顺品日用品有限公司新建项目,E:\软件\2023-2026年顺德批复文件\2024_佛环03环审〔2024〕69号佛山市生态环境局关于佛山市艾心日用品有限公司新建项目建设项目环境影响报告表的批复.pdf,佛山市艾心日用品有限公司,佛山市艾 心日用品有限公司新建项目建设项目,76.9,82.4,100.0,50.0,50.0,100.0,79.6,mismatch,company_not_strict_match;project_type_not_found_in_approval
pair_06057,R00739,A00996,E:\软件\mineru_extracted\2025_2025年12月10日建设项目环境影响报告表受理公告（佛山市生态环境局顺德分局）_1_mineru\full.md,佛山市嘉雷塑料制品有限公司,佛山市嘉雷塑料制品有限公司新建项目,E:\软件\环评原始数据\顺德区批复\2023_佛环0309环审〔2023〕19号（凯弘）公示.pdf,佛山市凯弘塑胶制品有限公司,佛山市凯弘塑胶制品有限公司新建项目,76.9,82.4,100.0,50.0,50.0,100.0,79.6,mismatch,company_not_strict_match;project_type_not_found_in_approval
pair_06058,R00739,A01047,E:\软件\mineru_extracted\2025_2025年12月10日建设项目环境影响报告表受理公告（佛山市生态环境局顺德分局）_1_mineru\full.md,佛山市嘉雷塑料制品有限公司,佛山市嘉雷塑料制品有限公司新建项目,E:\软件\环评原始数据\顺德区批复\2023_佛环03环审〔2023〕134号.pdf,佛山市唯信塑胶制品有限公司,佛山市 唯信塑胶制品有限公司新建项目建设项目,76.9,82.4,100.0,50.0,50.0,100.0,79.6,mismatch,company_not_strict_match;project_type_not_found_in_approval
pair_06059,R00739,A01446,E:\软件\mineru_extracted\2025_2025年12月10日建设项目环境影响报告表受理公告（佛山市生态环境局顺德分局）_1_mineru\full.md,佛山市嘉雷塑料制品有限公司,佛山市嘉雷塑料制品有限公司新建项目,E:\软件\环评原始数据\顺德区批复\2024_佛环03环审〔2024〕13号佛山市生态环境局关于佛山市华翔橡塑制品有限公司新建项目建设项目环境影响报告表的批复.pdf,佛山市华翔橡塑制品有限公司,佛山市华 翔橡塑制品有限公司新建项目建设项目,76.9,82.4,100.0,50.0,50.0,100.0,79.6,mismatch,company_not_strict_match;project_type_not_found_in_approval
pair_06060,R00739,A01490,E:\软件\mineru_extracted\2025_2025年12月10日建设项目环境影响报告表受理公告（佛山市生态环境局顺德分局）_1_mineru\full.md,佛山市嘉雷塑料制品有限公司,佛山市嘉雷塑料制品有限公司新建项目,E:\软件\环评原始数据\顺德区批复\2024_佛环03环审〔2024〕187号.pdf,佛山市安邵塑胶制品有限公司,佛山市安 邵塑胶制品有限公司新建项目建设项目,76.9,82.4,100.0,50.0,50.0,100.0,79.6,mismatch,company_not_strict_match;project_type_not_found_in_approval
pair_06061,R00739,A02155,E:\软件\mineru_extracted\2025_2025年12月10日建设项目环境影响报告表受理公告（佛山市生态环境局顺德分局）_1_mineru\full.md,佛山市嘉雷塑料制品有限公司,佛山市嘉雷塑料制品有限公司新建项目,E:\软件\环评原始数据\顺德区批复\2025_佛环03环审〔2025〕350号佛山市生态环境局关于佛山多美仕塑料制品有限公司新建项目建设项目环境影响报告表的批复.pdf,佛山多美仕塑料制品有限公司,佛山多美 仕塑料制品有限公司新建项目建设项目,76.9,82.4,100.0,50.0,50.0,100.0,79.6,mismatch,company_not_strict_match;project_type_not_found_in_approval
pair_06062,R00739,A03349,E:\软件\mineru_extracted\2025_2025年12月10日建设项目环境影响报告表受理公告（佛山市生态环境局顺德分局）_1_mineru\full.md,佛山市嘉雷塑料制品有限公司,佛山市嘉雷塑料制品有限公司新建项目,E:\软件\2023-2026年顺德批复文件\2023_佛环0309环审〔2023〕19号（凯弘）公示.pdf,佛山市凯弘塑胶制品有限公司,佛山市凯弘塑胶制品有限公司新建项目,76.9,82.4,100.0,50.0,50.0,100.0,79.6,mismatch,company_not_strict_match;project_type_not_found_in_approval
pair_06063,R00739,A03400,E:\软件\mineru_extracted\2025_2025年12月10日建设项目环境影响报告表受理公告（佛山市生态环境局顺德分局）_1_mineru\full.md,佛山市嘉雷塑料制品有限公司,佛山市嘉雷塑料制品有限公司新建项目,E:\软件\2023-2026年顺德批复文件\2023_佛环03环审〔2023〕134号.pdf,佛山市唯信塑胶制品有限公司,佛山市 唯信塑胶制品有限公司新建项目建设项目,76.9,82.4,100.0,50.0,50.0,100.0,79.6,mismatch,company_not_strict_match;project_type_not_found_in_approval
pair_06064,R00739,A03799,E:\软件\mineru_extracted\2025_2025年12月10日建设项目环境影响报告表受理公告（佛山市生态环境局顺德分局）_1_mineru\full.md,佛山市嘉雷塑料制品有限公司,佛山市嘉雷塑料制品有限公司新建项目,E:\软件\2023-2026年顺德批复文件\2024_佛环03环审〔2024〕13号佛山市生态环境局关于佛山市华翔橡塑制品有限公司新建项目建设项目环境影响报告表的批复.pdf,佛山市华翔橡塑制品有限公司,佛山市华 翔橡塑制品有限公司新建项目建设项目,76.9,82.4,100.0,50.0,50.0,100.0,79.6,mismatch,company_not_strict_match;project_type_not_found_in_approval
pair_06065,R00739,A03843,E:\软件\mineru_extracted\2025_2025年12月10日建设项目环境影响报告表受理公告（佛山市生态环境局顺德分局）_1_mineru\full.md,佛山市嘉雷塑料制品有限公司,佛山市嘉雷塑料制品有限公司新建项目,E:\软件\2023-2026年顺德批复文件\2024_佛环03环审〔2024〕187号.pdf,佛山市安邵塑胶制品有限公司,佛山市安 邵塑胶制品有限公司新建项目建设项目,76.9,82.4,100.0,50.0,50.0,100.0,79.6,mismatch,company_not_strict_match;project_type_not_found_in_approval
pair_06066,R00739,A04508,E:\软件\mineru_extracted\2025_2025年12月10日建设项目环境影响报告表受理公告（佛山市生态环境局顺德分局）_1_mineru\full.md,佛山市嘉雷塑料制品有限公司,佛山市嘉雷塑料制品有限公司新建项目,E:\软件\2023-2026年顺德批复文件\2025_佛环03环审〔2025〕350号佛山市生态环境局关于佛山多美仕塑料制品有限公司新建项目建设项目环境影响报告表的批复.pdf,佛山多美仕塑料制品有限公司,佛山多美 仕塑料制品有限公司新建项目建设项目,76.9,82.4,100.0,50.0,50.0,100.0,79.6,mismatch,company_not_strict_match;project_type_not_found_in_approval
pair_06067,R00922,A01952,E:\软件\mineru_extracted\2026_2026年2月6日建设项目环境影响报告表受理公告（佛山市生态环境局顺德分局）_1_mineru\full.md,佛山市科泰鑫金属制品有限公司,佛山市科泰鑫金属制品有限公司新建项目,E:\软件\环评原始数据\顺德区批复\2025_佛环03环审〔2025〕150号.pdf,佛山市博久鑫金属有限公司,佛山市博 久鑫金属有限公司新建项目建设项目,76.9,82.4,100.0,50.0,50.0,100.0,79.6,mismatch,company_not_strict_match;project_type_not_found_in_approval
pair_06068,R00922,A04305,E:\软件\mineru_extracted\2026_2026年2月6日建设项目环境影响报告表受理公告（佛山市生态环境局顺德分局）_1_mineru\full.md,佛山市科泰鑫金属制品有限公司,佛山市科泰鑫金属制品有限公司新建项目,E:\软件\2023-2026年顺德批复文件\2025_佛环03环审〔2025〕150号.pdf,佛山市博久鑫金属有限公司,佛山市博 久鑫金属有限公司新建项目建设项目,76.9,82.4,100.0,50.0,50.0,100.0,79.6,mismatch,company_not_strict_match;project_type_not_found_in_approval
pair_06069,R00961,A00796,E:\软件\mineru_extracted\2026_2026年4月27日建设项目环境影响报告表受理公告（佛山市生态环境局顺德分局）_2_mineru\full.md,佛山市丹忱塑料五金有限公司,佛山市丹忱塑料五金有限公司新建项目,E:\软件\环评原始数据\顺德区批复\2022_关于佛山市鑫永塑料金属有限公司新建项目.pdf,佛山市鑫永塑料金属有限公司,佛山市鑫永塑料金属有限公司新建项目,76.9,82.4,100.0,100.0,100.0,0.0,79.6,mismatch,company_not_strict_match
pair_06070,R00961,A03149,E:\软件\mineru_extracted\2026_2026年4月27日建设项目环境影响报告表受理公告（佛山市生态环境局顺德分局）_2_mineru\full.md,佛山市丹忱塑料五金有限公司,佛山市丹忱塑料五金有限公司新建项目,E:\软件\2023-2026年顺德批复文件\2022_关于佛山市鑫永塑料金属有限公司新建项目.pdf,佛山市鑫永塑料金属有限公司,佛山市鑫永塑料金属有限公司新建项目,76.9,82.4,100.0,100.0,100.0,0.0,79.6,mismatch,company_not_strict_match
pair_06071,R01177,A01371,E:\软件\环评原始数据\顺德区受理报告\2022_2022年1月14日建设项目环境影响报告书（表）受理公告（龙江）_5143259.pdf,佛山市康勝装饰材料有限公司,佛山市康勝装饰材料有限公司新建项目,E:\软件\环评原始数据\顺德区批复\2024_佛环0305环审〔2024〕7号【佛山市生态环境局关于佛山市建青包装材料有限公司新建项目建设项目环境影响报告表的批复】（公示）.pdf,佛山市建青包装材料有限公司,佛山市建 青包装材料有限公司新建项目建设项目,76.9,82.4,100.0,50.0,50.0,100.0,79.6,mismatch,company_not_strict_match;project_type_not_found_in_approval
pair_06072,R01177,A01714,E:\软件\环评原始数据\顺德区受理报告\2022_2022年1月14日建设项目环境影响报告书（表）受理公告（龙江）_5143259.pdf,佛山市康勝装饰材料有限公司,佛山市康勝装饰材料有限公司新建项目,E:\软件\环评原始数据\顺德区批复\2024_佛环03环审〔2024〕415号.pdf,佛山市昇汇包装材料有限公司,佛山 市昇汇包装材料有限公司新建项目建设项目,76.9,82.4,100.0,50.0,50.0,100.0,79.6,mismatch,company_not_strict_match;project_type_not_found_in_approval
pair_06073,R01177,A01790,E:\软件\环评原始数据\顺德区受理报告\2022_2022年1月14日建设项目环境影响报告书（表）受理公告（龙江）_5143259.pdf,佛山市康勝装饰材料有限公司,佛山市康勝装饰材料有限公司新建项目,E:\软件\环评原始数据\顺德区批复\2025_20250320-佛山市生态环境局关于佛山市宏略包装材料有限公司新建项目环境影响报告表的批复.pdf,佛山市宏略包装材料有限公司,佛山 市宏略包装材料有限公司新建项目,76.9,82.4,100.0,50.0,50.0,100.0,79.6,mismatch,company_not_strict_match;project_type_not_found_in_approval
pair_06074,R01177,A01839,E:\软件\环评原始数据\顺德区受理报告\2022_2022年1月14日建设项目环境影响报告书（表）受理公告（龙江）_5143259.pdf,佛山市康勝装饰材料有限公司,佛山市康勝装饰材料有限公司新建项目,E:\软件\环评原始数据\顺德区批复\2025_佛山市生态环境局关于佛山市顺德区尧航五金塑料实业有限公司建设项目环境影响报告表的批复（无章）.pdf,佛山市圣鹏包装材料有限公司,佛山市圣 鹏包装材料有限公司新建项目,76.9,82.4,100.0,50.0,50.0,100.0,79.6,mismatch,company_not_strict_match;project_type_not_found_in_approval
pair_06075,R01177,A02099,E:\软件\环评原始数据\顺德区受理报告\2022_2022年1月14日建设项目环境影响报告书（表）受理公告（龙江）_5143259.pdf,佛山市康勝装饰材料有限公司,佛山市康勝装饰材料有限公司新建项目,E:\软件\环评原始数据\顺德区批复\2025_佛环03环审〔2025〕296号佛山市生态环境局关于佛山市达冠包装材料有限公司新建项目建设项目环境影响报告表的批复.pdf,佛山市达冠包装材料有限公司,佛山 市达冠包装材料有限公司新建项目建设项目,76.9,82.4,100.0,50.0,50.0,100.0,79.6,mismatch,company_not_strict_match;project_type_not_found_in_approval
pair_06076,R01177,A03724,E:\软件\环评原始数据\顺德区受理报告\2022_2022年1月14日建设项目环境影响报告书（表）受理公告（龙江）_5143259.pdf,佛山市康勝装饰材料有限公司,佛山市康勝装饰材料有限公司新建项目,E:\软件\2023-2026年顺德批复文件\2024_佛环0305环审〔2024〕7号【佛山市生态环境局关于佛山市建青包装材料有限公司新建项目建设项目环境影响报告表的批复】（公示）.pdf,佛山市建青包装材料有限公司,佛山市建 青包装材料有限公司新建项目建设项目,76.9,82.4,100.0,50.0,50.0,100.0,79.6,mismatch,company_not_strict_match;project_type_not_found_in_approval
pair_06077,R01177,A04067,E:\软件\环评原始数据\顺德区受理报告\2022_2022年1月14日建设项目环境影响报告书（表）受理公告（龙江）_5143259.pdf,佛山市康勝装饰材料有限公司,佛山市康勝装饰材料有限公司新建项目,E:\软件\2023-2026年顺德批复文件\2024_佛环03环审〔2024〕415号.pdf,佛山市昇汇包装材料有限公司,佛山 市昇汇包装材料有限公司新建项目建设项目,76.9,82.4,100.0,50.0,50.0,100.0,79.6,mismatch,company_not_strict_match;project_type_not_found_in_approval
pair_06078,R01177,A04143,E:\软件\环评原始数据\顺德区受理报告\2022_2022年1月14日建设项目环境影响报告书（表）受理公告（龙江）_5143259.pdf,佛山市康勝装饰材料有限公司,佛山市康勝装饰材料有限公司新建项目,E:\软件\2023-2026年顺德批复文件\2025_20250320-佛山市生态环境局关于佛山市宏略包装材料有限公司新建项目环境影响报告表的批复.pdf,佛山市宏略包装材料有限公司,佛山 市宏略包装材料有限公司新建项目,76.9,82.4,100.0,50.0,50.0,100.0,79.6,mismatch,company_not_strict_match;project_type_not_found_in_approval
pair_06079,R01177,A04192,E:\软件\环评原始数据\顺德区受理报告\2022_2022年1月14日建设项目环境影响报告书（表）受理公告（龙江）_5143259.pdf,佛山市康勝装饰材料有限公司,佛山市康勝装饰材料有限公司新建项目,E:\软件\2023-2026年顺德批复文件\2025_佛山市生态环境局关于佛山市顺德区尧航五金塑料实业有限公司建设项目环境影响报告表的批复（无章）.pdf,佛山市圣鹏包装材料有限公司,佛山市圣 鹏包装材料有限公司新建项目,76.9,82.4,100.0,50.0,50.0,100.0,79.6,mismatch,company_not_strict_match;project_type_not_found_in_approval
pair_06080,R01177,A04452,E:\软件\环评原始数据\顺德区受理报告\2022_2022年1月14日建设项目环境影响报告书（表）受理公告（龙江）_5143259.pdf,佛山市康勝装饰材料有限公司,佛山市康勝装饰材料有限公司新建项目,E:\软件\2023-2026年顺德批复文件\2025_佛环03环审〔2025〕296号佛山市生态环境局关于佛山市达冠包装材料有限公司新建项目建设项目环境影响报告表的批复.pdf,佛山市达冠包装材料有限公司,佛山 市达冠包装材料有限公司新建项目建设项目,76.9,82.4,100.0,50.0,50.0,100.0,79.6,mismatch,company_not_strict_match;project_type_not_found_in_approval
pair_06081,R01178,A01371,E:\软件\环评原始数据\顺德区受理报告\2022_2022年1月14日建设项目环境影响报告书（表）受理公告（龙江）_5143259.pdf.pdf,佛山市康勝装饰材料有限公司,佛山市康勝装饰材料有限公司新建项目,E:\软件\环评原始数据\顺德区批复\2024_佛环0305环审〔2024〕7号【佛山市生态环境局关于佛山市建青包装材料有限公司新建项目建设项目环境影响报告表的批复】（公示）.pdf,佛山市建青包装材料有限公司,佛山市建 青包装材料有限公司新建项目建设项目,76.9,82.4,100.0,50.0,50.0,100.0,79.6,mismatch,company_not_strict_match;project_type_not_found_in_approval
pair_06082,R01178,A01714,E:\软件\环评原始数据\顺德区受理报告\2022_2022年1月14日建设项目环境影响报告书（表）受理公告（龙江）_5143259.pdf.pdf,佛山市康勝装饰材料有限公司,佛山市康勝装饰材料有限公司新建项目,E:\软件\环评原始数据\顺德区批复\2024_佛环03环审〔2024〕415号.pdf,佛山市昇汇包装材料有限公司,佛山 市昇汇包装材料有限公司新建项目建设项目,76.9,82.4,100.0,50.0,50.0,100.0,79.6,mismatch,company_not_strict_match;project_type_not_found_in_approval
pair_06083,R01178,A01790,E:\软件\环评原始数据\顺德区受理报告\2022_2022年1月14日建设项目环境影响报告书（表）受理公告（龙江）_5143259.pdf.pdf,佛山市康勝装饰材料有限公司,佛山市康勝装饰材料有限公司新建项目,E:\软件\环评原始数据\顺德区批复\2025_20250320-佛山市生态环境局关于佛山市宏略包装材料有限公司新建项目环境影响报告表的批复.pdf,佛山市宏略包装材料有限公司,佛山 市宏略包装材料有限公司新建项目,76.9,82.4,100.0,50.0,50.0,100.0,79.6,mismatch,company_not_strict_match;project_type_not_found_in_approval
pair_06084,R01178,A01839,E:\软件\环评原始数据\顺德区受理报告\2022_2022年1月14日建设项目环境影响报告书（表）受理公告（龙江）_5143259.pdf.pdf,佛山市康勝装饰材料有限公司,佛山市康勝装饰材料有限公司新建项目,E:\软件\环评原始数据\顺德区批复\2025_佛山市生态环境局关于佛山市顺德区尧航五金塑料实业有限公司建设项目环境影响报告表的批复（无章）.pdf,佛山市圣鹏包装材料有限公司,佛山市圣 鹏包装材料有限公司新建项目,76.9,82.4,100.0,50.0,50.0,100.0,79.6,mismatch,company_not_strict_match;project_type_not_found_in_approval
pair_06085,R01178,A02099,E:\软件\环评原始数据\顺德区受理报告\2022_2022年1月14日建设项目环境影响报告书（表）受理公告（龙江）_5143259.pdf.pdf,佛山市康勝装饰材料有限公司,佛山市康勝装饰材料有限公司新建项目,E:\软件\环评原始数据\顺德区批复\2025_佛环03环审〔2025〕296号佛山市生态环境局关于佛山市达冠包装材料有限公司新建项目建设项目环境影响报告表的批复.pdf,佛山市达冠包装材料有限公司,佛山 市达冠包装材料有限公司新建项目建设项目,76.9,82.4,100.0,50.0,50.0,100.0,79.6,mismatch,company_not_strict_match;project_type_not_found_in_approval
pair_06086,R01178,A03724,E:\软件\环评原始数据\顺德区受理报告\2022_2022年1月14日建设项目环境影响报告书（表）受理公告（龙江）_5143259.pdf.pdf,佛山市康勝装饰材料有限公司,佛山市康勝装饰材料有限公司新建项目,E:\软件\2023-2026年顺德批复文件\2024_佛环0305环审〔2024〕7号【佛山市生态环境局关于佛山市建青包装材料有限公司新建项目建设项目环境影响报告表的批复】（公示）.pdf,佛山市建青包装材料有限公司,佛山市建 青包装材料有限公司新建项目建设项目,76.9,82.4,100.0,50.0,50.0,100.0,79.6,mismatch,company_not_strict_match;project_type_not_found_in_approval
pair_06087,R01178,A04067,E:\软件\环评原始数据\顺德区受理报告\2022_2022年1月14日建设项目环境影响报告书（表）受理公告（龙江）_5143259.pdf.pdf,佛山市康勝装饰材料有限公司,佛山市康勝装饰材料有限公司新建项目,E:\软件\2023-2026年顺德批复文件\2024_佛环03环审〔2024〕415号.pdf,佛山市昇汇包装材料有限公司,佛山 市昇汇包装材料有限公司新建项目建设项目,76.9,82.4,100.0,50.0,50.0,100.0,79.6,mismatch,company_not_strict_match;project_type_not_found_in_approval
pair_06088,R01178,A04143,E:\软件\环评原始数据\顺德区受理报告\2022_2022年1月14日建设项目环境影响报告书（表）受理公告（龙江）_5143259.pdf.pdf,佛山市康勝装饰材料有限公司,佛山市康勝装饰材料有限公司新建项目,E:\软件\2023-2026年顺德批复文件\2025_20250320-佛山市生态环境局关于佛山市宏略包装材料有限公司新建项目环境影响报告表的批复.pdf,佛山市宏略包装材料有限公司,佛山 市宏略包装材料有限公司新建项目,76.9,82.4,100.0,50.0,50.0,100.0,79.6,mismatch,company_not_strict_match;project_type_not_found_in_approval
pair_06089,R01178,A04192,E:\软件\环评原始数据\顺德区受理报告\2022_2022年1月14日建设项目环境影响报告书（表）受理公告（龙江）_5143259.pdf.pdf,佛山市康勝装饰材料有限公司,佛山市康勝装饰材料有限公司新建项目,E:\软件\2023-2026年顺德批复文件\2025_佛山市生态环境局关于佛山市顺德区尧航五金塑料实业有限公司建设项目环境影响报告表的批复（无章）.pdf,佛山市圣鹏包装材料有限公司,佛山市圣 鹏包装材料有限公司新建项目,76.9,82.4,100.0,50.0,50.0,100.0,79.6,mismatch,company_not_strict_match;project_type_not_found_in_approval
pair_06090,R01178,A04452,E:\软件\环评原始数据\顺德区受理报告\2022_2022年1月14日建设项目环境影响报告书（表）受理公告（龙江）_5143259.pdf.pdf,佛山市康勝装饰材料有限公司,佛山市康勝装饰材料有限公司新建项目,E:\软件\2023-2026年顺德批复文件\2025_佛环03环审〔2025〕296号佛山市生态环境局关于佛山市达冠包装材料有限公司新建项目建设项目环境影响报告表的批复.pdf,佛山市达冠包装材料有限公司,佛山 市达冠包装材料有限公司新建项目建设项目,76.9,82.4,100.0,50.0,50.0,100.0,79.6,mismatch,company_not_strict_match;project_type_not_found_in_approval
pair_06091,R01243,A02075,E:\软件\环评原始数据\顺德区受理报告\2023_2023年4月10日建设项目环境影响报告书（表）受理公告（龙江）.pdf,佛山市恒发家具科技有限公司,佛山市恒发家具科技有限公司新建项目,E:\软件\环评原始数据\顺德区批复\2025_佛环03环审〔2025〕269号佛山市生态环境局关于佛山市鼎卓模具科技有限公司新建项目建设项目环境影响报告表的批复.pdf,佛山市鼎卓模具科技有限公司,佛山市 鼎卓模具科技有限公司新建项目建设项目,76.9,82.4,100.0,50.0,50.0,100.0,79.6,mismatch,company_not_strict_match;project_type_not_found_in_approval
pair_06092,R01243,A04428,E:\软件\环评原始数据\顺德区受理报告\2023_2023年4月10日建设项目环境影响报告书（表）受理公告（龙江）.pdf,佛山市恒发家具科技有限公司,佛山市恒发家具科技有限公司新建项目,E:\软件\2023-2026年顺德批复文件\2025_佛环03环审〔2025〕269号佛山市生态环境局关于佛山市鼎卓模具科技有限公司新建项目建设项目环境影响报告表的批复.pdf,佛山市鼎卓模具科技有限公司,佛山市 鼎卓模具科技有限公司新建项目建设项目,76.9,82.4,100.0,50.0,50.0,100.0,79.6,mismatch,company_not_strict_match;project_type_not_found_in_approval
pair_06093,R01345,A02001,E:\软件\环评原始数据\顺德区受理报告\2026_2026年4月20日建设项目环境影响报告表受理公告（佛山市生态环境局顺德分局）_9.pdf,佛山市利心电子科技有限公司,佛山市利心电子科技有限公司新建项目,E:\软件\环评原始数据\顺德区批复\2025_佛环03环审〔2025〕199号佛山市生态环境局关于佛山市富利数码科技有限公司新建项目建设项目环境影响报告表的批复.pdf,佛山市富利数码科技有限公司,佛山市富 利数码科技有限公司新建项目建设项目,76.9,82.4,100.0,50.0,50.0,100.0,79.6,mismatch,company_not_strict_match;project_type_not_found_in_approval
pair_06094,R01345,A02044,E:\软件\环评原始数据\顺德区受理报告\2026_2026年4月20日建设项目环境影响报告表受理公告（佛山市生态环境局顺德分局）_9.pdf,佛山市利心电子科技有限公司,佛山市利心电子科技有限公司新建项目,E:\软件\环评原始数据\顺德区批复\2025_佛环03环审〔2025〕238号佛山市生态环境局关于佛山市力桓电器科技有限公司新建项目建设项目环境影响报告表的批复.pdf,佛山市力桓电器科技有限公司,佛山市力 桓电器科技有限公司新建项目建设项目,76.9,82.4,100.0,50.0,50.0,100.0,79.6,mismatch,company_not_strict_match;project_type_not_found_in_approval
pair_06095,R01345,A04354,E:\软件\环评原始数据\顺德区受理报告\2026_2026年4月20日建设项目环境影响报告表受理公告（佛山市生态环境局顺德分局）_9.pdf,佛山市利心电子科技有限公司,佛山市利心电子科技有限公司新建项目,E:\软件\2023-2026年顺德批复文件\2025_佛环03环审〔2025〕199号佛山市生态环境局关于佛山市富利数码科技有限公司新建项目建设项目环境影响报告表的批复.pdf,佛山市富利数码科技有限公司,佛山市富 利数码科技有限公司新建项目建设项目,76.9,82.4,100.0,50.0,50.0,100.0,79.6,mismatch,company_not_strict_match;project_type_not_found_in_approval
pair_06096,R01345,A04397,E:\软件\环评原始数据\顺德区受理报告\2026_2026年4月20日建设项目环境影响报告表受理公告（佛山市生态环境局顺德分局）_9.pdf,佛山市利心电子科技有限公司,佛山市利心电子科技有限公司新建项目,E:\软件\2023-2026年顺德批复文件\2025_佛环03环审〔2025〕238号佛山市生态环境局关于佛山市力桓电器科技有限公司新建项目建设项目环境影响报告表的批复.pdf,佛山市力桓电器科技有限公司,佛山市力 桓电器科技有限公司新建项目建设项目,76.9,82.4,100.0,50.0,50.0,100.0,79.6,mismatch,company_not_strict_match;project_type_not_found_in_approval
pair_06097,R00056,A01845,E:\软件\mineru_extracted\2023_2023年12月21日建设项目环境影响报告受理公告（容桂）_4_mineru\full.md,佛山顺德区瑞卓城电子厂,佛山顺德区瑞卓城电子厂新建项目,E:\软件\环评原始数据\顺德区批复\2025_佛山市生态环境局关于佛山市顺德区芯信电子厂新建项目建设项目环境影响报告表的批复.pdf,佛山市顺德区芯信电子厂,佛 山市顺德区芯信电子厂新建项目建设项目,72.7,80.0,100.0,50.0,100.0,100.0,79.6,mismatch,company_not_strict_match;project_type_not_found_in_approval
pair_06098,R00056,A04198,E:\软件\mineru_extracted\2023_2023年12月21日建设项目环境影响报告受理公告（容桂）_4_mineru\full.md,佛山顺德区瑞卓城电子厂,佛山顺德区瑞卓城电子厂新建项目,E:\软件\2023-2026年顺德批复文件\2025_佛山市生态环境局关于佛山市顺德区芯信电子厂新建项目建设项目环境影响报告表的批复.pdf,佛山市顺德区芯信电子厂,佛 山市顺德区芯信电子厂新建项目建设项目,72.7,80.0,100.0,50.0,100.0,100.0,79.6,mismatch,company_not_strict_match;project_type_not_found_in_approval
pair_06099,R00314,A03682,E:\软件\mineru_extracted\2024_2024年10月16日建设项目环境影响报告书（表）受理公告（佛山市生态环境局顺德分局）_1_mineru\full.md,锻实业有限公司,佛山市 限公司新建项目,E:\软件\2023-2026年顺德批复文件\2024_佛山市生态环境局关于广东睿博检测顺德检测中心项目环境影响报告表的批复.pdf,金塑创新材料技术研发（佛山）有限公司,金 塑创新材料技术研发（佛山）有限公司建设项目,72.7,80.0,100.0,100.0,50.0,100.0,79.6,mismatch,company_not_strict_match
pair_06100,R01085,A01713,E:\软件\环评原始数据\顺德区受理报告\2021_2021年2月23日建设项目环境影响报告书（表）受理公告（龙江）_4710418.pdf,佛山市顺德区特普高实业有限公司,佛山市顺德区特普高实业有限公司搬迁项目,E:\软件\环评原始数据\顺德区批复\2024_佛环03环审〔2024〕414号.pdf,佛山市顺德区鸿锻实业有限公司,佛山市顺 德区鸿锻实业有限公司新建项目建设项目,82.8,75.7,100.0,50.0,50.0,100.0,79.6,mismatch,company_not_strict_match;project_type_not_found_in_approval
pair_06101,R01085,A02026,E:\软件\环评原始数据\顺德区受理报告\2021_2021年2月23日建设项目环境影响报告书（表）受理公告（龙江）_4710418.pdf,佛山市顺德区特普高实业有限公司,佛山市顺德区特普高实业有限公司搬迁项目,E:\软件\环评原始数据\顺德区批复\2025_佛环03环审〔2025〕221号佛山市生态环境局关于佛山市顺德区安驰实业有限公司扩建项目建设项目环境影响报告表的批复.pdf,佛山市顺德区安驰实业有限公司,佛山市顺 德区安驰实业有限公司扩建项目建设项目,82.8,75.7,100.0,50.0,50.0,100.0,79.6,mismatch,company_not_strict_match;project_type_not_found_in_approval
pair_06102,R01085,A04066,E:\软件\环评原始数据\顺德区受理报告\2021_2021年2月23日建设项目环境影响报告书（表）受理公告（龙江）_4710418.pdf,佛山市顺德区特普高实业有限公司,佛山市顺德区特普高实业有限公司搬迁项目,E:\软件\2023-2026年顺德批复文件\2024_佛环03环审〔2024〕414号.pdf,佛山市顺德区鸿锻实业有限公司,佛山市顺 德区鸿锻实业有限公司新建项目建设项目,82.8,75.7,100.0,50.0,50.0,100.0,79.6,mismatch,company_not_strict_match;project_type_not_found_in_approval
pair_06103,R01085,A04379,E:\软件\环评原始数据\顺德区受理报告\2021_2021年2月23日建设项目环境影响报告书（表）受理公告（龙江）_4710418.pdf,佛山市顺德区特普高实业有限公司,佛山市顺德区特普高实业有限公司搬迁项目,E:\软件\2023-2026年顺德批复文件\2025_佛环03环审〔2025〕221号佛山市生态环境局关于佛山市顺德区安驰实业有限公司扩建项目建设项目环境影响报告表的批复.pdf,佛山市顺德区安驰实业有限公司,佛山市顺 德区安驰实业有限公司扩建项目建设项目,82.8,75.7,100.0,50.0,50.0,100.0,79.6,mismatch,company_not_strict_match;project_type_not_found_in_approval
pair_06104,R01086,A01713,E:\软件\环评原始数据\顺德区受理报告\2021_2021年2月23日建设项目环境影响报告书（表）受理公告（龙江）_4710418.pdf.pdf,佛山市顺德区特普高实业有限公司,佛山市顺德区特普高实业有限公司搬迁项目,E:\软件\环评原始数据\顺德区批复\2024_佛环03环审〔2024〕414号.pdf,佛山市顺德区鸿锻实业有限公司,佛山市顺 德区鸿锻实业有限公司新建项目建设项目,82.8,75.7,100.0,50.0,50.0,100.0,79.6,mismatch,company_not_strict_match;project_type_not_found_in_approval
pair_06105,R01086,A02026,E:\软件\环评原始数据\顺德区受理报告\2021_2021年2月23日建设项目环境影响报告书（表）受理公告（龙江）_4710418.pdf.pdf,佛山市顺德区特普高实业有限公司,佛山市顺德区特普高实业有限公司搬迁项目,E:\软件\环评原始数据\顺德区批复\2025_佛环03环审〔2025〕221号佛山市生态环境局关于佛山市顺德区安驰实业有限公司扩建项目建设项目环境影响报告表的批复.pdf,佛山市顺德区安驰实业有限公司,佛山市顺 德区安驰实业有限公司扩建项目建设项目,82.8,75.7,100.0,50.0,50.0,100.0,79.6,mismatch,company_not_strict_match;project_type_not_found_in_approval
pair_06106,R01086,A04066,E:\软件\环评原始数据\顺德区受理报告\2021_2021年2月23日建设项目环境影响报告书（表）受理公告（龙江）_4710418.pdf.pdf,佛山市顺德区特普高实业有限公司,佛山市顺德区特普高实业有限公司搬迁项目,E:\软件\2023-2026年顺德批复文件\2024_佛环03环审〔2024〕414号.pdf,佛山市顺德区鸿锻实业有限公司,佛山市顺 德区鸿锻实业有限公司新建项目建设项目,82.8,75.7,100.0,50.0,50.0,100.0,79.6,mismatch,company_not_strict_match;project_type_not_found_in_approval
pair_06107,R01086,A04379,E:\软件\环评原始数据\顺德区受理报告\2021_2021年2月23日建设项目环境影响报告书（表）受理公告（龙江）_4710418.pdf.pdf,佛山市顺德区特普高实业有限公司,佛山市顺德区特普高实业有限公司搬迁项目,E:\软件\2023-2026年顺德批复文件\2025_佛环03环审〔2025〕221号佛山市生态环境局关于佛山市顺德区安驰实业有限公司扩建项目建设项目环境影响报告表的批复.pdf,佛山市顺德区安驰实业有限公司,佛山市顺 德区安驰实业有限公司扩建项目建设项目,82.8,75.7,100.0,50.0,50.0,100.0,79.6,mismatch,company_not_strict_match;project_type_not_found_in_approval
pair_06108,R00997,A01210,E:\软件\mineru_extracted\2026_2026年5月18日建设项目环境影响报告书（表）受理公告（北滘）_2_mineru\full.md,佛山市云迪科技有限公司,佛山市云迪科技有限公司扩建项目,E:\软件\环评原始数据\顺德区批复\2023_山市生态环境局关于佛山市丰寻科技有限公司迁扩建项目环境影响报告表的批复.pdf,佛山市丰寻科技有限公司,佛山 市丰寻科技有限公司迁扩建项目,81.8,83.9,100.0,100.0,50.0,0.0,79.6,mismatch,company_not_strict_match
pair_06109,R00997,A03563,E:\软件\mineru_extracted\2026_2026年5月18日建设项目环境影响报告书（表）受理公告（北滘）_2_mineru\full.md,佛山市云迪科技有限公司,佛山市云迪科技有限公司扩建项目,E:\软件\2023-2026年顺德批复文件\2023_山市生态环境局关于佛山市丰寻科技有限公司迁扩建项目环境影响报告表的批复.pdf,佛山市丰寻科技有限公司,佛山 市丰寻科技有限公司迁扩建项目,81.8,83.9,100.0,100.0,50.0,0.0,79.6,mismatch,company_not_strict_match
pair_06110,R01028,A01188,E:\软件\mineru_extracted\2026_2026年5月6日建设项目环境影响报告表受理公告（佛山市生态环境局顺德分局）_8_mineru\full.md,泰合创科技有限公司,佛山市盛泰合创科技有限公司新建项目（重新报批）,E:\软件\环评原始数据\顺德区批复\2023_公示佛山市生态环境局关于广东津亮新材料科技有限公司新建项目环境影响报告表的批复.pdf,广东津亮新材料科技有限公司,广东津亮 新材料科技有限公司新建项目,80.0,64.5,100.0,100.0,100.0,100.0,79.6,mismatch,company_not_strict_match;project_name_not_strict_match
pair_06111,R01028,A03541,E:\软件\mineru_extracted\2026_2026年5月6日建设项目环境影响报告表受理公告（佛山市生态环境局顺德分局）_8_mineru\full.md,泰合创科技有限公司,佛山市盛泰合创科技有限公司新建项目（重新报批）,E:\软件\2023-2026年顺德批复文件\2023_公示佛山市生态环境局关于广东津亮新材料科技有限公司新建项目环境影响报告表的批复.pdf,广东津亮新材料科技有限公司,广东津亮 新材料科技有限公司新建项目,80.0,64.5,100.0,100.0,100.0,100.0,79.6,mismatch,company_not_strict_match;project_name_not_strict_match
pair_06112,R00141,A00960,E:\软件\mineru_extracted\2023_2023年3月29日建设项目环境影响报告书（表）受理公告（佛山市生态环境局顺德分局）_1_mineru\full.md,弘粵金属制品有限公司,佛山市弘粤金属制品有限公司建设项目,E:\软件\环评原始数据\顺德区批复\2023_佛环0304环审〔2023〕23号 佛山市生态环境局关于佛山市顺德区格瑞夫五金制品有限公司迁扩建项目环境影响报告表的批复.pdf,佛山市顺德区格瑞夫五金制品有限公司,佛山市顺德区格瑞夫五金制品有限公司迁扩 建项目,82.4,69.0,100.0,100.0,50.0,100.0,79.6,mismatch,company_not_strict_match
pair_06113,R00141,A03313,E:\软件\mineru_extracted\2023_2023年3月29日建设项目环境影响报告书（表）受理公告（佛山市生态环境局顺德分局）_1_mineru\full.md,弘粵金属制品有限公司,佛山市弘粤金属制品有限公司建设项目,E:\软件\2023-2026年顺德批复文件\2023_佛环0304环审〔2023〕23号 佛山市生态环境局关于佛山市顺德区格瑞夫五金制品有限公司迁扩建项目环境影响报告表的批复.pdf,佛山市顺德区格瑞夫五金制品有限公司,佛山市顺德区格瑞夫五金制品有限公司迁扩 建项目,82.4,69.0,100.0,100.0,50.0,100.0,79.6,mismatch,company_not_strict_match
pair_06114,R00057,A02320,E:\软件\mineru_extracted\2023_2023年12月21日项目环境影响报告受理公告（勒流）_mineru\full.md,佛山市圣丝宝新材料有限公司,佛山市圣丝宝新材料有限公司新建项目,E:\软件\环评原始数据\顺德区批复\2026_佛环03环审〔2026〕121号佛山市生态环境局关于佛山市皇进新材料有限公司迁建项目建设项目环境影响报告表的批复.pdf,佛山市皇进新材料有限公司,佛 山市皇进新材料有限公司迁建项目建设项目,80.0,78.8,100.0,50.0,50.0,100.0,79.6,mismatch,company_not_strict_match;project_type_not_found_in_approval
pair_06115,R00057,A04673,E:\软件\mineru_extracted\2023_2023年12月21日项目环境影响报告受理公告（勒流）_mineru\full.md,佛山市圣丝宝新材料有限公司,佛山市圣丝宝新材料有限公司新建项目,E:\软件\2023-2026年顺德批复文件\2026_佛环03环审〔2026〕121号佛山市生态环境局关于佛山市皇进新材料有限公司迁建项目建设项目环境影响报告表的批复.pdf,佛山市皇进新材料有限公司,佛 山市皇进新材料有限公司迁建项目建设项目,80.0,78.8,100.0,50.0,50.0,100.0,79.6,mismatch,company_not_strict_match;project_type_not_found_in_approval
pair_06116,R00100,A02320,E:\软件\mineru_extracted\2023_2023年2月16日建设项目环境影响报告受理公告（大良）_mineru\full.md,佛山市中科兴新材料有限公司,佛山市中科兴新材料有限公司新建项目,E:\软件\环评原始数据\顺德区批复\2026_佛环03环审〔2026〕121号佛山市生态环境局关于佛山市皇进新材料有限公司迁建项目建设项目环境影响报告表的批复.pdf,佛山市皇进新材料有限公司,佛 山市皇进新材料有限公司迁建项目建设项目,80.0,78.8,100.0,50.0,50.0,100.0,79.6,mismatch,company_not_strict_match;project_type_not_found_in_approval
pair_06117,R00100,A04673,E:\软件\mineru_extracted\2023_2023年2月16日建设项目环境影响报告受理公告（大良）_mineru\full.md,佛山市中科兴新材料有限公司,佛山市中科兴新材料有限公司新建项目,E:\软件\2023-2026年顺德批复文件\2026_佛环03环审〔2026〕121号佛山市生态环境局关于佛山市皇进新材料有限公司迁建项目建设项目环境影响报告表的批复.pdf,佛山市皇进新材料有限公司,佛 山市皇进新材料有限公司迁建项目建设项目,80.0,78.8,100.0,50.0,50.0,100.0,79.6,mismatch,company_not_strict_match;project_type_not_found_in_approval
pair_06118,R00525,A01682,E:\软件\mineru_extracted\2024_2024年6月20日建设项目环境影响报告书（表）受理公告（佛山市生态环境局顺德分局）_3_mineru\full.md,佛山市安邵塑制品有限公司,佛山市安邵塑制品有限公司新建项目,E:\软件\环评原始数据\顺德区批复\2024_佛环03环审〔2024〕384号.pdf,佛山市长贝塑料制品有限公司,佛山市长贝塑料制品有限公司建设项目,80.0,78.8,100.0,50.0,50.0,100.0,79.6,mismatch,company_not_strict_match;project_type_not_found_in_approval
pair_06119,R00525,A04035,E:\软件\mineru_extracted\2024_2024年6月20日建设项目环境影响报告书（表）受理公告（佛山市生态环境局顺德分局）_3_mineru\full.md,佛山市安邵塑制品有限公司,佛山市安邵塑制品有限公司新建项目,E:\软件\2023-2026年顺德批复文件\2024_佛环03环审〔2024〕384号.pdf,佛山市长贝塑料制品有限公司,佛山市长贝塑料制品有限公司建设项目,80.0,78.8,100.0,50.0,50.0,100.0,79.6,mismatch,company_not_strict_match;project_type_not_found_in_approval
pair_06120,R00739,A01292,E:\软件\mineru_extracted\2025_2025年12月10日建设项目环境影响报告表受理公告（佛山市生态环境局顺德分局）_1_mineru\full.md,佛山市嘉雷塑料制品有限公司,佛山市嘉雷塑料制品有限公司新建项目,E:\软件\环评原始数据\顺德区批复\2024_佛山市生态环境局关于佛山市顺德区恒百健塑料制品有限公司第二分公司新建项目环境影响报告表的批复.pdf,佛山耀冠塑料制品有限公司,佛 山耀冠塑料制品有限公司建设项目,80.0,78.8,100.0,50.0,50.0,100.0,79.6,mismatch,company_not_strict_match;project_type_not_found_in_approval
pair_06121,R00739,A03645,E:\软件\mineru_extracted\2025_2025年12月10日建设项目环境影响报告表受理公告（佛山市生态环境局顺德分局）_1_mineru\full.md,佛山市嘉雷塑料制品有限公司,佛山市嘉雷塑料制品有限公司新建项目,E:\软件\2023-2026年顺德批复文件\2024_佛山市生态环境局关于佛山市顺德区恒百健塑料制品有限公司第二分公司新建项目环境影响报告表的批复.pdf,佛山耀冠塑料制品有限公司,佛 山耀冠塑料制品有限公司建设项目,80.0,78.8,100.0,50.0,50.0,100.0,79.6,mismatch,company_not_strict_match;project_type_not_found_in_approval
pair_06122,R00873,A01879,E:\软件\mineru_extracted\2025_2025年7月2日建设项目环境影响报告书（表）受理公告（北滘）_mineru\full.md,超金属制品有限公司,佛山市建超金属制品有限公司新建项目,E:\软件\环评原始数据\顺德区批复\2025_佛环0305环审〔2025〕7号【佛山市生态环境局关于佛山金欧塑料制品有限公司新建项目建设项目环境影响报告表的批复】（公示）.pdf,佛山金欧塑料制品有限公司,佛山金欧 塑料制品有限公司新建项目建设项目,80.0,78.8,100.0,50.0,50.0,100.0,79.6,mismatch,company_not_strict_match;project_type_not_found_in_approval
pair_06123,R00873,A01918,E:\软件\mineru_extracted\2025_2025年7月2日建设项目环境影响报告书（表）受理公告（北滘）_mineru\full.md,超金属制品有限公司,佛山市建超金属制品有限公司新建项目,E:\软件\环评原始数据\顺德区批复\2025_佛环03环审〔2025〕114号.pdf,佛山市粤品坚金属有限公司,佛山市粤 品坚金属有限公司新建项目建设项目,80.0,78.8,100.0,50.0,50.0,100.0,79.6,mismatch,company_not_strict_match;project_type_not_found_in_approval
pair_06124,R00873,A01952,E:\软件\mineru_extracted\2025_2025年7月2日建设项目环境影响报告书（表）受理公告（北滘）_mineru\full.md,超金属制品有限公司,佛山市建超金属制品有限公司新建项目,E:\软件\环评原始数据\顺德区批复\2025_佛环03环审〔2025〕150号.pdf,佛山市博久鑫金属有限公司,佛山市博 久鑫金属有限公司新建项目建设项目,80.0,78.8,100.0,50.0,50.0,100.0,79.6,mismatch,company_not_strict_match;project_type_not_found_in_approval
pair_06125,R00873,A04232,E:\软件\mineru_extracted\2025_2025年7月2日建设项目环境影响报告书（表）受理公告（北滘）_mineru\full.md,超金属制品有限公司,佛山市建超金属制品有限公司新建项目,E:\软件\2023-2026年顺德批复文件\2025_佛环0305环审〔2025〕7号【佛山市生态环境局关于佛山金欧塑料制品有限公司新建项目建设项目环境影响报告表的批复】（公示）.pdf,佛山金欧塑料制品有限公司,佛山金欧 塑料制品有限公司新建项目建设项目,80.0,78.8,100.0,50.0,50.0,100.0,79.6,mismatch,company_not_strict_match;project_type_not_found_in_approval
pair_06126,R00873,A04271,E:\软件\mineru_extracted\2025_2025年7月2日建设项目环境影响报告书（表）受理公告（北滘）_mineru\full.md,超金属制品有限公司,佛山市建超金属制品有限公司新建项目,E:\软件\2023-2026年顺德批复文件\2025_佛环03环审〔2025〕114号.pdf,佛山市粤品坚金属有限公司,佛山市粤 品坚金属有限公司新建项目建设项目,80.0,78.8,100.0,50.0,50.0,100.0,79.6,mismatch,company_not_strict_match;project_type_not_found_in_approval
pair_06127,R00873,A04305,E:\软件\mineru_extracted\2025_2025年7月2日建设项目环境影响报告书（表）受理公告（北滘）_mineru\full.md,超金属制品有限公司,佛山市建超金属制品有限公司新建项目,E:\软件\2023-2026年顺德批复文件\2025_佛环03环审〔2025〕150号.pdf,佛山市博久鑫金属有限公司,佛山市博 久鑫金属有限公司新建项目建设项目,80.0,78.8,100.0,50.0,50.0,100.0,79.6,mismatch,company_not_strict_match;project_type_not_found_in_approval
pair_06128,R01083,A01034,E:\软件\环评原始数据\顺德区受理报告\2021_2021年2月23日建设项目环境影响报告书（表）受理公告（杏坛）_4711400.pdf,佛山市泰言包装材料有限公司,佛山市泰言包装材料有限公司扩建项目,E:\软件\环评原始数据\顺德区批复\2023_佛环03环审〔2023〕116号.pdf,佛山圣坤包装材料有限公司,佛 山圣坤包装材料有限公司新建项目,80.0,78.8,100.0,50.0,50.0,100.0,79.6,mismatch,company_not_strict_match;project_type_not_found_in_approval
pair_06129,R01083,A03387,E:\软件\环评原始数据\顺德区受理报告\2021_2021年2月23日建设项目环境影响报告书（表）受理公告（杏坛）_4711400.pdf,佛山市泰言包装材料有限公司,佛山市泰言包装材料有限公司扩建项目,E:\软件\2023-2026年顺德批复文件\2023_佛环03环审〔2023〕116号.pdf,佛山圣坤包装材料有限公司,佛 山圣坤包装材料有限公司新建项目,80.0,78.8,100.0,50.0,50.0,100.0,79.6,mismatch,company_not_strict_match;project_type_not_found_in_approval
pair_06130,R01084,A01034,E:\软件\环评原始数据\顺德区受理报告\2021_2021年2月23日建设项目环境影响报告书（表）受理公告（杏坛）_4711400.pdf.pdf,佛山市泰言包装材料有限公司,佛山市泰言包装材料有限公司扩建项目,E:\软件\环评原始数据\顺德区批复\2023_佛环03环审〔2023〕116号.pdf,佛山圣坤包装材料有限公司,佛 山圣坤包装材料有限公司新建项目,80.0,78.8,100.0,50.0,50.0,100.0,79.6,mismatch,company_not_strict_match;project_type_not_found_in_approval
pair_06131,R01084,A03387,E:\软件\环评原始数据\顺德区受理报告\2021_2021年2月23日建设项目环境影响报告书（表）受理公告（杏坛）_4711400.pdf.pdf,佛山市泰言包装材料有限公司,佛山市泰言包装材料有限公司扩建项目,E:\软件\2023-2026年顺德批复文件\2023_佛环03环审〔2023〕116号.pdf,佛山圣坤包装材料有限公司,佛 山圣坤包装材料有限公司新建项目,80.0,78.8,100.0,50.0,50.0,100.0,79.6,mismatch,company_not_strict_match;project_type_not_found_in_approval
pair_06132,R01192,A01403,E:\软件\环评原始数据\顺德区受理报告\2022_2022年3月22日建设项目环境影响报告受理公告（陈村）_5209289.pdf,佛山瀚溢金属制品有限公司,佛山瀚溢金属制品有限公司新建项目,E:\软件\环评原始数据\顺德区批复\2024_佛环03环审〔2023〕185号.pdf,佛山市数智金属制品有限公司,佛山市数智金属制品有限公司建设项目,80.0,78.8,100.0,50.0,50.0,100.0,79.6,mismatch,company_not_strict_match;project_type_not_found_in_approval
pair_06133,R01192,A03756,E:\软件\环评原始数据\顺德区受理报告\2022_2022年3月22日建设项目环境影响报告受理公告（陈村）_5209289.pdf,佛山瀚溢金属制品有限公司,佛山瀚溢金属制品有限公司新建项目,E:\软件\2023-2026年顺德批复文件\2024_佛环03环审〔2023〕185号.pdf,佛山市数智金属制品有限公司,佛山市数智金属制品有限公司建设项目,80.0,78.8,100.0,50.0,50.0,100.0,79.6,mismatch,company_not_strict_match;project_type_not_found_in_approval
pair_06134,R01193,A01403,E:\软件\环评原始数据\顺德区受理报告\2022_2022年3月22日建设项目环境影响报告受理公告（陈村）_5209289.pdf.pdf,佛山瀚溢金属制品有限公司,佛山瀚溢金属制品有限公司新建项目,E:\软件\环评原始数据\顺德区批复\2024_佛环03环审〔2023〕185号.pdf,佛山市数智金属制品有限公司,佛山市数智金属制品有限公司建设项目,80.0,78.8,100.0,50.0,50.0,100.0,79.6,mismatch,company_not_strict_match;project_type_not_found_in_approval
pair_06135,R01193,A03756,E:\软件\环评原始数据\顺德区受理报告\2022_2022年3月22日建设项目环境影响报告受理公告（陈村）_5209289.pdf.pdf,佛山瀚溢金属制品有限公司,佛山瀚溢金属制品有限公司新建项目,E:\软件\2023-2026年顺德批复文件\2024_佛环03环审〔2023〕185号.pdf,佛山市数智金属制品有限公司,佛山市数智金属制品有限公司建设项目,80.0,78.8,100.0,50.0,50.0,100.0,79.6,mismatch,company_not_strict_match;project_type_not_found_in_approval
pair_06136,R00873,A00989,E:\软件\mineru_extracted\2025_2025年7月2日建设项目环境影响报告书（表）受理公告（北滘）_mineru\full.md,超金属制品有限公司,佛山市建超金属制品有限公司新建项目,E:\软件\环评原始数据\顺德区批复\2023_佛环0305环审〔2023〕8号【佛山市源众来金属制品有限公司重新报批建设项目】.pdf,佛山市源众来金属制品有限公司,佛山市源众来金属制品有限公司重新报批建 设项目,94.1,76.9,100.0,50.0,50.0,0.0,79.6,mismatch,project_type_not_found_in_approval
pair_06137,R00873,A03342,E:\软件\mineru_extracted\2025_2025年7月2日建设项目环境影响报告书（表）受理公告（北滘）_mineru\full.md,超金属制品有限公司,佛山市建超金属制品有限公司新建项目,E:\软件\2023-2026年顺德批复文件\2023_佛环0305环审〔2023〕8号【佛山市源众来金属制品有限公司重新报批建设项目】.pdf,佛山市源众来金属制品有限公司,佛山市源众来金属制品有限公司重新报批建 设项目,94.1,76.9,100.0,50.0,50.0,0.0,79.6,mismatch,project_type_not_found_in_approval
pair_06138,R00194,A00722,E:\软件\mineru_extracted\2023_2023年5月24日建设项目环境影响报告书（表）受理公告（佛山市生态环境局顺德分局）_mineru\full.md,市弘粤金属制品有限公司,佛山市弘粤金属制品有限公司新建项目,E:\软件\环评原始数据\顺德区批复\2022_佛环03环审〔2022〕75号.pdf,佛山市惠尼金属制品有限公司,佛山市 惠尼金属制品有限公司新建项目建设项目,84.2,88.2,100.0,50.0,50.0,0.0,79.6,mismatch,company_not_strict_match;project_type_not_found_in_approval
pair_06139,R00194,A03075,E:\软件\mineru_extracted\2023_2023年5月24日建设项目环境影响报告书（表）受理公告（佛山市生态环境局顺德分局）_mineru\full.md,市弘粤金属制品有限公司,佛山市弘粤金属制品有限公司新建项目,E:\软件\2023-2026年顺德批复文件\2022_佛环03环审〔2022〕75号.pdf,佛山市惠尼金属制品有限公司,佛山市 惠尼金属制品有限公司新建项目建设项目,84.2,88.2,100.0,50.0,50.0,0.0,79.6,mismatch,company_not_strict_match;project_type_not_found_in_approval
pair_06140,R01014,A00534,E:\软件\mineru_extracted\2026_2026年5月26日建设项目环境影响报告表受理公告（佛山市生态环境局顺德分局）_6_mineru\full.md,资料制品有限公司,佛山市赣瑞塑料制品有限公司建设项目,E:\软件\环评原始数据\顺德区批复\2022_2022_5277025_2.pdf,佛山市工亮五金塑料制品有限公司,佛山市工亮五金塑料制品有限公司新建项目,93.3,77.8,100.0,50.0,50.0,0.0,79.6,mismatch,project_type_not_found_in_approval
pair_06141,R01014,A00759,E:\软件\mineru_extracted\2026_2026年5月26日建设项目环境影响报告表受理公告（佛山市生态环境局顺德分局）_6_mineru\full.md,资料制品有限公司,佛山市赣瑞塑料制品有限公司建设项目,E:\软件\环评原始数据\顺德区批复\2022_公示佛山市生态环境局关于佛山市晶百康硅胶制品有限公司新建项目环境影响报告表的批复.pdf,佛山市华腾东宇塑料制品有限公司,佛山市华腾东宇塑料制品有限公司新建项目,93.3,77.8,100.0,50.0,50.0,0.0,79.6,mismatch,project_type_not_found_in_approval
pair_06142,R01014,A01015,E:\软件\mineru_extracted\2026_2026年5月26日建设项目环境影响报告表受理公告（佛山市生态环境局顺德分局）_6_mineru\full.md,资料制品有限公司,佛山市赣瑞塑料制品有限公司建设项目,E:\软件\环评原始数据\顺德区批复\2023_佛环0309环审〔2023〕9号（宏亮汇光）.pdf,佛山市宏亮汇光塑料制品有限公司,佛山市 宏亮汇光塑料制品有限公司新建项目,93.3,77.8,100.0,50.0,50.0,0.0,79.6,mismatch,project_type_not_found_in_approval
pair_06143,R01014,A02887,E:\软件\mineru_extracted\2026_2026年5月26日建设项目环境影响报告表受理公告（佛山市生态环境局顺德分局）_6_mineru\full.md,资料制品有限公司,佛山市赣瑞塑料制品有限公司建设项目,E:\软件\2023-2026年顺德批复文件\2022_2022_5277025_2.pdf,佛山市工亮五金塑料制品有限公司,佛山市工亮五金塑料制品有限公司新建项目,93.3,77.8,100.0,50.0,50.0,0.0,79.6,mismatch,project_type_not_found_in_approval
pair_06144,R01014,A03112,E:\软件\mineru_extracted\2026_2026年5月26日建设项目环境影响报告表受理公告（佛山市生态环境局顺德分局）_6_mineru\full.md,资料制品有限公司,佛山市赣瑞塑料制品有限公司建设项目,E:\软件\2023-2026年顺德批复文件\2022_公示佛山市生态环境局关于佛山市晶百康硅胶制品有限公司新建项目环境影响报告表的批复.pdf,佛山市华腾东宇塑料制品有限公司,佛山市华腾东宇塑料制品有限公司新建项目,93.3,77.8,100.0,50.0,50.0,0.0,79.6,mismatch,project_type_not_found_in_approval
pair_06145,R01014,A03368,E:\软件\mineru_extracted\2026_2026年5月26日建设项目环境影响报告表受理公告（佛山市生态环境局顺德分局）_6_mineru\full.md,资料制品有限公司,佛山市赣瑞塑料制品有限公司建设项目,E:\软件\2023-2026年顺德批复文件\2023_佛环0309环审〔2023〕9号（宏亮汇光）.pdf,佛山市宏亮汇光塑料制品有限公司,佛山市 宏亮汇光塑料制品有限公司新建项目,93.3,77.8,100.0,50.0,50.0,0.0,79.6,mismatch,project_type_not_found_in_approval
pair_06146,R00761,A00996,E:\软件\mineru_extracted\2025_2025年1月26日建设项目环境影响报告书（表）受理公告（佛山市生态环境局顺德分局）_1_mineru\full.md,达锋盛（佛山市）金塑胶制品有限公司,达锋盛（佛山市）金塑胶制品有限公司新建,E:\软件\环评原始数据\顺德区批复\2023_佛环0309环审〔2023〕19号（凯弘）公示.pdf,佛山市凯弘塑胶制品有限公司,佛山市凯弘塑胶制品有限公司新建项目,88.0,83.9,100.0,50.0,50.0,0.0,79.6,mismatch,company_not_strict_match;project_type_not_found_in_approval
pair_06147,R00761,A03349,E:\软件\mineru_extracted\2025_2025年1月26日建设项目环境影响报告书（表）受理公告（佛山市生态环境局顺德分局）_1_mineru\full.md,达锋盛（佛山市）金塑胶制品有限公司,达锋盛（佛山市）金塑胶制品有限公司新建,E:\软件\2023-2026年顺德批复文件\2023_佛环0309环审〔2023〕19号（凯弘）公示.pdf,佛山市凯弘塑胶制品有限公司,佛山市凯弘塑胶制品有限公司新建项目,88.0,83.9,100.0,50.0,50.0,0.0,79.6,mismatch,company_not_strict_match;project_type_not_found_in_approval
pair_06148,R00870,A01718,E:\软件\mineru_extracted\2025_2025年7月18日建设项目环境影响报告表受理公告（伦教）_2_mineru\full.md,料制品有限公司,佛山市顺德区鸡洲 料制品有限公司迁建项目,E:\软件\环评原始数据\顺德区批复\2024_佛环03环审〔2024〕41号.pdf,佛山市顺德区广铭铝制品有限公司,佛山市 顺德区广铭铝制品有限公司新建项目建设项目,92.3,78.9,100.0,50.0,50.0,0.0,79.6,mismatch,project_type_not_found_in_approval
pair_06149,R00870,A04071,E:\软件\mineru_extracted\2025_2025年7月18日建设项目环境影响报告表受理公告（伦教）_2_mineru\full.md,料制品有限公司,佛山市顺德区鸡洲 料制品有限公司迁建项目,E:\软件\2023-2026年顺德批复文件\2024_佛环03环审〔2024〕41号.pdf,佛山市顺德区广铭铝制品有限公司,佛山市 顺德区广铭铝制品有限公司新建项目建设项目,92.3,78.9,100.0,50.0,50.0,0.0,79.6,mismatch,project_type_not_found_in_approval
pair_06150,R00134,A02348,E:\软件\mineru_extracted\2023_2023年3月23日建设项目环境影响报告书（表）受理公告（北滘）_2_mineru\full.md,佛山金澳包装新材料有限公司,佛山金澳包装新材料有限公司新建项目,E:\软件\环评原始数据\顺德区批复\2026_佛环03环审〔2026〕23号佛山市生态环境局关于佛山市胶点新材料有限公司新建项目建设项目环境影响报告表的批复.pdf,佛山市胶点新材料有限公司,佛山市 胶点新材料有限公司新建项目建设项目,73.7,78.8,100.0,50.0,100.0,100.0,79.5,mismatch,company_not_strict_match;project_type_not_found_in_approval
pair_06151,R00134,A04701,E:\软件\mineru_extracted\2023_2023年3月23日建设项目环境影响报告书（表）受理公告（北滘）_2_mineru\full.md,佛山金澳包装新材料有限公司,佛山金澳包装新材料有限公司新建项目,E:\软件\2023-2026年顺德批复文件\2026_佛环03环审〔2026〕23号佛山市生态环境局关于佛山市胶点新材料有限公司新建项目建设项目环境影响报告表的批复.pdf,佛山市胶点新材料有限公司,佛山市 胶点新材料有限公司新建项目建设项目,73.7,78.8,100.0,50.0,100.0,100.0,79.5,mismatch,company_not_strict_match;project_type_not_found_in_approval
pair_06152,R00057,A01289,E:\软件\mineru_extracted\2023_2023年12月21日项目环境影响报告受理公告（勒流）_mineru\full.md,佛山市圣丝宝新材料有限公司,佛山市圣丝宝新材料有限公司新建项目,E:\软件\环评原始数据\顺德区批复\2024_佛山市生态环境局关于佛山市顺德区官皇五金塑料有限公司迁改扩建项目建设项目环境影响报告表的批复.pdf,佛山纳膜新材料有限公司,佛山纳 膜新材料有限公司新建项目建设项目,77.8,81.2,100.0,50.0,50.0,100.0,79.5,mismatch,company_not_strict_match;project_type_not_found_in_approval
pair_06153,R00057,A01948,E:\软件\mineru_extracted\2023_2023年12月21日项目环境影响报告受理公告（勒流）_mineru\full.md,佛山市圣丝宝新材料有限公司,佛山市圣丝宝新材料有限公司新建项目,E:\软件\环评原始数据\顺德区批复\2025_佛环03环审〔2025〕146号.pdf,佛山气盾新材料有限公司,佛山 气盾新材料有限公司新建项目建设项目,77.8,81.2,100.0,50.0,50.0,100.0,79.5,mismatch,company_not_strict_match;project_type_not_found_in_approval
pair_06154,R00057,A03642,E:\软件\mineru_extracted\2023_2023年12月21日项目环境影响报告受理公告（勒流）_mineru\full.md,佛山市圣丝宝新材料有限公司,佛山市圣丝宝新材料有限公司新建项目,E:\软件\2023-2026年顺德批复文件\2024_佛山市生态环境局关于佛山市顺德区官皇五金塑料有限公司迁改扩建项目建设项目环境影响报告表的批复.pdf,佛山纳膜新材料有限公司,佛山纳 膜新材料有限公司新建项目建设项目,77.8,81.2,100.0,50.0,50.0,100.0,79.5,mismatch,company_not_strict_match;project_type_not_found_in_approval
pair_06155,R00057,A04301,E:\软件\mineru_extracted\2023_2023年12月21日项目环境影响报告受理公告（勒流）_mineru\full.md,佛山市圣丝宝新材料有限公司,佛山市圣丝宝新材料有限公司新建项目,E:\软件\2023-2026年顺德批复文件\2025_佛环03环审〔2025〕146号.pdf,佛山气盾新材料有限公司,佛山 气盾新材料有限公司新建项目建设项目,77.8,81.2,100.0,50.0,50.0,100.0,79.5,mismatch,company_not_strict_match;project_type_not_found_in_approval
pair_06156,R00100,A01289,E:\软件\mineru_extracted\2023_2023年2月16日建设项目环境影响报告受理公告（大良）_mineru\full.md,佛山市中科兴新材料有限公司,佛山市中科兴新材料有限公司新建项目,E:\软件\环评原始数据\顺德区批复\2024_佛山市生态环境局关于佛山市顺德区官皇五金塑料有限公司迁改扩建项目建设项目环境影响报告表的批复.pdf,佛山纳膜新材料有限公司,佛山纳 膜新材料有限公司新建项目建设项目,77.8,81.2,100.0,50.0,50.0,100.0,79.5,mismatch,company_not_strict_match;project_type_not_found_in_approval
pair_06157,R00100,A01948,E:\软件\mineru_extracted\2023_2023年2月16日建设项目环境影响报告受理公告（大良）_mineru\full.md,佛山市中科兴新材料有限公司,佛山市中科兴新材料有限公司新建项目,E:\软件\环评原始数据\顺德区批复\2025_佛环03环审〔2025〕146号.pdf,佛山气盾新材料有限公司,佛山 气盾新材料有限公司新建项目建设项目,77.8,81.2,100.0,50.0,50.0,100.0,79.5,mismatch,company_not_strict_match;project_type_not_found_in_approval
pair_06158,R00100,A03642,E:\软件\mineru_extracted\2023_2023年2月16日建设项目环境影响报告受理公告（大良）_mineru\full.md,佛山市中科兴新材料有限公司,佛山市中科兴新材料有限公司新建项目,E:\软件\2023-2026年顺德批复文件\2024_佛山市生态环境局关于佛山市顺德区官皇五金塑料有限公司迁改扩建项目建设项目环境影响报告表的批复.pdf,佛山纳膜新材料有限公司,佛山纳 膜新材料有限公司新建项目建设项目,77.8,81.2,100.0,50.0,50.0,100.0,79.5,mismatch,company_not_strict_match;project_type_not_found_in_approval
pair_06159,R00100,A04301,E:\软件\mineru_extracted\2023_2023年2月16日建设项目环境影响报告受理公告（大良）_mineru\full.md,佛山市中科兴新材料有限公司,佛山市中科兴新材料有限公司新建项目,E:\软件\2023-2026年顺德批复文件\2025_佛环03环审〔2025〕146号.pdf,佛山气盾新材料有限公司,佛山 气盾新材料有限公司新建项目建设项目,77.8,81.2,100.0,50.0,50.0,100.0,79.5,mismatch,company_not_strict_match;project_type_not_found_in_approval
pair_06160,R00134,A01289,E:\软件\mineru_extracted\2023_2023年3月23日建设项目环境影响报告书（表）受理公告（北滘）_2_mineru\full.md,佛山金澳包装新材料有限公司,佛山金澳包装新材料有限公司新建项目,E:\软件\环评原始数据\顺德区批复\2024_佛山市生态环境局关于佛山市顺德区官皇五金塑料有限公司迁改扩建项目建设项目环境影响报告表的批复.pdf,佛山纳膜新材料有限公司,佛山纳 膜新材料有限公司新建项目建设项目,77.8,81.2,100.0,50.0,50.0,100.0,79.5,mismatch,company_not_strict_match;project_type_not_found_in_approval
pair_06161,R00134,A01948,E:\软件\mineru_extracted\2023_2023年3月23日建设项目环境影响报告书（表）受理公告（北滘）_2_mineru\full.md,佛山金澳包装新材料有限公司,佛山金澳包装新材料有限公司新建项目,E:\软件\环评原始数据\顺德区批复\2025_佛环03环审〔2025〕146号.pdf,佛山气盾新材料有限公司,佛山 气盾新材料有限公司新建项目建设项目,77.8,81.2,100.0,50.0,50.0,100.0,79.5,mismatch,company_not_strict_match;project_type_not_found_in_approval
pair_06162,R00134,A03642,E:\软件\mineru_extracted\2023_2023年3月23日建设项目环境影响报告书（表）受理公告（北滘）_2_mineru\full.md,佛山金澳包装新材料有限公司,佛山金澳包装新材料有限公司新建项目,E:\软件\2023-2026年顺德批复文件\2024_佛山市生态环境局关于佛山市顺德区官皇五金塑料有限公司迁改扩建项目建设项目环境影响报告表的批复.pdf,佛山纳膜新材料有限公司,佛山纳 膜新材料有限公司新建项目建设项目,77.8,81.2,100.0,50.0,50.0,100.0,79.5,mismatch,company_not_strict_match;project_type_not_found_in_approval
pair_06163,R00134,A04301,E:\软件\mineru_extracted\2023_2023年3月23日建设项目环境影响报告书（表）受理公告（北滘）_2_mineru\full.md,佛山金澳包装新材料有限公司,佛山金澳包装新材料有限公司新建项目,E:\软件\2023-2026年顺德批复文件\2025_佛环03环审〔2025〕146号.pdf,佛山气盾新材料有限公司,佛山 气盾新材料有限公司新建项目建设项目,77.8,81.2,100.0,50.0,50.0,100.0,79.5,mismatch,company_not_strict_match;project_type_not_found_in_approval
pair_06164,R00818,A00176,E:\软件\mineru_extracted\2025_2025年3月17日建设项目环境影响报告书（表）受理公告（佛山市生态环境局顺德分局）_1_mineru\full.md,佛山市顺德区新盈塑料品有限公司,佛山市顺德区新盈塑料品有限公司新建项目,E:\软件\环评原始数据\顺德区批复\2021_2021_4859548_1.pdf,佛山市顺德区淦扬塑料制品有限公司,佛山市顺德区淦扬塑料制品有限公司年产瓶 盖 150 吨新建项目,83.9,74.3,100.0,50.0,50.0,100.0,79.5,mismatch,company_not_strict_match;project_type_not_found_in_approval
pair_06165,R00818,A00368,E:\软件\mineru_extracted\2025_2025年3月17日建设项目环境影响报告书（表）受理公告（佛山市生态环境局顺德分局）_1_mineru\full.md,佛山市顺德区新盈塑料品有限公司,佛山市顺德区新盈塑料品有限公司新建项目,E:\软件\环评原始数据\顺德区批复\2021_佛环0309环审[2021]第0013号（华琪）.pdf,佛山市顺德区艳阳塑料制品有限公司,佛山市 顺德区艳阳塑料制品有限公司年产塑料配件 200 万件、模具 10 套新建项目,83.9,74.3,100.0,50.0,50.0,100.0,79.5,mismatch,company_not_strict_match;project_type_not_found_in_approval
pair_06166,R00818,A00526,E:\软件\mineru_extracted\2025_2025年3月17日建设项目环境影响报告书（表）受理公告（佛山市生态环境局顺德分局）_1_mineru\full.md,佛山市顺德区新盈塑料品有限公司,佛山市顺德区新盈塑料品有限公司新建项目,E:\软件\环评原始数据\顺德区批复\2022_2022_5216562_3.pdf,佛山市顺德区耀霸塑料制品有限公司,佛山市顺德区耀霸塑料制品有限公司年产家 用电器塑料件 100 万件新建项目,83.9,74.3,100.0,50.0,50.0,100.0,79.5,mismatch,company_not_strict_match;project_type_not_found_in_approval
pair_06167,R00818,A02528,E:\软件\mineru_extracted\2025_2025年3月17日建设项目环境影响报告书（表）受理公告（佛山市生态环境局顺德分局）_1_mineru\full.md,佛山市顺德区新盈塑料品有限公司,佛山市顺德区新盈塑料品有限公司新建项目,E:\软件\2023-2026年顺德批复文件\2021_2021_4859548_1.pdf,佛山市顺德区淦扬塑料制品有限公司,佛山市顺德区淦扬塑料制品有限公司年产瓶 盖 150 吨新建项目,83.9,74.3,100.0,50.0,50.0,100.0,79.5,mismatch,company_not_strict_match;project_type_not_found_in_approval
pair_06168,R00818,A02721,E:\软件\mineru_extracted\2025_2025年3月17日建设项目环境影响报告书（表）受理公告（佛山市生态环境局顺德分局）_1_mineru\full.md,佛山市顺德区新盈塑料品有限公司,佛山市顺德区新盈塑料品有限公司新建项目,E:\软件\2023-2026年顺德批复文件\2021_佛环0309环审[2021]第0013号（华琪）.pdf,佛山市顺德区艳阳塑料制品有限公司,佛山市 顺德区艳阳塑料制品有限公司年产塑料配件 200 万件、模具 10 套新建项目,83.9,74.3,100.0,50.0,50.0,100.0,79.5,mismatch,company_not_strict_match;project_type_not_found_in_approval
pair_06169,R00818,A02879,E:\软件\mineru_extracted\2025_2025年3月17日建设项目环境影响报告书（表）受理公告（佛山市生态环境局顺德分局）_1_mineru\full.md,佛山市顺德区新盈塑料品有限公司,佛山市顺德区新盈塑料品有限公司新建项目,E:\软件\2023-2026年顺德批复文件\2022_2022_5216562_3.pdf,佛山市顺德区耀霸塑料制品有限公司,佛山市顺德区耀霸塑料制品有限公司年产家 用电器塑料件 100 万件新建项目,83.9,74.3,100.0,50.0,50.0,100.0,79.5,mismatch,company_not_strict_match;project_type_not_found_in_approval
pair_06170,R01014,A04015,E:\软件\mineru_extracted\2026_2026年5月26日建设项目环境影响报告表受理公告（佛山市生态环境局顺德分局）_6_mineru\full.md,资料制品有限公司,佛山市赣瑞塑料制品有限公司建设项目,E:\软件\2023-2026年顺德批复文件\2024_佛环03环审〔2024〕365号.pdf,佛山市顺德区福晟鑫塑料制品有限公司,佛山市顺德区福晟鑫塑料制品有限公司迁扩建项目建设项 目,93.3,70.6,100.0,100.0,50.0,0.0,79.5,mismatch,
pair_06171,R00070,A01717,E:\软件\mineru_extracted\2023_2023年12月4日建设项目环境影响报告受理公告（大良）_2_mineru\full.md,佛山市顺德区楗业五金塑料有限公司,佛山市顺德区楗业五金塑料有限公司,E:\软件\环评原始数据\顺德区批复\2024_佛环03环审〔2024〕419号.pdf,佛山市创灏五金塑料有限公司,佛山市 创灏五金塑料有限公司年产塑料制品1250万件迁改扩建项目建设 项目,76.2,75.9,100.0,100.0,50.0,100.0,79.5,mismatch,company_not_strict_match
pair_06172,R00070,A04070,E:\软件\mineru_extracted\2023_2023年12月4日建设项目环境影响报告受理公告（大良）_2_mineru\full.md,佛山市顺德区楗业五金塑料有限公司,佛山市顺德区楗业五金塑料有限公司,E:\软件\2023-2026年顺德批复文件\2024_佛环03环审〔2024〕419号.pdf,佛山市创灏五金塑料有限公司,佛山市 创灏五金塑料有限公司年产塑料制品1250万件迁改扩建项目建设 项目,76.2,75.9,100.0,100.0,50.0,100.0,79.5,mismatch,company_not_strict_match
pair_06173,R00113,A01906,E:\软件\mineru_extracted\2023_2023年2月28日建设项目环境影响报告受理公告（伦教）_mineru\full.md,佛山钰捷科技有限公司,佛山钰捷科技有限公司新建项目,E:\软件\环评原始数据\顺德区批复\2025_佛环0309环审〔2025〕37号（安乔）公示版.pdf,佛山泰美徽科技有限公司,佛山泰美徽科技有限公司扩建项目,76.2,75.9,100.0,100.0,50.0,100.0,79.5,mismatch,company_not_strict_match
pair_06174,R00113,A04259,E:\软件\mineru_extracted\2023_2023年2月28日建设项目环境影响报告受理公告（伦教）_mineru\full.md,佛山钰捷科技有限公司,佛山钰捷科技有限公司新建项目,E:\软件\2023-2026年顺德批复文件\2025_佛环0309环审〔2025〕37号（安乔）公示版.pdf,佛山泰美徽科技有限公司,佛山泰美徽科技有限公司扩建项目,76.2,75.9,100.0,100.0,50.0,100.0,79.5,mismatch,company_not_strict_match
pair_06175,R00739,A00423,E:\软件\mineru_extracted\2025_2025年12月10日建设项目环境影响报告表受理公告（佛山市生态环境局顺德分局）_1_mineru\full.md,佛山市嘉雷塑料制品有限公司,佛山市嘉雷塑料制品有限公司新建项目,E:\软件\环评原始数据\顺德区批复\2021_关于佛山市顺德区盛创辰塑料有限公司建设项目环境影响报告表的批复.pdf,佛山市顺德区哲升塑料制品有限公司,佛山市顺德区哲升塑料制品有限公司扩建项 目,76.2,75.9,100.0,100.0,50.0,100.0,79.5,mismatch,company_not_strict_match
pair_06176,R00739,A02776,E:\软件\mineru_extracted\2025_2025年12月10日建设项目环境影响报告表受理公告（佛山市生态环境局顺德分局）_1_mineru\full.md,佛山市嘉雷塑料制品有限公司,佛山市嘉雷塑料制品有限公司新建项目,E:\软件\2023-2026年顺德批复文件\2021_关于佛山市顺德区盛创辰塑料有限公司建设项目环境影响报告表的批复.pdf,佛山市顺德区哲升塑料制品有限公司,佛山市顺德区哲升塑料制品有限公司扩建项 目,76.2,75.9,100.0,100.0,50.0,100.0,79.5,mismatch,company_not_strict_match
pair_06177,R00782,A01853,E:\软件\mineru_extracted\2025_2025年2月14日建设项目环境影响报告书（表）受理公告（佛山市生态环境局顺德分局）_2_mineru\full.md,佛山市顺德区百帝电器制造有限公司,佛山市顺德区百帝电器制造有限公司迁建项目,E:\软件\环评原始数据\顺德区批复\2025_佛山市生态环境局关于广东斯柯纳电器制造有限公司建设项目环境影响报告表的批复.pdf,广东斯柯纳电器制造有限公司,广 东斯柯纳电器制造有限公司建设项目,76.2,75.9,100.0,50.0,100.0,100.0,79.5,mismatch,company_not_strict_match;project_type_not_found_in_approval
pair_06178,R00782,A04206,E:\软件\mineru_extracted\2025_2025年2月14日建设项目环境影响报告书（表）受理公告（佛山市生态环境局顺德分局）_2_mineru\full.md,佛山市顺德区百帝电器制造有限公司,佛山市顺德区百帝电器制造有限公司迁建项目,E:\软件\2023-2026年顺德批复文件\2025_佛山市生态环境局关于广东斯柯纳电器制造有限公司建设项目环境影响报告表的批复.pdf,广东斯柯纳电器制造有限公司,广 东斯柯纳电器制造有限公司建设项目,76.2,75.9,100.0,50.0,100.0,100.0,79.5,mismatch,company_not_strict_match;project_type_not_found_in_approval
pair_06179,R00997,A02326,E:\软件\mineru_extracted\2026_2026年5月18日建设项目环境影响报告书（表）受理公告（北滘）_2_mineru\full.md,佛山市云迪科技有限公司,佛山市云迪科技有限公司扩建项目,E:\软件\环评原始数据\顺德区批复\2026_佛环03环审〔2026〕127号佛山市生态环境局关于佛山孚硅科技有限公司新建项目建设项目环境影响报告表的批复.pdf,佛山孚硅科技有限公司,佛 山孚硅科技有限公司新建项目建设项目,76.2,75.9,100.0,50.0,100.0,100.0,79.5,mismatch,company_not_strict_match;project_type_not_found_in_approval
pair_06180,R00997,A04679,E:\软件\mineru_extracted\2026_2026年5月18日建设项目环境影响报告书（表）受理公告（北滘）_2_mineru\full.md,佛山市云迪科技有限公司,佛山市云迪科技有限公司扩建项目,E:\软件\2023-2026年顺德批复文件\2026_佛环03环审〔2026〕127号佛山市生态环境局关于佛山孚硅科技有限公司新建项目建设项目环境影响报告表的批复.pdf,佛山孚硅科技有限公司,佛 山孚硅科技有限公司新建项目建设项目,76.2,75.9,100.0,50.0,100.0,100.0,79.5,mismatch,company_not_strict_match;project_type_not_found_in_approval
pair_06181,R00051,A01248,E:\软件\mineru_extracted\2023_2023年12月19日建设项目环境影响报告书（表）受理公告（北滘）_2_mineru\full.md,晟塑胶制品有限公司,佛山市力 公司新建项目建设单位（盖章）：佛山市力晟塑胶制品有限公司,E:\软件\环评原始数据\顺德区批复\2024_佛山市生态环境局关于佛山市东来晟塑料制品有限公司新建项目建设项目环境影响报告表的批复.pdf,佛山赫昶塑胶制品有限公司,佛山赫 昶塑胶制品有限公司新建项目建设项目,94.1,62.5,100.0,50.0,50.0,100.0,79.5,mismatch,project_name_not_strict_match;project_type_not_found_in_approval
pair_06182,R00051,A03601,E:\软件\mineru_extracted\2023_2023年12月19日建设项目环境影响报告书（表）受理公告（北滘）_2_mineru\full.md,晟塑胶制品有限公司,佛山市力 公司新建项目建设单位（盖章）：佛山市力晟塑胶制品有限公司,E:\软件\2023-2026年顺德批复文件\2024_佛山市生态环境局关于佛山市东来晟塑料制品有限公司新建项目建设项目环境影响报告表的批复.pdf,佛山赫昶塑胶制品有限公司,佛山赫 昶塑胶制品有限公司新建项目建设项目,94.1,62.5,100.0,50.0,50.0,100.0,79.5,mismatch,project_name_not_strict_match;project_type_not_found_in_approval
pair_06183,R00045,A00942,E:\软件\mineru_extracted\2023_2023年12月12日建设项目环境影响报告书（表）受理公告（杏坛）_mineru\full.md,佛山市玉大包装材料有限公司,佛山市玉大包装材料有限公司新建项目,E:\软件\环评原始数据\顺德区批复\2023_佛山市蓝瑞包装材料有限公司年产铝箔布胶带1000吨新建项目环境影响报告表的批复.pdf,佛山市蓝瑞包装材料有限公司,佛山市蓝瑞包装材料有限公司年产铝箔布胶 带 1000 吨新建项目,84.6,73.3,100.0,50.0,50.0,100.0,79.5,mismatch,company_not_strict_match;project_type_not_found_in_approval
pair_06184,R00045,A03295,E:\软件\mineru_extracted\2023_2023年12月12日建设项目环境影响报告书（表）受理公告（杏坛）_mineru\full.md,佛山市玉大包装材料有限公司,佛山市玉大包装材料有限公司新建项目,E:\软件\2023-2026年顺德批复文件\2023_佛山市蓝瑞包装材料有限公司年产铝箔布胶带1000吨新建项目环境影响报告表的批复.pdf,佛山市蓝瑞包装材料有限公司,佛山市蓝瑞包装材料有限公司年产铝箔布胶 带 1000 吨新建项目,84.6,73.3,100.0,50.0,50.0,100.0,79.5,mismatch,company_not_strict_match;project_type_not_found_in_approval
pair_06185,R00739,A00424,E:\软件\mineru_extracted\2025_2025年12月10日建设项目环境影响报告表受理公告（佛山市生态环境局顺德分局）_1_mineru\full.md,佛山市嘉雷塑料制品有限公司,佛山市嘉雷塑料制品有限公司新建项目,E:\软件\环评原始数据\顺德区批复\2021_关于佛山市顺德区美和门诊部扩建项目环境影响报告表的批复.pdf,佛山市耀汇塑料制品有限公司,佛山市耀汇塑料制品有限公司年产塑料件 200 吨新建项目,84.6,73.3,100.0,50.0,50.0,100.0,79.5,mismatch,company_not_strict_match;project_type_not_found_in_approval
pair_06186,R00739,A00559,E:\软件\mineru_extracted\2025_2025年12月10日建设项目环境影响报告表受理公告（佛山市生态环境局顺德分局）_1_mineru\full.md,佛山市嘉雷塑料制品有限公司,佛山市嘉雷塑料制品有限公司新建项目,E:\软件\环评原始数据\顺德区批复\2022_304环审〔2022〕103号__佛山市生态环境局关于佛山市兴怡塑料制品有限公司年产塑料杯2000万只新建项目环境影响报告表的批复.pdf,佛山市兴怡塑料制品有限公司,佛山市兴怡塑料制品有限公司年产塑料杯 2000 万只新建项目,84.6,73.3,100.0,50.0,50.0,100.0,79.5,mismatch,company_not_strict_match;project_type_not_found_in_approval
pair_06187,R00739,A00669,E:\软件\mineru_extracted\2025_2025年12月10日建设项目环境影响报告表受理公告（佛山市生态环境局顺德分局）_1_mineru\full.md,佛山市嘉雷塑料制品有限公司,佛山市嘉雷塑料制品有限公司新建项目,E:\软件\环评原始数据\顺德区批复\2022_佛环0305环审〔2022〕第0009号【佛山市兴创塑料制品有限公司年产家电塑料配件200吨新建项目】.pdf,佛山市兴创塑料制品有限公司,佛山市兴创塑料制品有限公司年产家电塑料 配件 200 吨新建项目,84.6,73.3,100.0,50.0,50.0,100.0,79.5,mismatch,company_not_strict_match;project_type_not_found_in_approval
pair_06188,R00739,A00868,E:\软件\mineru_extracted\2025_2025年12月10日建设项目环境影响报告表受理公告（佛山市生态环境局顺德分局）_1_mineru\full.md,佛山市嘉雷塑料制品有限公司,佛山市嘉雷塑料制品有限公司新建项目,E:\软件\环评原始数据\顺德区批复\2022_茵沐芯批复.pdf,佛山市壹封塑料制品有限公司,佛山市壹封塑料制品有限公司年产物流扎带 200 吨新建项目,84.6,73.3,100.0,50.0,50.0,100.0,79.5,mismatch,company_not_strict_match;project_type_not_found_in_approval
pair_06189,R00739,A02777,E:\软件\mineru_extracted\2025_2025年12月10日建设项目环境影响报告表受理公告（佛山市生态环境局顺德分局）_1_mineru\full.md,佛山市嘉雷塑料制品有限公司,佛山市嘉雷塑料制品有限公司新建项目,E:\软件\2023-2026年顺德批复文件\2021_关于佛山市顺德区美和门诊部扩建项目环境影响报告表的批复.pdf,佛山市耀汇塑料制品有限公司,佛山市耀汇塑料制品有限公司年产塑料件 200 吨新建项目,84.6,73.3,100.0,50.0,50.0,100.0,79.5,mismatch,company_not_strict_match;project_type_not_found_in_approval
pair_06190,R00739,A02912,E:\软件\mineru_extracted\2025_2025年12月10日建设项目环境影响报告表受理公告（佛山市生态环境局顺德分局）_1_mineru\full.md,佛山市嘉雷塑料制品有限公司,佛山市嘉雷塑料制品有限公司新建项目,E:\软件\2023-2026年顺德批复文件\2022_304环审〔2022〕103号__佛山市生态环境局关于佛山市兴怡塑料制品有限公司年产塑料杯2000万只新建项目环境影响报告表的批复.pdf,佛山市兴怡塑料制品有限公司,佛山市兴怡塑料制品有限公司年产塑料杯 2000 万只新建项目,84.6,73.3,100.0,50.0,50.0,100.0,79.5,mismatch,company_not_strict_match;project_type_not_found_in_approval
pair_06191,R00739,A03022,E:\软件\mineru_extracted\2025_2025年12月10日建设项目环境影响报告表受理公告（佛山市生态环境局顺德分局）_1_mineru\full.md,佛山市嘉雷塑料制品有限公司,佛山市嘉雷塑料制品有限公司新建项目,E:\软件\2023-2026年顺德批复文件\2022_佛环0305环审〔2022〕第0009号【佛山市兴创塑料制品有限公司年产家电塑料配件200吨新建项目】.pdf,佛山市兴创塑料制品有限公司,佛山市兴创塑料制品有限公司年产家电塑料 配件 200 吨新建项目,84.6,73.3,100.0,50.0,50.0,100.0,79.5,mismatch,company_not_strict_match;project_type_not_found_in_approval
pair_06192,R00739,A03221,E:\软件\mineru_extracted\2025_2025年12月10日建设项目环境影响报告表受理公告（佛山市生态环境局顺德分局）_1_mineru\full.md,佛山市嘉雷塑料制品有限公司,佛山市嘉雷塑料制品有限公司新建项目,E:\软件\2023-2026年顺德批复文件\2022_茵沐芯批复.pdf,佛山市壹封塑料制品有限公司,佛山市壹封塑料制品有限公司年产物流扎带 200 吨新建项目,84.6,73.3,100.0,50.0,50.0,100.0,79.5,mismatch,company_not_strict_match;project_type_not_found_in_approval
pair_06193,R01083,A00942,E:\软件\环评原始数据\顺德区受理报告\2021_2021年2月23日建设项目环境影响报告书（表）受理公告（杏坛）_4711400.pdf,佛山市泰言包装材料有限公司,佛山市泰言包装材料有限公司扩建项目,E:\软件\环评原始数据\顺德区批复\2023_佛山市蓝瑞包装材料有限公司年产铝箔布胶带1000吨新建项目环境影响报告表的批复.pdf,佛山市蓝瑞包装材料有限公司,佛山市蓝瑞包装材料有限公司年产铝箔布胶 带 1000 吨新建项目,84.6,73.3,100.0,50.0,50.0,100.0,79.5,mismatch,company_not_strict_match;project_type_not_found_in_approval
pair_06194,R01083,A03295,E:\软件\环评原始数据\顺德区受理报告\2021_2021年2月23日建设项目环境影响报告书（表）受理公告（杏坛）_4711400.pdf,佛山市泰言包装材料有限公司,佛山市泰言包装材料有限公司扩建项目,E:\软件\2023-2026年顺德批复文件\2023_佛山市蓝瑞包装材料有限公司年产铝箔布胶带1000吨新建项目环境影响报告表的批复.pdf,佛山市蓝瑞包装材料有限公司,佛山市蓝瑞包装材料有限公司年产铝箔布胶 带 1000 吨新建项目,84.6,73.3,100.0,50.0,50.0,100.0,79.5,mismatch,company_not_strict_match;project_type_not_found_in_approval
pair_06195,R01084,A00942,E:\软件\环评原始数据\顺德区受理报告\2021_2021年2月23日建设项目环境影响报告书（表）受理公告（杏坛）_4711400.pdf.pdf,佛山市泰言包装材料有限公司,佛山市泰言包装材料有限公司扩建项目,E:\软件\环评原始数据\顺德区批复\2023_佛山市蓝瑞包装材料有限公司年产铝箔布胶带1000吨新建项目环境影响报告表的批复.pdf,佛山市蓝瑞包装材料有限公司,佛山市蓝瑞包装材料有限公司年产铝箔布胶 带 1000 吨新建项目,84.6,73.3,100.0,50.0,50.0,100.0,79.5,mismatch,company_not_strict_match;project_type_not_found_in_approval
pair_06196,R01084,A03295,E:\软件\环评原始数据\顺德区受理报告\2021_2021年2月23日建设项目环境影响报告书（表）受理公告（杏坛）_4711400.pdf.pdf,佛山市泰言包装材料有限公司,佛山市泰言包装材料有限公司扩建项目,E:\软件\2023-2026年顺德批复文件\2023_佛山市蓝瑞包装材料有限公司年产铝箔布胶带1000吨新建项目环境影响报告表的批复.pdf,佛山市蓝瑞包装材料有限公司,佛山市蓝瑞包装材料有限公司年产铝箔布胶 带 1000 吨新建项目,84.6,73.3,100.0,50.0,50.0,100.0,79.5,mismatch,company_not_strict_match;project_type_not_found_in_approval
pair_06197,R00017,A00270,E:\软件\mineru_extracted\2023_2023年10月26日项目环境影响报告受理公告（勒流）_mineru\full.md,广东美绿环保科技有限公司,广东美绿环保科技有限公司新建项目,E:\软件\环评原始数据\顺德区批复\2021_佛环0304环审【2021】第0089号 佛山市生态环境局关于佛山市顺德区盈沣泰环保科技有限公司扩建项目环境影响报告表的批复.pdf,佛山市顺德区盈沣泰环保科技有限公司,佛山市顺德区盈沣泰环保科技有限公司扩建项目,80.0,78.6,100.0,100.0,100.0,0.0,79.5,mismatch,company_not_strict_match
pair_06198,R00017,A01337,E:\软件\mineru_extracted\2023_2023年10月26日项目环境影响报告受理公告（勒流）_mineru\full.md,广东美绿环保科技有限公司,广东美绿环保科技有限公司新建项目,E:\软件\环评原始数据\顺德区批复\2024_佛山市生态环境局关于泽皓讯联（广东）科技有限公司建设项目环境影响报告表的批复.pdf,泽皓讯联（广东）科技有限公司,泽 皓讯联（广东）科技有限公司建设项目,80.0,78.6,100.0,50.0,50.0,100.0,79.5,mismatch,company_not_strict_match;project_type_not_found_in_approval
pair_06199,R00017,A01828,E:\软件\mineru_extracted\2023_2023年10月26日项目环境影响报告受理公告（勒流）_mineru\full.md,广东美绿环保科技有限公司,广东美绿环保科技有限公司新建项目,E:\软件\环评原始数据\顺德区批复\2025_佛山市生态环境局关于佛山市铂鸿金属制品有限公司迁扩建项目建设项目环境影响报告表的批复.pdf,佛山市碧盈环保科技有限公司,佛山市 碧盈环保科技有限公司迁建项目,80.0,78.6,100.0,50.0,50.0,100.0,79.5,mismatch,company_not_strict_match;project_type_not_found_in_approval
pair_06200,R00017,A02622,E:\软件\mineru_extracted\2023_2023年10月26日项目环境影响报告受理公告（勒流）_mineru\full.md,广东美绿环保科技有限公司,广东美绿环保科技有限公司新建项目,E:\软件\2023-2026年顺德批复文件\2021_佛环0304环审【2021】第0089号 佛山市生态环境局关于佛山市顺德区盈沣泰环保科技有限公司扩建项目环境影响报告表的批复.pdf,佛山市顺德区盈沣泰环保科技有限公司,佛山市顺德区盈沣泰环保科技有限公司扩建项目,80.0,78.6,100.0,100.0,100.0,0.0,79.5,mismatch,company_not_strict_match
pair_06201,R00017,A03690,E:\软件\mineru_extracted\2023_2023年10月26日项目环境影响报告受理公告（勒流）_mineru\full.md,广东美绿环保科技有限公司,广东美绿环保科技有限公司新建项目,E:\软件\2023-2026年顺德批复文件\2024_佛山市生态环境局关于泽皓讯联（广东）科技有限公司建设项目环境影响报告表的批复.pdf,泽皓讯联（广东）科技有限公司,泽 皓讯联（广东）科技有限公司建设项目,80.0,78.6,100.0,50.0,50.0,100.0,79.5,mismatch,company_not_strict_match;project_type_not_found_in_approval
pair_06202,R00017,A04181,E:\软件\mineru_extracted\2023_2023年10月26日项目环境影响报告受理公告（勒流）_mineru\full.md,广东美绿环保科技有限公司,广东美绿环保科技有限公司新建项目,E:\软件\2023-2026年顺德批复文件\2025_佛山市生态环境局关于佛山市铂鸿金属制品有限公司迁扩建项目建设项目环境影响报告表的批复.pdf,佛山市碧盈环保科技有限公司,佛山市 碧盈环保科技有限公司迁建项目,80.0,78.6,100.0,50.0,50.0,100.0,79.5,mismatch,company_not_strict_match;project_type_not_found_in_approval
pair_06203,R00113,A02012,E:\软件\mineru_extracted\2023_2023年2月28日建设项目环境影响报告受理公告（伦教）_mineru\full.md,佛山钰捷科技有限公司,佛山钰捷科技有限公司新建项目,E:\软件\环评原始数据\顺德区批复\2025_佛环03环审〔2025〕209号佛山市生态环境局关于佛山迈亚科技有限公司改扩建项目建设项目环境影响报告表的批复.pdf,佛山迈亚科技有限公司,佛山迈亚 科技有限公司改扩建项目建设项目,80.0,71.4,100.0,100.0,50.0,100.0,79.5,mismatch,company_not_strict_match
pair_06204,R00113,A04365,E:\软件\mineru_extracted\2023_2023年2月28日建设项目环境影响报告受理公告（伦教）_mineru\full.md,佛山钰捷科技有限公司,佛山钰捷科技有限公司新建项目,E:\软件\2023-2026年顺德批复文件\2025_佛环03环审〔2025〕209号佛山市生态环境局关于佛山迈亚科技有限公司改扩建项目建设项目环境影响报告表的批复.pdf,佛山迈亚科技有限公司,佛山迈亚 科技有限公司改扩建项目建设项目,80.0,71.4,100.0,100.0,50.0,100.0,79.5,mismatch,company_not_strict_match
pair_06205,R00126,A01292,E:\软件\mineru_extracted\2023_2023年3月16日建设项目环境影响报告书（表）受理公告（均安）_mineru\full.md,佛山市德恒鑫塑料制品有限公司,佛山市德恒鑫塑料制品有限公司新建项目,E:\软件\环评原始数据\顺德区批复\2024_佛山市生态环境局关于佛山市顺德区恒百健塑料制品有限公司第二分公司新建项目环境影响报告表的批复.pdf,佛山耀冠塑料制品有限公司,佛 山耀冠塑料制品有限公司建设项目,80.0,78.6,100.0,50.0,50.0,100.0,79.5,mismatch,company_not_strict_match;project_type_not_found_in_approval
pair_06206,R00126,A03645,E:\软件\mineru_extracted\2023_2023年3月16日建设项目环境影响报告书（表）受理公告（均安）_mineru\full.md,佛山市德恒鑫塑料制品有限公司,佛山市德恒鑫塑料制品有限公司新建项目,E:\软件\2023-2026年顺德批复文件\2024_佛山市生态环境局关于佛山市顺德区恒百健塑料制品有限公司第二分公司新建项目环境影响报告表的批复.pdf,佛山耀冠塑料制品有限公司,佛 山耀冠塑料制品有限公司建设项目,80.0,78.6,100.0,50.0,50.0,100.0,79.5,mismatch,company_not_strict_match;project_type_not_found_in_approval
pair_06207,R00183,A01222,E:\软件\mineru_extracted\2023_2023年5月16日建设项目环境影响报告受理公告（乐从）_mineru\full.md,佛山市顺德区荣浚塑料制品有限公司,佛山市顺德区荣浚塑料制品有限公司迁扩建项目建设单位（盖章）：佛山市顺德区荣浚塑料制品有限公司,E:\软件\环评原始数据\顺德区批复\2023_承诺制公示佛山市生态环境局关于佛山市顺德区德钲电器实业有限公司迁扩建项目环境影响报告表的批复.pdf,实业有限公司,佛 山市顺德区德钲电器实业有限公司迁扩建项目,80.0,71.4,100.0,100.0,50.0,100.0,79.5,mismatch,company_not_strict_match
pair_06208,R00183,A03575,E:\软件\mineru_extracted\2023_2023年5月16日建设项目环境影响报告受理公告（乐从）_mineru\full.md,佛山市顺德区荣浚塑料制品有限公司,佛山市顺德区荣浚塑料制品有限公司迁扩建项目建设单位（盖章）：佛山市顺德区荣浚塑料制品有限公司,E:\软件\2023-2026年顺德批复文件\2023_承诺制公示佛山市生态环境局关于佛山市顺德区德钲电器实业有限公司迁扩建项目环境影响报告表的批复.pdf,实业有限公司,佛 山市顺德区德钲电器实业有限公司迁扩建项目,80.0,71.4,100.0,100.0,50.0,100.0,79.5,mismatch,company_not_strict_match
pair_06209,R00198,A00423,E:\软件\mineru_extracted\2023_2023年5月30日建设项目环境影响报告表受理公告（容桂）_1_mineru\full.md,制品有限公司,佛山市顺德区骏悦塑料五金 建项目建设单位（盖章）：佛山市顺德区骏 有限公司编制日期：2023年4月,E:\软件\环评原始数据\顺德区批复\2021_关于佛山市顺德区盛创辰塑料有限公司建设项目环境影响报告表的批复.pdf,佛山市顺德区哲升塑料制品有限公司,佛山市顺德区哲升塑料制品有限公司扩建项 目,100.0,62.9,100.0,100.0,50.0,0.0,79.5,mismatch,project_name_not_strict_match
pair_06210,R00198,A02776,E:\软件\mineru_extracted\2023_2023年5月30日建设项目环境影响报告表受理公告（容桂）_1_mineru\full.md,制品有限公司,佛山市顺德区骏悦塑料五金 建项目建设单位（盖章）：佛山市顺德区骏 有限公司编制日期：2023年4月,E:\软件\2023-2026年顺德批复文件\2021_关于佛山市顺德区盛创辰塑料有限公司建设项目环境影响报告表的批复.pdf,佛山市顺德区哲升塑料制品有限公司,佛山市顺德区哲升塑料制品有限公司扩建项 目,100.0,62.9,100.0,100.0,50.0,0.0,79.5,mismatch,project_name_not_strict_match
pair_06211,R00216,A00270,E:\软件\mineru_extracted\2023_2023年6月28日项目环境影响报告受理公告（勒流）_mineru\full.md,广东美绿环保科技有限公司,广东美绿环保科技有限公司新建项目,E:\软件\环评原始数据\顺德区批复\2021_佛环0304环审【2021】第0089号 佛山市生态环境局关于佛山市顺德区盈沣泰环保科技有限公司扩建项目环境影响报告表的批复.pdf,佛山市顺德区盈沣泰环保科技有限公司,佛山市顺德区盈沣泰环保科技有限公司扩建项目,80.0,78.6,100.0,100.0,100.0,0.0,79.5,mismatch,company_not_strict_match
pair_06212,R00216,A01337,E:\软件\mineru_extracted\2023_2023年6月28日项目环境影响报告受理公告（勒流）_mineru\full.md,广东美绿环保科技有限公司,广东美绿环保科技有限公司新建项目,E:\软件\环评原始数据\顺德区批复\2024_佛山市生态环境局关于泽皓讯联（广东）科技有限公司建设项目环境影响报告表的批复.pdf,泽皓讯联（广东）科技有限公司,泽 皓讯联（广东）科技有限公司建设项目,80.0,78.6,100.0,50.0,50.0,100.0,79.5,mismatch,company_not_strict_match;project_type_not_found_in_approval
pair_06213,R00216,A01828,E:\软件\mineru_extracted\2023_2023年6月28日项目环境影响报告受理公告（勒流）_mineru\full.md,广东美绿环保科技有限公司,广东美绿环保科技有限公司新建项目,E:\软件\环评原始数据\顺德区批复\2025_佛山市生态环境局关于佛山市铂鸿金属制品有限公司迁扩建项目建设项目环境影响报告表的批复.pdf,佛山市碧盈环保科技有限公司,佛山市 碧盈环保科技有限公司迁建项目,80.0,78.6,100.0,50.0,50.0,100.0,79.5,mismatch,company_not_strict_match;project_type_not_found_in_approval
pair_06214,R00216,A02622,E:\软件\mineru_extracted\2023_2023年6月28日项目环境影响报告受理公告（勒流）_mineru\full.md,广东美绿环保科技有限公司,广东美绿环保科技有限公司新建项目,E:\软件\2023-2026年顺德批复文件\2021_佛环0304环审【2021】第0089号 佛山市生态环境局关于佛山市顺德区盈沣泰环保科技有限公司扩建项目环境影响报告表的批复.pdf,佛山市顺德区盈沣泰环保科技有限公司,佛山市顺德区盈沣泰环保科技有限公司扩建项目,80.0,78.6,100.0,100.0,100.0,0.0,79.5,mismatch,company_not_strict_match
pair_06215,R00216,A03690,E:\软件\mineru_extracted\2023_2023年6月28日项目环境影响报告受理公告（勒流）_mineru\full.md,广东美绿环保科技有限公司,广东美绿环保科技有限公司新建项目,E:\软件\2023-2026年顺德批复文件\2024_佛山市生态环境局关于泽皓讯联（广东）科技有限公司建设项目环境影响报告表的批复.pdf,泽皓讯联（广东）科技有限公司,泽 皓讯联（广东）科技有限公司建设项目,80.0,78.6,100.0,50.0,50.0,100.0,79.5,mismatch,company_not_strict_match;project_type_not_found_in_approval
pair_06216,R00216,A04181,E:\软件\mineru_extracted\2023_2023年6月28日项目环境影响报告受理公告（勒流）_mineru\full.md,广东美绿环保科技有限公司,广东美绿环保科技有限公司新建项目,E:\软件\2023-2026年顺德批复文件\2025_佛山市生态环境局关于佛山市铂鸿金属制品有限公司迁扩建项目建设项目环境影响报告表的批复.pdf,佛山市碧盈环保科技有限公司,佛山市 碧盈环保科技有限公司迁建项目,80.0,78.6,100.0,50.0,50.0,100.0,79.5,mismatch,company_not_strict_match;project_type_not_found_in_approval
pair_06217,R00285,A01210,E:\软件\mineru_extracted\2023_2023年9月21日建设项目环境影响报告书（表）受理公告（佛山市生态环境局顺德分局）_mineru\full.md,山荣有限公司,佛山市刷有限迁扩建项目公,E:\软件\环评原始数据\顺德区批复\2023_山市生态环境局关于佛山市丰寻科技有限公司迁扩建项目环境影响报告表的批复.pdf,佛山市丰寻科技有限公司,佛山 市丰寻科技有限公司迁扩建项目,80.0,71.4,100.0,100.0,50.0,100.0,79.5,mismatch,company_not_strict_match
pair_06218,R00285,A01647,E:\软件\mineru_extracted\2023_2023年9月21日建设项目环境影响报告书（表）受理公告（佛山市生态环境局顺德分局）_mineru\full.md,山荣有限公司,佛山市刷有限迁扩建项目公,E:\软件\环评原始数据\顺德区批复\2024_佛环03环审〔2024〕34号.pdf,佛山市润泽电子有限公司,佛 山市润泽电子有限公司迁扩建项目,80.0,71.4,100.0,100.0,50.0,100.0,79.5,mismatch,company_not_strict_match
pair_06219,R00285,A01764,E:\软件\mineru_extracted\2023_2023年9月21日建设项目环境影响报告书（表）受理公告（佛山市生态环境局顺德分局）_mineru\full.md,山荣有限公司,佛山市刷有限迁扩建项目公,E:\软件\环评原始数据\顺德区批复\2024_佛环03环审〔2024〕8号佛山市生态环境局关于佛山市湘浩电气有限公司迁扩建项目环境影响报告表的批复.pdf,佛山市湘浩电气有限公司,佛山市湘浩电气 有限公司迁扩建项目,80.0,71.4,100.0,100.0,50.0,100.0,79.5,mismatch,company_not_strict_match
pair_06220,R00285,A03563,E:\软件\mineru_extracted\2023_2023年9月21日建设项目环境影响报告书（表）受理公告（佛山市生态环境局顺德分局）_mineru\full.md,山荣有限公司,佛山市刷有限迁扩建项目公,E:\软件\2023-2026年顺德批复文件\2023_山市生态环境局关于佛山市丰寻科技有限公司迁扩建项目环境影响报告表的批复.pdf,佛山市丰寻科技有限公司,佛山 市丰寻科技有限公司迁扩建项目,80.0,71.4,100.0,100.0,50.0,100.0,79.5,mismatch,company_not_strict_match
pair_06221,R00285,A04000,E:\软件\mineru_extracted\2023_2023年9月21日建设项目环境影响报告书（表）受理公告（佛山市生态环境局顺德分局）_mineru\full.md,山荣有限公司,佛山市刷有限迁扩建项目公,E:\软件\2023-2026年顺德批复文件\2024_佛环03环审〔2024〕34号.pdf,佛山市润泽电子有限公司,佛 山市润泽电子有限公司迁扩建项目,80.0,71.4,100.0,100.0,50.0,100.0,79.5,mismatch,company_not_strict_match
pair_06222,R00285,A04117,E:\软件\mineru_extracted\2023_2023年9月21日建设项目环境影响报告书（表）受理公告（佛山市生态环境局顺德分局）_mineru\full.md,山荣有限公司,佛山市刷有限迁扩建项目公,E:\软件\2023-2026年顺德批复文件\2024_佛环03环审〔2024〕8号佛山市生态环境局关于佛山市湘浩电气有限公司迁扩建项目环境影响报告表的批复.pdf,佛山市湘浩电气有限公司,佛山市湘浩电气 有限公司迁扩建项目,80.0,71.4,100.0,100.0,50.0,100.0,79.5,mismatch,company_not_strict_match
pair_06223,R00295,A00940,E:\软件\mineru_extracted\2023_2023年9月26日建设项目环境影响报告书（表）受理公告（均安）_4_mineru\full.md,广东博京电气有限公司,广东博京电气有限公司建设项目,E:\软件\环评原始数据\顺德区批复\2023_佛山市生态环境局关于广东诺威电气有限公司环境影响报告表的批复.pdf,广东诺威电气有限公司,广东诺威 电气有限公司新建项目,80.0,78.6,100.0,50.0,50.0,100.0,79.5,mismatch,company_not_strict_match;project_type_not_found_in_approval
pair_06224,R00295,A03293,E:\软件\mineru_extracted\2023_2023年9月26日建设项目环境影响报告书（表）受理公告（均安）_4_mineru\full.md,广东博京电气有限公司,广东博京电气有限公司建设项目,E:\软件\2023-2026年顺德批复文件\2023_佛山市生态环境局关于广东诺威电气有限公司环境影响报告表的批复.pdf,广东诺威电气有限公司,广东诺威 电气有限公司新建项目,80.0,78.6,100.0,50.0,50.0,100.0,79.5,mismatch,company_not_strict_match;project_type_not_found_in_approval
pair_06225,R00350,A00691,E:\软件\mineru_extracted\2024_2024年10月28日建设项目环境影响报告书（表）受理公告（佛山市生态环境局顺德分局）_4_mineru\full.md,佛山）有限公司,德旺众新材料 公司新建建设项目建设单位（盖章）：德 佛山）有限公司编制日期：二〇二四年十月,E:\软件\环评原始数据\顺德区批复\2022_佛环03环审〔2022〕105号.pdf,劳尔水性新材料（佛山）有限公司,劳尔水性新材料（佛山）有限公司新建项目 建设项目,100.0,62.9,100.0,50.0,100.0,0.0,79.5,mismatch,project_name_not_strict_match;project_type_not_found_in_approval
pair_06226,R00350,A03044,E:\软件\mineru_extracted\2024_2024年10月28日建设项目环境影响报告书（表）受理公告（佛山市生态环境局顺德分局）_4_mineru\full.md,佛山）有限公司,德旺众新材料 公司新建建设项目建设单位（盖章）：德 佛山）有限公司编制日期：二〇二四年十月,E:\软件\2023-2026年顺德批复文件\2022_佛环03环审〔2022〕105号.pdf,劳尔水性新材料（佛山）有限公司,劳尔水性新材料（佛山）有限公司新建项目 建设项目,100.0,62.9,100.0,50.0,100.0,0.0,79.5,mismatch,project_name_not_strict_match;project_type_not_found_in_approval
pair_06227,R00435,A00026,E:\软件\mineru_extracted\2024_2024年12月31日建设项目环境影响报告书（表）受理公告（佛山市生态环境局顺德分局）_mineru\full.md,有限公司新建项目塑胶制品有限公司,佛山市力,E:\软件\环评原始数据\佛山市批复\2019_关于2019年7月30日至8月13日作出的环境影响评价文件批_2482982.pdf,印染有限公司,佛山市三 水冠纬润纺织印染有限公司改扩建项目,80.0,85.7,100.0,100.0,50.0,0.0,79.5,mismatch,company_not_strict_match
pair_06228,R00446,A00577,E:\软件\mineru_extracted\2024_2024年12月9日建设项目环境影响报告受理公告（大良）_mineru\full.md,佛山市顺德区菱昌精密塑料五金实业有限公司,佛山市顺德区菱昌精密塑料五金实业有限公司新建项目,E:\软件\环评原始数据\顺德区批复\2022_佛山市生态环境局关于佛山市顺德区富美日设计包装有限公司建设项目环境影响报告表的批复.pdf,实业有限公司,佛山市 顺德区纳盈塑料实业有限公司年产塑料餐具及配件 50 万件新建 项目,100.0,70.0,100.0,50.0,50.0,0.0,79.5,mismatch,project_type_not_found_in_approval
pair_06229,R00446,A02930,E:\软件\mineru_extracted\2024_2024年12月9日建设项目环境影响报告受理公告（大良）_mineru\full.md,佛山市顺德区菱昌精密塑料五金实业有限公司,佛山市顺德区菱昌精密塑料五金实业有限公司新建项目,E:\软件\2023-2026年顺德批复文件\2022_佛山市生态环境局关于佛山市顺德区富美日设计包装有限公司建设项目环境影响报告表的批复.pdf,实业有限公司,佛山市 顺德区纳盈塑料实业有限公司年产塑料餐具及配件 50 万件新建 项目,100.0,70.0,100.0,50.0,50.0,0.0,79.5,mismatch,project_type_not_found_in_approval
pair_06230,R00702,A01292,E:\软件\mineru_extracted\2024_2024年9月19日建设项目环境影响报告书（表）受理公告（佛山市生态环境局顺德分局）_1_mineru\full.md,佛山市坤琪玲塑料制品有限公司,佛山市坤琪玲塑料制品有限公司新建项目,E:\软件\环评原始数据\顺德区批复\2024_佛山市生态环境局关于佛山市顺德区恒百健塑料制品有限公司第二分公司新建项目环境影响报告表的批复.pdf,佛山耀冠塑料制品有限公司,佛 山耀冠塑料制品有限公司建设项目,80.0,78.6,100.0,50.0,50.0,100.0,79.5,mismatch,company_not_strict_match;project_type_not_found_in_approval
pair_06231,R00702,A03645,E:\软件\mineru_extracted\2024_2024年9月19日建设项目环境影响报告书（表）受理公告（佛山市生态环境局顺德分局）_1_mineru\full.md,佛山市坤琪玲塑料制品有限公司,佛山市坤琪玲塑料制品有限公司新建项目,E:\软件\2023-2026年顺德批复文件\2024_佛山市生态环境局关于佛山市顺德区恒百健塑料制品有限公司第二分公司新建项目环境影响报告表的批复.pdf,佛山耀冠塑料制品有限公司,佛 山耀冠塑料制品有限公司建设项目,80.0,78.6,100.0,50.0,50.0,100.0,79.5,mismatch,company_not_strict_match;project_type_not_found_in_approval
pair_06232,R00711,A00577,E:\软件\mineru_extracted\2024_2024年9月25日建设项目环境影响报告受理公告（大良）_2_mineru\full.md,佛山市顺德区菱昌精密塑料五金实业有限公司,佛山市顺德区菱昌精密塑料五金实业有限公司新建项目,E:\软件\环评原始数据\顺德区批复\2022_佛山市生态环境局关于佛山市顺德区富美日设计包装有限公司建设项目环境影响报告表的批复.pdf,实业有限公司,佛山市 顺德区纳盈塑料实业有限公司年产塑料餐具及配件 50 万件新建 项目,100.0,70.0,100.0,50.0,50.0,0.0,79.5,mismatch,project_type_not_found_in_approval
pair_06233,R00711,A02930,E:\软件\mineru_extracted\2024_2024年9月25日建设项目环境影响报告受理公告（大良）_2_mineru\full.md,佛山市顺德区菱昌精密塑料五金实业有限公司,佛山市顺德区菱昌精密塑料五金实业有限公司新建项目,E:\软件\2023-2026年顺德批复文件\2022_佛山市生态环境局关于佛山市顺德区富美日设计包装有限公司建设项目环境影响报告表的批复.pdf,实业有限公司,佛山市 顺德区纳盈塑料实业有限公司年产塑料餐具及配件 50 万件新建 项目,100.0,70.0,100.0,50.0,50.0,0.0,79.5,mismatch,project_type_not_found_in_approval
pair_06234,R00799,A01455,E:\软件\mineru_extracted\2025_2025年2月25日建设项目环境影响报告表受理公告（容桂）_2_mineru\full.md,佛山市顺德区华电器实有限公司,佛山市顺德区华方单器实业有限司迁扩建项目,E:\软件\环评原始数据\顺德区批复\2024_佛环03环审〔2024〕14号佛山市生态环境局关于佛山市顺德区美嘉尔电器制造有限公司迁扩建项目环境影响报告表的批复.pdf,电器制造有限公司,佛山市顺 德区美嘉尔电器制造有限公司迁扩建项目,80.0,71.4,100.0,100.0,50.0,100.0,79.5,mismatch,company_not_strict_match
pair_06235,R00799,A03808,E:\软件\mineru_extracted\2025_2025年2月25日建设项目环境影响报告表受理公告（容桂）_2_mineru\full.md,佛山市顺德区华电器实有限公司,佛山市顺德区华方单器实业有限司迁扩建项目,E:\软件\2023-2026年顺德批复文件\2024_佛环03环审〔2024〕14号佛山市生态环境局关于佛山市顺德区美嘉尔电器制造有限公司迁扩建项目环境影响报告表的批复.pdf,电器制造有限公司,佛山市顺 德区美嘉尔电器制造有限公司迁扩建项目,80.0,71.4,100.0,100.0,50.0,100.0,79.5,mismatch,company_not_strict_match
pair_06236,R01032,A03522,E:\软件\mineru_extracted\2026_2026年5月8日建设项目环境影响报告表受理公告（佛山市生态环境局顺德分局）_2_mineru\full.md,广东俊佳科技有限公司,广东俊佳科技有限公司迁改扩建项目,E:\软件\2023-2026年顺德批复文件\2023_公示佛山市生态环境局关于佛山市顺德区世环力环保材料科技有限公司迁改扩建项目环境影响报告表的批复.pdf,保材料科技有限公司,佛山市顺德 区世环力环保材料科技有限公司迁改扩建项目,80.0,85.7,100.0,100.0,50.0,0.0,79.5,mismatch,company_not_strict_match
pair_06237,R01192,A01351,E:\软件\环评原始数据\顺德区受理报告\2022_2022年3月22日建设项目环境影响报告受理公告（陈村）_5209289.pdf,佛山瀚溢金属制品有限公司,佛山瀚溢金属制品有限公司新建项目,E:\软件\环评原始数据\顺德区批复\2024_佛环0305环审〔2024〕16号【佛山市生态环境局关于佛山市洁源顺金属制品有限公司建设项目环境影响报告表的批复】（公示）.pdf,佛山市洁源顺金属制品有限公司,佛山市洁源顺金属制品有限公司建设项目,80.0,78.6,100.0,50.0,50.0,100.0,79.5,mismatch,company_not_strict_match;project_type_not_found_in_approval
pair_06238,R01192,A03704,E:\软件\环评原始数据\顺德区受理报告\2022_2022年3月22日建设项目环境影响报告受理公告（陈村）_5209289.pdf,佛山瀚溢金属制品有限公司,佛山瀚溢金属制品有限公司新建项目,E:\软件\2023-2026年顺德批复文件\2024_佛环0305环审〔2024〕16号【佛山市生态环境局关于佛山市洁源顺金属制品有限公司建设项目环境影响报告表的批复】（公示）.pdf,佛山市洁源顺金属制品有限公司,佛山市洁源顺金属制品有限公司建设项目,80.0,78.6,100.0,50.0,50.0,100.0,79.5,mismatch,company_not_strict_match;project_type_not_found_in_approval
pair_06239,R01193,A01351,E:\软件\环评原始数据\顺德区受理报告\2022_2022年3月22日建设项目环境影响报告受理公告（陈村）_5209289.pdf.pdf,佛山瀚溢金属制品有限公司,佛山瀚溢金属制品有限公司新建项目,E:\软件\环评原始数据\顺德区批复\2024_佛环0305环审〔2024〕16号【佛山市生态环境局关于佛山市洁源顺金属制品有限公司建设项目环境影响报告表的批复】（公示）.pdf,佛山市洁源顺金属制品有限公司,佛山市洁源顺金属制品有限公司建设项目,80.0,78.6,100.0,50.0,50.0,100.0,79.5,mismatch,company_not_strict_match;project_type_not_found_in_approval
pair_06240,R01193,A03704,E:\软件\环评原始数据\顺德区受理报告\2022_2022年3月22日建设项目环境影响报告受理公告（陈村）_5209289.pdf.pdf,佛山瀚溢金属制品有限公司,佛山瀚溢金属制品有限公司新建项目,E:\软件\2023-2026年顺德批复文件\2024_佛环0305环审〔2024〕16号【佛山市生态环境局关于佛山市洁源顺金属制品有限公司建设项目环境影响报告表的批复】（公示）.pdf,佛山市洁源顺金属制品有限公司,佛山市洁源顺金属制品有限公司建设项目,80.0,78.6,100.0,50.0,50.0,100.0,79.5,mismatch,company_not_strict_match;project_type_not_found_in_approval
pair_06241,R01194,A01292,E:\软件\环评原始数据\顺德区受理报告\2022_2022年3月24日项目环境影响报告受理公告（勒流）_5211876.pdf,佛山市嵘禄五金塑料制品有限公司,佛山市嵘禄五金塑料制品有限公司新建项目,E:\软件\环评原始数据\顺德区批复\2024_佛山市生态环境局关于佛山市顺德区恒百健塑料制品有限公司第二分公司新建项目环境影响报告表的批复.pdf,佛山耀冠塑料制品有限公司,佛 山耀冠塑料制品有限公司建设项目,80.0,78.6,100.0,50.0,50.0,100.0,79.5,mismatch,company_not_strict_match;project_type_not_found_in_approval
pair_06242,R01194,A03645,E:\软件\环评原始数据\顺德区受理报告\2022_2022年3月24日项目环境影响报告受理公告（勒流）_5211876.pdf,佛山市嵘禄五金塑料制品有限公司,佛山市嵘禄五金塑料制品有限公司新建项目,E:\软件\2023-2026年顺德批复文件\2024_佛山市生态环境局关于佛山市顺德区恒百健塑料制品有限公司第二分公司新建项目环境影响报告表的批复.pdf,佛山耀冠塑料制品有限公司,佛 山耀冠塑料制品有限公司建设项目,80.0,78.6,100.0,50.0,50.0,100.0,79.5,mismatch,company_not_strict_match;project_type_not_found_in_approval
pair_06243,R01195,A01292,E:\软件\环评原始数据\顺德区受理报告\2022_2022年3月24日项目环境影响报告受理公告（勒流）_5211876.pdf.pdf,佛山市嵘禄五金塑料制品有限公司,佛山市嵘禄五金塑料制品有限公司新建项目,E:\软件\环评原始数据\顺德区批复\2024_佛山市生态环境局关于佛山市顺德区恒百健塑料制品有限公司第二分公司新建项目环境影响报告表的批复.pdf,佛山耀冠塑料制品有限公司,佛 山耀冠塑料制品有限公司建设项目,80.0,78.6,100.0,50.0,50.0,100.0,79.5,mismatch,company_not_strict_match;project_type_not_found_in_approval
pair_06244,R01195,A03645,E:\软件\环评原始数据\顺德区受理报告\2022_2022年3月24日项目环境影响报告受理公告（勒流）_5211876.pdf.pdf,佛山市嵘禄五金塑料制品有限公司,佛山市嵘禄五金塑料制品有限公司新建项目,E:\软件\2023-2026年顺德批复文件\2024_佛山市生态环境局关于佛山市顺德区恒百健塑料制品有限公司第二分公司新建项目环境影响报告表的批复.pdf,佛山耀冠塑料制品有限公司,佛 山耀冠塑料制品有限公司建设项目,80.0,78.6,100.0,50.0,50.0,100.0,79.5,mismatch,company_not_strict_match;project_type_not_found_in_approval
pair_06245,R01202,A01292,E:\软件\环评原始数据\顺德区受理报告\2022_2022年5月12日项目环境影响报告受理公告（勒流）_5260017.pdf,佛山市嵘禄五金塑料制品有限公司,佛山市嵘禄五金塑料制品有限公司新建项目,E:\软件\环评原始数据\顺德区批复\2024_佛山市生态环境局关于佛山市顺德区恒百健塑料制品有限公司第二分公司新建项目环境影响报告表的批复.pdf,佛山耀冠塑料制品有限公司,佛 山耀冠塑料制品有限公司建设项目,80.0,78.6,100.0,50.0,50.0,100.0,79.5,mismatch,company_not_strict_match;project_type_not_found_in_approval
pair_06246,R01202,A03645,E:\软件\环评原始数据\顺德区受理报告\2022_2022年5月12日项目环境影响报告受理公告（勒流）_5260017.pdf,佛山市嵘禄五金塑料制品有限公司,佛山市嵘禄五金塑料制品有限公司新建项目,E:\软件\2023-2026年顺德批复文件\2024_佛山市生态环境局关于佛山市顺德区恒百健塑料制品有限公司第二分公司新建项目环境影响报告表的批复.pdf,佛山耀冠塑料制品有限公司,佛 山耀冠塑料制品有限公司建设项目,80.0,78.6,100.0,50.0,50.0,100.0,79.5,mismatch,company_not_strict_match;project_type_not_found_in_approval
pair_06247,R01267,A00940,E:\软件\环评原始数据\顺德区受理报告\2023_2023年9月26日建设项目环境影响报告书（表）受理公告（均安）_4.pdf,广东博京电气有限公司,广东博京电气有限公司建设项目,E:\软件\环评原始数据\顺德区批复\2023_佛山市生态环境局关于广东诺威电气有限公司环境影响报告表的批复.pdf,广东诺威电气有限公司,广东诺威 电气有限公司新建项目,80.0,78.6,100.0,50.0,50.0,100.0,79.5,mismatch,company_not_strict_match;project_type_not_found_in_approval
pair_06248,R01267,A03293,E:\软件\环评原始数据\顺德区受理报告\2023_2023年9月26日建设项目环境影响报告书（表）受理公告（均安）_4.pdf,广东博京电气有限公司,广东博京电气有限公司建设项目,E:\软件\2023-2026年顺德批复文件\2023_佛山市生态环境局关于广东诺威电气有限公司环境影响报告表的批复.pdf,广东诺威电气有限公司,广东诺威 电气有限公司新建项目,80.0,78.6,100.0,50.0,50.0,100.0,79.5,mismatch,company_not_strict_match;project_type_not_found_in_approval
pair_06249,R00864,A01616,E:\软件\mineru_extracted\2025_2025年6月3日建设项目环境影响报告书（表）受理公告（北滘）_mineru\full.md,佛市纯美电器有限公司,佛市纯美电器有限公司迁扩建项目,E:\软件\环评原始数据\顺德区批复\2024_佛环03环审〔2024〕318号.pdf,广东美泰电器有限公司,广东美泰 电器有限公司迁建项目建设项目,82.4,75.9,100.0,50.0,50.0,100.0,79.5,mismatch,company_not_strict_match;project_type_not_found_in_approval
pair_06250,R00864,A03969,E:\软件\mineru_extracted\2025_2025年6月3日建设项目环境影响报告书（表）受理公告（北滘）_mineru\full.md,佛市纯美电器有限公司,佛市纯美电器有限公司迁扩建项目,E:\软件\2023-2026年顺德批复文件\2024_佛环03环审〔2024〕318号.pdf,广东美泰电器有限公司,广东美泰 电器有限公司迁建项目建设项目,82.4,75.9,100.0,50.0,50.0,100.0,79.5,mismatch,company_not_strict_match;project_type_not_found_in_approval
pair_06251,R01228,A02278,E:\软件\环评原始数据\顺德区受理报告\2023_2023年11月21日项目环境影响报告受理公告（勒流）.pdf,广东顺德名达全球电气科技有限公司,广东顺德名达全球电气科技有限公司新建项目,E:\软件\环评原始数据\顺德区批复\2026_佛环0305环审〔2026〕1号【佛山市生态环境局关于佛山勇气科技有限公司新建项目建设项目环境影响报告表的批复】（公示版）.pdf,佛山勇气科技有限公司,佛山勇气 科技有限公司新建项目建设项目,82.4,75.9,100.0,50.0,50.0,100.0,79.5,mismatch,company_not_strict_match;project_type_not_found_in_approval
pair_06252,R01228,A04631,E:\软件\环评原始数据\顺德区受理报告\2023_2023年11月21日项目环境影响报告受理公告（勒流）.pdf,广东顺德名达全球电气科技有限公司,广东顺德名达全球电气科技有限公司新建项目,E:\软件\2023-2026年顺德批复文件\2026_佛环0305环审〔2026〕1号【佛山市生态环境局关于佛山勇气科技有限公司新建项目建设项目环境影响报告表的批复】（公示版）.pdf,佛山勇气科技有限公司,佛山勇气 科技有限公司新建项目建设项目,82.4,75.9,100.0,50.0,50.0,100.0,79.5,mismatch,company_not_strict_match;project_type_not_found_in_approval
pair_06253,R00158,A01455,E:\软件\mineru_extracted\2023_2023年4月10日建设项目环境影响报告受理公告（容桂）_2_mineru\full.md,欧帝大电器有限公司,佛山市欧帝电器有限公司搬迁项目建设单位(盖章)：佛山市欧帝卡电器有限公司,E:\软件\环评原始数据\顺德区批复\2024_佛环03环审〔2024〕14号佛山市生态环境局关于佛山市顺德区美嘉尔电器制造有限公司迁扩建项目环境影响报告表的批复.pdf,电器制造有限公司,佛山市顺 德区美嘉尔电器制造有限公司迁扩建项目,85.7,64.9,100.0,100.0,50.0,100.0,79.5,mismatch,company_not_strict_match;project_name_not_strict_match
pair_06254,R00158,A03808,E:\软件\mineru_extracted\2023_2023年4月10日建设项目环境影响报告受理公告（容桂）_2_mineru\full.md,欧帝大电器有限公司,佛山市欧帝电器有限公司搬迁项目建设单位(盖章)：佛山市欧帝卡电器有限公司,E:\软件\2023-2026年顺德批复文件\2024_佛环03环审〔2024〕14号佛山市生态环境局关于佛山市顺德区美嘉尔电器制造有限公司迁扩建项目环境影响报告表的批复.pdf,电器制造有限公司,佛山市顺 德区美嘉尔电器制造有限公司迁扩建项目,85.7,64.9,100.0,100.0,50.0,100.0,79.5,mismatch,company_not_strict_match;project_name_not_strict_match
pair_06255,R00519,A01817,E:\软件\mineru_extracted\2024_2024年6月19日建设项目环境影响报告书（表）受理公告（佛山市生态环境局顺德分局）_4_mineru\full.md,佛山市科电器有限公司分公司,佛山市科电器有限公司分公司新建项目,E:\软件\环评原始数据\顺德区批复\2025_佛山市生态环境局关于佛山市楹赛电器有限公司搬迁项目环境影响报告表的批复.pdf,佛山市楹赛电器有限公司,佛 山市楹赛电器有限公司搬迁项目,85.7,72.0,100.0,50.0,50.0,100.0,79.5,mismatch,company_not_strict_match;project_type_not_found_in_approval
pair_06256,R00519,A04170,E:\软件\mineru_extracted\2024_2024年6月19日建设项目环境影响报告书（表）受理公告（佛山市生态环境局顺德分局）_4_mineru\full.md,佛山市科电器有限公司分公司,佛山市科电器有限公司分公司新建项目,E:\软件\2023-2026年顺德批复文件\2025_佛山市生态环境局关于佛山市楹赛电器有限公司搬迁项目环境影响报告表的批复.pdf,佛山市楹赛电器有限公司,佛 山市楹赛电器有限公司搬迁项目,85.7,72.0,100.0,50.0,50.0,100.0,79.5,mismatch,company_not_strict_match;project_type_not_found_in_approval
pair_06257,R00411,A04010,E:\软件\mineru_extracted\2024_2024年12月16日建设项目环境影响报告书（表）受理公告（北滘）_1_mineru\full.md,佛山沃龙科技有限公公司,佛山沃龙科技有限公司建设项目,E:\软件\2023-2026年顺德批复文件\2024_佛环03环审〔2024〕35号.pdf,广东极亚精机科技有限公司,广 东极亚精机科技有限公司扩建项目,70.6,75.0,100.0,100.0,100.0,100.0,79.5,mismatch,company_not_strict_match
pair_06258,R00411,A04608,E:\软件\mineru_extracted\2024_2024年12月16日建设项目环境影响报告书（表）受理公告（北滘）_1_mineru\full.md,佛山沃龙科技有限公公司,佛山沃龙科技有限公司建设项目,E:\软件\2023-2026年顺德批复文件\2026_佛山市生态环境局关于佛山市华智弈胜科技有限公司扩建项目环境影响报告表的批复.pdf,佛山市华智弈胜科技有限公司,佛 山市华智弈胜科技有限公司扩建项目,70.6,75.0,100.0,100.0,100.0,100.0,79.5,mismatch,company_not_strict_match
pair_06259,R00799,A03555,E:\软件\mineru_extracted\2025_2025年2月25日建设项目环境影响报告表受理公告（容桂）_2_mineru\full.md,佛山市顺德区华电器实有限公司,佛山市顺德区华方单器实业有限司迁扩建项目,E:\软件\2023-2026年顺德批复文件\2023_关于佛山市顺德区康琳电器实业有限公司改扩建项目环境影响报告表的批复.pdf,佛山市顺德区康琳电器实业有限公司,佛山市顺德区康琳电器实业有限公司改扩 建项目,86.7,78.0,100.0,50.0,100.0,0.0,79.5,mismatch,company_not_strict_match;project_type_not_found_in_approval
pair_06260,R00196,A00889,E:\软件\mineru_extracted\2023_2023年5月26日建设项目环境影响报告书（表）受理公告（佛山市生态环境局顺德分局）_1_mineru\full.md,佛山市乐为美电器有限公司,佛山市乐为美电器有限公司搬迁项目建设单位（盖章）：佛山市乐为美电器有限公司编制日期：2023年4月,E:\软件\环评原始数据\顺德区批复\2023_佛山市生态环境局关于佛山市宝菱电器有限公司迁建项目环境影响报告表的批复.pdf,佛山市宝菱电器有限公司,佛山市 宝菱电器有限公司迁建项目,78.3,73.3,100.0,100.0,50.0,100.0,79.5,mismatch,company_not_strict_match
pair_06261,R00196,A03242,E:\软件\mineru_extracted\2023_2023年5月26日建设项目环境影响报告书（表）受理公告（佛山市生态环境局顺德分局）_1_mineru\full.md,佛山市乐为美电器有限公司,佛山市乐为美电器有限公司搬迁项目建设单位（盖章）：佛山市乐为美电器有限公司编制日期：2023年4月,E:\软件\2023-2026年顺德批复文件\2023_佛山市生态环境局关于佛山市宝菱电器有限公司迁建项目环境影响报告表的批复.pdf,佛山市宝菱电器有限公司,佛山市 宝菱电器有限公司迁建项目,78.3,73.3,100.0,100.0,50.0,100.0,79.5,mismatch,company_not_strict_match
pair_06262,R00334,A01253,E:\软件\mineru_extracted\2024_2024年10月22日建设项目环境影响报告表受理公告（容桂）_1_mineru\full.md,佛山市咪旗电器有限公司,佛山市咪旗电器有限公司迁建项目,E:\软件\环评原始数据\顺德区批复\2024_佛山市生态环境局关于佛山市佳德迩电器有限公司新建项目建设项目环境影响报告表的批复.pdf,佛山市佳德迩电器有限公司,佛山市 佳德迩电器有限公司新建项目建设项目,78.3,73.3,100.0,50.0,100.0,100.0,79.5,mismatch,company_not_strict_match;project_type_not_found_in_approval
pair_06263,R00334,A01317,E:\软件\mineru_extracted\2024_2024年10月22日建设项目环境影响报告表受理公告（容桂）_1_mineru\full.md,佛山市咪旗电器有限公司,佛山市咪旗电器有限公司迁建项目,E:\软件\环评原始数据\顺德区批复\2024_佛山市生态环境局关于佛山陀普科技有限公司电池生产及研发线新建项目建设项目环境影响报告表的批复.pdf,佛山市优力塑电器有限公司,佛山市 优力塑电器有限公司新建项目建设项目,78.3,73.3,100.0,50.0,100.0,100.0,79.5,mismatch,company_not_strict_match;project_type_not_found_in_approval
pair_06264,R00334,A02164,E:\软件\mineru_extracted\2024_2024年10月22日建设项目环境影响报告表受理公告（容桂）_1_mineru\full.md,佛山市咪旗电器有限公司,佛山市咪旗电器有限公司迁建项目,E:\软件\环评原始数据\顺德区批复\2025_佛环03环审〔2025〕359号佛山市生态环境局关于佛山市热可达电器有限公司新建项目建设项目环境影响报告表的批复.pdf,佛山市热可达电器有限公司,佛山市 热可达电器有限公司新建项目建设项目,78.3,73.3,100.0,50.0,100.0,100.0,79.5,mismatch,company_not_strict_match;project_type_not_found_in_approval
pair_06265,R00334,A02249,E:\软件\mineru_extracted\2024_2024年10月22日建设项目环境影响报告表受理公告（容桂）_1_mineru\full.md,佛山市咪旗电器有限公司,佛山市咪旗电器有限公司迁建项目,E:\软件\环评原始数据\顺德区批复\2025_佛环03环审〔2025〕99号.pdf,佛山市旺锐凯电器有限公司,佛山市旺 锐凯电器有限公司新建项目建设项目,78.3,73.3,100.0,50.0,100.0,100.0,79.5,mismatch,company_not_strict_match;project_type_not_found_in_approval
pair_06266,R00334,A03606,E:\软件\mineru_extracted\2024_2024年10月22日建设项目环境影响报告表受理公告（容桂）_1_mineru\full.md,佛山市咪旗电器有限公司,佛山市咪旗电器有限公司迁建项目,E:\软件\2023-2026年顺德批复文件\2024_佛山市生态环境局关于佛山市佳德迩电器有限公司新建项目建设项目环境影响报告表的批复.pdf,佛山市佳德迩电器有限公司,佛山市 佳德迩电器有限公司新建项目建设项目,78.3,73.3,100.0,50.0,100.0,100.0,79.5,mismatch,company_not_strict_match;project_type_not_found_in_approval
pair_06267,R00334,A03670,E:\软件\mineru_extracted\2024_2024年10月22日建设项目环境影响报告表受理公告（容桂）_1_mineru\full.md,佛山市咪旗电器有限公司,佛山市咪旗电器有限公司迁建项目,E:\软件\2023-2026年顺德批复文件\2024_佛山市生态环境局关于佛山陀普科技有限公司电池生产及研发线新建项目建设项目环境影响报告表的批复.pdf,佛山市优力塑电器有限公司,佛山市 优力塑电器有限公司新建项目建设项目,78.3,73.3,100.0,50.0,100.0,100.0,79.5,mismatch,company_not_strict_match;project_type_not_found_in_approval
pair_06268,R00334,A04517,E:\软件\mineru_extracted\2024_2024年10月22日建设项目环境影响报告表受理公告（容桂）_1_mineru\full.md,佛山市咪旗电器有限公司,佛山市咪旗电器有限公司迁建项目,E:\软件\2023-2026年顺德批复文件\2025_佛环03环审〔2025〕359号佛山市生态环境局关于佛山市热可达电器有限公司新建项目建设项目环境影响报告表的批复.pdf,佛山市热可达电器有限公司,佛山市 热可达电器有限公司新建项目建设项目,78.3,73.3,100.0,50.0,100.0,100.0,79.5,mismatch,company_not_strict_match;project_type_not_found_in_approval
pair_06269,R00334,A04602,E:\软件\mineru_extracted\2024_2024年10月22日建设项目环境影响报告表受理公告（容桂）_1_mineru\full.md,佛山市咪旗电器有限公司,佛山市咪旗电器有限公司迁建项目,E:\软件\2023-2026年顺德批复文件\2025_佛环03环审〔2025〕99号.pdf,佛山市旺锐凯电器有限公司,佛山市旺 锐凯电器有限公司新建项目建设项目,78.3,73.3,100.0,50.0,100.0,100.0,79.5,mismatch,company_not_strict_match;project_type_not_found_in_approval
pair_06270,R00529,A01269,E:\软件\mineru_extracted\2024_2024年6月24日建设项目环境影响报告表受理公告（容桂）_4_mineru\full.md,佛山市力塑电器有限公司,佛山市优力塑电有限公新建项目,E:\软件\环评原始数据\顺德区批复\2024_佛山市生态环境局关于佛山市瑞派贝希君来宠物医院有限公司新建项目环境影响报告表的批复.pdf,佛山市奥盈达电器有限公司,佛山市奥 盈达电器有限公司新建项目,78.3,73.3,100.0,100.0,50.0,100.0,79.5,mismatch,company_not_strict_match
pair_06271,R00529,A03622,E:\软件\mineru_extracted\2024_2024年6月24日建设项目环境影响报告表受理公告（容桂）_4_mineru\full.md,佛山市力塑电器有限公司,佛山市优力塑电有限公新建项目,E:\软件\2023-2026年顺德批复文件\2024_佛山市生态环境局关于佛山市瑞派贝希君来宠物医院有限公司新建项目环境影响报告表的批复.pdf,佛山市奥盈达电器有限公司,佛山市奥 盈达电器有限公司新建项目,78.3,73.3,100.0,100.0,50.0,100.0,79.5,mismatch,company_not_strict_match
pair_06272,R00939,A01410,E:\软件\mineru_extracted\2026_2026年4月20日建设项目环境影响报告表受理公告（佛山市生态环境局顺德分局）_1_mineru\full.md,佛山市宝蒙科技有限公司,佛山市宝蒙科技有限公司扩建项首,E:\软件\环评原始数据\顺德区批复\2024_佛环03环审〔2024〕100号.pdf,佛山市奥邦利科技有限公司,佛山市奥 邦利科技有限公司新建项目,78.3,73.3,100.0,50.0,100.0,100.0,79.5,mismatch,company_not_strict_match;project_type_not_found_in_approval
pair_06273,R00939,A01434,E:\软件\mineru_extracted\2026_2026年4月20日建设项目环境影响报告表受理公告（佛山市生态环境局顺德分局）_1_mineru\full.md,佛山市宝蒙科技有限公司,佛山市宝蒙科技有限公司扩建项首,E:\软件\环评原始数据\顺德区批复\2024_佛环03环审〔2024〕127号.pdf,佛山市鑫奎隆科技有限公司,佛山市鑫奎隆科技有限公司新建项目,78.3,73.3,100.0,50.0,100.0,100.0,79.5,mismatch,company_not_strict_match;project_type_not_found_in_approval
pair_06274,R00939,A01653,E:\软件\mineru_extracted\2026_2026年4月20日建设项目环境影响报告表受理公告（佛山市生态环境局顺德分局）_1_mineru\full.md,佛山市宝蒙科技有限公司,佛山市宝蒙科技有限公司扩建项首,E:\软件\环评原始数据\顺德区批复\2024_佛环03环审〔2024〕356号.pdf,佛山市通能达科技有限公司,佛山市 通能达科技有限公司新建项目建设项目,78.3,73.3,100.0,50.0,100.0,100.0,79.5,mismatch,company_not_strict_match;project_type_not_found_in_approval
pair_06275,R00939,A02131,E:\软件\mineru_extracted\2026_2026年4月20日建设项目环境影响报告表受理公告（佛山市生态环境局顺德分局）_1_mineru\full.md,佛山市宝蒙科技有限公司,佛山市宝蒙科技有限公司扩建项首,E:\软件\环评原始数据\顺德区批复\2025_佛环03环审〔2025〕327号佛山市生态环境局关于佛山市禾易盛科技有限公司迁扩建项目建设项目环境影响报告表的批复.pdf,佛山市禾易盛科技有限公司,佛山市禾 易盛科技有限公司迁扩建项目建设项目,78.3,73.3,100.0,100.0,50.0,100.0,79.5,mismatch,company_not_strict_match
pair_06276,R00939,A02334,E:\软件\mineru_extracted\2026_2026年4月20日建设项目环境影响报告表受理公告（佛山市生态环境局顺德分局）_1_mineru\full.md,佛山市宝蒙科技有限公司,佛山市宝蒙科技有限公司扩建项首,E:\软件\环评原始数据\顺德区批复\2026_佛环03环审〔2026〕134号佛山市生态环境局关于佛山市浩博瑞科技有限公司新建项目建设项目环境影响报告表的批复.pdf,佛山市浩博瑞科技有限公司,佛山市浩 博瑞科技有限公司新建项目建设项目,78.3,73.3,100.0,50.0,100.0,100.0,79.5,mismatch,company_not_strict_match;project_type_not_found_in_approval
pair_06277,R00939,A03763,E:\软件\mineru_extracted\2026_2026年4月20日建设项目环境影响报告表受理公告（佛山市生态环境局顺德分局）_1_mineru\full.md,佛山市宝蒙科技有限公司,佛山市宝蒙科技有限公司扩建项首,E:\软件\2023-2026年顺德批复文件\2024_佛环03环审〔2024〕100号.pdf,佛山市奥邦利科技有限公司,佛山市奥 邦利科技有限公司新建项目,78.3,73.3,100.0,50.0,100.0,100.0,79.5,mismatch,company_not_strict_match;project_type_not_found_in_approval
pair_06278,R00939,A03787,E:\软件\mineru_extracted\2026_2026年4月20日建设项目环境影响报告表受理公告（佛山市生态环境局顺德分局）_1_mineru\full.md,佛山市宝蒙科技有限公司,佛山市宝蒙科技有限公司扩建项首,E:\软件\2023-2026年顺德批复文件\2024_佛环03环审〔2024〕127号.pdf,佛山市鑫奎隆科技有限公司,佛山市鑫奎隆科技有限公司新建项目,78.3,73.3,100.0,50.0,100.0,100.0,79.5,mismatch,company_not_strict_match;project_type_not_found_in_approval
pair_06279,R00939,A04006,E:\软件\mineru_extracted\2026_2026年4月20日建设项目环境影响报告表受理公告（佛山市生态环境局顺德分局）_1_mineru\full.md,佛山市宝蒙科技有限公司,佛山市宝蒙科技有限公司扩建项首,E:\软件\2023-2026年顺德批复文件\2024_佛环03环审〔2024〕356号.pdf,佛山市通能达科技有限公司,佛山市 通能达科技有限公司新建项目建设项目,78.3,73.3,100.0,50.0,100.0,100.0,79.5,mismatch,company_not_strict_match;project_type_not_found_in_approval
pair_06280,R00939,A04484,E:\软件\mineru_extracted\2026_2026年4月20日建设项目环境影响报告表受理公告（佛山市生态环境局顺德分局）_1_mineru\full.md,佛山市宝蒙科技有限公司,佛山市宝蒙科技有限公司扩建项首,E:\软件\2023-2026年顺德批复文件\2025_佛环03环审〔2025〕327号佛山市生态环境局关于佛山市禾易盛科技有限公司迁扩建项目建设项目环境影响报告表的批复.pdf,佛山市禾易盛科技有限公司,佛山市禾 易盛科技有限公司迁扩建项目建设项目,78.3,73.3,100.0,100.0,50.0,100.0,79.5,mismatch,company_not_strict_match
pair_06281,R00939,A04687,E:\软件\mineru_extracted\2026_2026年4月20日建设项目环境影响报告表受理公告（佛山市生态环境局顺德分局）_1_mineru\full.md,佛山市宝蒙科技有限公司,佛山市宝蒙科技有限公司扩建项首,E:\软件\2023-2026年顺德批复文件\2026_佛环03环审〔2026〕134号佛山市生态环境局关于佛山市浩博瑞科技有限公司新建项目建设项目环境影响报告表的批复.pdf,佛山市浩博瑞科技有限公司,佛山市浩 博瑞科技有限公司新建项目建设项目,78.3,73.3,100.0,50.0,100.0,100.0,79.5,mismatch,company_not_strict_match;project_type_not_found_in_approval
pair_06282,R00959,A02398,E:\软件\mineru_extracted\2026_2026年4月24日建设项目环境影响报告表受理公告（佛山市生态环境局顺德分局）_3_mineru\full.md,佛山市勤邦科技有限公司,佛山市勤邦科技有限公司新建项目,E:\软件\环评原始数据\顺德区批复\2026_佛环03环审〔2026〕70号佛山市生态环境局关于佛山市忠飞鑫科技有限公司扩建项目建设项目环境影响报告表的批复.pdf,佛山市忠飞鑫科技有限公司,佛山 市忠飞鑫科技有限公司扩建项目建设项目,78.3,73.3,100.0,100.0,50.0,100.0,79.5,mismatch,company_not_strict_match
pair_06283,R00959,A04751,E:\软件\mineru_extracted\2026_2026年4月24日建设项目环境影响报告表受理公告（佛山市生态环境局顺德分局）_3_mineru\full.md,佛山市勤邦科技有限公司,佛山市勤邦科技有限公司新建项目,E:\软件\2023-2026年顺德批复文件\2026_佛环03环审〔2026〕70号佛山市生态环境局关于佛山市忠飞鑫科技有限公司扩建项目建设项目环境影响报告表的批复.pdf,佛山市忠飞鑫科技有限公司,佛山 市忠飞鑫科技有限公司扩建项目建设项目,78.3,73.3,100.0,100.0,50.0,100.0,79.5,mismatch,company_not_strict_match
pair_06284,R00979,A02398,E:\软件\mineru_extracted\2026_2026年4月8日建设项目环境影响报告表受理公告（伦教）_1_mineru\full.md,佛山市相屿科技有限公司,佛山市相屿科技有限公司新建项目,E:\软件\环评原始数据\顺德区批复\2026_佛环03环审〔2026〕70号佛山市生态环境局关于佛山市忠飞鑫科技有限公司扩建项目建设项目环境影响报告表的批复.pdf,佛山市忠飞鑫科技有限公司,佛山 市忠飞鑫科技有限公司扩建项目建设项目,78.3,73.3,100.0,100.0,50.0,100.0,79.5,mismatch,company_not_strict_match
pair_06285,R00979,A04751,E:\软件\mineru_extracted\2026_2026年4月8日建设项目环境影响报告表受理公告（伦教）_1_mineru\full.md,佛山市相屿科技有限公司,佛山市相屿科技有限公司新建项目,E:\软件\2023-2026年顺德批复文件\2026_佛环03环审〔2026〕70号佛山市生态环境局关于佛山市忠飞鑫科技有限公司扩建项目建设项目环境影响报告表的批复.pdf,佛山市忠飞鑫科技有限公司,佛山 市忠飞鑫科技有限公司扩建项目建设项目,78.3,73.3,100.0,100.0,50.0,100.0,79.5,mismatch,company_not_strict_match
pair_06286,R01018,A02398,E:\软件\mineru_extracted\2026_2026年5月27日建设项目环境影响报告表受理公告（佛山市生态环境局顺德分局）_3_mineru\full.md,佛山市精钛科技有限公司,佛山市精钛科技有限公司新建项目,E:\软件\环评原始数据\顺德区批复\2026_佛环03环审〔2026〕70号佛山市生态环境局关于佛山市忠飞鑫科技有限公司扩建项目建设项目环境影响报告表的批复.pdf,佛山市忠飞鑫科技有限公司,佛山 市忠飞鑫科技有限公司扩建项目建设项目,78.3,73.3,100.0,100.0,50.0,100.0,79.5,mismatch,company_not_strict_match
pair_06287,R01018,A04751,E:\软件\mineru_extracted\2026_2026年5月27日建设项目环境影响报告表受理公告（佛山市生态环境局顺德分局）_3_mineru\full.md,佛山市精钛科技有限公司,佛山市精钛科技有限公司新建项目,E:\软件\2023-2026年顺德批复文件\2026_佛环03环审〔2026〕70号佛山市生态环境局关于佛山市忠飞鑫科技有限公司扩建项目建设项目环境影响报告表的批复.pdf,佛山市忠飞鑫科技有限公司,佛山 市忠飞鑫科技有限公司扩建项目建设项目,78.3,73.3,100.0,100.0,50.0,100.0,79.5,mismatch,company_not_strict_match
pair_06288,R00428,A01480,E:\软件\mineru_extracted\2024_2024年12月27日建设项目环境影响报告书（表）受理公告（佛山市生态环境局顺德分局）_2_mineru\full.md,佛山市顺德区鸿铁电器器业有限公司,佛山市顺德区鸿铁电器器业有限公司新建项目,E:\软件\环评原始数据\顺德区批复\2024_佛环03环审〔2024〕175号.pdf,佛山市顺德区迪迦鞋业有限公司,佛山市顺 德区迪迦鞋业有限公司新建项目建设项目,73.3,78.9,100.0,50.0,100.0,100.0,79.5,mismatch,company_not_strict_match;project_type_not_found_in_approval
pair_06289,R00428,A01487,E:\软件\mineru_extracted\2024_2024年12月27日建设项目环境影响报告书（表）受理公告（佛山市生态环境局顺德分局）_2_mineru\full.md,佛山市顺德区鸿铁电器器业有限公司,佛山市顺德区鸿铁电器器业有限公司新建项目,E:\软件\环评原始数据\顺德区批复\2024_佛环03环审〔2024〕184号.pdf,佛山市顺德区致峰电线有限公司,佛山市顺 德区致峰电线有限公司新建项目,73.3,78.9,100.0,50.0,100.0,100.0,79.5,mismatch,company_not_strict_match;project_type_not_found_in_approval
pair_06290,R00428,A03833,E:\软件\mineru_extracted\2024_2024年12月27日建设项目环境影响报告书（表）受理公告（佛山市生态环境局顺德分局）_2_mineru\full.md,佛山市顺德区鸿铁电器器业有限公司,佛山市顺德区鸿铁电器器业有限公司新建项目,E:\软件\2023-2026年顺德批复文件\2024_佛环03环审〔2024〕175号.pdf,佛山市顺德区迪迦鞋业有限公司,佛山市顺 德区迪迦鞋业有限公司新建项目建设项目,73.3,78.9,100.0,50.0,100.0,100.0,79.5,mismatch,company_not_strict_match;project_type_not_found_in_approval
pair_06291,R00428,A03840,E:\软件\mineru_extracted\2024_2024年12月27日建设项目环境影响报告书（表）受理公告（佛山市生态环境局顺德分局）_2_mineru\full.md,佛山市顺德区鸿铁电器器业有限公司,佛山市顺德区鸿铁电器器业有限公司新建项目,E:\软件\2023-2026年顺德批复文件\2024_佛环03环审〔2024〕184号.pdf,佛山市顺德区致峰电线有限公司,佛山市顺 德区致峰电线有限公司新建项目,73.3,78.9,100.0,50.0,100.0,100.0,79.5,mismatch,company_not_strict_match;project_type_not_found_in_approval
pair_06292,R00666,A01718,E:\软件\mineru_extracted\2024_2024年8月9日建设项目环境影响报告表受理公告（容桂）_2_mineru\full.md,佛山市顺德区全华艺饰品有限公司,佛山市顺德区全华艺饰品有限公司新建项目,E:\软件\环评原始数据\顺德区批复\2024_佛环03环审〔2024〕41号.pdf,佛山市顺德区广铭铝制品有限公司,佛山市 顺德区广铭铝制品有限公司新建项目建设项目,73.3,78.9,100.0,50.0,100.0,100.0,79.5,mismatch,company_not_strict_match;project_type_not_found_in_approval
pair_06293,R00666,A04071,E:\软件\mineru_extracted\2024_2024年8月9日建设项目环境影响报告表受理公告（容桂）_2_mineru\full.md,佛山市顺德区全华艺饰品有限公司,佛山市顺德区全华艺饰品有限公司新建项目,E:\软件\2023-2026年顺德批复文件\2024_佛环03环审〔2024〕41号.pdf,佛山市顺德区广铭铝制品有限公司,佛山市 顺德区广铭铝制品有限公司新建项目建设项目,73.3,78.9,100.0,50.0,100.0,100.0,79.5,mismatch,company_not_strict_match;project_type_not_found_in_approval
pair_06294,R00818,A00610,E:\软件\mineru_extracted\2025_2025年3月17日建设项目环境影响报告书（表）受理公告（佛山市生态环境局顺德分局）_1_mineru\full.md,佛山市顺德区新盈塑料品有限公司,佛山市顺德区新盈塑料品有限公司新建项目,E:\软件\环评原始数据\顺德区批复\2022_佛环0304环审〔2022〕107号  佛山市生态环境局关于佛山市顺德区明塑达五金有限公司新建项目环境影响报告表的批复.pdf,佛山市顺德区明塑达五金有限公司,佛山市顺德区明塑达五金有限公司新建项目,73.3,78.9,100.0,50.0,100.0,100.0,79.5,mismatch,company_not_strict_match;project_type_not_found_in_approval
pair_06295,R00818,A02963,E:\软件\mineru_extracted\2025_2025年3月17日建设项目环境影响报告书（表）受理公告（佛山市生态环境局顺德分局）_1_mineru\full.md,佛山市顺德区新盈塑料品有限公司,佛山市顺德区新盈塑料品有限公司新建项目,E:\软件\2023-2026年顺德批复文件\2022_佛环0304环审〔2022〕107号  佛山市生态环境局关于佛山市顺德区明塑达五金有限公司新建项目环境影响报告表的批复.pdf,佛山市顺德区明塑达五金有限公司,佛山市顺德区明塑达五金有限公司新建项目,73.3,78.9,100.0,50.0,100.0,100.0,79.5,mismatch,company_not_strict_match;project_type_not_found_in_approval
pair_06296,R01194,A01656,E:\软件\环评原始数据\顺德区受理报告\2022_2022年3月24日项目环境影响报告受理公告（勒流）_5211876.pdf,佛山市嵘禄五金塑料制品有限公司,佛山市嵘禄五金塑料制品有限公司新建项目,E:\软件\环评原始数据\顺德区批复\2024_佛环03环审〔2024〕359号.pdf,佛山市运泉五金塑料电器有限公司,佛山市运 泉五金塑料电器有限公司新建项目建设项目,73.3,78.9,100.0,50.0,100.0,100.0,79.5,mismatch,company_not_strict_match;project_type_not_found_in_approval
pair_06297,R01194,A04009,E:\软件\环评原始数据\顺德区受理报告\2022_2022年3月24日项目环境影响报告受理公告（勒流）_5211876.pdf,佛山市嵘禄五金塑料制品有限公司,佛山市嵘禄五金塑料制品有限公司新建项目,E:\软件\2023-2026年顺德批复文件\2024_佛环03环审〔2024〕359号.pdf,佛山市运泉五金塑料电器有限公司,佛山市运 泉五金塑料电器有限公司新建项目建设项目,73.3,78.9,100.0,50.0,100.0,100.0,79.5,mismatch,company_not_strict_match;project_type_not_found_in_approval
pair_06298,R01195,A01656,E:\软件\环评原始数据\顺德区受理报告\2022_2022年3月24日项目环境影响报告受理公告（勒流）_5211876.pdf.pdf,佛山市嵘禄五金塑料制品有限公司,佛山市嵘禄五金塑料制品有限公司新建项目,E:\软件\环评原始数据\顺德区批复\2024_佛环03环审〔2024〕359号.pdf,佛山市运泉五金塑料电器有限公司,佛山市运 泉五金塑料电器有限公司新建项目建设项目,73.3,78.9,100.0,50.0,100.0,100.0,79.5,mismatch,company_not_strict_match;project_type_not_found_in_approval
pair_06299,R01195,A04009,E:\软件\环评原始数据\顺德区受理报告\2022_2022年3月24日项目环境影响报告受理公告（勒流）_5211876.pdf.pdf,佛山市嵘禄五金塑料制品有限公司,佛山市嵘禄五金塑料制品有限公司新建项目,E:\软件\2023-2026年顺德批复文件\2024_佛环03环审〔2024〕359号.pdf,佛山市运泉五金塑料电器有限公司,佛山市运 泉五金塑料电器有限公司新建项目建设项目,73.3,78.9,100.0,50.0,100.0,100.0,79.5,mismatch,company_not_strict_match;project_type_not_found_in_approval
pair_06300,R01202,A01656,E:\软件\环评原始数据\顺德区受理报告\2022_2022年5月12日项目环境影响报告受理公告（勒流）_5260017.pdf,佛山市嵘禄五金塑料制品有限公司,佛山市嵘禄五金塑料制品有限公司新建项目,E:\软件\环评原始数据\顺德区批复\2024_佛环03环审〔2024〕359号.pdf,佛山市运泉五金塑料电器有限公司,佛山市运 泉五金塑料电器有限公司新建项目建设项目,73.3,78.9,100.0,50.0,100.0,100.0,79.5,mismatch,company_not_strict_match;project_type_not_found_in_approval
pair_06301,R01202,A04009,E:\软件\环评原始数据\顺德区受理报告\2022_2022年5月12日项目环境影响报告受理公告（勒流）_5260017.pdf,佛山市嵘禄五金塑料制品有限公司,佛山市嵘禄五金塑料制品有限公司新建项目,E:\软件\2023-2026年顺德批复文件\2024_佛环03环审〔2024〕359号.pdf,佛山市运泉五金塑料电器有限公司,佛山市运 泉五金塑料电器有限公司新建项目建设项目,73.3,78.9,100.0,50.0,100.0,100.0,79.5,mismatch,company_not_strict_match;project_type_not_found_in_approval
pair_06302,R00428,A01754,E:\软件\mineru_extracted\2024_2024年12月27日建设项目环境影响报告书（表）受理公告（佛山市生态环境局顺德分局）_2_mineru\full.md,佛山市顺德区鸿铁电器器业有限公司,佛山市顺德区鸿铁电器器业有限公司新建项目,E:\软件\环评原始数据\顺德区批复\2024_佛环03环审〔2024〕79号.pdf,佛山市顺德区友业塑料有限公司,佛 山市顺德区友业塑料有限公司改扩建项目,73.3,71.8,100.0,100.0,100.0,100.0,79.5,mismatch,company_not_strict_match
pair_06303,R00428,A02019,E:\软件\mineru_extracted\2024_2024年12月27日建设项目环境影响报告书（表）受理公告（佛山市生态环境局顺德分局）_2_mineru\full.md,佛山市顺德区鸿铁电器器业有限公司,佛山市顺德区鸿铁电器器业有限公司新建项目,E:\软件\环评原始数据\顺德区批复\2025_佛环03环审〔2025〕215号佛山市生态环境局关于佛山市顺德区施恩电气有限公司迁扩建项目建设项目环境影响报告表的批复.pdf,佛山市顺德区施恩电气有限公司,佛山市顺 德区施恩电气有限公司迁扩建项目建设项目,73.3,71.8,100.0,100.0,100.0,100.0,79.5,mismatch,company_not_strict_match
pair_06304,R00428,A04107,E:\软件\mineru_extracted\2024_2024年12月27日建设项目环境影响报告书（表）受理公告（佛山市生态环境局顺德分局）_2_mineru\full.md,佛山市顺德区鸿铁电器器业有限公司,佛山市顺德区鸿铁电器器业有限公司新建项目,E:\软件\2023-2026年顺德批复文件\2024_佛环03环审〔2024〕79号.pdf,佛山市顺德区友业塑料有限公司,佛 山市顺德区友业塑料有限公司改扩建项目,73.3,71.8,100.0,100.0,100.0,100.0,79.5,mismatch,company_not_strict_match
pair_06305,R00428,A04372,E:\软件\mineru_extracted\2024_2024年12月27日建设项目环境影响报告书（表）受理公告（佛山市生态环境局顺德分局）_2_mineru\full.md,佛山市顺德区鸿铁电器器业有限公司,佛山市顺德区鸿铁电器器业有限公司新建项目,E:\软件\2023-2026年顺德批复文件\2025_佛环03环审〔2025〕215号佛山市生态环境局关于佛山市顺德区施恩电气有限公司迁扩建项目建设项目环境影响报告表的批复.pdf,佛山市顺德区施恩电气有限公司,佛山市顺 德区施恩电气有限公司迁扩建项目建设项目,73.3,71.8,100.0,100.0,100.0,100.0,79.5,mismatch,company_not_strict_match
pair_06306,R00702,A01456,E:\软件\mineru_extracted\2024_2024年9月19日建设项目环境影响报告书（表）受理公告（佛山市生态环境局顺德分局）_1_mineru\full.md,佛山市坤琪玲塑料制品有限公司,佛山市坤琪玲塑料制品有限公司新建项目,E:\软件\环评原始数据\顺德区批复\2024_佛环03环审〔2024〕150号.pdf,佛山市佛之杰五金塑料制品有限公司,佛山 市佛之杰五金塑料制品有限公司迁扩建项目,73.3,71.8,100.0,100.0,100.0,100.0,79.5,mismatch,company_not_strict_match
pair_06307,R00702,A03809,E:\软件\mineru_extracted\2024_2024年9月19日建设项目环境影响报告书（表）受理公告（佛山市生态环境局顺德分局）_1_mineru\full.md,佛山市坤琪玲塑料制品有限公司,佛山市坤琪玲塑料制品有限公司新建项目,E:\软件\2023-2026年顺德批复文件\2024_佛环03环审〔2024〕150号.pdf,佛山市佛之杰五金塑料制品有限公司,佛山 市佛之杰五金塑料制品有限公司迁扩建项目,73.3,71.8,100.0,100.0,100.0,100.0,79.5,mismatch,company_not_strict_match
pair_06308,R00782,A02199,E:\软件\mineru_extracted\2025_2025年2月14日建设项目环境影响报告书（表）受理公告（佛山市生态环境局顺德分局）_2_mineru\full.md,佛山市顺德区百帝电器制造有限公司,佛山市顺德区百帝电器制造有限公司迁建项目,E:\软件\环评原始数据\顺德区批复\2025_佛环03环审〔2025〕4号.pdf,佛山市顺德区帮全电子有限公司,佛山市 顺德区帮全电子有限公司改扩建项目建设项目,73.3,71.8,100.0,100.0,100.0,100.0,79.5,mismatch,company_not_strict_match
pair_06309,R00782,A04552,E:\软件\mineru_extracted\2025_2025年2月14日建设项目环境影响报告书（表）受理公告（佛山市生态环境局顺德分局）_2_mineru\full.md,佛山市顺德区百帝电器制造有限公司,佛山市顺德区百帝电器制造有限公司迁建项目,E:\软件\2023-2026年顺德批复文件\2025_佛环03环审〔2025〕4号.pdf,佛山市顺德区帮全电子有限公司,佛山市 顺德区帮全电子有限公司改扩建项目建设项目,73.3,71.8,100.0,100.0,100.0,100.0,79.5,mismatch,company_not_strict_match
pair_06310,R00018,A01444,E:\软件\mineru_extracted\2023_2023年10月30日建设项目环境影响报告书（表）受理公告（杏坛）_mineru\full.md,佛山市恺源电器有限公司,佛山市恺源电器有限公司年产家电灯饰配件3000万件新建自 限公,E:\软件\环评原始数据\顺德区批复\2024_佛环03环审〔2024〕138号.pdf,佛山市依皇电器有限公司,佛山市依 皇电器有限公司新建项目,81.8,69.2,100.0,50.0,100.0,100.0,79.5,mismatch,company_not_strict_match;project_type_not_found_in_approval
pair_06311,R00018,A03797,E:\软件\mineru_extracted\2023_2023年10月30日建设项目环境影响报告书（表）受理公告（杏坛）_mineru\full.md,佛山市恺源电器有限公司,佛山市恺源电器有限公司年产家电灯饰配件3000万件新建自 限公,E:\软件\2023-2026年顺德批复文件\2024_佛环03环审〔2024〕138号.pdf,佛山市依皇电器有限公司,佛山市依 皇电器有限公司新建项目,81.8,69.2,100.0,50.0,100.0,100.0,79.5,mismatch,company_not_strict_match;project_type_not_found_in_approval
pair_06312,R00265,A01444,E:\软件\mineru_extracted\2023_2023年7月7日建设项目环境影响报告书（表）受理公告（杏坛）_mineru\full.md,佛山市恺源电器有限公司,佛山市恺源电器有限公司年产家电灯饰配件3000 万件新建项目,E:\软件\环评原始数据\顺德区批复\2024_佛环03环审〔2024〕138号.pdf,佛山市依皇电器有限公司,佛山市依 皇电器有限公司新建项目,81.8,69.2,100.0,50.0,100.0,100.0,79.5,mismatch,company_not_strict_match;project_type_not_found_in_approval
pair_06313,R00265,A03797,E:\软件\mineru_extracted\2023_2023年7月7日建设项目环境影响报告书（表）受理公告（杏坛）_mineru\full.md,佛山市恺源电器有限公司,佛山市恺源电器有限公司年产家电灯饰配件3000 万件新建项目,E:\软件\2023-2026年顺德批复文件\2024_佛环03环审〔2024〕138号.pdf,佛山市依皇电器有限公司,佛山市依 皇电器有限公司新建项目,81.8,69.2,100.0,50.0,100.0,100.0,79.5,mismatch,company_not_strict_match;project_type_not_found_in_approval
pair_06314,R00939,A01134,E:\软件\mineru_extracted\2026_2026年4月20日建设项目环境影响报告表受理公告（佛山市生态环境局顺德分局）_1_mineru\full.md,佛山市宝蒙科技有限公司,佛山市宝蒙科技有限公司扩建项首,E:\软件\环评原始数据\顺德区批复\2023_佛环03环审〔2023〕78号.pdf,佛山市厚芯科技有限公司,佛山市厚芯科技有限公司年产圆管发热体 136.59 万个新建项目建设项目,81.8,69.2,100.0,50.0,100.0,100.0,79.5,mismatch,company_not_strict_match;project_type_not_found_in_approval
pair_06315,R00939,A03487,E:\软件\mineru_extracted\2026_2026年4月20日建设项目环境影响报告表受理公告（佛山市生态环境局顺德分局）_1_mineru\full.md,佛山市宝蒙科技有限公司,佛山市宝蒙科技有限公司扩建项首,E:\软件\2023-2026年顺德批复文件\2023_佛环03环审〔2023〕78号.pdf,佛山市厚芯科技有限公司,佛山市厚芯科技有限公司年产圆管发热体 136.59 万个新建项目建设项目,81.8,69.2,100.0,50.0,100.0,100.0,79.5,mismatch,company_not_strict_match;project_type_not_found_in_approval
pair_06316,R01100,A00444,E:\软件\环评原始数据\顺德区受理报告\2021_2021年4月25日建设项目环境影响报告受理公告（乐从）_4778858.pdf.pdf,佛山市顺德区赛界五金厂,佛山市顺德区赛界五金厂新建项目,E:\软件\环评原始数据\顺德区批复\2021_赛科尔批复.pdf,佛山市顺德区赛科尔五金电器有限公司,佛山市顺德区赛科尔五金电器有限公司年产 五金制品 1300 万件搬迁扩建项目,81.8,69.2,100.0,100.0,50.0,100.0,79.5,mismatch,company_not_strict_match
pair_06317,R01100,A01247,E:\软件\环评原始数据\顺德区受理报告\2021_2021年4月25日建设项目环境影响报告受理公告（乐从）_4778858.pdf.pdf,佛山市顺德区赛界五金厂,佛山市顺德区赛界五金厂新建项目,E:\软件\环评原始数据\顺德区批复\2024_佛山市生态环境局关于佛山市万朗磁塑制品有限公司顺德分公司新建项目建设项目环境影响报告表的批复.pdf,佛山市顺德区壹驰五金厂,佛山 市顺德区壹驰五金厂迁改扩建项目建设项目,81.8,69.2,100.0,100.0,50.0,100.0,79.5,mismatch,company_not_strict_match
pair_06318,R01100,A02797,E:\软件\环评原始数据\顺德区受理报告\2021_2021年4月25日建设项目环境影响报告受理公告（乐从）_4778858.pdf.pdf,佛山市顺德区赛界五金厂,佛山市顺德区赛界五金厂新建项目,E:\软件\2023-2026年顺德批复文件\2021_赛科尔批复.pdf,佛山市顺德区赛科尔五金电器有限公司,佛山市顺德区赛科尔五金电器有限公司年产 五金制品 1300 万件搬迁扩建项目,81.8,69.2,100.0,100.0,50.0,100.0,79.5,mismatch,company_not_strict_match
pair_06319,R01100,A03600,E:\软件\环评原始数据\顺德区受理报告\2021_2021年4月25日建设项目环境影响报告受理公告（乐从）_4778858.pdf.pdf,佛山市顺德区赛界五金厂,佛山市顺德区赛界五金厂新建项目,E:\软件\2023-2026年顺德批复文件\2024_佛山市生态环境局关于佛山市万朗磁塑制品有限公司顺德分公司新建项目建设项目环境影响报告表的批复.pdf,佛山市顺德区壹驰五金厂,佛山 市顺德区壹驰五金厂迁改扩建项目建设项目,81.8,69.2,100.0,100.0,50.0,100.0,79.5,mismatch,company_not_strict_match
pair_06320,R00110,A02316,E:\软件\mineru_extracted\2023_2023年2月24日建设项目环境影响报告受理公告（容桂）_1_mineru\full.md,佛山市顺德区睿宏塑料制品厂,佛山市顺德区睿宏塑补制品厂迁扩建项目建设单位（盖章）：佛山市顺德区宏塑制品,E:\软件\环评原始数据\顺德区批复\2026_佛环03环审〔2026〕118号佛山市生态环境局关于佛山市顺德区汉荣塑料制品厂搬迁项目建设项目环境影响报告表的批复.pdf,佛山市顺德区汉荣塑料制品厂,佛山 市顺德区汉荣塑料制品厂搬迁项目建设项目,84.6,73.2,100.0,50.0,50.0,100.0,79.5,mismatch,company_not_strict_match;project_type_not_found_in_approval
pair_06321,R00110,A04669,E:\软件\mineru_extracted\2023_2023年2月24日建设项目环境影响报告受理公告（容桂）_1_mineru\full.md,佛山市顺德区睿宏塑料制品厂,佛山市顺德区睿宏塑补制品厂迁扩建项目建设单位（盖章）：佛山市顺德区宏塑制品,E:\软件\2023-2026年顺德批复文件\2026_佛环03环审〔2026〕118号佛山市生态环境局关于佛山市顺德区汉荣塑料制品厂搬迁项目建设项目环境影响报告表的批复.pdf,佛山市顺德区汉荣塑料制品厂,佛山 市顺德区汉荣塑料制品厂搬迁项目建设项目,84.6,73.2,100.0,50.0,50.0,100.0,79.5,mismatch,company_not_strict_match;project_type_not_found_in_approval
pair_06322,R00055,A02258,E:\软件\mineru_extracted\2023_2023年12月21日建设项目环境影响报告受理公告（容桂）_3_mineru\full.md,模具有限公司,佛山市坤泽模具有限,E:\软件\环评原始数据\顺德区批复\2026_佛山市生态环境局关于佛山市宏麟精密模具有限公司新建项目环境影响报告表的批复（无章）.pdf,佛山市宏麟精密模具有限公司,佛 山市宏麟精密模具有限公司新建项目,100.0,55.6,100.0,50.0,50.0,100.0,79.4,mismatch,project_name_not_strict_match;project_type_not_found_in_approval
pair_06323,R00055,A04611,E:\软件\mineru_extracted\2023_2023年12月21日建设项目环境影响报告受理公告（容桂）_3_mineru\full.md,模具有限公司,佛山市坤泽模具有限,E:\软件\2023-2026年顺德批复文件\2026_佛山市生态环境局关于佛山市宏麟精密模具有限公司新建项目环境影响报告表的批复（无章）.pdf,佛山市宏麟精密模具有限公司,佛 山市宏麟精密模具有限公司新建项目,100.0,55.6,100.0,50.0,50.0,100.0,79.4,mismatch,project_name_not_strict_match;project_type_not_found_in_approval
pair_06324,R00964,A01432,E:\软件\mineru_extracted\2026_2026年4月28日建设项目环境影响报告表受理公告（佛山市生态环境局顺德分局）_1_mineru\full.md,佛山市电器科技有限公司,佛山市宇一电器科技有限器稀车间新建项目,E:\软件\环评原始数据\顺德区批复\2024_佛环03环审〔2024〕125号.pdf,佛山市菱烨电器科技有限公司,佛山 市菱烨电器科技有限公司新建项目建设项目,91.7,72.2,100.0,50.0,100.0,0.0,79.4,mismatch,company_not_strict_match;project_type_not_found_in_approval
pair_06325,R00964,A03785,E:\软件\mineru_extracted\2026_2026年4月28日建设项目环境影响报告表受理公告（佛山市生态环境局顺德分局）_1_mineru\full.md,佛山市电器科技有限公司,佛山市宇一电器科技有限器稀车间新建项目,E:\软件\2023-2026年顺德批复文件\2024_佛环03环审〔2024〕125号.pdf,佛山市菱烨电器科技有限公司,佛山 市菱烨电器科技有限公司新建项目建设项目,91.7,72.2,100.0,50.0,100.0,0.0,79.4,mismatch,company_not_strict_match;project_type_not_found_in_approval
pair_06326,R01170,A00047,E:\软件\环评原始数据\顺德区受理报告\2022_2022年11月8日建设项目环境影响报告书（表）受理公告（龙江）_5439551.pdf,佛山市顺德区堉圣研磨材料有限公司,佛山市顺德区堉圣研磨材料有限公司扩建项目,E:\软件\环评原始数据\佛山市批复\2024_关于2024年3月6日至2024年6月7日作出的环境影响评价_5981877.pdf,材料有限公司,佛山市三 水区淼城建筑材料有限公司年产能 144 万 m 3 的预拌混凝土搅拌 站新建项目,100.0,55.6,100.0,50.0,50.0,100.0,79.4,mismatch,project_name_not_strict_match;project_type_not_found_in_approval
pair_06327,R00650,A01629,E:\软件\mineru_extracted\2024_2024年8月29日建设项目环境影响报告书（表）受理公告（龙江）_2_mineru\full.md,佛山市绿淳环保科技有限公司,佛山市绿淳环保科技有限公司新建项目,E:\软件\环评原始数据\顺德区批复\2024_佛环03环审〔2024〕32号.pdf,广东省惠美庄环保科技有限公司,广东省惠 美庄环保科技有限公司新建项目,76.2,82.8,100.0,50.0,50.0,100.0,79.4,mismatch,company_not_strict_match;project_type_not_found_in_approval
pair_06328,R00650,A03982,E:\软件\mineru_extracted\2024_2024年8月29日建设项目环境影响报告书（表）受理公告（龙江）_2_mineru\full.md,佛山市绿淳环保科技有限公司,佛山市绿淳环保科技有限公司新建项目,E:\软件\2023-2026年顺德批复文件\2024_佛环03环审〔2024〕32号.pdf,广东省惠美庄环保科技有限公司,广东省惠 美庄环保科技有限公司新建项目,76.2,82.8,100.0,50.0,50.0,100.0,79.4,mismatch,company_not_strict_match;project_type_not_found_in_approval
pair_06329,R00739,A00554,E:\软件\mineru_extracted\2025_2025年12月10日建设项目环境影响报告表受理公告（佛山市生态环境局顺德分局）_1_mineru\full.md,佛山市嘉雷塑料制品有限公司,佛山市嘉雷塑料制品有限公司新建项目,E:\软件\环评原始数据\顺德区批复\2022_2022_5448448_1.pdf,佛山市顺德区骋明五金塑料制品有限公司,佛山市顺德区骋明五金塑料制品有限公司 新建项目,76.2,82.8,100.0,50.0,50.0,100.0,79.4,mismatch,company_not_strict_match;project_type_not_found_in_approval
pair_06330,R00739,A00973,E:\软件\mineru_extracted\2025_2025年12月10日建设项目环境影响报告表受理公告（佛山市生态环境局顺德分局）_1_mineru\full.md,佛山市嘉雷塑料制品有限公司,佛山市嘉雷塑料制品有限公司新建项目,E:\软件\环评原始数据\顺德区批复\2023_佛环0305环审〔2023〕12号【佛山市顺德区新致成塑料制品有限公司新建项目】.pdf,佛山市顺德区新致成塑料制品有限公司,佛山市顺德区新致成塑料制品有限公司新建 项目,76.2,82.8,100.0,50.0,50.0,100.0,79.4,mismatch,company_not_strict_match;project_type_not_found_in_approval
pair_06331,R00739,A01204,E:\软件\mineru_extracted\2025_2025年12月10日建设项目环境影响报告表受理公告（佛山市生态环境局顺德分局）_1_mineru\full.md,佛山市嘉雷塑料制品有限公司,佛山市嘉雷塑料制品有限公司新建项目,E:\软件\环评原始数据\顺德区批复\2023_关于佛山市顺德区诚尔威塑料制品有限公司新建项目环境影响报告表的批复.pdf,佛山市顺德区诚尔威塑料制品有限公司,佛山市顺德区诚尔威塑料制品有限公司新 建项目,76.2,82.8,100.0,50.0,50.0,100.0,79.4,mismatch,company_not_strict_match;project_type_not_found_in_approval
pair_06332,R00739,A02907,E:\软件\mineru_extracted\2025_2025年12月10日建设项目环境影响报告表受理公告（佛山市生态环境局顺德分局）_1_mineru\full.md,佛山市嘉雷塑料制品有限公司,佛山市嘉雷塑料制品有限公司新建项目,E:\软件\2023-2026年顺德批复文件\2022_2022_5448448_1.pdf,佛山市顺德区骋明五金塑料制品有限公司,佛山市顺德区骋明五金塑料制品有限公司 新建项目,76.2,82.8,100.0,50.0,50.0,100.0,79.4,mismatch,company_not_strict_match;project_type_not_found_in_approval
pair_06333,R00739,A03326,E:\软件\mineru_extracted\2025_2025年12月10日建设项目环境影响报告表受理公告（佛山市生态环境局顺德分局）_1_mineru\full.md,佛山市嘉雷塑料制品有限公司,佛山市嘉雷塑料制品有限公司新建项目,E:\软件\2023-2026年顺德批复文件\2023_佛环0305环审〔2023〕12号【佛山市顺德区新致成塑料制品有限公司新建项目】.pdf,佛山市顺德区新致成塑料制品有限公司,佛山市顺德区新致成塑料制品有限公司新建 项目,76.2,82.8,100.0,50.0,50.0,100.0,79.4,mismatch,company_not_strict_match;project_type_not_found_in_approval
pair_06334,R00739,A03557,E:\软件\mineru_extracted\2025_2025年12月10日建设项目环境影响报告表受理公告（佛山市生态环境局顺德分局）_1_mineru\full.md,佛山市嘉雷塑料制品有限公司,佛山市嘉雷塑料制品有限公司新建项目,E:\软件\2023-2026年顺德批复文件\2023_关于佛山市顺德区诚尔威塑料制品有限公司新建项目环境影响报告表的批复.pdf,佛山市顺德区诚尔威塑料制品有限公司,佛山市顺德区诚尔威塑料制品有限公司新 建项目,76.2,82.8,100.0,50.0,50.0,100.0,79.4,mismatch,company_not_strict_match;project_type_not_found_in_approval
pair_06335,R00958,A01729,E:\软件\mineru_extracted\2026_2026年4月24日建设项目环境影响报告表受理公告（佛山市生态环境局顺德分局）_2_mineru\full.md,广东中城威电器科技有限公司,广东中城威电器科技有限公司新建项目,E:\软件\环评原始数据\顺德区批复\2024_佛环03环审〔2024〕51号.pdf,佛山市泽宏盈电器科技有限公司,佛山市泽宏盈电器科技有限公司新建项目,76.2,82.8,100.0,50.0,50.0,100.0,79.4,mismatch,company_not_strict_match;project_type_not_found_in_approval
pair_06336,R00958,A04082,E:\软件\mineru_extracted\2026_2026年4月24日建设项目环境影响报告表受理公告（佛山市生态环境局顺德分局）_2_mineru\full.md,广东中城威电器科技有限公司,广东中城威电器科技有限公司新建项目,E:\软件\2023-2026年顺德批复文件\2024_佛环03环审〔2024〕51号.pdf,佛山市泽宏盈电器科技有限公司,佛山市泽宏盈电器科技有限公司新建项目,76.2,82.8,100.0,50.0,50.0,100.0,79.4,mismatch,company_not_strict_match;project_type_not_found_in_approval
pair_06337,R00959,A02278,E:\软件\mineru_extracted\2026_2026年4月24日建设项目环境影响报告表受理公告（佛山市生态环境局顺德分局）_3_mineru\full.md,佛山市勤邦科技有限公司,佛山市勤邦科技有限公司新建项目,E:\软件\环评原始数据\顺德区批复\2026_佛环0305环审〔2026〕1号【佛山市生态环境局关于佛山勇气科技有限公司新建项目建设项目环境影响报告表的批复】（公示版）.pdf,佛山勇气科技有限公司,佛山勇气 科技有限公司新建项目建设项目,76.2,82.8,100.0,50.0,50.0,100.0,79.4,mismatch,company_not_strict_match;project_type_not_found_in_approval
pair_06338,R00959,A02326,E:\软件\mineru_extracted\2026_2026年4月24日建设项目环境影响报告表受理公告（佛山市生态环境局顺德分局）_3_mineru\full.md,佛山市勤邦科技有限公司,佛山市勤邦科技有限公司新建项目,E:\软件\环评原始数据\顺德区批复\2026_佛环03环审〔2026〕127号佛山市生态环境局关于佛山孚硅科技有限公司新建项目建设项目环境影响报告表的批复.pdf,佛山孚硅科技有限公司,佛 山孚硅科技有限公司新建项目建设项目,76.2,82.8,100.0,50.0,50.0,100.0,79.4,mismatch,company_not_strict_match;project_type_not_found_in_approval
pair_06339,R00959,A04631,E:\软件\mineru_extracted\2026_2026年4月24日建设项目环境影响报告表受理公告（佛山市生态环境局顺德分局）_3_mineru\full.md,佛山市勤邦科技有限公司,佛山市勤邦科技有限公司新建项目,E:\软件\2023-2026年顺德批复文件\2026_佛环0305环审〔2026〕1号【佛山市生态环境局关于佛山勇气科技有限公司新建项目建设项目环境影响报告表的批复】（公示版）.pdf,佛山勇气科技有限公司,佛山勇气 科技有限公司新建项目建设项目,76.2,82.8,100.0,50.0,50.0,100.0,79.4,mismatch,company_not_strict_match;project_type_not_found_in_approval
pair_06340,R00959,A04679,E:\软件\mineru_extracted\2026_2026年4月24日建设项目环境影响报告表受理公告（佛山市生态环境局顺德分局）_3_mineru\full.md,佛山市勤邦科技有限公司,佛山市勤邦科技有限公司新建项目,E:\软件\2023-2026年顺德批复文件\2026_佛环03环审〔2026〕127号佛山市生态环境局关于佛山孚硅科技有限公司新建项目建设项目环境影响报告表的批复.pdf,佛山孚硅科技有限公司,佛 山孚硅科技有限公司新建项目建设项目,76.2,82.8,100.0,50.0,50.0,100.0,79.4,mismatch,company_not_strict_match;project_type_not_found_in_approval
pair_06341,R00979,A02278,E:\软件\mineru_extracted\2026_2026年4月8日建设项目环境影响报告表受理公告（伦教）_1_mineru\full.md,佛山市相屿科技有限公司,佛山市相屿科技有限公司新建项目,E:\软件\环评原始数据\顺德区批复\2026_佛环0305环审〔2026〕1号【佛山市生态环境局关于佛山勇气科技有限公司新建项目建设项目环境影响报告表的批复】（公示版）.pdf,佛山勇气科技有限公司,佛山勇气 科技有限公司新建项目建设项目,76.2,82.8,100.0,50.0,50.0,100.0,79.4,mismatch,company_not_strict_match;project_type_not_found_in_approval
pair_06342,R00979,A02326,E:\软件\mineru_extracted\2026_2026年4月8日建设项目环境影响报告表受理公告（伦教）_1_mineru\full.md,佛山市相屿科技有限公司,佛山市相屿科技有限公司新建项目,E:\软件\环评原始数据\顺德区批复\2026_佛环03环审〔2026〕127号佛山市生态环境局关于佛山孚硅科技有限公司新建项目建设项目环境影响报告表的批复.pdf,佛山孚硅科技有限公司,佛 山孚硅科技有限公司新建项目建设项目,76.2,82.8,100.0,50.0,50.0,100.0,79.4,mismatch,company_not_strict_match;project_type_not_found_in_approval
pair_06343,R00979,A04631,E:\软件\mineru_extracted\2026_2026年4月8日建设项目环境影响报告表受理公告（伦教）_1_mineru\full.md,佛山市相屿科技有限公司,佛山市相屿科技有限公司新建项目,E:\软件\2023-2026年顺德批复文件\2026_佛环0305环审〔2026〕1号【佛山市生态环境局关于佛山勇气科技有限公司新建项目建设项目环境影响报告表的批复】（公示版）.pdf,佛山勇气科技有限公司,佛山勇气 科技有限公司新建项目建设项目,76.2,82.8,100.0,50.0,50.0,100.0,79.4,mismatch,company_not_strict_match;project_type_not_found_in_approval
pair_06344,R00979,A04679,E:\软件\mineru_extracted\2026_2026年4月8日建设项目环境影响报告表受理公告（伦教）_1_mineru\full.md,佛山市相屿科技有限公司,佛山市相屿科技有限公司新建项目,E:\软件\2023-2026年顺德批复文件\2026_佛环03环审〔2026〕127号佛山市生态环境局关于佛山孚硅科技有限公司新建项目建设项目环境影响报告表的批复.pdf,佛山孚硅科技有限公司,佛 山孚硅科技有限公司新建项目建设项目,76.2,82.8,100.0,50.0,50.0,100.0,79.4,mismatch,company_not_strict_match;project_type_not_found_in_approval
pair_06345,R01018,A02278,E:\软件\mineru_extracted\2026_2026年5月27日建设项目环境影响报告表受理公告（佛山市生态环境局顺德分局）_3_mineru\full.md,佛山市精钛科技有限公司,佛山市精钛科技有限公司新建项目,E:\软件\环评原始数据\顺德区批复\2026_佛环0305环审〔2026〕1号【佛山市生态环境局关于佛山勇气科技有限公司新建项目建设项目环境影响报告表的批复】（公示版）.pdf,佛山勇气科技有限公司,佛山勇气 科技有限公司新建项目建设项目,76.2,82.8,100.0,50.0,50.0,100.0,79.4,mismatch,company_not_strict_match;project_type_not_found_in_approval
pair_06346,R01018,A02326,E:\软件\mineru_extracted\2026_2026年5月27日建设项目环境影响报告表受理公告（佛山市生态环境局顺德分局）_3_mineru\full.md,佛山市精钛科技有限公司,佛山市精钛科技有限公司新建项目,E:\软件\环评原始数据\顺德区批复\2026_佛环03环审〔2026〕127号佛山市生态环境局关于佛山孚硅科技有限公司新建项目建设项目环境影响报告表的批复.pdf,佛山孚硅科技有限公司,佛 山孚硅科技有限公司新建项目建设项目,76.2,82.8,100.0,50.0,50.0,100.0,79.4,mismatch,company_not_strict_match;project_type_not_found_in_approval
pair_06347,R01018,A04631,E:\软件\mineru_extracted\2026_2026年5月27日建设项目环境影响报告表受理公告（佛山市生态环境局顺德分局）_3_mineru\full.md,佛山市精钛科技有限公司,佛山市精钛科技有限公司新建项目,E:\软件\2023-2026年顺德批复文件\2026_佛环0305环审〔2026〕1号【佛山市生态环境局关于佛山勇气科技有限公司新建项目建设项目环境影响报告表的批复】（公示版）.pdf,佛山勇气科技有限公司,佛山勇气 科技有限公司新建项目建设项目,76.2,82.8,100.0,50.0,50.0,100.0,79.4,mismatch,company_not_strict_match;project_type_not_found_in_approval
pair_06348,R01018,A04679,E:\软件\mineru_extracted\2026_2026年5月27日建设项目环境影响报告表受理公告（佛山市生态环境局顺德分局）_3_mineru\full.md,佛山市精钛科技有限公司,佛山市精钛科技有限公司新建项目,E:\软件\2023-2026年顺德批复文件\2026_佛环03环审〔2026〕127号佛山市生态环境局关于佛山孚硅科技有限公司新建项目建设项目环境影响报告表的批复.pdf,佛山孚硅科技有限公司,佛 山孚硅科技有限公司新建项目建设项目,76.2,82.8,100.0,50.0,50.0,100.0,79.4,mismatch,company_not_strict_match;project_type_not_found_in_approval
pair_06349,R00565,A01389,E:\软件\mineru_extracted\2024_2024年7月18日建设项目环境影响报告书（表）受理公告（佛山市生态环境局顺德分局）_9_mineru\full.md,佛山市顺德区谦迅盛塑料制品厂,佛山市顺德区谦迅盛塑料制品新建项目,E:\软件\环评原始数据\顺德区批复\2024_佛环0309环审〔2024〕19号（佳兴茂）.pdf,佛山市顺德区佳兴茂塑料制品厂,佛 山市顺德区佳兴茂塑料制品厂新建项目,78.6,80.0,100.0,50.0,50.0,100.0,79.4,mismatch,company_not_strict_match;project_type_not_found_in_approval
pair_06350,R00565,A01812,E:\软件\mineru_extracted\2024_2024年7月18日建设项目环境影响报告书（表）受理公告（佛山市生态环境局顺德分局）_9_mineru\full.md,佛山市顺德区谦迅盛塑料制品厂,佛山市顺德区谦迅盛塑料制品新建项目,E:\软件\环评原始数据\顺德区批复\2025_佛山市生态环境局关于佛山市建超金属制品有限公司新建项目环境影响报告表的批复（无章）.pdf,佛山市顺德区华瑞智塑料制品厂,佛山市 顺德区华瑞智塑料制品厂新建项目,78.6,80.0,100.0,50.0,50.0,100.0,79.4,mismatch,company_not_strict_match;project_type_not_found_in_approval
pair_06351,R00565,A03742,E:\软件\mineru_extracted\2024_2024年7月18日建设项目环境影响报告书（表）受理公告（佛山市生态环境局顺德分局）_9_mineru\full.md,佛山市顺德区谦迅盛塑料制品厂,佛山市顺德区谦迅盛塑料制品新建项目,E:\软件\2023-2026年顺德批复文件\2024_佛环0309环审〔2024〕19号（佳兴茂）.pdf,佛山市顺德区佳兴茂塑料制品厂,佛 山市顺德区佳兴茂塑料制品厂新建项目,78.6,80.0,100.0,50.0,50.0,100.0,79.4,mismatch,company_not_strict_match;project_type_not_found_in_approval
pair_06352,R00565,A04165,E:\软件\mineru_extracted\2024_2024年7月18日建设项目环境影响报告书（表）受理公告（佛山市生态环境局顺德分局）_9_mineru\full.md,佛山市顺德区谦迅盛塑料制品厂,佛山市顺德区谦迅盛塑料制品新建项目,E:\软件\2023-2026年顺德批复文件\2025_佛山市生态环境局关于佛山市建超金属制品有限公司新建项目环境影响报告表的批复（无章）.pdf,佛山市顺德区华瑞智塑料制品厂,佛山市 顺德区华瑞智塑料制品厂新建项目,78.6,80.0,100.0,50.0,50.0,100.0,79.4,mismatch,company_not_strict_match;project_type_not_found_in_approval
pair_06353,R01028,A00912,E:\软件\mineru_extracted\2026_2026年5月6日建设项目环境影响报告表受理公告（佛山市生态环境局顺德分局）_8_mineru\full.md,泰合创科技有限公司,佛山市盛泰合创科技有限公司新建项目（重新报批）,E:\软件\环评原始数据\顺德区批复\2023_佛山市生态环境局关于佛山市顺德区大疆创新科技有限公司新建项目环境影响报告表的批复.pdf,佛山市顺德区大疆创新科技有限公司,佛山市顺德区大疆创新科技有限公司新建项 目,82.4,75.7,100.0,50.0,50.0,100.0,79.4,mismatch,company_not_strict_match;project_type_not_found_in_approval
pair_06354,R01028,A03265,E:\软件\mineru_extracted\2026_2026年5月6日建设项目环境影响报告表受理公告（佛山市生态环境局顺德分局）_8_mineru\full.md,泰合创科技有限公司,佛山市盛泰合创科技有限公司新建项目（重新报批）,E:\软件\2023-2026年顺德批复文件\2023_佛山市生态环境局关于佛山市顺德区大疆创新科技有限公司新建项目环境影响报告表的批复.pdf,佛山市顺德区大疆创新科技有限公司,佛山市顺德区大疆创新科技有限公司新建项 目,82.4,75.7,100.0,50.0,50.0,100.0,79.4,mismatch,company_not_strict_match;project_type_not_found_in_approval
pair_06355,R00102,A01808,E:\软件\mineru_extracted\2023_2023年2月17日建设项目环境影响报告受理公告（容桂）_1_mineru\full.md,料制品有限公司,广东珺金睿塑 迁扩建项目,E:\软件\环评原始数据\顺德区批复\2025_佛山市生态环境局关于佛山市吉煌卓越五金制品有限公司新建项目建设项目环境影响报告表的批复.pdf,佛山市铂鸿金属制品有限公司,佛山市 铂鸿金属制品有限公司迁扩建项目建设项目,92.3,50.0,100.0,100.0,100.0,100.0,79.4,mismatch,project_name_not_strict_match
pair_06356,R00102,A04161,E:\软件\mineru_extracted\2023_2023年2月17日建设项目环境影响报告受理公告（容桂）_1_mineru\full.md,料制品有限公司,广东珺金睿塑 迁扩建项目,E:\软件\2023-2026年顺德批复文件\2025_佛山市生态环境局关于佛山市吉煌卓越五金制品有限公司新建项目建设项目环境影响报告表的批复.pdf,佛山市铂鸿金属制品有限公司,佛山市 铂鸿金属制品有限公司迁扩建项目建设项目,92.3,50.0,100.0,100.0,100.0,100.0,79.4,mismatch,project_name_not_strict_match
pair_06357,R00103,A01808,E:\软件\mineru_extracted\2023_2023年2月17日建设项目环境影响报告受理公告（容桂）_2_mineru\full.md,料制品有限公司,广东珺金睿塑 迁扩建项目,E:\软件\环评原始数据\顺德区批复\2025_佛山市生态环境局关于佛山市吉煌卓越五金制品有限公司新建项目建设项目环境影响报告表的批复.pdf,佛山市铂鸿金属制品有限公司,佛山市 铂鸿金属制品有限公司迁扩建项目建设项目,92.3,50.0,100.0,100.0,100.0,100.0,79.4,mismatch,project_name_not_strict_match
pair_06358,R00103,A04161,E:\软件\mineru_extracted\2023_2023年2月17日建设项目环境影响报告受理公告（容桂）_2_mineru\full.md,料制品有限公司,广东珺金睿塑 迁扩建项目,E:\软件\2023-2026年顺德批复文件\2025_佛山市生态环境局关于佛山市吉煌卓越五金制品有限公司新建项目建设项目环境影响报告表的批复.pdf,佛山市铂鸿金属制品有限公司,佛山市 铂鸿金属制品有限公司迁扩建项目建设项目,92.3,50.0,100.0,100.0,100.0,100.0,79.4,mismatch,project_name_not_strict_match
pair_06359,R00870,A04083,E:\软件\mineru_extracted\2025_2025年7月18日建设项目环境影响报告表受理公告（伦教）_2_mineru\full.md,料制品有限公司,佛山市顺德区鸡洲 料制品有限公司迁建项目,E:\软件\2023-2026年顺德批复文件\2024_佛环03环审〔2024〕52号.pdf,佛山市智鑫塑胶制品有限公司,佛山市智鑫塑胶制品有限公司迁扩建项目,92.3,71.4,100.0,100.0,50.0,0.0,79.4,mismatch,
pair_06360,R00141,A01292,E:\软件\mineru_extracted\2023_2023年3月29日建设项目环境影响报告书（表）受理公告（佛山市生态环境局顺德分局）_1_mineru\full.md,弘粵金属制品有限公司,佛山市弘粤金属制品有限公司建设项目,E:\软件\环评原始数据\顺德区批复\2024_佛山市生态环境局关于佛山市顺德区恒百健塑料制品有限公司第二分公司新建项目环境影响报告表的批复.pdf,佛山耀冠塑料制品有限公司,佛 山耀冠塑料制品有限公司建设项目,75.0,76.9,100.0,50.0,100.0,100.0,79.4,mismatch,company_not_strict_match;project_type_not_found_in_approval
pair_06361,R00141,A03645,E:\软件\mineru_extracted\2023_2023年3月29日建设项目环境影响报告书（表）受理公告（佛山市生态环境局顺德分局）_1_mineru\full.md,弘粵金属制品有限公司,佛山市弘粤金属制品有限公司建设项目,E:\软件\2023-2026年顺德批复文件\2024_佛山市生态环境局关于佛山市顺德区恒百健塑料制品有限公司第二分公司新建项目环境影响报告表的批复.pdf,佛山耀冠塑料制品有限公司,佛 山耀冠塑料制品有限公司建设项目,75.0,76.9,100.0,50.0,100.0,100.0,79.4,mismatch,company_not_strict_match;project_type_not_found_in_approval
pair_06362,R00314,A00766,E:\软件\mineru_extracted\2024_2024年10月16日建设项目环境影响报告书（表）受理公告（佛山市生态环境局顺德分局）_1_mineru\full.md,锻实业有限公司,佛山市 限公司新建项目,E:\软件\环评原始数据\顺德区批复\2022_公示佛山市生态环境局关于佛山市顺德区盈曜新材料有限公司迁建项目环境影响报告表的批复.pdf,广东顺德安电电器实业有限公司,广东顺德安电电器实业有限公司年产英式插 头 400 万个新建项目,92.3,57.1,100.0,100.0,50.0,100.0,79.4,mismatch,project_name_not_strict_match
pair_06363,R00314,A03119,E:\软件\mineru_extracted\2024_2024年10月16日建设项目环境影响报告书（表）受理公告（佛山市生态环境局顺德分局）_1_mineru\full.md,锻实业有限公司,佛山市 限公司新建项目,E:\软件\2023-2026年顺德批复文件\2022_公示佛山市生态环境局关于佛山市顺德区盈曜新材料有限公司迁建项目环境影响报告表的批复.pdf,广东顺德安电电器实业有限公司,广东顺德安电电器实业有限公司年产英式插 头 400 万个新建项目,92.3,57.1,100.0,100.0,50.0,100.0,79.4,mismatch,project_name_not_strict_match
pair_06364,R00337,A02141,E:\软件\mineru_extracted\2024_2024年10月23日建设项目环境影响报告书（表）受理公告（佛山市生态环境局顺德分局）_2_mineru\full.md,佛出市菲悦智能新材料科技有限公司,佛出市菲悦智能新材料科技有限公司新建项目,E:\软件\环评原始数据\顺德区批复\2025_佛环03环审〔2025〕337号佛山市生态环境局关于佛山市美吉欣新材料科技有限公司新建项目建设项目环境影响报告表的批复.pdf,佛山市美吉欣新材料科技有限公司,佛山市美 吉欣新材料科技有限公司新建项目建设项目,75.0,76.9,100.0,50.0,100.0,100.0,79.4,mismatch,company_not_strict_match;project_type_not_found_in_approval
pair_06365,R00337,A02151,E:\软件\mineru_extracted\2024_2024年10月23日建设项目环境影响报告书（表）受理公告（佛山市生态环境局顺德分局）_2_mineru\full.md,佛出市菲悦智能新材料科技有限公司,佛出市菲悦智能新材料科技有限公司新建项目,E:\软件\环评原始数据\顺德区批复\2025_佛环03环审〔2025〕347号佛山市生态环境局关于佛山市旺科塑新材料科技有限公司新建项目建设项目环境影响报告表的批复.pdf,佛山市旺科塑新材料科技有限公司,佛山市 旺科塑新材料科技有限公司新建项目建设项目,75.0,76.9,100.0,50.0,100.0,100.0,79.4,mismatch,company_not_strict_match;project_type_not_found_in_approval
pair_06366,R00337,A02301,E:\软件\mineru_extracted\2024_2024年10月23日建设项目环境影响报告书（表）受理公告（佛山市生态环境局顺德分局）_2_mineru\full.md,佛出市菲悦智能新材料科技有限公司,佛出市菲悦智能新材料科技有限公司新建项目,E:\软件\环评原始数据\顺德区批复\2026_佛环03环审〔2026〕104号佛山市生态环境局关于佛山市京顺特新材料科技有限公司新建项目建设项目环境影响报告表的批复.pdf,佛山市京顺特新材料科技有限公司,佛山市 京顺特新材料科技有限公司新建项目建设项目,75.0,76.9,100.0,50.0,100.0,100.0,79.4,mismatch,company_not_strict_match;project_type_not_found_in_approval
pair_06367,R00337,A04494,E:\软件\mineru_extracted\2024_2024年10月23日建设项目环境影响报告书（表）受理公告（佛山市生态环境局顺德分局）_2_mineru\full.md,佛出市菲悦智能新材料科技有限公司,佛出市菲悦智能新材料科技有限公司新建项目,E:\软件\2023-2026年顺德批复文件\2025_佛环03环审〔2025〕337号佛山市生态环境局关于佛山市美吉欣新材料科技有限公司新建项目建设项目环境影响报告表的批复.pdf,佛山市美吉欣新材料科技有限公司,佛山市美 吉欣新材料科技有限公司新建项目建设项目,75.0,76.9,100.0,50.0,100.0,100.0,79.4,mismatch,company_not_strict_match;project_type_not_found_in_approval
pair_06368,R00337,A04504,E:\软件\mineru_extracted\2024_2024年10月23日建设项目环境影响报告书（表）受理公告（佛山市生态环境局顺德分局）_2_mineru\full.md,佛出市菲悦智能新材料科技有限公司,佛出市菲悦智能新材料科技有限公司新建项目,E:\软件\2023-2026年顺德批复文件\2025_佛环03环审〔2025〕347号佛山市生态环境局关于佛山市旺科塑新材料科技有限公司新建项目建设项目环境影响报告表的批复.pdf,佛山市旺科塑新材料科技有限公司,佛山市 旺科塑新材料科技有限公司新建项目建设项目,75.0,76.9,100.0,50.0,100.0,100.0,79.4,mismatch,company_not_strict_match;project_type_not_found_in_approval
